combine_year,combine_file,Player,NFL_id,Pos,School,College,Ht,Wt,40yd,Vertical,Bench,Broad Jump,3Cone,Shuttle,Drafted (tm/rnd/yr),season_year,teamId,teamSlug,position,Player-additional,defensive_gamesPlayed,defensive_totalTackles,defensive_soloTackles,defensive_assistTackles,defensive_sacks,defensive_fumblesForced,defensive_fumblesRecovered,defensive_fumblesRecoveredYards,defensive_interceptions,defensive_interceptionYards,defensive_avgInterceptionYards,defensive_interceptionTouchdowns,defensive_longInterception,defensive_passesDefended,defensive_stuffs,defensive_stuffYards,defensive_kicksBlocked,scoring_gamesPlayed,scoring_passingTouchdowns,scoring_rushingTouchdowns,scoring_receivingTouchdowns,scoring_returnTouchdowns,scoring_totalTouchdowns,scoring_totalTwoPointConvs,scoring_kickExtraPoints,scoring_fieldGoals,scoring_totalPoints,rushing_gamesPlayed,rushing_rushingAttempts,rushing_rushingYards,rushing_yardsPerRushAttempt,rushing_rushingTouchdowns,rushing_longRushing,rushing_rushingFirstDowns,rushing_rushingFumbles,rushing_rushingFumblesLost,receiving_gamesPlayed,receiving_receptions,receiving_receivingTargets,receiving_receivingYards,receiving_yardsPerReception,receiving_receivingTouchdowns,receiving_longReception,receiving_receivingFirstDowns,receiving_receivingFumbles,receiving_receivingFumblesLost,returning_gamesPlayed,returning_puntReturns,returning_puntReturnYards,returning_puntReturnTouchdowns,returning_puntReturnFairCatches,returning_longPuntReturn,returning_kickReturns,returning_kickReturnYards,returning_kickReturnTouchdowns,returning_kickReturnFairCatches,returning_longKickReturn,passing_gamesPlayed,passing_completions,passing_passingAttempts,passing_completionPct,passing_passingYards,passing_yardsPerPassAttempt,passing_passingTouchdowns,passing_interceptions,passing_longPassing,passing_sacks,passing_QBRating,passing_adjQBR,punting_gamesPlayed,punting_punts,punting_grossAvgPuntYards,punting_longPunt,punting_puntYards,punting_touchbacks,punting_touchbackPct,punting_puntsInside20,punting_puntsInside20Pct,punting_puntReturns,punting_puntReturnYards,punting_avgPuntReturnYards,punting_netAvgPuntYards,kicking_gamesPlayed,kicking_fieldGoalsMade-fieldGoalAttempts,kicking_fieldGoalPct,kicking_fieldGoalsMade1_19-fieldGoalAttempts1_19,kicking_fieldGoalsMade20_29-fieldGoalAttempts20_29,kicking_fieldGoalsMade30_39-fieldGoalAttempts30_39,kicking_fieldGoalsMade40_49-fieldGoalAttempts40_49,kicking_fieldGoalsMade50-fieldGoalAttempts50,kicking_longFieldGoalMade,kicking_extraPointsMade,kicking_extraPointAttempts,kicking_totalKickingPoints,assisted_tackles,awards,class,combined_tackles,conference,expected_draft_year,final_season_year,forced_fumbles,fumble_recoveries,fumble_recovery_tds,fumble_recovery_yards,games,interception_tds,interception_yards,interceptions,page_url,passes_defended,player,pos,sacks,school,scraped_at,solo_tackles,source_type,tfl
2004,2004.csv,Quincy Wilson,5744,RB,West Virginia,College Stats,5-9,225.0,4.6,33.5,26.0,118.0,7.68,4.36,Atlanta Falcons / 7th / 219th pick / 2004,2006,4.0,cincinnati-bengals,RB,WilsQu00,,,,,,,,,,,,,,,,,,,,,,,,,,,,3,2,2,1.0,0,5,0,0,0,,,,,,,,,,,,,,,,,,,,,,,,,,,,,,,,,,,,,,,,,,,,,,,,,,,,,,,,,,,15,,JR,33,SEC,,2016,0,0,0,0,13,1,80,3,https://www.sports-reference.com/cfb/players/quincy-wilson-2.html,6,Quincy Wilson,DB,1.0,Florida,2026-04-01T19:58:10.096Z,18,season_totals,3.5
2004,2004.csv,Quincy Wilson,5744,RB,West Virginia,College Stats,5-9,225.0,4.6,33.5,26.0,118.0,7.68,4.36,Atlanta Falcons / 7th / 219th pick / 2004,-1,,,,WilsQu00,,,,,,,,,,,,,,,,,,,,,,,,,,,,3,2,2,1.0,0,5,0,0,0,,,,,,,,,,,,,,,,,,,,,,,,,,,,,,,,,,,,,,,,,,,,,,,,,,,,,,,,,,,15,,JR,33,SEC,,2016,0,0,0,0,13,1,80,3,https://www.sports-reference.com/cfb/players/quincy-wilson-2.html,6,Quincy Wilson,DB,1.0,Florida,2026-04-01T19:58:10.096Z,18,season_totals,3.5
2005,2005.csv,Brandon Jones,8510,WR,Oklahoma,College Stats,6-1,210.0,4.42,37.0,,114.0,7.03,4.08,Tennessee Titans / 3rd / 96th pick / 2005,2005,10.0,tennessee-titans,WR,JoneBr02,,,,,,,,,,,,,,,,,,10,0.0,0.0,2.0,0.0,2.0,0.0,0.0,0.0,12.0,10,1,1,1.0,0,1,0,0,0,10.0,23.0,0.0,299,13.0,2.0,38.0,18.0,0.0,0.0,10,5.0,75,0.0,0.0,32.0,0.0,0,0.0,0.0,0.0,,,,,,,,,,,,,,,,,,,,,,,,,,,,,,,,,,,,,,3,,FR,9,Pac-10,,2007,0,0,0,0,12,0,0,0,https://www.sports-reference.com/cfb/players/brandon-jones-1.html,0,Brandon Jones,DB,0.0,California,2026-04-01T19:35:09.943Z,6,season_totals,0.0
2005,2005.csv,Brandon Jones,8510,WR,Oklahoma,College Stats,6-1,210.0,4.42,37.0,,114.0,7.03,4.08,Tennessee Titans / 3rd / 96th pick / 2005,2006,10.0,tennessee-titans,WR,JoneBr02,16.0,1.0,0.0,1.0,0.0,0.0,0.0,0.0,0.0,0,0.0,0.0,0.0,0.0,0.0,0.0,0.0,16,0.0,0.0,4.0,0.0,4.0,0.0,0.0,0.0,24.0,16,1,3,3.0,0,3,0,0,0,16.0,27.0,56.0,384,14.2,4.0,53.0,21.0,0.0,0.0,,,,,,,,,,,,,,,,,,,,,,,,,,,,,,,,,,,,,,,,,,,,,,,,,3,,FR,9,Pac-10,,2007,0,0,0,0,12,0,0,0,https://www.sports-reference.com/cfb/players/brandon-jones-1.html,0,Brandon Jones,DB,0.0,California,2026-04-01T19:35:09.943Z,6,season_totals,0.0
2005,2005.csv,Brandon Jones,8510,WR,Oklahoma,College Stats,6-1,210.0,4.42,37.0,,114.0,7.03,4.08,Tennessee Titans / 3rd / 96th pick / 2005,2007,10.0,tennessee-titans,WR,JoneBr02,,,,,,,,,,,,,,,,,,9,0.0,0.0,2.0,0.0,2.0,0.0,0.0,0.0,12.0,9,2,37,18.5,0,19,2,0,0,9.0,21.0,34.0,248,11.8,2.0,35.0,11.0,1.0,0.0,9,6.0,29,0.0,0.0,13.0,0.0,0,0.0,0.0,0.0,,,,,,,,,,,,,,,,,,,,,,,,,,,,,,,,,,,,,,3,,FR,9,Pac-10,,2007,0,0,0,0,12,0,0,0,https://www.sports-reference.com/cfb/players/brandon-jones-1.html,0,Brandon Jones,DB,0.0,California,2026-04-01T19:35:09.943Z,6,season_totals,0.0
2005,2005.csv,Brandon Jones,8510,WR,Oklahoma,College Stats,6-1,210.0,4.42,37.0,,114.0,7.03,4.08,Tennessee Titans / 3rd / 96th pick / 2005,2008,10.0,tennessee-titans,WR,JoneBr02,16.0,2.0,2.0,0.0,0.0,0.0,0.0,0.0,0.0,0,0.0,0.0,0.0,0.0,0.0,0.0,0.0,16,0.0,0.0,1.0,0.0,1.0,0.0,0.0,0.0,6.0,16,2,35,17.5,0,28,1,0,0,16.0,41.0,63.0,449,11.0,1.0,40.0,25.0,0.0,0.0,,,,,,,,,,,,,,,,,,,,,,,,,,,,,,,,,,,,,,,,,,,,,,,,,3,,FR,9,Pac-10,,2007,0,0,0,0,12,0,0,0,https://www.sports-reference.com/cfb/players/brandon-jones-1.html,0,Brandon Jones,DB,0.0,California,2026-04-01T19:35:09.943Z,6,season_totals,0.0
2005,2005.csv,Brandon Jones,8510,WR,Oklahoma,College Stats,6-1,210.0,4.42,37.0,,114.0,7.03,4.08,Tennessee Titans / 3rd / 96th pick / 2005,2009,25.0,san-francisco-49ers,WR,JoneBr02,,,,,,,,,,,,,,,,,,,,,,,,,,,,,,,,,,,,,8.0,1.0,5.0,18,18.0,0.0,18.0,1.0,0.0,0.0,8,9.0,26,0.0,1.0,13.0,0.0,0,0.0,0.0,0.0,,,,,,,,,,,,,,,,,,,,,,,,,,,,,,,,,,,,,,3,,FR,9,Pac-10,,2007,0,0,0,0,12,0,0,0,https://www.sports-reference.com/cfb/players/brandon-jones-1.html,0,Brandon Jones,DB,0.0,California,2026-04-01T19:35:09.943Z,6,season_totals,0.0
2005,2005.csv,Brandon Jones,8510,WR,Oklahoma,College Stats,6-1,210.0,4.42,37.0,,114.0,7.03,4.08,Tennessee Titans / 3rd / 96th pick / 2005,-1,,,,JoneBr02,59.0,3.0,2.0,1.0,0.0,0.0,0.0,0.0,0.0,0,0.0,0.0,0.0,0.0,0.0,0.0,0.0,59,0.0,0.0,9.0,0.0,9.0,0.0,0.0,0.0,54.0,59,6,76,12.7,0,28,3,0,0,59.0,113.0,158.0,"1,398",12.4,9.0,53.0,76.0,1.0,0.0,59,20.0,130,0.0,1.0,32.0,0.0,0,0.0,0.0,0.0,,,,,,,,,,,,,,,,,,,,,,,,,,,,,,,,,,,,,,3,,FR,9,Pac-10,,2007,0,0,0,0,12,0,0,0,https://www.sports-reference.com/cfb/players/brandon-jones-1.html,0,Brandon Jones,DB,0.0,California,2026-04-01T19:35:09.943Z,6,season_totals,0.0
2007,2007.csv,Antonio Johnson,10595,DT,Mississippi State,College Stats,6-3,310.0,5.15,29.0,28.0,108.0,7.47,4.49,Tennessee Titans / 5th / 152nd pick / 2007,2008,11.0,indianapolis-colts,DL,JohnAn03,8.0,13.0,11.0,2.0,0.0,0.0,0.0,0.0,0.0,0,0.0,0.0,0.0,0.0,0.0,0.0,0.0,,,,,,,,,,,,,,,,,,,,,,,,,,,,,,,,,,,,,,,,,,,,,,,,,,,,,,,,,,,,,,,,,,,,,,,,,,,,,,26,,SR,70,Big 12,,2010,1,0,0,0,13,0,20,1,https://www.sports-reference.com/cfb/players/antonio-johnson-1.html,0,Antonio Johnson,LB,3.0,Baylor,2026-04-01T19:46:27.187Z,44,season_totals,5.0
2007,2007.csv,Antonio Johnson,10595,DT,Mississippi State,College Stats,6-3,310.0,5.15,29.0,28.0,108.0,7.47,4.49,Tennessee Titans / 5th / 152nd pick / 2007,2009,11.0,indianapolis-colts,DL,JohnAn03,15.0,34.0,23.0,11.0,1.0,0.0,0.0,0.0,0.0,0,0.0,0.0,0.0,0.0,1.0,1.0,0.0,,,,,,,,,,,,,,,,,,,,,,,,,,,,,,,,,,,,,,,,,,,,,,,,,,,,,,,,,,,,,,,,,,,,,,,,,,,,,,26,,SR,70,Big 12,,2010,1,0,0,0,13,0,20,1,https://www.sports-reference.com/cfb/players/antonio-johnson-1.html,0,Antonio Johnson,LB,3.0,Baylor,2026-04-01T19:46:27.187Z,44,season_totals,5.0
2007,2007.csv,Antonio Johnson,10595,DT,Mississippi State,College Stats,6-3,310.0,5.15,29.0,28.0,108.0,7.47,4.49,Tennessee Titans / 5th / 152nd pick / 2007,2010,11.0,indianapolis-colts,DL,JohnAn03,14.0,26.0,20.0,6.0,0.5,0.0,1.0,0.0,0.0,0,0.0,0.0,0.0,0.0,1.0,1.0,0.0,,,,,,,,,,,,,,,,,,,,,,,,,,,,,,,,,,,,,,,,,,,,,,,,,,,,,,,,,,,,,,,,,,,,,,,,,,,,,,26,,SR,70,Big 12,,2010,1,0,0,0,13,0,20,1,https://www.sports-reference.com/cfb/players/antonio-johnson-1.html,0,Antonio Johnson,LB,3.0,Baylor,2026-04-01T19:46:27.187Z,44,season_totals,5.0
2007,2007.csv,Antonio Johnson,10595,DT,Mississippi State,College Stats,6-3,310.0,5.15,29.0,28.0,108.0,7.47,4.49,Tennessee Titans / 5th / 152nd pick / 2007,2011,11.0,indianapolis-colts,DL,JohnAn03,16.0,22.0,10.0,12.0,0.0,0.0,0.0,0.0,0.0,0,0.0,0.0,0.0,2.0,1.0,3.0,0.0,,,,,,,,,,,,,,,,,,,,,,,,,,,,,,,,,,,,,,,,,,,,,,,,,,,,,,,,,,,,,,,,,,,,,,,,,,,,,,26,,SR,70,Big 12,,2010,1,0,0,0,13,0,20,1,https://www.sports-reference.com/cfb/players/antonio-johnson-1.html,0,Antonio Johnson,LB,3.0,Baylor,2026-04-01T19:46:27.187Z,44,season_totals,5.0
2007,2007.csv,Antonio Johnson,10595,DT,Mississippi State,College Stats,6-3,310.0,5.15,29.0,28.0,108.0,7.47,4.49,Tennessee Titans / 5th / 152nd pick / 2007,2012,11.0,indianapolis-colts,DL,JohnAn03,14.0,26.0,19.0,7.0,0.0,0.0,0.0,0.0,0.0,0,0.0,0.0,0.0,0.0,0.0,1.0,0.0,,,,,,,,,,,,,,,,,,,,,,,,,,,,,,,,,,,,,,,,,,,,,,,,,,,,,,,,,,,,,,,,,,,,,,,,,,,,,,26,,SR,70,Big 12,,2010,1,0,0,0,13,0,20,1,https://www.sports-reference.com/cfb/players/antonio-johnson-1.html,0,Antonio Johnson,LB,3.0,Baylor,2026-04-01T19:46:27.187Z,44,season_totals,5.0
2007,2007.csv,Antonio Johnson,10595,DT,Mississippi State,College Stats,6-3,310.0,5.15,29.0,28.0,108.0,7.47,4.49,Tennessee Titans / 5th / 152nd pick / 2007,2013,10.0,tennessee-titans,DL,JohnAn03,16.0,22.0,15.0,7.0,3.0,0.0,0.0,0.0,0.0,0,0.0,0.0,0.0,1.0,1.0,4.0,0.0,,,,,,,,,,,,,,,,,,,,,,,,,,,,,,,,,,,,,,,,,,,,,,,,,,,,,,,,,,,,,,,,,,,,,,,,,,,,,,26,,SR,70,Big 12,,2010,1,0,0,0,13,0,20,1,https://www.sports-reference.com/cfb/players/antonio-johnson-1.html,0,Antonio Johnson,LB,3.0,Baylor,2026-04-01T19:46:27.187Z,44,season_totals,5.0
2007,2007.csv,Antonio Johnson,10595,DT,Mississippi State,College Stats,6-3,310.0,5.15,29.0,28.0,108.0,7.47,4.49,Tennessee Titans / 5th / 152nd pick / 2007,-1,,,,JohnAn03,83.0,143.0,98.0,45.0,4.5,0.0,1.0,0.0,0.0,0,0.0,0.0,0.0,3.0,4.0,10.0,0.0,,,,,,,,,,,,,,,,,,,,,,,,,,,,,,,,,,,,,,,,,,,,,,,,,,,,,,,,,,,,,,,,,,,,,,,,,,,,,,26,,SR,70,Big 12,,2010,1,0,0,0,13,0,20,1,https://www.sports-reference.com/cfb/players/antonio-johnson-1.html,0,Antonio Johnson,LB,3.0,Baylor,2026-04-01T19:46:27.187Z,44,season_totals,5.0
2011,2011.csv,Daniel Thomas,14056,RB,Kansas State,College Stats,6-0,230.0,4.62,,21.0,,,,Miami Dolphins / 2nd / 62nd pick / 2011,2011,15.0,miami-dolphins,RB,ThomDa03,13.0,2.0,1.0,1.0,0.0,0.0,0.0,0.0,0.0,0,0.0,0.0,0.0,0.0,0.0,0.0,0.0,13,0.0,0.0,1.0,0.0,1.0,0.0,0.0,0.0,6.0,13,165,581,3.5,0,28,24,2,1,13.0,12.0,16.0,72,6.0,1.0,12.0,5.0,0.0,0.0,,,,,,,,,,,,,,,,,,,,,,,,,,,,,,,,,,,,,,,,,,,,,,,,,0,,SR,1,Big 12,,2010,0,0,0,0,13,0,0,0,https://www.sports-reference.com/cfb/players/daniel-thomas-1.html,0,Daniel Thomas,RB,0.0,Kansas State,2026-04-01T19:35:46.348Z,1,season_totals,0.0
2011,2011.csv,Daniel Thomas,14056,RB,Kansas State,College Stats,6-0,230.0,4.62,,21.0,,,,Miami Dolphins / 2nd / 62nd pick / 2011,2012,15.0,miami-dolphins,RB,ThomDa03,,,,,,,,,,,,,,,,,,12,0.0,4.0,0.0,0.0,4.0,0.0,0.0,0.0,24.0,12,91,325,3.6,4,20,15,3,2,12.0,15.0,22.0,156,10.4,0.0,32.0,5.0,0.0,0.0,,,,,,,,,,,,,,,,,,,,,,,,,,,,,,,,,,,,,,,,,,,,,,,,,0,,SR,1,Big 12,,2010,0,0,0,0,13,0,0,0,https://www.sports-reference.com/cfb/players/daniel-thomas-1.html,0,Daniel Thomas,RB,0.0,Kansas State,2026-04-01T19:35:46.348Z,1,season_totals,0.0
2011,2011.csv,Daniel Thomas,14056,RB,Kansas State,College Stats,6-0,230.0,4.62,,21.0,,,,Miami Dolphins / 2nd / 62nd pick / 2011,2013,15.0,miami-dolphins,RB,ThomDa03,15.0,3.0,3.0,0.0,0.0,0.0,0.0,0.0,0.0,0,0.0,0.0,0.0,0.0,0.0,0.0,0.0,15,0.0,4.0,2.0,0.0,6.0,0.0,0.0,0.0,36.0,15,109,406,3.7,4,55,17,0,0,15.0,15.0,17.0,63,4.2,2.0,16.0,6.0,0.0,0.0,,,,,,,,,,,,15.0,0,0,0.0,0,0.0,0,0,0,0,39.6,-,,,,,,,,,,,,,,,,,,,,,,,,,,0,,SR,1,Big 12,,2010,0,0,0,0,13,0,0,0,https://www.sports-reference.com/cfb/players/daniel-thomas-1.html,0,Daniel Thomas,RB,0.0,Kansas State,2026-04-01T19:35:46.348Z,1,season_totals,0.0
2011,2011.csv,Daniel Thomas,14056,RB,Kansas State,College Stats,6-0,230.0,4.62,,21.0,,,,Miami Dolphins / 2nd / 62nd pick / 2011,2014,15.0,miami-dolphins,RB,ThomDa03,,,,,,,,,,,,,,,,,,12,0.0,2.0,0.0,0.0,2.0,1.0,0.0,0.0,14.0,12,44,168,3.8,2,15,9,1,1,12.0,13.0,19.0,121,9.3,0.0,25.0,8.0,0.0,0.0,,,,,,,,,,,,12.0,0,0,0.0,0,0.0,0,0,0,0,39.6,-,,,,,,,,,,,,,,,,,,,,,,,,,,0,,SR,1,Big 12,,2010,0,0,0,0,13,0,0,0,https://www.sports-reference.com/cfb/players/daniel-thomas-1.html,0,Daniel Thomas,RB,0.0,Kansas State,2026-04-01T19:35:46.348Z,1,season_totals,0.0
2011,2011.csv,Daniel Thomas,14056,RB,Kansas State,College Stats,6-0,230.0,4.62,,21.0,,,,Miami Dolphins / 2nd / 62nd pick / 2011,-1,,,,ThomDa03,52.0,5.0,4.0,1.0,0.0,0.0,0.0,0.0,0.0,0,0.0,0.0,0.0,0.0,0.0,0.0,0.0,52,0.0,10.0,3.0,0.0,13.0,1.0,0.0,0.0,80.0,52,409,"1,480",3.6,10,55,65,6,4,52.0,55.0,74.0,412,7.5,3.0,32.0,24.0,0.0,0.0,,,,,,,,,,,,52.0,0,0,0.0,0,0.0,0,0,0,0,0.0,-,,,,,,,,,,,,,,,,,,,,,,,,,,0,,SR,1,Big 12,,2010,0,0,0,0,13,0,0,0,https://www.sports-reference.com/cfb/players/daniel-thomas-1.html,0,Daniel Thomas,RB,0.0,Kansas State,2026-04-01T19:35:46.348Z,1,season_totals,0.0
2013,2013.csv,Mike Edwards,3155647,CB,Hawaii,College Stats,5-9,189.0,4.56,36.0,14.0,124.0,6.94,4.18,Tampa Bay Buccaneers / 3rd / 99th pick / 2019,2019,27.0,tampa-bay-buccaneers,S,EdwaMi01,15.0,45.0,33.0,12.0,1.0,0.0,1.0,-1.0,0.0,0,0.0,0.0,0.0,6.0,2.0,3.0,0.0,,,,,,,,,,,,,,,,,,,,,,,,,,,,,,,,,,,,,,,,,,,,,,,,,,,,,,,,,,,,,,,,,,,,,,,,,,,,,,26,,SR,82,SEC,,2018,1,1,0,0,13,1,79,2,https://www.sports-reference.com/cfb/players/mike-edwards-8.html,6,Mike Edwards,S,0.0,Kentucky,2026-04-01T20:01:16.261Z,56,season_totals,9.0
2013,2013.csv,Mike Edwards,3155647,CB,Hawaii,College Stats,5-9,189.0,4.56,36.0,14.0,124.0,6.94,4.18,Tampa Bay Buccaneers / 3rd / 99th pick / 2019,2020,27.0,tampa-bay-buccaneers,S,EdwaMi01,16.0,11.0,6.0,5.0,0.0,0.0,1.0,31.0,2.0,67,33.5,0.0,37.0,5.0,0.0,0.0,0.0,,,,,,,,,,,,,,,,,,,,,,,,,,,,,,16,0.0,0,0.0,0.0,0.0,1.0,0,0.0,0.0,0.0,16.0,0,0,0.0,0,0.0,0,0,0,0,39.6,-,,,,,,,,,,,,,,,,,,,,,,,,,,26,,SR,82,SEC,,2018,1,1,0,0,13,1,79,2,https://www.sports-reference.com/cfb/players/mike-edwards-8.html,6,Mike Edwards,S,0.0,Kentucky,2026-04-01T20:01:16.261Z,56,season_totals,9.0
2013,2013.csv,Mike Edwards,3155647,CB,Hawaii,College Stats,5-9,189.0,4.56,36.0,14.0,124.0,6.94,4.18,Tampa Bay Buccaneers / 3rd / 99th pick / 2019,2021,27.0,tampa-bay-buccaneers,S,EdwaMi01,14.0,46.0,34.0,12.0,0.0,1.0,0.0,0.0,3.0,46,15.3,2.0,1.0,7.0,1.0,1.0,0.0,14,0.0,0.0,0.0,2.0,2.0,0.0,0.0,0.0,12.0,,,,,,,,,,,,,,,,,,,,,,,,,,,,,,,,,,,,,,,,,,,,,,,,,,,,,,,,,,,,,,,,,,,,26,,SR,82,SEC,,2018,1,1,0,0,13,1,79,2,https://www.sports-reference.com/cfb/players/mike-edwards-8.html,6,Mike Edwards,S,0.0,Kentucky,2026-04-01T20:01:16.261Z,56,season_totals,9.0
2013,2013.csv,Mike Edwards,3155647,CB,Hawaii,College Stats,5-9,189.0,4.56,36.0,14.0,124.0,6.94,4.18,Tampa Bay Buccaneers / 3rd / 99th pick / 2019,2022,27.0,tampa-bay-buccaneers,S,EdwaMi01,13.0,82.0,52.0,30.0,1.0,0.0,0.0,0.0,2.0,68,34.0,1.0,1.0,3.0,2.0,3.0,0.0,13,0.0,0.0,0.0,1.0,1.0,0.0,0.0,0.0,6.0,,,,,,,,,,,,,,,,,,,,,,,,,,,,,,,,,,,,,,,,,,,,,,,,,,,,,,,,,,,,,,,,,,,,26,,SR,82,SEC,,2018,1,1,0,0,13,1,79,2,https://www.sports-reference.com/cfb/players/mike-edwards-8.html,6,Mike Edwards,S,0.0,Kentucky,2026-04-01T20:01:16.261Z,56,season_totals,9.0
2013,2013.csv,Mike Edwards,3155647,CB,Hawaii,College Stats,5-9,189.0,4.56,36.0,14.0,124.0,6.94,4.18,Tampa Bay Buccaneers / 3rd / 99th pick / 2019,2023,12.0,kansas-city-chiefs,S,EdwaMi01,17.0,51.0,32.0,19.0,1.0,0.0,2.0,101.0,1.0,16,16.0,0.0,16.0,5.0,2.0,3.0,0.0,17,0.0,0.0,0.0,1.0,1.0,0.0,0.0,0.0,6.0,,,,,,,,,,,,,,,,,,,,,,,,,,,,,,,,,,,,,,,,,,,,,,,,,,,,,,,,,,,,,,,,,,,,26,,SR,82,SEC,,2018,1,1,0,0,13,1,79,2,https://www.sports-reference.com/cfb/players/mike-edwards-8.html,6,Mike Edwards,S,0.0,Kentucky,2026-04-01T20:01:16.261Z,56,season_totals,9.0
2013,2013.csv,Mike Edwards,3155647,CB,Hawaii,College Stats,5-9,189.0,4.56,36.0,14.0,124.0,6.94,4.18,Tampa Bay Buccaneers / 3rd / 99th pick / 2019,2024,2.0,buffalo-bills,S,EdwaMi01,3.0,1.0,1.0,0.0,0.0,0.0,0.0,0.0,0.0,0,0.0,0.0,0.0,0.0,0.0,0.0,0.0,,,,,,,,,,,,,,,,,,,,,,,,,,,,,,,,,,,,,,,,,,,,,,,,,,,,,,,,,,,,,,,,,,,,,,,,,,,,,,26,,SR,82,SEC,,2018,1,1,0,0,13,1,79,2,https://www.sports-reference.com/cfb/players/mike-edwards-8.html,6,Mike Edwards,S,0.0,Kentucky,2026-04-01T20:01:16.261Z,56,season_totals,9.0
2013,2013.csv,Mike Edwards,3155647,CB,Hawaii,College Stats,5-9,189.0,4.56,36.0,14.0,124.0,6.94,4.18,Tampa Bay Buccaneers / 3rd / 99th pick / 2019,2024,27.0,tampa-bay-buccaneers,S,EdwaMi01,5.0,11.0,6.0,5.0,0.0,0.0,0.0,0.0,0.0,0,0.0,0.0,0.0,1.0,0.0,0.0,0.0,,,,,,,,,,,,,,,,,,,,,,,,,,,,,,,,,,,,,,,,,,,,,,,,,,,,,,,,,,,,,,,,,,,,,,,,,,,,,,26,,SR,82,SEC,,2018,1,1,0,0,13,1,79,2,https://www.sports-reference.com/cfb/players/mike-edwards-8.html,6,Mike Edwards,S,0.0,Kentucky,2026-04-01T20:01:16.261Z,56,season_totals,9.0
2013,2013.csv,Mike Edwards,3155647,CB,Hawaii,College Stats,5-9,189.0,4.56,36.0,14.0,124.0,6.94,4.18,Tampa Bay Buccaneers / 3rd / 99th pick / 2019,2024,,2024 Totals,S,EdwaMi01,8.0,12.0,7.0,5.0,0.0,0.0,0.0,0.0,0.0,0,0.0,0.0,0.0,1.0,0.0,0.0,0.0,,,,,,,,,,,,,,,,,,,,,,,,,,,,,,,,,,,,,,,,,,,,,,,,,,,,,,,,,,,,,,,,,,,,,,,,,,,,,,26,,SR,82,SEC,,2018,1,1,0,0,13,1,79,2,https://www.sports-reference.com/cfb/players/mike-edwards-8.html,6,Mike Edwards,S,0.0,Kentucky,2026-04-01T20:01:16.261Z,56,season_totals,9.0
2013,2013.csv,Mike Edwards,3155647,CB,Hawaii,College Stats,5-9,189.0,4.56,36.0,14.0,124.0,6.94,4.18,Tampa Bay Buccaneers / 3rd / 99th pick / 2019,2025,12.0,kansas-city-chiefs,S,EdwaMi01,6.0,14.0,9.0,5.0,0.0,0.0,0.0,0.0,0.0,0,0.0,0.0,0.0,1.0,0.0,1.0,0.0,,,,,,,,,,,,,,,,,,,,,,,,,,,,,,,,,,,,,,,,,,,,,,,,,,,,,,,,,,,,,,,,,,,,,,,,,,,,,,26,,SR,82,SEC,,2018,1,1,0,0,13,1,79,2,https://www.sports-reference.com/cfb/players/mike-edwards-8.html,6,Mike Edwards,S,0.0,Kentucky,2026-04-01T20:01:16.261Z,56,season_totals,9.0
2013,2013.csv,Mike Edwards,3155647,CB,Hawaii,College Stats,5-9,189.0,4.56,36.0,14.0,124.0,6.94,4.18,Tampa Bay Buccaneers / 3rd / 99th pick / 2019,-1,,,,EdwaMi01,89.0,261.0,173.0,88.0,3.0,1.0,4.0,131.0,8.0,197,24.6,3.0,37.0,28.0,7.0,11.0,0.0,89,0.0,0.0,0.0,4.0,4.0,0.0,0.0,0.0,24.0,,,,,,,,,,,,,,,,,,,,89,0.0,0,0.0,0.0,0.0,1.0,0,0.0,0.0,0.0,89.0,0,0,0.0,0,0.0,0,0,0,0,0.0,-,,,,,,,,,,,,,,,,,,,,,,,,,,26,,SR,82,SEC,,2018,1,1,0,0,13,1,79,2,https://www.sports-reference.com/cfb/players/mike-edwards-8.html,6,Mike Edwards,S,0.0,Kentucky,2026-04-01T20:01:16.261Z,56,season_totals,9.0
2015,2015.csv,Quinten Rollins,3125961,CB,Miami (OH),College Stats,5-11,195.0,4.57,36.5,14.0,122.0,7.1,4.28,Green Bay Packers / 2nd / 62nd pick / 2015,2015,9.0,green-bay-packers,CB,RollQu00,14.0,31.0,28.0,3.0,1.0,0.0,0.0,0.0,2.0,48,24.0,1.0,45.0,6.0,0.0,0.0,0.0,14,0.0,0.0,0.0,1.0,1.0,0.0,0.0,0.0,6.0,,,,,,,,,,,,,,,,,,,,,,,,,,,,,,,,,,,,,,,,,,,,,,,,,,,,,,,,,,,,,,,,,,,,19,,SR,72,MAC,,2014,1,0,0,0,12,1,35,7,https://www.sports-reference.com/cfb/players/quinten-rollins-1.html,9,Quinten Rollins,DB,0.0,Miami (OH),2026-04-01T19:26:27.479Z,53,season_totals,4.0
2015,2015.csv,Quinten Rollins,3125961,CB,Miami (OH),College Stats,5-11,195.0,4.57,36.5,14.0,122.0,7.1,4.28,Green Bay Packers / 2nd / 62nd pick / 2015,2016,9.0,green-bay-packers,CB,RollQu00,13.0,41.0,39.0,2.0,0.0,0.0,0.0,0.0,1.0,0,0.0,0.0,0.0,8.0,1.0,2.0,0.0,,,,,,,,,,,,,,,,,,,,,,,,,,,,,,,,,,,,,,,,,,,,,,,,,,,,,,,,,,,,,,,,,,,,,,,,,,,,,,19,,SR,72,MAC,,2014,1,0,0,0,12,1,35,7,https://www.sports-reference.com/cfb/players/quinten-rollins-1.html,9,Quinten Rollins,DB,0.0,Miami (OH),2026-04-01T19:26:27.479Z,53,season_totals,4.0
2015,2015.csv,Quinten Rollins,3125961,CB,Miami (OH),College Stats,5-11,195.0,4.57,36.5,14.0,122.0,7.1,4.28,Green Bay Packers / 2nd / 62nd pick / 2015,2017,9.0,green-bay-packers,CB,RollQu00,6.0,19.0,9.0,10.0,0.0,0.0,2.0,0.0,0.0,0,0.0,0.0,0.0,2.0,2.0,1.0,0.0,,,,,,,,,,,,,,,,,,,,,,,,,,,,,,,,,,,,,,,,,,,,,,,,,,,,,,,,,,,,,,,,,,,,,,,,,,,,,,19,,SR,72,MAC,,2014,1,0,0,0,12,1,35,7,https://www.sports-reference.com/cfb/players/quinten-rollins-1.html,9,Quinten Rollins,DB,0.0,Miami (OH),2026-04-01T19:26:27.479Z,53,season_totals,4.0
2015,2015.csv,Quinten Rollins,3125961,CB,Miami (OH),College Stats,5-11,195.0,4.57,36.5,14.0,122.0,7.1,4.28,Green Bay Packers / 2nd / 62nd pick / 2015,-1,,,,RollQu00,33.0,91.0,76.0,15.0,1.0,0.0,2.0,0.0,3.0,48,16.0,1.0,45.0,16.0,3.0,3.0,0.0,33,0.0,0.0,0.0,1.0,1.0,0.0,0.0,0.0,6.0,,,,,,,,,,,,,,,,,,,,,,,,,,,,,,,,,,,,,,,,,,,,,,,,,,,,,,,,,,,,,,,,,,,,19,,SR,72,MAC,,2014,1,0,0,0,12,1,35,7,https://www.sports-reference.com/cfb/players/quinten-rollins-1.html,9,Quinten Rollins,DB,0.0,Miami (OH),2026-04-01T19:26:27.479Z,53,season_totals,4.0
2017,2017.csv,Budda Baker,3127287,S,Washington,College Stats,5-10,195.0,4.45,32.5,15.0,115.0,6.76,4.08,Arizona Cardinals / 2nd / 36th pick / 2017,2017,22.0,arizona-cardinals,S,BakeBu00,16.0,74.0,58.0,16.0,1.0,2.0,1.0,0.0,0.0,0,0.0,0.0,0.0,7.0,3.0,11.0,0.0,,,,,,,,,,,,,,,,,,,,,,,,,,,,,,,,,,,,,,,,,,,,,,,,,,,,,,,,,,,,,,,,,,,,,,,,,,,,,,22,AA,JR,71,Pac-12,,2016,1,0,0,0,14,0,18,2,https://www.sports-reference.com/cfb/players/budda-baker-1.html,6,Budda Baker,DB,3.0,Washington,2026-04-01T19:26:46.026Z,49,season_totals,10.0
2017,2017.csv,Budda Baker,3127287,S,Washington,College Stats,5-10,195.0,4.45,32.5,15.0,115.0,6.76,4.08,Arizona Cardinals / 2nd / 36th pick / 2017,2018,22.0,arizona-cardinals,S,BakeBu00,14.0,102.0,78.0,24.0,2.0,1.0,2.0,34.0,0.0,0,0.0,0.0,0.0,1.0,10.0,15.0,0.0,14,0.0,0.0,0.0,1.0,1.0,0.0,0.0,0.0,6.0,,,,,,,,,,,,,,,,,,,,,,,,,,,,,,,,,,,,,,,,,,,,,,,,,,,,,,,,,,,,,,,,,,,,22,AA,JR,71,Pac-12,,2016,1,0,0,0,14,0,18,2,https://www.sports-reference.com/cfb/players/budda-baker-1.html,6,Budda Baker,DB,3.0,Washington,2026-04-01T19:26:46.026Z,49,season_totals,10.0
2017,2017.csv,Budda Baker,3127287,S,Washington,College Stats,5-10,195.0,4.45,32.5,15.0,115.0,6.76,4.08,Arizona Cardinals / 2nd / 36th pick / 2017,2019,22.0,arizona-cardinals,S,BakeBu00,16.0,147.0,104.0,43.0,0.5,1.0,1.0,0.0,0.0,0,0.0,0.0,0.0,6.0,9.0,16.0,0.0,,,,,,,,,,,,,,,,,,,,,,,,,,,,,,,,,,,,,,,,,,,,,,,,,,,,,,,,,,,,,,,,,,,,,,,,,,,,,,22,AA,JR,71,Pac-12,,2016,1,0,0,0,14,0,18,2,https://www.sports-reference.com/cfb/players/budda-baker-1.html,6,Budda Baker,DB,3.0,Washington,2026-04-01T19:26:46.026Z,49,season_totals,10.0
2017,2017.csv,Budda Baker,3127287,S,Washington,College Stats,5-10,195.0,4.45,32.5,15.0,115.0,6.76,4.08,Arizona Cardinals / 2nd / 36th pick / 2017,2020,22.0,arizona-cardinals,S,BakeBu00,15.0,118.0,90.0,28.0,2.0,1.0,0.0,0.0,2.0,90,45.0,0.0,90.0,6.0,6.0,16.0,0.0,,,,,,,,,,,,,,,,,,,,,,,,,,,,,,,,,,,,,,,,,,,,,,,,,,,,,,,,,,,,,,,,,,,,,,,,,,,,,,22,AA,JR,71,Pac-12,,2016,1,0,0,0,14,0,18,2,https://www.sports-reference.com/cfb/players/budda-baker-1.html,6,Budda Baker,DB,3.0,Washington,2026-04-01T19:26:46.026Z,49,season_totals,10.0
2017,2017.csv,Budda Baker,3127287,S,Washington,College Stats,5-10,195.0,4.45,32.5,15.0,115.0,6.76,4.08,Arizona Cardinals / 2nd / 36th pick / 2017,2021,22.0,arizona-cardinals,S,BakeBu00,17.0,98.0,63.0,35.0,2.0,0.0,1.0,5.0,3.0,101,33.7,0.0,1.0,7.0,3.0,8.0,0.0,,,,,,,,,,,,,,,,,,,,,,,,,,,,,,,,,,,,,,,,,,,,,,,,,,,,,,,,,,,,,,,,,,,,,,,,,,,,,,22,AA,JR,71,Pac-12,,2016,1,0,0,0,14,0,18,2,https://www.sports-reference.com/cfb/players/budda-baker-1.html,6,Budda Baker,DB,3.0,Washington,2026-04-01T19:26:46.026Z,49,season_totals,10.0
2017,2017.csv,Budda Baker,3127287,S,Washington,College Stats,5-10,195.0,4.45,32.5,15.0,115.0,6.76,4.08,Arizona Cardinals / 2nd / 36th pick / 2017,2022,22.0,arizona-cardinals,S,BakeBu00,15.0,111.0,75.0,36.0,0.0,1.0,0.0,0.0,2.0,54,27.0,0.0,1.0,7.0,9.5,4.0,0.0,,,,,,,,,,,,,,,,,,,,,,,,,,,,,,,,,,,,,,,,,,,,,,,,,,,,,,,,,,,,,,,,,,,,,,,,,,,,,,22,AA,JR,71,Pac-12,,2016,1,0,0,0,14,0,18,2,https://www.sports-reference.com/cfb/players/budda-baker-1.html,6,Budda Baker,DB,3.0,Washington,2026-04-01T19:26:46.026Z,49,season_totals,10.0
2017,2017.csv,Budda Baker,3127287,S,Washington,College Stats,5-10,195.0,4.45,32.5,15.0,115.0,6.76,4.08,Arizona Cardinals / 2nd / 36th pick / 2017,2023,22.0,arizona-cardinals,S,BakeBu00,12.0,87.0,58.0,29.0,0.0,0.0,0.0,0.0,0.0,0,0.0,0.0,0.0,0.0,5.0,12.0,0.0,,,,,,,,,,,,,,,,,,,,,,,,,,,,,,,,,,,,,,,,,,,,,,,,,,,,,,,,,,,,,,,,,,,,,,,,,,,,,,22,AA,JR,71,Pac-12,,2016,1,0,0,0,14,0,18,2,https://www.sports-reference.com/cfb/players/budda-baker-1.html,6,Budda Baker,DB,3.0,Washington,2026-04-01T19:26:46.026Z,49,season_totals,10.0
2017,2017.csv,Budda Baker,3127287,S,Washington,College Stats,5-10,195.0,4.45,32.5,15.0,115.0,6.76,4.08,Arizona Cardinals / 2nd / 36th pick / 2017,2024,22.0,arizona-cardinals,S,BakeBu00,17.0,164.0,95.0,69.0,2.0,1.0,0.0,0.0,0.0,0,0.0,0.0,0.0,5.0,12.5,11.0,0.0,,,,,,,,,,,,,,,,,,,,,,,,,,,,,,,,,,,,,,,,,,,,,,,,,,,,,,,,,,,,,,,,,,,,,,,,,,,,,,22,AA,JR,71,Pac-12,,2016,1,0,0,0,14,0,18,2,https://www.sports-reference.com/cfb/players/budda-baker-1.html,6,Budda Baker,DB,3.0,Washington,2026-04-01T19:26:46.026Z,49,season_totals,10.0
2017,2017.csv,Budda Baker,3127287,S,Washington,College Stats,5-10,195.0,4.45,32.5,15.0,115.0,6.76,4.08,Arizona Cardinals / 2nd / 36th pick / 2017,2025,22.0,arizona-cardinals,S,BakeBu00,16.0,120.0,57.0,63.0,0.5,0.0,1.0,1.0,1.0,0,0.0,0.0,0.0,5.0,6.5,4.0,0.0,,,,,,,,,,,,,,,,,,,,,,,,,,,,,,,,,,,,,,,,,,,,,,,,,,,,,,,,,,,,,,,,,,,,,,,,,,,,,,22,AA,JR,71,Pac-12,,2016,1,0,0,0,14,0,18,2,https://www.sports-reference.com/cfb/players/budda-baker-1.html,6,Budda Baker,DB,3.0,Washington,2026-04-01T19:26:46.026Z,49,season_totals,10.0
2017,2017.csv,Budda Baker,3127287,S,Washington,College Stats,5-10,195.0,4.45,32.5,15.0,115.0,6.76,4.08,Arizona Cardinals / 2nd / 36th pick / 2017,-1,,,,BakeBu00,138.0,1021.0,678.0,343.0,10.0,7.0,6.0,40.0,8.0,245,30.6,0.0,90.0,44.0,64.5,97.0,0.0,138,0.0,0.0,0.0,1.0,1.0,0.0,0.0,0.0,6.0,,,,,,,,,,,,,,,,,,,,,,,,,,,,,,,,,,,,,,,,,,,,,,,,,,,,,,,,,,,,,,,,,,,,22,AA,JR,71,Pac-12,,2016,1,0,0,0,14,0,18,2,https://www.sports-reference.com/cfb/players/budda-baker-1.html,6,Budda Baker,DB,3.0,Washington,2026-04-01T19:26:46.026Z,49,season_totals,10.0
2017,2017.csv,Treston DeCoud,2985844,CB,Oregon State,College Stats,6-2,206.0,4.62,31.0,11.0,116.0,,,Houston Texans / 5th / 169th pick / 2017,2017,34.0,houston-texans,CB,DecoTr00,10.0,7.0,6.0,1.0,0.0,0.0,0.0,0.0,0.0,0,0.0,0.0,0.0,1.0,0.0,0.0,0.0,,,,,,,,,,,,,,,,,,,,,,,,,,,,,,,,,,,,,,,,,,,,,,,,,,,,,,,,,,,,,,,,,,,,,,,,,,,,,,12,,SR,58,Pac-12,,2016,0,0,0,0,12,1,88,2,https://www.sports-reference.com/cfb/players/treston-decoud-1.html,10,Treston Decoud,CB,0.0,Oregon State,2026-04-01T19:27:58.137Z,46,season_totals,2.0
2017,2017.csv,Treston DeCoud,2985844,CB,Oregon State,College Stats,6-2,206.0,4.62,31.0,11.0,116.0,,,Houston Texans / 5th / 169th pick / 2017,-1,,,,DecoTr00,10.0,7.0,6.0,1.0,0.0,0.0,0.0,0.0,0.0,0,0.0,0.0,0.0,1.0,0.0,0.0,0.0,,,,,,,,,,,,,,,,,,,,,,,,,,,,,,,,,,,,,,,,,,,,,,,,,,,,,,,,,,,,,,,,,,,,,,,,,,,,,,12,,SR,58,Pac-12,,2016,0,0,0,0,12,1,88,2,https://www.sports-reference.com/cfb/players/treston-decoud-1.html,10,Treston Decoud,CB,0.0,Oregon State,2026-04-01T19:27:58.137Z,46,season_totals,2.0
2017,2017.csv,Rasul Douglas,3943270,CB,West Virginia,College Stats,6-2,209.0,4.59,33.5,16.0,120.0,6.97,4.26,Philadelphia Eagles / 3rd / 99th pick / 2017,2017,21.0,philadelphia-eagles,CB,DougRa00,14.0,25.0,23.0,2.0,0.0,0.0,0.0,0.0,2.0,7,3.5,0.0,7.0,11.0,0.0,0.0,0.0,,,,,,,,,,,,,,,,,,,,,,,,,,,,,,,,,,,,,,,,,,,,,,,,,,,,,,,,,,,,,,,,,,,,,,,,,,,,,,21,,SR,70,Big 12,,2016,1,0,0,0,13,1,101,8,https://www.sports-reference.com/cfb/players/rasul-douglas-1.html,8,Rasul Douglas,CB,1.0,West Virginia,2026-04-01T19:27:39.808Z,49,season_totals,3.5
2017,2017.csv,Rasul Douglas,3943270,CB,West Virginia,College Stats,6-2,209.0,4.59,33.5,16.0,120.0,6.97,4.26,Philadelphia Eagles / 3rd / 99th pick / 2017,2018,21.0,philadelphia-eagles,CB,DougRa00,16.0,58.0,48.0,10.0,0.0,0.0,0.0,0.0,3.0,14,4.7,0.0,17.0,4.0,6.0,15.0,0.0,,,,,,,,,,,,,,,,,,,,,,,,,,,,,,,,,,,,,,,,,,,,,,,,,,,,,,,,,,,,,,,,,,,,,,,,,,,,,,21,,SR,70,Big 12,,2016,1,0,0,0,13,1,101,8,https://www.sports-reference.com/cfb/players/rasul-douglas-1.html,8,Rasul Douglas,CB,1.0,West Virginia,2026-04-01T19:27:39.808Z,49,season_totals,3.5
2017,2017.csv,Rasul Douglas,3943270,CB,West Virginia,College Stats,6-2,209.0,4.59,33.5,16.0,120.0,6.97,4.26,Philadelphia Eagles / 3rd / 99th pick / 2017,2019,21.0,philadelphia-eagles,CB,DougRa00,16.0,35.0,24.0,11.0,0.0,0.0,0.0,0.0,0.0,0,0.0,0.0,0.0,10.0,3.0,7.0,0.0,,,,,,,,,,,,,,,,,,,,,,,,,,,,,,,,,,,,,,,,,,,,,,,,,,,,,,,,,,,,,,,,,,,,,,,,,,,,,,21,,SR,70,Big 12,,2016,1,0,0,0,13,1,101,8,https://www.sports-reference.com/cfb/players/rasul-douglas-1.html,8,Rasul Douglas,CB,1.0,West Virginia,2026-04-01T19:27:39.808Z,49,season_totals,3.5
2017,2017.csv,Rasul Douglas,3943270,CB,West Virginia,College Stats,6-2,209.0,4.59,33.5,16.0,120.0,6.97,4.26,Philadelphia Eagles / 3rd / 99th pick / 2017,2020,29.0,carolina-panthers,CB,DougRa00,14.0,62.0,50.0,12.0,0.0,0.0,0.0,0.0,0.0,0,0.0,0.0,0.0,9.0,1.0,1.0,0.0,,,,,,,,,,,,,,,,,,,,,,,,,,,,,,,,,,,,,,,,,,,,,,,,,,,,,,,,,,,,,,,,,,,,,,,,,,,,,,21,,SR,70,Big 12,,2016,1,0,0,0,13,1,101,8,https://www.sports-reference.com/cfb/players/rasul-douglas-1.html,8,Rasul Douglas,CB,1.0,West Virginia,2026-04-01T19:27:39.808Z,49,season_totals,3.5
2017,2017.csv,Rasul Douglas,3943270,CB,West Virginia,College Stats,6-2,209.0,4.59,33.5,16.0,120.0,6.97,4.26,Philadelphia Eagles / 3rd / 99th pick / 2017,2021,9.0,green-bay-packers,CB,DougRa00,12.0,57.0,52.0,5.0,0.0,1.0,0.0,0.0,5.0,105,21.0,2.0,1.0,13.0,0.0,4.0,0.0,12,0.0,0.0,0.0,2.0,2.0,0.0,0.0,0.0,12.0,,,,,,,,,,,,,,,,,,,,,,,,,,,,,,,,,,,,,,,,,,,,,,,,,,,,,,,,,,,,,,,,,,,,21,,SR,70,Big 12,,2016,1,0,0,0,13,1,101,8,https://www.sports-reference.com/cfb/players/rasul-douglas-1.html,8,Rasul Douglas,CB,1.0,West Virginia,2026-04-01T19:27:39.808Z,49,season_totals,3.5
2017,2017.csv,Rasul Douglas,3943270,CB,West Virginia,College Stats,6-2,209.0,4.59,33.5,16.0,120.0,6.97,4.26,Philadelphia Eagles / 3rd / 99th pick / 2017,2022,9.0,green-bay-packers,CB,DougRa00,17.0,85.0,69.0,16.0,1.0,1.0,0.0,0.0,4.0,26,6.5,0.0,1.0,13.0,0.5,7.0,0.0,,,,,,,,,,,,,,,,,,,,,,,,,,,,,,,,,,,,,,,,,17.0,0,0,0.0,0,0.0,0,0,0,0,39.6,-,,,,,,,,,,,,,,,,,,,,,,,,,,21,,SR,70,Big 12,,2016,1,0,0,0,13,1,101,8,https://www.sports-reference.com/cfb/players/rasul-douglas-1.html,8,Rasul Douglas,CB,1.0,West Virginia,2026-04-01T19:27:39.808Z,49,season_totals,3.5
2017,2017.csv,Rasul Douglas,3943270,CB,West Virginia,College Stats,6-2,209.0,4.59,33.5,16.0,120.0,6.97,4.26,Philadelphia Eagles / 3rd / 99th pick / 2017,2023,9.0,green-bay-packers,CB,DougRa00,7.0,32.0,26.0,6.0,0.0,0.0,1.0,0.0,1.0,-2,-2.0,0.0,-2.0,6.0,3.0,13.0,0.0,,,,,,,,,,,,,,,,,,,,,,,,,,,,,,,,,,,,,,,,,,,,,,,,,,,,,,,,,,,,,,,,,,,,,,,,,,,,,,21,,SR,70,Big 12,,2016,1,0,0,0,13,1,101,8,https://www.sports-reference.com/cfb/players/rasul-douglas-1.html,8,Rasul Douglas,CB,1.0,West Virginia,2026-04-01T19:27:39.808Z,49,season_totals,3.5
2017,2017.csv,Rasul Douglas,3943270,CB,West Virginia,College Stats,6-2,209.0,4.59,33.5,16.0,120.0,6.97,4.26,Philadelphia Eagles / 3rd / 99th pick / 2017,2023,2.0,buffalo-bills,CB,DougRa00,9.0,29.0,21.0,8.0,1.0,0.0,2.0,2.0,4.0,58,14.5,1.0,40.0,8.0,1.0,0.0,0.0,9,0.0,0.0,0.0,1.0,1.0,0.0,0.0,0.0,6.0,,,,,,,,,,,,,,,,,,,,,,,,,,,,,,,,,,,,,,,,,,,,,,,,,,,,,,,,,,,,,,,,,,,,21,,SR,70,Big 12,,2016,1,0,0,0,13,1,101,8,https://www.sports-reference.com/cfb/players/rasul-douglas-1.html,8,Rasul Douglas,CB,1.0,West Virginia,2026-04-01T19:27:39.808Z,49,season_totals,3.5
2017,2017.csv,Rasul Douglas,3943270,CB,West Virginia,College Stats,6-2,209.0,4.59,33.5,16.0,120.0,6.97,4.26,Philadelphia Eagles / 3rd / 99th pick / 2017,2023,,2023 Totals,CB,DougRa00,16.0,61.0,47.0,14.0,1.0,0.0,3.0,2.0,5.0,56,11.2,1.0,40.0,14.0,4.0,13.0,0.0,,,,,,,,,,,,,,,,,,,,,,,,,,,,,,,,,,,,,,,,,,,,,,,,,,,,,,,,,,,,,,,,,,,,,,,,,,,,,,21,,SR,70,Big 12,,2016,1,0,0,0,13,1,101,8,https://www.sports-reference.com/cfb/players/rasul-douglas-1.html,8,Rasul Douglas,CB,1.0,West Virginia,2026-04-01T19:27:39.808Z,49,season_totals,3.5
2017,2017.csv,Rasul Douglas,3943270,CB,West Virginia,College Stats,6-2,209.0,4.59,33.5,16.0,120.0,6.97,4.26,Philadelphia Eagles / 3rd / 99th pick / 2017,2024,2.0,buffalo-bills,CB,DougRa00,15.0,58.0,43.0,15.0,0.0,1.0,0.0,0.0,0.0,0,0.0,0.0,0.0,5.0,6.0,11.0,0.0,,,,,,,,,,,,,,,,,,,,,,,,,,,,,,,,,,,,,,,,,,,,,,,,,,,,,,,,,,,,,,,,,,,,,,,,,,,,,,21,,SR,70,Big 12,,2016,1,0,0,0,13,1,101,8,https://www.sports-reference.com/cfb/players/rasul-douglas-1.html,8,Rasul Douglas,CB,1.0,West Virginia,2026-04-01T19:27:39.808Z,49,season_totals,3.5
2017,2017.csv,Rasul Douglas,3943270,CB,West Virginia,College Stats,6-2,209.0,4.59,33.5,16.0,120.0,6.97,4.26,Philadelphia Eagles / 3rd / 99th pick / 2017,2025,15.0,miami-dolphins,CB,DougRa00,15.0,62.0,37.0,25.0,1.0,1.0,0.0,0.0,2.0,43,21.5,0.0,38.0,13.0,3.0,1.0,0.0,,,,,,,,,,,,,,,,,,,,,,,,,,,,,,,,,,,,,,,,,,,,,,,,,,,,,,,,,,,,,,,,,,,,,,,,,,,,,,21,,SR,70,Big 12,,2016,1,0,0,0,13,1,101,8,https://www.sports-reference.com/cfb/players/rasul-douglas-1.html,8,Rasul Douglas,CB,1.0,West Virginia,2026-04-01T19:27:39.808Z,49,season_totals,3.5
2017,2017.csv,Rasul Douglas,3943270,CB,West Virginia,College Stats,6-2,209.0,4.59,33.5,16.0,120.0,6.97,4.26,Philadelphia Eagles / 3rd / 99th pick / 2017,-1,,,,DougRa00,135.0,503.0,393.0,110.0,3.0,4.0,3.0,2.0,21.0,251,12.0,3.0,40.0,92.0,23.5,59.0,0.0,135,0.0,0.0,0.0,3.0,3.0,0.0,0.0,0.0,18.0,,,,,,,,,,,,,,,,,,,,,,,,,,,,,,,135.0,0,0,0.0,0,0.0,0,0,0,0,0.0,-,,,,,,,,,,,,,,,,,,,,,,,,,,21,,SR,70,Big 12,,2016,1,0,0,0,13,1,101,8,https://www.sports-reference.com/cfb/players/rasul-douglas-1.html,8,Rasul Douglas,CB,1.0,West Virginia,2026-04-01T19:27:39.808Z,49,season_totals,3.5
2017,2017.csv,Justin Evans,3895859,S,Texas A&M,College Stats,6-0,199.0,,,14.0,,,,Tampa Bay Buccaneers / 2nd / 50th pick / 2017,2017,27.0,tampa-bay-buccaneers,S,EvanJu00,14.0,66.0,50.0,16.0,0.0,0.0,0.0,0.0,3.0,28,9.3,0.0,15.0,6.0,2.0,2.0,0.0,,,,,,,,,,,,,,,,,,,,,,,,,,,,,,,,,,,,,,,,,,,,,,,,,,,,,,,,,,,,,,,,,,,,,,,,,,,,,,35,,SR,87,SEC,,2016,0,0,0,0,13,0,0,4,https://www.sports-reference.com/cfb/players/justin-evans-1.html,8,Justin Evans,DB,0.0,Texas A&M,2026-04-01T19:26:57.615Z,52,season_totals,5.0
2017,2017.csv,Justin Evans,3895859,S,Texas A&M,College Stats,6-0,199.0,,,14.0,,,,Tampa Bay Buccaneers / 2nd / 50th pick / 2017,2018,27.0,tampa-bay-buccaneers,S,EvanJu00,10.0,59.0,43.0,16.0,0.0,0.0,1.0,34.0,1.0,0,0.0,0.0,0.0,2.0,2.0,1.0,0.0,10,0.0,0.0,0.0,1.0,1.0,0.0,0.0,0.0,6.0,,,,,,,,,,,,,,,,,,,,,,,,,,,,,,,,,,,,,,,,,,,,,,,,,,,,,,,,,,,,,,,,,,,,35,,SR,87,SEC,,2016,0,0,0,0,13,0,0,4,https://www.sports-reference.com/cfb/players/justin-evans-1.html,8,Justin Evans,DB,0.0,Texas A&M,2026-04-01T19:26:57.615Z,52,season_totals,5.0
2017,2017.csv,Justin Evans,3895859,S,Texas A&M,College Stats,6-0,199.0,,,14.0,,,,Tampa Bay Buccaneers / 2nd / 50th pick / 2017,2022,18.0,new-orleans-saints,S,EvanJu00,15.0,29.0,17.0,12.0,0.0,1.0,0.0,0.0,0.0,0,0.0,0.0,0.0,2.0,1.0,3.0,0.0,,,,,,,,,,,,,,,,,,,,,,,,,,,,,,,,,,,,,,,,,,,,,,,,,,,,,,,,,,,,,,,,,,,,,,,,,,,,,,35,,SR,87,SEC,,2016,0,0,0,0,13,0,0,4,https://www.sports-reference.com/cfb/players/justin-evans-1.html,8,Justin Evans,DB,0.0,Texas A&M,2026-04-01T19:26:57.615Z,52,season_totals,5.0
2017,2017.csv,Justin Evans,3895859,S,Texas A&M,College Stats,6-0,199.0,,,14.0,,,,Tampa Bay Buccaneers / 2nd / 50th pick / 2017,2023,21.0,philadelphia-eagles,S,EvanJu00,4.0,15.0,9.0,6.0,0.0,1.0,1.0,0.0,0.0,0,0.0,0.0,0.0,2.0,0.0,0.0,0.0,,,,,,,,,,,,,,,,,,,,,,,,,,,,,,,,,,,,,,,,,,,,,,,,,,,,,,,,,,,,,,,,,,,,,,,,,,,,,,35,,SR,87,SEC,,2016,0,0,0,0,13,0,0,4,https://www.sports-reference.com/cfb/players/justin-evans-1.html,8,Justin Evans,DB,0.0,Texas A&M,2026-04-01T19:26:57.615Z,52,season_totals,5.0
2017,2017.csv,Justin Evans,3895859,S,Texas A&M,College Stats,6-0,199.0,,,14.0,,,,Tampa Bay Buccaneers / 2nd / 50th pick / 2017,-1,,,,EvanJu00,43.0,169.0,119.0,50.0,0.0,2.0,2.0,34.0,4.0,28,7.0,0.0,15.0,12.0,5.0,6.0,0.0,43,0.0,0.0,0.0,1.0,1.0,0.0,0.0,0.0,6.0,,,,,,,,,,,,,,,,,,,,,,,,,,,,,,,,,,,,,,,,,,,,,,,,,,,,,,,,,,,,,,,,,,,,35,,SR,87,SEC,,2016,0,0,0,0,13,0,0,4,https://www.sports-reference.com/cfb/players/justin-evans-1.html,8,Justin Evans,DB,0.0,Texas A&M,2026-04-01T19:26:57.615Z,52,season_totals,5.0
2017,2017.csv,Malik Hooker,3121415,S,Ohio State,College Stats,6-1,206.0,,,,,,,Indianapolis Colts / 1st / 15th pick / 2017,2017,11.0,indianapolis-colts,S,HookMa00,7.0,22.0,16.0,6.0,0.0,0.0,0.0,0.0,3.0,73,24.3,0.0,32.0,4.0,0.0,0.0,0.0,,,,,,,,,,,,,,,,,,,,,,,,,,,,,,,,,,,,,,,,,,,,,,,,,,,,,,,,,,,,,,,,,,,,,,,,,,,,,,31,AA,SO,74,Big Ten,,2016,0,0,0,0,13,3,181,7,https://www.sports-reference.com/cfb/players/malik-hooker-1.html,4,Malik Hooker,S,0.5,Ohio State,2026-04-01T19:27:03.713Z,43,season_totals,5.5
2017,2017.csv,Malik Hooker,3121415,S,Ohio State,College Stats,6-1,206.0,,,,,,,Indianapolis Colts / 1st / 15th pick / 2017,2018,11.0,indianapolis-colts,S,HookMa00,14.0,44.0,30.0,14.0,0.0,0.0,1.0,0.0,2.0,34,17.0,0.0,27.0,4.0,0.0,0.0,0.0,,,,,,,,,,,,,,,,,,,,,,,,,,,,,,,,,,,,,,,,,,,,,,,,,,,,,,,,,,,,,,,,,,,,,,,,,,,,,,31,AA,SO,74,Big Ten,,2016,0,0,0,0,13,3,181,7,https://www.sports-reference.com/cfb/players/malik-hooker-1.html,4,Malik Hooker,S,0.5,Ohio State,2026-04-01T19:27:03.713Z,43,season_totals,5.5
2017,2017.csv,Malik Hooker,3121415,S,Ohio State,College Stats,6-1,206.0,,,,,,,Indianapolis Colts / 1st / 15th pick / 2017,2019,11.0,indianapolis-colts,S,HookMa00,13.0,51.0,30.0,21.0,0.0,0.0,1.0,3.0,2.0,39,19.5,0.0,26.0,3.0,1.0,5.0,0.0,,,,,,,,,,,,,,,,,,,,,,,,,,,,,,,,,,,,,,,,,,,,,,,,,,,,,,,,,,,,,,,,,,,,,,,,,,,,,,31,AA,SO,74,Big Ten,,2016,0,0,0,0,13,3,181,7,https://www.sports-reference.com/cfb/players/malik-hooker-1.html,4,Malik Hooker,S,0.5,Ohio State,2026-04-01T19:27:03.713Z,43,season_totals,5.5
2017,2017.csv,Malik Hooker,3121415,S,Ohio State,College Stats,6-1,206.0,,,,,,,Indianapolis Colts / 1st / 15th pick / 2017,2020,11.0,indianapolis-colts,S,HookMa00,2.0,7.0,5.0,2.0,0.0,0.0,0.0,0.0,0.0,0,0.0,0.0,0.0,0.0,0.0,0.0,0.0,,,,,,,,,,,,,,,,,,,,,,,,,,,,,,,,,,,,,,,,,,,,,,,,,,,,,,,,,,,,,,,,,,,,,,,,,,,,,,31,AA,SO,74,Big Ten,,2016,0,0,0,0,13,3,181,7,https://www.sports-reference.com/cfb/players/malik-hooker-1.html,4,Malik Hooker,S,0.5,Ohio State,2026-04-01T19:27:03.713Z,43,season_totals,5.5
2017,2017.csv,Malik Hooker,3121415,S,Ohio State,College Stats,6-1,206.0,,,,,,,Indianapolis Colts / 1st / 15th pick / 2017,2021,6.0,dallas-cowboys,S,HookMa00,15.0,44.0,30.0,14.0,0.0,0.0,0.0,0.0,1.0,0,0.0,0.0,1.0,2.0,2.0,1.0,0.0,,,,,,,,,,,,,,,,,,,,,,,,,,,,,,,,,,,,,,,,,,,,,,,,,,,,,,,,,,,,,,,,,,,,,,,,,,,,,,31,AA,SO,74,Big Ten,,2016,0,0,0,0,13,3,181,7,https://www.sports-reference.com/cfb/players/malik-hooker-1.html,4,Malik Hooker,S,0.5,Ohio State,2026-04-01T19:27:03.713Z,43,season_totals,5.5
2017,2017.csv,Malik Hooker,3121415,S,Ohio State,College Stats,6-1,206.0,,,,,,,Indianapolis Colts / 1st / 15th pick / 2017,2022,6.0,dallas-cowboys,S,HookMa00,16.0,62.0,44.0,18.0,0.0,0.0,1.0,38.0,3.0,29,9.7,0.0,1.0,3.0,2.0,4.0,0.0,16,0.0,0.0,0.0,1.0,1.0,0.0,0.0,0.0,6.0,,,,,,,,,,,,,,,,,,,,,,,,,,,,,,,,,,,,,,,,,,,,,,,,,,,,,,,,,,,,,,,,,,,,31,AA,SO,74,Big Ten,,2016,0,0,0,0,13,3,181,7,https://www.sports-reference.com/cfb/players/malik-hooker-1.html,4,Malik Hooker,S,0.5,Ohio State,2026-04-01T19:27:03.713Z,43,season_totals,5.5
2017,2017.csv,Malik Hooker,3121415,S,Ohio State,College Stats,6-1,206.0,,,,,,,Indianapolis Colts / 1st / 15th pick / 2017,2023,6.0,dallas-cowboys,S,HookMa00,16.0,50.0,27.0,23.0,0.0,1.0,1.0,0.0,1.0,0,0.0,0.0,0.0,3.0,4.0,2.0,0.0,,,,,,,,,,,,,,,,,,,,,,,,,,,,,,,,,,,,,,,,,,,,,,,,,,,,,,,,,,,,,,,,,,,,,,,,,,,,,,31,AA,SO,74,Big Ten,,2016,0,0,0,0,13,3,181,7,https://www.sports-reference.com/cfb/players/malik-hooker-1.html,4,Malik Hooker,S,0.5,Ohio State,2026-04-01T19:27:03.713Z,43,season_totals,5.5
2017,2017.csv,Malik Hooker,3121415,S,Ohio State,College Stats,6-1,206.0,,,,,,,Indianapolis Colts / 1st / 15th pick / 2017,2024,6.0,dallas-cowboys,S,HookMa00,17.0,81.0,51.0,30.0,0.0,0.0,0.0,0.0,2.0,20,10.0,0.0,21.0,5.0,4.5,7.0,0.0,,,,,,,,,,,,,,,,,,,,,,,,,,,,,,,,,,,,,,,,,,,,,,,,,,,,,,,,,,,,,,,,,,,,,,,,,,,,,,31,AA,SO,74,Big Ten,,2016,0,0,0,0,13,3,181,7,https://www.sports-reference.com/cfb/players/malik-hooker-1.html,4,Malik Hooker,S,0.5,Ohio State,2026-04-01T19:27:03.713Z,43,season_totals,5.5
2017,2017.csv,Malik Hooker,3121415,S,Ohio State,College Stats,6-1,206.0,,,,,,,Indianapolis Colts / 1st / 15th pick / 2017,2025,6.0,dallas-cowboys,S,HookMa00,12.0,52.0,28.0,24.0,0.0,0.0,0.0,0.0,0.0,0,0.0,0.0,0.0,1.0,4.0,4.0,0.0,,,,,,,,,,,,,,,,,,,,,,,,,,,,,,,,,,,,,,,,,,,,,,,,,,,,,,,,,,,,,,,,,,,,,,,,,,,,,,31,AA,SO,74,Big Ten,,2016,0,0,0,0,13,3,181,7,https://www.sports-reference.com/cfb/players/malik-hooker-1.html,4,Malik Hooker,S,0.5,Ohio State,2026-04-01T19:27:03.713Z,43,season_totals,5.5
2017,2017.csv,Malik Hooker,3121415,S,Ohio State,College Stats,6-1,206.0,,,,,,,Indianapolis Colts / 1st / 15th pick / 2017,-1,,,,HookMa00,112.0,413.0,261.0,152.0,0.0,1.0,4.0,41.0,14.0,195,13.9,0.0,32.0,25.0,17.5,23.0,0.0,112,0.0,0.0,0.0,1.0,1.0,0.0,0.0,0.0,6.0,,,,,,,,,,,,,,,,,,,,,,,,,,,,,,,,,,,,,,,,,,,,,,,,,,,,,,,,,,,,,,,,,,,,31,AA,SO,74,Big Ten,,2016,0,0,0,0,13,3,181,7,https://www.sports-reference.com/cfb/players/malik-hooker-1.html,4,Malik Hooker,S,0.5,Ohio State,2026-04-01T19:27:03.713Z,43,season_totals,5.5
2017,2017.csv,Marlon Humphrey,3126356,CB,Alabama,College Stats,6-0,197.0,4.41,,10.0,125.0,6.75,,Baltimore Ravens / 1st / 16th pick / 2017,2017,33.0,baltimore-ravens,CB,HumpMa00,16.0,34.0,30.0,4.0,0.0,0.0,0.0,0.0,2.0,33,16.5,0.0,18.0,11.0,1.0,5.0,0.0,,,,,,,,,,,,,,,,,,,,,,,,,,,,,,,,,,,,,,,,,,,,,,,,,,,,,,,,,,,,,,,,,,,,,,,,,,,,,,10,,SO,36,SEC,,2016,1,0,0,0,15,1,18,2,https://www.sports-reference.com/cfb/players/marlon-humphrey-1.html,5,Marlon Humphrey,DB,0.0,Alabama,2026-04-01T19:27:15.766Z,26,season_totals,3.0
2017,2017.csv,Marlon Humphrey,3126356,CB,Alabama,College Stats,6-0,197.0,4.41,,10.0,125.0,6.75,,Baltimore Ravens / 1st / 16th pick / 2017,2018,33.0,baltimore-ravens,CB,HumpMa00,14.0,37.0,31.0,6.0,0.0,1.0,0.0,0.0,2.0,0,0.0,0.0,0.0,15.0,3.0,6.0,0.0,,,,,,,,,,,,,,,,,,,,,,,,,,,,,,,,,,,,,,,,,,,,,,,,,,,,,,,,,,,,,,,,,,,,,,,,,,,,,,10,,SO,36,SEC,,2016,1,0,0,0,15,1,18,2,https://www.sports-reference.com/cfb/players/marlon-humphrey-1.html,5,Marlon Humphrey,DB,0.0,Alabama,2026-04-01T19:27:15.766Z,26,season_totals,3.0
2017,2017.csv,Marlon Humphrey,3126356,CB,Alabama,College Stats,6-0,197.0,4.41,,10.0,125.0,6.75,,Baltimore Ravens / 1st / 16th pick / 2017,2019,33.0,baltimore-ravens,CB,HumpMa00,16.0,65.0,53.0,12.0,0.0,2.0,3.0,91.0,3.0,14,4.7,0.0,14.0,14.0,5.0,9.0,1.0,16,0.0,0.0,0.0,2.0,2.0,0.0,0.0,0.0,12.0,,,,,,,,,,,,,,,,,,,,,,,,,,,,,,,,,,,,,,,,,,,,,,,,,,,,,,,,,,,,,,,,,,,,10,,SO,36,SEC,,2016,1,0,0,0,15,1,18,2,https://www.sports-reference.com/cfb/players/marlon-humphrey-1.html,5,Marlon Humphrey,DB,0.0,Alabama,2026-04-01T19:27:15.766Z,26,season_totals,3.0
2017,2017.csv,Marlon Humphrey,3126356,CB,Alabama,College Stats,6-0,197.0,4.41,,10.0,125.0,6.75,,Baltimore Ravens / 1st / 16th pick / 2017,2020,33.0,baltimore-ravens,CB,HumpMa00,15.0,82.0,70.0,12.0,2.5,8.0,0.0,0.0,1.0,8,8.0,0.0,8.0,11.0,1.0,5.0,0.0,15,0.0,0.0,0.0,0.0,0.0,0.0,0.0,0.0,2.0,,,,,,,,,,,,,,,,,,,,,,,,,,,,,,,,,,,,,,,,,,,,,,,,,,,,,,,,,,,,,,,,,,,,10,,SO,36,SEC,,2016,1,0,0,0,15,1,18,2,https://www.sports-reference.com/cfb/players/marlon-humphrey-1.html,5,Marlon Humphrey,DB,0.0,Alabama,2026-04-01T19:27:15.766Z,26,season_totals,3.0
2017,2017.csv,Marlon Humphrey,3126356,CB,Alabama,College Stats,6-0,197.0,4.41,,10.0,125.0,6.75,,Baltimore Ravens / 1st / 16th pick / 2017,2021,33.0,baltimore-ravens,CB,HumpMa00,12.0,58.0,44.0,14.0,0.0,1.0,0.0,0.0,1.0,0,0.0,0.0,1.0,13.0,2.0,0.0,0.0,,,,,,,,,,,,,,,,,,,,,,,,,,,,,,,,,,,,,,,,,,,,,,,,,,,,,,,,,,,,,,,,,,,,,,,,,,,,,,10,,SO,36,SEC,,2016,1,0,0,0,15,1,18,2,https://www.sports-reference.com/cfb/players/marlon-humphrey-1.html,5,Marlon Humphrey,DB,0.0,Alabama,2026-04-01T19:27:15.766Z,26,season_totals,3.0
2017,2017.csv,Marlon Humphrey,3126356,CB,Alabama,College Stats,6-0,197.0,4.41,,10.0,125.0,6.75,,Baltimore Ravens / 1st / 16th pick / 2017,2022,33.0,baltimore-ravens,CB,HumpMa00,17.0,71.0,53.0,18.0,3.0,1.0,2.0,0.0,3.0,26,8.7,0.0,1.0,7.0,1.5,5.0,0.0,,,,,,,,,,,,,,,,,,,,,,,,,,,,,,,,,,,,,,,,,,,,,,,,,,,,,,,,,,,,,,,,,,,,,,,,,,,,,,10,,SO,36,SEC,,2016,1,0,0,0,15,1,18,2,https://www.sports-reference.com/cfb/players/marlon-humphrey-1.html,5,Marlon Humphrey,DB,0.0,Alabama,2026-04-01T19:27:15.766Z,26,season_totals,3.0
2017,2017.csv,Marlon Humphrey,3126356,CB,Alabama,College Stats,6-0,197.0,4.41,,10.0,125.0,6.75,,Baltimore Ravens / 1st / 16th pick / 2017,2023,33.0,baltimore-ravens,CB,HumpMa00,10.0,26.0,22.0,4.0,0.0,0.0,0.0,0.0,1.0,3,3.0,0.0,3.0,5.0,1.0,1.0,0.0,,,,,,,,,,,,,,,,,,,,,,,,,,,,,,,,,,,,,,,,,,,,,,,,,,,,,,,,,,,,,,,,,,,,,,,,,,,,,,10,,SO,36,SEC,,2016,1,0,0,0,15,1,18,2,https://www.sports-reference.com/cfb/players/marlon-humphrey-1.html,5,Marlon Humphrey,DB,0.0,Alabama,2026-04-01T19:27:15.766Z,26,season_totals,3.0
2017,2017.csv,Marlon Humphrey,3126356,CB,Alabama,College Stats,6-0,197.0,4.41,,10.0,125.0,6.75,,Baltimore Ravens / 1st / 16th pick / 2017,2024,33.0,baltimore-ravens,CB,HumpMa00,16.0,67.0,50.0,17.0,0.5,2.0,0.0,0.0,6.0,37,6.2,1.0,37.0,15.0,5.0,7.0,0.0,,,,,,,,,,,,,,,,,,,,,,,,,,,,,,,,,,,,,,,,,,,,,,,,,,,,,,,,,,,,,,,,,,,,,,,,,,,,,,10,,SO,36,SEC,,2016,1,0,0,0,15,1,18,2,https://www.sports-reference.com/cfb/players/marlon-humphrey-1.html,5,Marlon Humphrey,DB,0.0,Alabama,2026-04-01T19:27:15.766Z,26,season_totals,3.0
2017,2017.csv,Marlon Humphrey,3126356,CB,Alabama,College Stats,6-0,197.0,4.41,,10.0,125.0,6.75,,Baltimore Ravens / 1st / 16th pick / 2017,2025,33.0,baltimore-ravens,CB,HumpMa00,15.0,68.0,53.0,15.0,1.0,2.0,1.0,0.0,4.0,54,13.5,0.0,27.0,13.0,1.0,2.0,0.0,,,,,,,,,,,,,,,,,,,,,,,,,,,,,,,,,,,,,,,,,,,,,,,,,,,,,,,,,,,,,,,,,,,,,,,,,,,,,,10,,SO,36,SEC,,2016,1,0,0,0,15,1,18,2,https://www.sports-reference.com/cfb/players/marlon-humphrey-1.html,5,Marlon Humphrey,DB,0.0,Alabama,2026-04-01T19:27:15.766Z,26,season_totals,3.0
2017,2017.csv,Marlon Humphrey,3126356,CB,Alabama,College Stats,6-0,197.0,4.41,,10.0,125.0,6.75,,Baltimore Ravens / 1st / 16th pick / 2017,-1,,,,HumpMa00,131.0,508.0,406.0,102.0,7.0,17.0,6.0,91.0,23.0,175,7.6,1.0,37.0,104.0,20.5,40.0,1.0,131,0.0,0.0,0.0,2.0,2.0,0.0,0.0,0.0,14.0,,,,,,,,,,,,,,,,,,,,,,,,,,,,,,,,,,,,,,,,,,,,,,,,,,,,,,,,,,,,,,,,,,,,10,,SO,36,SEC,,2016,1,0,0,0,15,1,18,2,https://www.sports-reference.com/cfb/players/marlon-humphrey-1.html,5,Marlon Humphrey,DB,0.0,Alabama,2026-04-01T19:27:15.766Z,26,season_totals,3.0
2017,2017.csv,Adoree Jackson,3120347,CB,USC,College Stats,5-10,186.0,4.42,36.0,,122.0,,,Tennessee Titans / 1st / 18th pick / 2017,2017,10.0,tennessee-titans,CB,JackAd00,16.0,70.0,61.0,9.0,0.0,3.0,0.0,0.0,0.0,0,0.0,0.0,0.0,17.0,2.0,2.0,0.0,,,,,,,,,,,16,5,55,11.0,0,20,3,0,0,16.0,0.0,1.0,0,0.0,0.0,0.0,0.0,0.0,0.0,16,34.0,290,0.0,9.0,46.0,25.0,578,0.0,0.0,57.0,16.0,0,0,0.0,0,0.0,0,0,0,0,39.6,-,,,,,,,,,,,,,,,,,,,,,,,,,,9,AA,JR,55,Pac-12,,2016,0,2,0,26,13,0,21,5,https://www.sports-reference.com/cfb/players/adoree-jackson-1.html,11,Adoree Jackson,CB/DB,0.0,USC,2026-04-01T19:26:33.704Z,46,season_totals,2.0
2017,2017.csv,Adoree Jackson,3120347,CB,USC,College Stats,5-10,186.0,4.42,36.0,,122.0,,,Tennessee Titans / 1st / 18th pick / 2017,2018,10.0,tennessee-titans,CB,JackAd00,16.0,73.0,67.0,6.0,0.0,0.0,0.0,0.0,2.0,7,3.5,0.0,7.0,10.0,2.0,2.0,0.0,,,,,,,,,,,,,,,,,,,,,,,,,,,,,,16,16.0,148,0.0,9.0,26.0,0.0,0,0.0,0.0,0.0,16.0,0,0,0.0,0,0.0,0,0,0,0,39.6,-,,,,,,,,,,,,,,,,,,,,,,,,,,9,AA,JR,55,Pac-12,,2016,0,2,0,26,13,0,21,5,https://www.sports-reference.com/cfb/players/adoree-jackson-1.html,11,Adoree Jackson,CB/DB,0.0,USC,2026-04-01T19:26:33.704Z,46,season_totals,2.0
2017,2017.csv,Adoree Jackson,3120347,CB,USC,College Stats,5-10,186.0,4.42,36.0,,122.0,,,Tennessee Titans / 1st / 18th pick / 2017,2019,10.0,tennessee-titans,CB,JackAd00,11.0,45.0,39.0,6.0,0.0,0.0,0.0,0.0,0.0,0,0.0,0.0,0.0,6.0,3.0,11.0,0.0,,,,,,,,,,,,,,,,,,,,,,,,,,,,,,11,3.0,26,0.0,1.0,17.0,2.0,23,0.0,0.0,23.0,11.0,0,0,0.0,0,0.0,0,0,0,0,39.6,-,,,,,,,,,,,,,,,,,,,,,,,,,,9,AA,JR,55,Pac-12,,2016,0,2,0,26,13,0,21,5,https://www.sports-reference.com/cfb/players/adoree-jackson-1.html,11,Adoree Jackson,CB/DB,0.0,USC,2026-04-01T19:26:33.704Z,46,season_totals,2.0
2017,2017.csv,Adoree Jackson,3120347,CB,USC,College Stats,5-10,186.0,4.42,36.0,,122.0,,,Tennessee Titans / 1st / 18th pick / 2017,2020,10.0,tennessee-titans,CB,JackAd00,3.0,12.0,9.0,3.0,0.0,0.0,0.0,0.0,0.0,0,0.0,0.0,0.0,0.0,0.0,0.0,0.0,,,,,,,,,,,,,,,,,,,,,,,,,,,,,,,,,,,,,,,,,,,,,,,,,,,,,,,,,,,,,,,,,,,,,,,,,,,,,,9,AA,JR,55,Pac-12,,2016,0,2,0,26,13,0,21,5,https://www.sports-reference.com/cfb/players/adoree-jackson-1.html,11,Adoree Jackson,CB/DB,0.0,USC,2026-04-01T19:26:33.704Z,46,season_totals,2.0
2017,2017.csv,Adoree Jackson,3120347,CB,USC,College Stats,5-10,186.0,4.42,36.0,,122.0,,,Tennessee Titans / 1st / 18th pick / 2017,2021,19.0,new-york-giants,CB,JackAd00,13.0,62.0,47.0,15.0,0.0,0.0,0.0,0.0,1.0,10,10.0,0.0,1.0,8.0,1.0,3.0,0.0,,,,,,,,,,,,,,,,,,,,,,,,,,,,,,,,,,,,,,,,,,,,,,,,,,,,,,,,,,,,,,,,,,,,,,,,,,,,,,9,AA,JR,55,Pac-12,,2016,0,2,0,26,13,0,21,5,https://www.sports-reference.com/cfb/players/adoree-jackson-1.html,11,Adoree Jackson,CB/DB,0.0,USC,2026-04-01T19:26:33.704Z,46,season_totals,2.0
2017,2017.csv,Adoree Jackson,3120347,CB,USC,College Stats,5-10,186.0,4.42,36.0,,122.0,,,Tennessee Titans / 1st / 18th pick / 2017,2022,19.0,new-york-giants,CB,JackAd00,10.0,51.0,40.0,11.0,0.0,1.0,2.0,1.0,0.0,0,0.0,0.0,0.0,7.0,3.0,4.0,0.0,,,,,,,,,,,,,,,,,,,,,,,,,,,,,,10,3.0,5,0.0,1.0,3.0,0.0,0,0.0,0.0,0.0,,,,,,,,,,,,,,,,,,,,,,,,,,,,,,,,,,,,,,9,AA,JR,55,Pac-12,,2016,0,2,0,26,13,0,21,5,https://www.sports-reference.com/cfb/players/adoree-jackson-1.html,11,Adoree Jackson,CB/DB,0.0,USC,2026-04-01T19:26:33.704Z,46,season_totals,2.0
2017,2017.csv,Adoree Jackson,3120347,CB,USC,College Stats,5-10,186.0,4.42,36.0,,122.0,,,Tennessee Titans / 1st / 18th pick / 2017,2023,19.0,new-york-giants,CB,JackAd00,14.0,63.0,49.0,14.0,0.0,1.0,0.0,0.0,1.0,76,76.0,1.0,76.0,8.0,0.0,0.0,0.0,14,0.0,0.0,0.0,1.0,1.0,0.0,0.0,0.0,6.0,,,,,,,,,,,,,,,,,,,,14,0.0,0,0.0,1.0,0.0,0.0,0,0.0,0.0,0.0,,,,,,,,,,,,,,,,,,,,,,,,,,,,,,,,,,,,,,9,AA,JR,55,Pac-12,,2016,0,2,0,26,13,0,21,5,https://www.sports-reference.com/cfb/players/adoree-jackson-1.html,11,Adoree Jackson,CB/DB,0.0,USC,2026-04-01T19:26:33.704Z,46,season_totals,2.0
2017,2017.csv,Adoree Jackson,3120347,CB,USC,College Stats,5-10,186.0,4.42,36.0,,122.0,,,Tennessee Titans / 1st / 18th pick / 2017,2024,19.0,new-york-giants,CB,JackAd00,14.0,28.0,18.0,10.0,0.0,1.0,1.0,0.0,0.0,0,0.0,0.0,0.0,5.0,1.5,3.0,0.0,,,,,,,,,,,,,,,,,,,,,,,,,,,,,,,,,,,,,,,,,,,,,,,,,,,,,,,,,,,,,,,,,,,,,,,,,,,,,,9,AA,JR,55,Pac-12,,2016,0,2,0,26,13,0,21,5,https://www.sports-reference.com/cfb/players/adoree-jackson-1.html,11,Adoree Jackson,CB/DB,0.0,USC,2026-04-01T19:26:33.704Z,46,season_totals,2.0
2017,2017.csv,Adoree Jackson,3120347,CB,USC,College Stats,5-10,186.0,4.42,36.0,,122.0,,,Tennessee Titans / 1st / 18th pick / 2017,2025,21.0,philadelphia-eagles,CB,JackAd00,14.0,55.0,40.0,15.0,0.0,0.0,0.0,0.0,1.0,1,1.0,0.0,1.0,11.0,0.5,0.0,0.0,,,,,,,,,,,,,,,,,,,,,,,,,,,,,,,,,,,,,,,,,,,,,,,,,,,,,,,,,,,,,,,,,,,,,,,,,,,,,,9,AA,JR,55,Pac-12,,2016,0,2,0,26,13,0,21,5,https://www.sports-reference.com/cfb/players/adoree-jackson-1.html,11,Adoree Jackson,CB/DB,0.0,USC,2026-04-01T19:26:33.704Z,46,season_totals,2.0
2017,2017.csv,Adoree Jackson,3120347,CB,USC,College Stats,5-10,186.0,4.42,36.0,,122.0,,,Tennessee Titans / 1st / 18th pick / 2017,-1,,,,JackAd00,111.0,459.0,370.0,89.0,0.0,6.0,3.0,1.0,5.0,94,18.8,1.0,76.0,72.0,13.0,25.0,0.0,111,0.0,0.0,0.0,1.0,1.0,0.0,0.0,0.0,6.0,111,5,55,11.0,0,20,3,0,0,111.0,0.0,1.0,0,0.0,0.0,0.0,0.0,0.0,0.0,111,56.0,469,0.0,21.0,46.0,27.0,601,0.0,0.0,57.0,111.0,0,0,0.0,0,0.0,0,0,0,0,0.0,-,,,,,,,,,,,,,,,,,,,,,,,,,,9,AA,JR,55,Pac-12,,2016,0,2,0,26,13,0,21,5,https://www.sports-reference.com/cfb/players/adoree-jackson-1.html,11,Adoree Jackson,CB/DB,0.0,USC,2026-04-01T19:26:33.704Z,46,season_totals,2.0
2017,2017.csv,Sidney Jones,3127299,CB,Washington,College Stats,6-0,186.0,4.47,33.5,,123.0,7.02,4.28,Philadelphia Eagles / 2nd / 43rd pick / 2017,2017,21.0,philadelphia-eagles,CB,JoneSi00,1.0,2.0,2.0,0.0,0.0,0.0,0.0,0.0,0.0,0,0.0,0.0,0.0,0.0,0.0,0.0,0.0,,,,,,,,,,,,,,,,,,,,,,,,,,,,,,,,,,,,,,,,,,,,,,,,,,,,,,,,,,,,,,,,,,,,,,,,,,,,,,12,,JR,39,Pac-12,,2016,2,0,0,0,14,0,0,3,https://www.sports-reference.com/cfb/players/sidney-jones-1.html,6,Sidney Jones,DB,0.0,Washington,2026-04-01T19:27:51.849Z,27,season_totals,2.5
2017,2017.csv,Sidney Jones,3127299,CB,Washington,College Stats,6-0,186.0,4.47,33.5,,123.0,7.02,4.28,Philadelphia Eagles / 2nd / 43rd pick / 2017,2018,21.0,philadelphia-eagles,CB,JoneSi00,9.0,25.0,21.0,4.0,0.0,0.0,0.0,0.0,0.0,0,0.0,0.0,0.0,2.0,2.0,7.0,0.0,,,,,,,,,,,,,,,,,,,,,,,,,,,,,,,,,,,,,,,,,,,,,,,,,,,,,,,,,,,,,,,,,,,,,,,,,,,,,,12,,JR,39,Pac-12,,2016,2,0,0,0,14,0,0,3,https://www.sports-reference.com/cfb/players/sidney-jones-1.html,6,Sidney Jones,DB,0.0,Washington,2026-04-01T19:27:51.849Z,27,season_totals,2.5
2017,2017.csv,Sidney Jones,3127299,CB,Washington,College Stats,6-0,186.0,4.47,33.5,,123.0,7.02,4.28,Philadelphia Eagles / 2nd / 43rd pick / 2017,2019,21.0,philadelphia-eagles,CB,JoneSi00,12.0,23.0,19.0,4.0,0.0,0.0,0.0,0.0,2.0,4,2.0,0.0,3.0,8.0,1.0,1.0,0.0,,,,,,,,,,,,,,,,,,,,,,,,,,,,,,,,,,,,,,,,,,,,,,,,,,,,,,,,,,,,,,,,,,,,,,,,,,,,,,12,,JR,39,Pac-12,,2016,2,0,0,0,14,0,0,3,https://www.sports-reference.com/cfb/players/sidney-jones-1.html,6,Sidney Jones,DB,0.0,Washington,2026-04-01T19:27:51.849Z,27,season_totals,2.5
2017,2017.csv,Sidney Jones,3127299,CB,Washington,College Stats,6-0,186.0,4.47,33.5,,123.0,7.02,4.28,Philadelphia Eagles / 2nd / 43rd pick / 2017,2020,30.0,jacksonville-jaguars,CB,JoneSi00,9.0,26.0,21.0,5.0,0.0,1.0,0.0,0.0,2.0,1,0.5,0.0,1.0,9.0,0.0,0.0,0.0,,,,,,,,,,,,,,,,,,,,,,,,,,,,,,,,,,,,,,,,,,,,,,,,,,,,,,,,,,,,,,,,,,,,,,,,,,,,,,12,,JR,39,Pac-12,,2016,2,0,0,0,14,0,0,3,https://www.sports-reference.com/cfb/players/sidney-jones-1.html,6,Sidney Jones,DB,0.0,Washington,2026-04-01T19:27:51.849Z,27,season_totals,2.5
2017,2017.csv,Sidney Jones,3127299,CB,Washington,College Stats,6-0,186.0,4.47,33.5,,123.0,7.02,4.28,Philadelphia Eagles / 2nd / 43rd pick / 2017,2021,26.0,seattle-seahawks,CB,JoneSi00,16.0,66.0,45.0,21.0,0.0,0.0,0.0,0.0,0.0,0,0.0,0.0,0.0,10.0,1.0,2.0,0.0,,,,,,,,,,,,,,,,,,,,,,,,,,,,,,,,,,,,,,,,,,,,,,,,,,,,,,,,,,,,,,,,,,,,,,,,,,,,,,12,,JR,39,Pac-12,,2016,2,0,0,0,14,0,0,3,https://www.sports-reference.com/cfb/players/sidney-jones-1.html,6,Sidney Jones,DB,0.0,Washington,2026-04-01T19:27:51.849Z,27,season_totals,2.5
2017,2017.csv,Sidney Jones,3127299,CB,Washington,College Stats,6-0,186.0,4.47,33.5,,123.0,7.02,4.28,Philadelphia Eagles / 2nd / 43rd pick / 2017,2022,26.0,seattle-seahawks,CB,JoneSi00,3.0,5.0,4.0,1.0,0.0,0.0,0.0,0.0,0.0,0,0.0,0.0,0.0,0.0,0.0,0.0,0.0,,,,,,,,,,,,,,,,,,,,,,,,,,,,,,,,,,,,,,,,,,,,,,,,,,,,,,,,,,,,,,,,,,,,,,,,,,,,,,12,,JR,39,Pac-12,,2016,2,0,0,0,14,0,0,3,https://www.sports-reference.com/cfb/players/sidney-jones-1.html,6,Sidney Jones,DB,0.0,Washington,2026-04-01T19:27:51.849Z,27,season_totals,2.5
2017,2017.csv,Sidney Jones,3127299,CB,Washington,College Stats,6-0,186.0,4.47,33.5,,123.0,7.02,4.28,Philadelphia Eagles / 2nd / 43rd pick / 2017,2022,13.0,las-vegas-raiders,CB,JoneSi00,7.0,7.0,3.0,4.0,0.0,0.0,0.0,0.0,0.0,0,0.0,0.0,0.0,1.0,0.0,0.0,0.0,,,,,,,,,,,,,,,,,,,,,,,,,,,,,,,,,,,,,,,,,,,,,,,,,,,,,,,,,,,,,,,,,,,,,,,,,,,,,,12,,JR,39,Pac-12,,2016,2,0,0,0,14,0,0,3,https://www.sports-reference.com/cfb/players/sidney-jones-1.html,6,Sidney Jones,DB,0.0,Washington,2026-04-01T19:27:51.849Z,27,season_totals,2.5
2017,2017.csv,Sidney Jones,3127299,CB,Washington,College Stats,6-0,186.0,4.47,33.5,,123.0,7.02,4.28,Philadelphia Eagles / 2nd / 43rd pick / 2017,2022,,2022 Totals,CB,JoneSi00,10.0,12.0,7.0,5.0,0.0,0.0,0.0,0.0,0.0,0,0.0,0.0,0.0,1.0,0.0,0.0,0.0,,,,,,,,,,,,,,,,,,,,,,,,,,,,,,,,,,,,,,,,,,,,,,,,,,,,,,,,,,,,,,,,,,,,,,,,,,,,,,12,,JR,39,Pac-12,,2016,2,0,0,0,14,0,0,3,https://www.sports-reference.com/cfb/players/sidney-jones-1.html,6,Sidney Jones,DB,0.0,Washington,2026-04-01T19:27:51.849Z,27,season_totals,2.5
2017,2017.csv,Sidney Jones,3127299,CB,Washington,College Stats,6-0,186.0,4.47,33.5,,123.0,7.02,4.28,Philadelphia Eagles / 2nd / 43rd pick / 2017,2023,4.0,cincinnati-bengals,CB,JoneSi00,2.0,1.0,0.0,1.0,0.0,0.0,0.0,0.0,0.0,0,0.0,0.0,0.0,0.0,0.0,0.0,0.0,,,,,,,,,,,,,,,,,,,,,,,,,,,,,,,,,,,,,,,,,,,,,,,,,,,,,,,,,,,,,,,,,,,,,,,,,,,,,,12,,JR,39,Pac-12,,2016,2,0,0,0,14,0,0,3,https://www.sports-reference.com/cfb/players/sidney-jones-1.html,6,Sidney Jones,DB,0.0,Washington,2026-04-01T19:27:51.849Z,27,season_totals,2.5
2017,2017.csv,Sidney Jones,3127299,CB,Washington,College Stats,6-0,186.0,4.47,33.5,,123.0,7.02,4.28,Philadelphia Eagles / 2nd / 43rd pick / 2017,-1,,,,JoneSi00,59.0,155.0,115.0,40.0,0.0,1.0,0.0,0.0,4.0,5,1.3,0.0,3.0,30.0,4.0,10.0,0.0,,,,,,,,,,,,,,,,,,,,,,,,,,,,,,,,,,,,,,,,,,,,,,,,,,,,,,,,,,,,,,,,,,,,,,,,,,,,,,12,,JR,39,Pac-12,,2016,2,0,0,0,14,0,0,3,https://www.sports-reference.com/cfb/players/sidney-jones-1.html,6,Sidney Jones,DB,0.0,Washington,2026-04-01T19:27:51.849Z,27,season_totals,2.5
2017,2017.csv,Marshon Lattimore,3121421,CB,Ohio State,College Stats,6-0,193.0,4.36,38.5,,132.0,,,New Orleans Saints / 1st / 11th pick / 2017,2017,18.0,new-orleans-saints,CB,LattMa01,13.0,52.0,43.0,9.0,0.0,1.0,0.0,0.0,5.0,85,17.0,1.0,33.0,18.0,1.0,4.0,0.0,13,0.0,0.0,0.0,1.0,1.0,0.0,0.0,0.0,6.0,,,,,,,,,,,,,,,,,,,,,,,,,,,,,,,,,,,,,,,,,,,,,,,,,,,,,,,,,,,,,,,,,,,,11,,SO,41,Big Ten,,2016,0,0,0,0,13,1,61,4,https://www.sports-reference.com/cfb/players/marshon-lattimore-1.html,9,Marshon Lattimore,CB,0.0,Ohio State,2026-04-01T19:27:21.843Z,30,season_totals,1.0
2017,2017.csv,Marshon Lattimore,3121421,CB,Ohio State,College Stats,6-0,193.0,4.36,38.5,,132.0,,,New Orleans Saints / 1st / 11th pick / 2017,2018,18.0,new-orleans-saints,CB,LattMa01,16.0,59.0,49.0,10.0,0.0,4.0,3.0,91.0,2.0,0,0.0,0.0,0.0,12.0,1.0,3.0,0.0,,,,,,,,,,,,,,,,,,,,,,,,,,,,,,,,,,,,,,,,,,,,,,,,,,,,,,,,,,,,,,,,,,,,,,,,,,,,,,11,,SO,41,Big Ten,,2016,0,0,0,0,13,1,61,4,https://www.sports-reference.com/cfb/players/marshon-lattimore-1.html,9,Marshon Lattimore,CB,0.0,Ohio State,2026-04-01T19:27:21.843Z,30,season_totals,1.0
2017,2017.csv,Marshon Lattimore,3121421,CB,Ohio State,College Stats,6-0,193.0,4.36,38.5,,132.0,,,New Orleans Saints / 1st / 11th pick / 2017,2019,18.0,new-orleans-saints,CB,LattMa01,14.0,57.0,46.0,11.0,0.0,0.0,0.0,0.0,1.0,0,0.0,0.0,0.0,14.0,1.0,4.0,0.0,,,,,,,,,,,,,,,,,,,,,,,,,,,,,,,,,,,,,,,,,,,,,,,,,,,,,,,,,,,,,,,,,,,,,,,,,,,,,,11,,SO,41,Big Ten,,2016,0,0,0,0,13,1,61,4,https://www.sports-reference.com/cfb/players/marshon-lattimore-1.html,9,Marshon Lattimore,CB,0.0,Ohio State,2026-04-01T19:27:21.843Z,30,season_totals,1.0
2017,2017.csv,Marshon Lattimore,3121421,CB,Ohio State,College Stats,6-0,193.0,4.36,38.5,,132.0,,,New Orleans Saints / 1st / 11th pick / 2017,2020,18.0,new-orleans-saints,CB,LattMa01,14.0,62.0,52.0,10.0,0.0,0.0,0.0,0.0,2.0,13,6.5,0.0,13.0,11.0,2.0,7.0,0.0,,,,,,,,,,,,,,,,,,,,,,,,,,,,,,,,,,,,,,,,,,,,,,,,,,,,,,,,,,,,,,,,,,,,,,,,,,,,,,11,,SO,41,Big Ten,,2016,0,0,0,0,13,1,61,4,https://www.sports-reference.com/cfb/players/marshon-lattimore-1.html,9,Marshon Lattimore,CB,0.0,Ohio State,2026-04-01T19:27:21.843Z,30,season_totals,1.0
2017,2017.csv,Marshon Lattimore,3121421,CB,Ohio State,College Stats,6-0,193.0,4.36,38.5,,132.0,,,New Orleans Saints / 1st / 11th pick / 2017,2021,18.0,new-orleans-saints,CB,LattMa01,16.0,68.0,55.0,13.0,0.0,0.0,1.0,1.0,3.0,35,11.7,0.0,1.0,19.0,2.5,0.0,0.0,,,,,,,,,,,,,,,,,,,,,,,,,,,,,,,,,,,,,,,,,,,,,,,,,,,,,,,,,,,,,,,,,,,,,,,,,,,,,,11,,SO,41,Big Ten,,2016,0,0,0,0,13,1,61,4,https://www.sports-reference.com/cfb/players/marshon-lattimore-1.html,9,Marshon Lattimore,CB,0.0,Ohio State,2026-04-01T19:27:21.843Z,30,season_totals,1.0
2017,2017.csv,Marshon Lattimore,3121421,CB,Ohio State,College Stats,6-0,193.0,4.36,38.5,,132.0,,,New Orleans Saints / 1st / 11th pick / 2017,2022,18.0,new-orleans-saints,CB,LattMa01,7.0,29.0,20.0,9.0,0.0,0.0,0.0,0.0,1.0,12,12.0,1.0,1.0,4.0,0.0,0.0,0.0,7,0.0,0.0,0.0,1.0,1.0,0.0,0.0,0.0,6.0,,,,,,,,,,,,,,,,,,,,,,,,,,,,,,,,,,,,,,,,,,,,,,,,,,,,,,,,,,,,,,,,,,,,11,,SO,41,Big Ten,,2016,0,0,0,0,13,1,61,4,https://www.sports-reference.com/cfb/players/marshon-lattimore-1.html,9,Marshon Lattimore,CB,0.0,Ohio State,2026-04-01T19:27:21.843Z,30,season_totals,1.0
2017,2017.csv,Marshon Lattimore,3121421,CB,Ohio State,College Stats,6-0,193.0,4.36,38.5,,132.0,,,New Orleans Saints / 1st / 11th pick / 2017,2023,18.0,new-orleans-saints,CB,LattMa01,10.0,48.0,39.0,9.0,0.0,0.0,0.0,0.0,1.0,0,0.0,0.0,0.0,8.0,2.5,2.0,0.0,,,,,,,,,,,,,,,,,,,,,,,,,,,,,,,,,,,,,,,,,,,,,,,,,,,,,,,,,,,,,,,,,,,,,,,,,,,,,,11,,SO,41,Big Ten,,2016,0,0,0,0,13,1,61,4,https://www.sports-reference.com/cfb/players/marshon-lattimore-1.html,9,Marshon Lattimore,CB,0.0,Ohio State,2026-04-01T19:27:21.843Z,30,season_totals,1.0
2017,2017.csv,Marshon Lattimore,3121421,CB,Ohio State,College Stats,6-0,193.0,4.36,38.5,,132.0,,,New Orleans Saints / 1st / 11th pick / 2017,2024,18.0,new-orleans-saints,CB,LattMa01,7.0,30.0,22.0,8.0,0.0,0.0,0.0,0.0,0.0,0,0.0,0.0,0.0,2.0,0.5,0.0,0.0,,,,,,,,,,,,,,,,,,,,,,,,,,,,,,,,,,,,,,,,,,,,,,,,,,,,,,,,,,,,,,,,,,,,,,,,,,,,,,11,,SO,41,Big Ten,,2016,0,0,0,0,13,1,61,4,https://www.sports-reference.com/cfb/players/marshon-lattimore-1.html,9,Marshon Lattimore,CB,0.0,Ohio State,2026-04-01T19:27:21.843Z,30,season_totals,1.0
2017,2017.csv,Marshon Lattimore,3121421,CB,Ohio State,College Stats,6-0,193.0,4.36,38.5,,132.0,,,New Orleans Saints / 1st / 11th pick / 2017,2024,28.0,washington-commanders,CB,LattMa01,2.0,4.0,3.0,1.0,0.0,0.0,0.0,0.0,0.0,0,0.0,0.0,0.0,3.0,0.0,0.0,0.0,,,,,,,,,,,,,,,,,,,,,,,,,,,,,,,,,,,,,,,,,,,,,,,,,,,,,,,,,,,,,,,,,,,,,,,,,,,,,,11,,SO,41,Big Ten,,2016,0,0,0,0,13,1,61,4,https://www.sports-reference.com/cfb/players/marshon-lattimore-1.html,9,Marshon Lattimore,CB,0.0,Ohio State,2026-04-01T19:27:21.843Z,30,season_totals,1.0
2017,2017.csv,Marshon Lattimore,3121421,CB,Ohio State,College Stats,6-0,193.0,4.36,38.5,,132.0,,,New Orleans Saints / 1st / 11th pick / 2017,2024,,2024 Totals,CB,LattMa01,9.0,34.0,25.0,9.0,0.0,0.0,0.0,0.0,0.0,0,0.0,0.0,0.0,5.0,0.5,0.0,0.0,,,,,,,,,,,,,,,,,,,,,,,,,,,,,,,,,,,,,,,,,,,,,,,,,,,,,,,,,,,,,,,,,,,,,,,,,,,,,,11,,SO,41,Big Ten,,2016,0,0,0,0,13,1,61,4,https://www.sports-reference.com/cfb/players/marshon-lattimore-1.html,9,Marshon Lattimore,CB,0.0,Ohio State,2026-04-01T19:27:21.843Z,30,season_totals,1.0
2017,2017.csv,Marshon Lattimore,3121421,CB,Ohio State,College Stats,6-0,193.0,4.36,38.5,,132.0,,,New Orleans Saints / 1st / 11th pick / 2017,2025,28.0,washington-commanders,CB,LattMa01,9.0,27.0,16.0,11.0,0.0,0.0,1.0,0.0,1.0,0,0.0,0.0,0.0,7.0,1.5,3.0,0.0,,,,,,,,,,,,,,,,,,,,,,,,,,,,,,,,,,,,,,,,,,,,,,,,,,,,,,,,,,,,,,,,,,,,,,,,,,,,,,11,,SO,41,Big Ten,,2016,0,0,0,0,13,1,61,4,https://www.sports-reference.com/cfb/players/marshon-lattimore-1.html,9,Marshon Lattimore,CB,0.0,Ohio State,2026-04-01T19:27:21.843Z,30,season_totals,1.0
2017,2017.csv,Marshon Lattimore,3121421,CB,Ohio State,College Stats,6-0,193.0,4.36,38.5,,132.0,,,New Orleans Saints / 1st / 11th pick / 2017,-1,,,,LattMa01,108.0,436.0,345.0,91.0,0.0,5.0,5.0,92.0,16.0,145,9.1,2.0,33.0,98.0,12.0,23.0,0.0,108,0.0,0.0,0.0,2.0,2.0,0.0,0.0,0.0,12.0,,,,,,,,,,,,,,,,,,,,,,,,,,,,,,,,,,,,,,,,,,,,,,,,,,,,,,,,,,,,,,,,,,,,11,,SO,41,Big Ten,,2016,0,0,0,0,13,1,61,4,https://www.sports-reference.com/cfb/players/marshon-lattimore-1.html,9,Marshon Lattimore,CB,0.0,Ohio State,2026-04-01T19:27:21.843Z,30,season_totals,1.0
2017,2017.csv,Shalom Luani,3894908,S,Washington State,College Stats,5-11,202.0,4.55,31.0,12.0,116.0,6.87,4.21,Oakland Raiders / 7th / 221st pick / 2017,2017,13.0,oakland-raiders,S,LuanSh00,16.0,18.0,14.0,4.0,0.0,0.0,0.0,0.0,0.0,0,0.0,0.0,0.0,2.0,1.0,2.0,0.0,,,,,,,,,,,,,,,,,,,,,,,,,,,,,,,,,,,,,,,,,,,,,,,,,,,,,,,,,,,,,,,,,,,,,,,,,,,,,,21,,SR,68,Pac-12,,2016,1,0,0,0,12,0,109,4,https://www.sports-reference.com/cfb/players/shalom-luani-1.html,6,Shalom Luani,S,2.0,Washington State,2026-04-01T19:27:45.898Z,47,season_totals,8.5
2017,2017.csv,Shalom Luani,3894908,S,Washington State,College Stats,5-11,202.0,4.55,31.0,12.0,116.0,6.87,4.21,Oakland Raiders / 7th / 221st pick / 2017,2018,26.0,seattle-seahawks,S,LuanSh00,12.0,9.0,7.0,2.0,0.0,0.0,0.0,0.0,0.0,0,0.0,0.0,0.0,0.0,0.0,0.0,0.0,,,,,,,,,,,,,,,,,,,,,,,,,,,,,,,,,,,,,,,,,,,,,,,,,,,,,,,,,,,,,,,,,,,,,,,,,,,,,,21,,SR,68,Pac-12,,2016,1,0,0,0,12,0,109,4,https://www.sports-reference.com/cfb/players/shalom-luani-1.html,6,Shalom Luani,S,2.0,Washington State,2026-04-01T19:27:45.898Z,47,season_totals,8.5
2017,2017.csv,Shalom Luani,3894908,S,Washington State,College Stats,5-11,202.0,4.55,31.0,12.0,116.0,6.87,4.21,Oakland Raiders / 7th / 221st pick / 2017,2019,24.0,los-angeles-chargers,S,LuanSh00,3.0,1.0,0.0,1.0,0.0,0.0,0.0,0.0,0.0,0,0.0,0.0,0.0,0.0,0.0,0.0,0.0,,,,,,,,,,,,,,,,,,,,,,,,,,,,,,,,,,,,,,,,,,,,,,,,,,,,,,,,,,,,,,,,,,,,,,,,,,,,,,21,,SR,68,Pac-12,,2016,1,0,0,0,12,0,109,4,https://www.sports-reference.com/cfb/players/shalom-luani-1.html,6,Shalom Luani,S,2.0,Washington State,2026-04-01T19:27:45.898Z,47,season_totals,8.5
2017,2017.csv,Shalom Luani,3894908,S,Washington State,College Stats,5-11,202.0,4.55,31.0,12.0,116.0,6.87,4.21,Oakland Raiders / 7th / 221st pick / 2017,-1,,,,LuanSh00,31.0,28.0,21.0,7.0,0.0,0.0,0.0,0.0,0.0,0,0.0,0.0,0.0,2.0,1.0,2.0,0.0,,,,,,,,,,,,,,,,,,,,,,,,,,,,,,,,,,,,,,,,,,,,,,,,,,,,,,,,,,,,,,,,,,,,,,,,,,,,,,21,,SR,68,Pac-12,,2016,1,0,0,0,12,0,109,4,https://www.sports-reference.com/cfb/players/shalom-luani-1.html,6,Shalom Luani,S,2.0,Washington State,2026-04-01T19:27:45.898Z,47,season_totals,8.5
2017,2017.csv,Montae Nicholson,3134683,S,Michigan State,College Stats,6-2,212.0,4.42,35.0,,125.0,,,Washington Redskins / 4th / 123rd pick / 2017,2017,28.0,washington-redskins,S,NichMo00,8.0,24.0,18.0,6.0,0.0,0.0,0.0,0.0,1.0,0,0.0,0.0,0.0,2.0,0.0,0.0,0.0,,,,,,,,,,,,,,,,,,,,,,,,,,,,,,,,,,,,,,,,,,,,,,,,,,,,,,,,,,,,,,,,,,,,,,,,,,,,,,47,,JR,86,Big Ten,,2016,0,1,0,0,11,0,10,1,https://www.sports-reference.com/cfb/players/montae-nicholson-1.html,2,Montae Nicholson,DB/S,0.0,Michigan State,2026-04-01T19:27:27.787Z,39,season_totals,2.0
2017,2017.csv,Montae Nicholson,3134683,S,Michigan State,College Stats,6-2,212.0,4.42,35.0,,125.0,,,Washington Redskins / 4th / 123rd pick / 2017,2018,28.0,washington-redskins,S,NichMo00,14.0,41.0,29.0,12.0,0.0,0.0,0.0,0.0,0.0,0,0.0,0.0,0.0,1.0,0.0,0.0,0.0,,,,,,,,,,,,,,,,,,,,,,,,,,,,,,,,,,,,,,,,,,,,,,,,,,,,,,,,,,,,,,,,,,,,,,,,,,,,,,47,,JR,86,Big Ten,,2016,0,1,0,0,11,0,10,1,https://www.sports-reference.com/cfb/players/montae-nicholson-1.html,2,Montae Nicholson,DB/S,0.0,Michigan State,2026-04-01T19:27:27.787Z,39,season_totals,2.0
2017,2017.csv,Montae Nicholson,3134683,S,Michigan State,College Stats,6-2,212.0,4.42,35.0,,125.0,,,Washington Redskins / 4th / 123rd pick / 2017,2019,28.0,washington,S,NichMo00,13.0,62.0,45.0,17.0,0.0,0.0,2.0,0.0,2.0,23,11.5,0.0,23.0,4.0,0.0,0.0,0.0,,,,,,,,,,,,,,,,,,,,,,,,,,,,,,,,,,,,,,,,,,,,,,,,,,,,,,,,,,,,,,,,,,,,,,,,,,,,,,47,,JR,86,Big Ten,,2016,0,1,0,0,11,0,10,1,https://www.sports-reference.com/cfb/players/montae-nicholson-1.html,2,Montae Nicholson,DB/S,0.0,Michigan State,2026-04-01T19:27:27.787Z,39,season_totals,2.0
2017,2017.csv,Montae Nicholson,3134683,S,Michigan State,College Stats,6-2,212.0,4.42,35.0,,125.0,,,Washington Redskins / 4th / 123rd pick / 2017,-1,,,,NichMo00,35.0,127.0,92.0,35.0,0.0,0.0,2.0,0.0,3.0,23,7.7,0.0,23.0,7.0,0.0,0.0,0.0,,,,,,,,,,,,,,,,,,,,,,,,,,,,,,,,,,,,,,,,,,,,,,,,,,,,,,,,,,,,,,,,,,,,,,,,,,,,,,47,,JR,86,Big Ten,,2016,0,1,0,0,11,0,10,1,https://www.sports-reference.com/cfb/players/montae-nicholson-1.html,2,Montae Nicholson,DB/S,0.0,Michigan State,2026-04-01T19:27:27.787Z,39,season_totals,2.0
2017,2017.csv,Jabrill Peppers,3115962,S,Michigan,College Stats,5-11,213.0,4.46,35.5,19.0,128.0,,,Cleveland Browns / 1st / 25th pick / 2017,2017,5.0,cleveland-browns,S,PeppJa00,13.0,57.0,44.0,13.0,0.0,0.0,0.0,0.0,1.0,0,0.0,0.0,0.0,3.0,0.0,0.0,0.0,,,,,,,,,,,,,,,,,,,,,,,,,,,,,,13,30.0,180,0.0,15.0,25.0,14.0,318,0.0,0.0,35.0,13.0,0,0,0.0,0,0.0,0,0,0,0,39.6,-,,,,,,,,,,,,,,,,,,,,,,,,,,25,"H-5,AA",JR,72,Big Ten,,2016,1,0,0,0,12,0,11,1,https://www.sports-reference.com/cfb/players/jabrill-peppers-1.html,0,Jabrill Peppers,DB/S/LB,4.0,Michigan,2026-04-01T19:26:51.848Z,47,season_totals,16.0
2017,2017.csv,Jabrill Peppers,3115962,S,Michigan,College Stats,5-11,213.0,4.46,35.5,19.0,128.0,,,Cleveland Browns / 1st / 25th pick / 2017,2018,5.0,cleveland-browns,S,PeppJa00,16.0,79.0,52.0,27.0,1.0,0.0,2.0,16.0,1.0,0,0.0,0.0,0.0,5.0,4.0,10.0,0.0,,,,,,,,,,,,,,,,,,,,,,,,,,,,,,16,25.0,219,0.0,22.0,33.0,19.0,408,0.0,0.0,29.0,16.0,0,0,0.0,0,0.0,0,0,0,0,39.6,-,,,,,,,,,,,,,,,,,,,,,,,,,,25,"H-5,AA",JR,72,Big Ten,,2016,1,0,0,0,12,0,11,1,https://www.sports-reference.com/cfb/players/jabrill-peppers-1.html,0,Jabrill Peppers,DB/S/LB,4.0,Michigan,2026-04-01T19:26:51.848Z,47,season_totals,16.0
2017,2017.csv,Jabrill Peppers,3115962,S,Michigan,College Stats,5-11,213.0,4.46,35.5,19.0,128.0,,,Cleveland Browns / 1st / 25th pick / 2017,2019,19.0,new-york-giants,S,PeppJa00,11.0,76.0,51.0,25.0,0.0,3.0,0.0,0.0,1.0,32,32.0,1.0,32.0,5.0,6.0,8.0,0.0,11,0.0,0.0,0.0,1.0,1.0,0.0,0.0,0.0,6.0,,,,,,,,,,,,,,,,,,,,11,4.0,49,0.0,4.0,40.0,1.0,23,0.0,0.0,23.0,,,,,,,,,,,,,,,,,,,,,,,,,,,,,,,,,,,,,,25,"H-5,AA",JR,72,Big Ten,,2016,1,0,0,0,12,0,11,1,https://www.sports-reference.com/cfb/players/jabrill-peppers-1.html,0,Jabrill Peppers,DB/S/LB,4.0,Michigan,2026-04-01T19:26:51.848Z,47,season_totals,16.0
2017,2017.csv,Jabrill Peppers,3115962,S,Michigan,College Stats,5-11,213.0,4.46,35.5,19.0,128.0,,,Cleveland Browns / 1st / 25th pick / 2017,2020,19.0,new-york-giants,S,PeppJa00,15.0,91.0,57.0,34.0,2.5,1.0,1.0,0.0,1.0,6,6.0,0.0,6.0,11.0,6.0,12.0,0.0,,,,,,,,,,,,,,,,,,,,,,,,,,,,,,15,15.0,187,0.0,14.0,20.0,0.0,0,0.0,0.0,0.0,,,,,,,,,,,,,,,,,,,,,,,,,,,,,,,,,,,,,,25,"H-5,AA",JR,72,Big Ten,,2016,1,0,0,0,12,0,11,1,https://www.sports-reference.com/cfb/players/jabrill-peppers-1.html,0,Jabrill Peppers,DB/S/LB,4.0,Michigan,2026-04-01T19:26:51.848Z,47,season_totals,16.0
2017,2017.csv,Jabrill Peppers,3115962,S,Michigan,College Stats,5-11,213.0,4.46,35.5,19.0,128.0,,,Cleveland Browns / 1st / 25th pick / 2017,2021,19.0,new-york-giants,S,PeppJa00,6.0,29.0,19.0,10.0,1.0,0.0,0.0,0.0,0.0,0,0.0,0.0,0.0,1.0,1.0,1.0,0.0,,,,,,,,,,,,,,,,,,,,,,,,,,,,,,6,9.0,58,0.0,3.0,19.0,0.0,0,0.0,0.0,0.0,,,,,,,,,,,,,,,,,,,,,,,,,,,,,,,,,,,,,,25,"H-5,AA",JR,72,Big Ten,,2016,1,0,0,0,12,0,11,1,https://www.sports-reference.com/cfb/players/jabrill-peppers-1.html,0,Jabrill Peppers,DB/S/LB,4.0,Michigan,2026-04-01T19:26:51.848Z,47,season_totals,16.0
2017,2017.csv,Jabrill Peppers,3115962,S,Michigan,College Stats,5-11,213.0,4.46,35.5,19.0,128.0,,,Cleveland Browns / 1st / 25th pick / 2017,2022,17.0,new-england-patriots,S,PeppJa00,17.0,60.0,35.0,25.0,0.0,0.0,1.0,12.0,0.0,0,0.0,0.0,0.0,0.0,4.5,2.0,0.0,,,,,,,,,,,,,,,,,,,,,,,,,,,,,,,,,,,,,,,,,,,,,,,,,,,,,,,,,,,,,,,,,,,,,,,,,,,,,,25,"H-5,AA",JR,72,Big Ten,,2016,1,0,0,0,12,0,11,1,https://www.sports-reference.com/cfb/players/jabrill-peppers-1.html,0,Jabrill Peppers,DB/S/LB,4.0,Michigan,2026-04-01T19:26:51.848Z,47,season_totals,16.0
2017,2017.csv,Jabrill Peppers,3115962,S,Michigan,College Stats,5-11,213.0,4.46,35.5,19.0,128.0,,,Cleveland Browns / 1st / 25th pick / 2017,2023,17.0,new-england-patriots,S,PeppJa00,15.0,78.0,52.0,26.0,1.0,1.0,1.0,0.0,2.0,33,16.5,0.0,32.0,8.0,5.5,6.0,0.0,,,,,,,,,,,,,,,,,,,,,,,,,,,,,,15,4.0,26,0.0,3.0,18.0,0.0,0,0.0,0.0,0.0,15.0,0,0,0.0,0,0.0,0,0,0,0,39.6,-,,,,,,,,,,,,,,15,0-0,0.0,0-0,0-0,0-0,0-0,0-0,0.0,0.0,0.0,0.0,25,"H-5,AA",JR,72,Big Ten,,2016,1,0,0,0,12,0,11,1,https://www.sports-reference.com/cfb/players/jabrill-peppers-1.html,0,Jabrill Peppers,DB/S/LB,4.0,Michigan,2026-04-01T19:26:51.848Z,47,season_totals,16.0
2017,2017.csv,Jabrill Peppers,3115962,S,Michigan,College Stats,5-11,213.0,4.46,35.5,19.0,128.0,,,Cleveland Browns / 1st / 25th pick / 2017,2024,17.0,new-england-patriots,S,PeppJa00,6.0,40.0,20.0,20.0,0.0,1.0,0.0,0.0,1.0,0,0.0,0.0,0.0,2.0,5.0,2.0,0.0,,,,,,,,,,,,,,,,,,,,,,,,,,,,,,,,,,,,,,,,,,,,,,,,,,,,,,,,,,,,,,,,,,,,,,,,,,,,,,25,"H-5,AA",JR,72,Big Ten,,2016,1,0,0,0,12,0,11,1,https://www.sports-reference.com/cfb/players/jabrill-peppers-1.html,0,Jabrill Peppers,DB/S/LB,4.0,Michigan,2026-04-01T19:26:51.848Z,47,season_totals,16.0
2017,2017.csv,Jabrill Peppers,3115962,S,Michigan,College Stats,5-11,213.0,4.46,35.5,19.0,128.0,,,Cleveland Browns / 1st / 25th pick / 2017,2025,23.0,pittsburgh-steelers,S,PeppJa00,14.0,16.0,7.0,9.0,0.0,0.0,1.0,0.0,0.0,0,0.0,0.0,0.0,0.0,0.5,0.0,0.0,,,,,,,,,,,,,,,,,,,,,,,,,,,,,,,,,,,,,,,,,,,,,,,,,,,,,,,,,,,,,,,,,,,,,,,,,,,,,,25,"H-5,AA",JR,72,Big Ten,,2016,1,0,0,0,12,0,11,1,https://www.sports-reference.com/cfb/players/jabrill-peppers-1.html,0,Jabrill Peppers,DB/S/LB,4.0,Michigan,2026-04-01T19:26:51.848Z,47,season_totals,16.0
2017,2017.csv,Jabrill Peppers,3115962,S,Michigan,College Stats,5-11,213.0,4.46,35.5,19.0,128.0,,,Cleveland Browns / 1st / 25th pick / 2017,-1,,,,PeppJa00,113.0,526.0,337.0,189.0,5.5,6.0,6.0,28.0,7.0,71,10.1,1.0,32.0,35.0,32.5,41.0,0.0,113,0.0,0.0,0.0,1.0,1.0,0.0,0.0,0.0,6.0,,,,,,,,,,,,,,,,,,,,113,87.0,719,0.0,61.0,40.0,34.0,749,0.0,0.0,35.0,113.0,0,0,0.0,0,0.0,0,0,0,0,0.0,-,,,,,,,,,,,,,,113,0-0,0.0,0-0,0-0,0-0,0-0,0-0,0.0,0.0,0.0,0.0,25,"H-5,AA",JR,72,Big Ten,,2016,1,0,0,0,12,0,11,1,https://www.sports-reference.com/cfb/players/jabrill-peppers-1.html,0,Jabrill Peppers,DB/S/LB,4.0,Michigan,2026-04-01T19:26:51.848Z,47,season_totals,16.0
2017,2017.csv,Marcus Williams,3122882,S,Utah,College Stats,6-1,202.0,4.56,43.5,14.0,129.0,6.85,4.2,New Orleans Saints / 2nd / 42nd pick / 2017,2017,18.0,new-orleans-saints,S,WillMa06,15.0,73.0,59.0,14.0,0.0,0.0,0.0,0.0,4.0,12,3.0,0.0,12.0,7.0,1.0,4.0,0.0,,,,,,,,,,,,,,,,,,,,,,,,,,,,,,,,,,,,,,,,,,,,,,,,,,,,,,,,,,,,,,,,,,,,,,,,,,,,,,0,,SR,0,CUSA,,2012,0,0,0,0,7,0,0,0,https://www.sports-reference.com/cfb/players/marcus-williams-1.html,0,Marcus Williams,WR,0.0,Houston,2026-04-01T19:27:09.766Z,0,season_totals,0.0
2017,2017.csv,Marcus Williams,3122882,S,Utah,College Stats,6-1,202.0,4.56,43.5,14.0,129.0,6.85,4.2,New Orleans Saints / 2nd / 42nd pick / 2017,2018,18.0,new-orleans-saints,S,WillMa06,16.0,60.0,49.0,11.0,1.0,1.0,1.0,0.0,2.0,100,50.0,0.0,78.0,3.0,0.0,0.0,0.0,,,,,,,,,,,,,,,,,,,,,,,,,,,,,,,,,,,,,,,,,,,,,,,,,,,,,,,,,,,,,,,,,,,,,,,,,,,,,,0,,SR,0,CUSA,,2012,0,0,0,0,7,0,0,0,https://www.sports-reference.com/cfb/players/marcus-williams-1.html,0,Marcus Williams,WR,0.0,Houston,2026-04-01T19:27:09.766Z,0,season_totals,0.0
2017,2017.csv,Marcus Williams,3122882,S,Utah,College Stats,6-1,202.0,4.56,43.5,14.0,129.0,6.85,4.2,New Orleans Saints / 2nd / 42nd pick / 2017,2019,18.0,new-orleans-saints,S,WillMa06,15.0,55.0,40.0,15.0,0.0,1.0,0.0,0.0,4.0,56,14.0,1.0,55.0,13.0,0.0,0.0,0.0,15,0.0,0.0,0.0,1.0,1.0,0.0,0.0,0.0,6.0,,,,,,,,,,,,,,,,,,,,,,,,,,,,,,,,,,,,,,,,,,,,,,,,,,,,,,,,,,,,,,,,,,,,0,,SR,0,CUSA,,2012,0,0,0,0,7,0,0,0,https://www.sports-reference.com/cfb/players/marcus-williams-1.html,0,Marcus Williams,WR,0.0,Houston,2026-04-01T19:27:09.766Z,0,season_totals,0.0
2017,2017.csv,Marcus Williams,3122882,S,Utah,College Stats,6-1,202.0,4.56,43.5,14.0,129.0,6.85,4.2,New Orleans Saints / 2nd / 42nd pick / 2017,2020,18.0,new-orleans-saints,S,WillMa06,14.0,59.0,39.0,20.0,0.0,0.0,0.0,0.0,3.0,37,12.3,0.0,20.0,7.0,0.0,4.0,0.0,,,,,,,,,,,,,,,,,,,,,,,,,,,,,,,,,,,,,,,,,,,,,,,,,,,,,,,,,,,,,,,,,,,,,,,,,,,,,,0,,SR,0,CUSA,,2012,0,0,0,0,7,0,0,0,https://www.sports-reference.com/cfb/players/marcus-williams-1.html,0,Marcus Williams,WR,0.0,Houston,2026-04-01T19:27:09.766Z,0,season_totals,0.0
2017,2017.csv,Marcus Williams,3122882,S,Utah,College Stats,6-1,202.0,4.56,43.5,14.0,129.0,6.85,4.2,New Orleans Saints / 2nd / 42nd pick / 2017,2021,18.0,new-orleans-saints,S,WillMa06,16.0,74.0,52.0,22.0,0.0,1.0,0.0,0.0,2.0,56,28.0,0.0,1.0,8.0,0.0,0.0,0.0,,,,,,,,,,,,,,,,,,,,,,,,,,,,,,,,,,,,,,,,,,,,,,,,,,,,,,,,,,,,,,,,,,,,,,,,,,,,,,0,,SR,0,CUSA,,2012,0,0,0,0,7,0,0,0,https://www.sports-reference.com/cfb/players/marcus-williams-1.html,0,Marcus Williams,WR,0.0,Houston,2026-04-01T19:27:09.766Z,0,season_totals,0.0
2017,2017.csv,Marcus Williams,3122882,S,Utah,College Stats,6-1,202.0,4.56,43.5,14.0,129.0,6.85,4.2,New Orleans Saints / 2nd / 42nd pick / 2017,2022,33.0,baltimore-ravens,S,WillMa06,10.0,61.0,44.0,17.0,0.0,0.0,1.0,0.0,4.0,33,8.3,0.0,1.0,8.0,1.0,6.0,0.0,,,,,,,,,,,,,,,,,,,,,,,,,,,,,,,,,,,,,,,,,,,,,,,,,,,,,,,,,,,,,,,,,,,,,,,,,,,,,,0,,SR,0,CUSA,,2012,0,0,0,0,7,0,0,0,https://www.sports-reference.com/cfb/players/marcus-williams-1.html,0,Marcus Williams,WR,0.0,Houston,2026-04-01T19:27:09.766Z,0,season_totals,0.0
2017,2017.csv,Marcus Williams,3122882,S,Utah,College Stats,6-1,202.0,4.56,43.5,14.0,129.0,6.85,4.2,New Orleans Saints / 2nd / 42nd pick / 2017,2023,33.0,baltimore-ravens,S,WillMa06,11.0,55.0,35.0,20.0,0.0,0.0,0.0,0.0,1.0,22,22.0,0.0,22.0,8.0,0.0,1.0,0.0,,,,,,,,,,,,,,,,,,,,,,,,,,,,,,,,,,,,,,,,,,,,,,,,,,,,,,,,,,,,,,,,,,,,,,,,,,,,,,0,,SR,0,CUSA,,2012,0,0,0,0,7,0,0,0,https://www.sports-reference.com/cfb/players/marcus-williams-1.html,0,Marcus Williams,WR,0.0,Houston,2026-04-01T19:27:09.766Z,0,season_totals,0.0
2017,2017.csv,Marcus Williams,3122882,S,Utah,College Stats,6-1,202.0,4.56,43.5,14.0,129.0,6.85,4.2,New Orleans Saints / 2nd / 42nd pick / 2017,2024,33.0,baltimore-ravens,S,WillMa06,11.0,33.0,26.0,7.0,0.0,0.0,1.0,0.0,0.0,0,0.0,0.0,0.0,2.0,0.0,5.0,0.0,,,,,,,,,,,,,,,,,,,,,,,,,,,,,,,,,,,,,,,,,,,,,,,,,,,,,,,,,,,,,,,,,,,,,,,,,,,,,,0,,SR,0,CUSA,,2012,0,0,0,0,7,0,0,0,https://www.sports-reference.com/cfb/players/marcus-williams-1.html,0,Marcus Williams,WR,0.0,Houston,2026-04-01T19:27:09.766Z,0,season_totals,0.0
2017,2017.csv,Marcus Williams,3122882,S,Utah,College Stats,6-1,202.0,4.56,43.5,14.0,129.0,6.85,4.2,New Orleans Saints / 2nd / 42nd pick / 2017,2025,24.0,los-angeles-chargers,S,WillMa06,3.0,10.0,7.0,3.0,0.0,0.0,0.0,0.0,0.0,0,0.0,0.0,0.0,0.0,0.5,0.0,0.0,,,,,,,,,,,,,,,,,,,,,,,,,,,,,,,,,,,,,,,,,,,,,,,,,,,,,,,,,,,,,,,,,,,,,,,,,,,,,,0,,SR,0,CUSA,,2012,0,0,0,0,7,0,0,0,https://www.sports-reference.com/cfb/players/marcus-williams-1.html,0,Marcus Williams,WR,0.0,Houston,2026-04-01T19:27:09.766Z,0,season_totals,0.0
2017,2017.csv,Marcus Williams,3122882,S,Utah,College Stats,6-1,202.0,4.56,43.5,14.0,129.0,6.85,4.2,New Orleans Saints / 2nd / 42nd pick / 2017,-1,,,,WillMa06,111.0,480.0,351.0,129.0,1.0,3.0,3.0,0.0,20.0,316,15.8,1.0,78.0,56.0,2.5,20.0,0.0,111,0.0,0.0,0.0,1.0,1.0,0.0,0.0,0.0,6.0,,,,,,,,,,,,,,,,,,,,,,,,,,,,,,,,,,,,,,,,,,,,,,,,,,,,,,,,,,,,,,,,,,,,0,,SR,0,CUSA,,2012,0,0,0,0,7,0,0,0,https://www.sports-reference.com/cfb/players/marcus-williams-1.html,0,Marcus Williams,WR,0.0,Houston,2026-04-01T19:27:09.766Z,0,season_totals,0.0
2017,2017.csv,Quincy Wilson,3121660,CB,Florida,College Stats,6-1,211.0,4.54,32.0,14.0,118.0,6.86,4.02,Indianapolis Colts / 2nd / 46th pick / 2017,2017,11.0,indianapolis-colts,CB,WilsQu01,7.0,22.0,19.0,3.0,0.0,0.0,0.0,0.0,1.0,33,33.0,0.0,33.0,6.0,2.0,4.0,0.0,,,,,,,,,,,,,,,,,,,,,,,,,,,,,,,,,,,,,,,,,,,,,,,,,,,,,,,,,,,,,,,,,,,,,,,,,,,,,,15,,JR,33,SEC,,2016,0,0,0,0,13,1,80,3,https://www.sports-reference.com/cfb/players/quincy-wilson-2.html,6,Quincy Wilson,DB,1.0,Florida,2026-04-01T19:58:10.096Z,18,season_totals,3.5
2017,2017.csv,Quincy Wilson,3121660,CB,Florida,College Stats,6-1,211.0,4.54,32.0,14.0,118.0,6.86,4.02,Indianapolis Colts / 2nd / 46th pick / 2017,2018,11.0,indianapolis-colts,CB,WilsQu01,13.0,28.0,20.0,8.0,0.0,0.0,1.0,38.0,1.0,0,0.0,0.0,0.0,2.0,0.0,0.0,0.0,,,,,,,,,,,,,,,,,,,,,,,,,,,,,,,,,,,,,,,,,,,,,,,,,,,,,,,,,,,,,,,,,,,,,,,,,,,,,,15,,JR,33,SEC,,2016,0,0,0,0,13,1,80,3,https://www.sports-reference.com/cfb/players/quincy-wilson-2.html,6,Quincy Wilson,DB,1.0,Florida,2026-04-01T19:58:10.096Z,18,season_totals,3.5
2017,2017.csv,Quincy Wilson,3121660,CB,Florida,College Stats,6-1,211.0,4.54,32.0,14.0,118.0,6.86,4.02,Indianapolis Colts / 2nd / 46th pick / 2017,2019,11.0,indianapolis-colts,CB,WilsQu01,9.0,11.0,9.0,2.0,0.0,0.0,0.0,0.0,0.0,0,0.0,0.0,0.0,0.0,0.0,0.0,0.0,,,,,,,,,,,,,,,,,,,,,,,,,,,,,,,,,,,,,,,,,,,,,,,,,,,,,,,,,,,,,,,,,,,,,,,,,,,,,,15,,JR,33,SEC,,2016,0,0,0,0,13,1,80,3,https://www.sports-reference.com/cfb/players/quincy-wilson-2.html,6,Quincy Wilson,DB,1.0,Florida,2026-04-01T19:58:10.096Z,18,season_totals,3.5
2017,2017.csv,Quincy Wilson,3121660,CB,Florida,College Stats,6-1,211.0,4.54,32.0,14.0,118.0,6.86,4.02,Indianapolis Colts / 2nd / 46th pick / 2017,2020,20.0,new-york-jets,CB,WilsQu01,3.0,1.0,1.0,0.0,0.0,0.0,0.0,0.0,0.0,0,0.0,0.0,0.0,0.0,1.0,3.0,0.0,,,,,,,,,,,,,,,,,,,,,,,,,,,,,,,,,,,,,,,,,,,,,,,,,,,,,,,,,,,,,,,,,,,,,,,,,,,,,,15,,JR,33,SEC,,2016,0,0,0,0,13,1,80,3,https://www.sports-reference.com/cfb/players/quincy-wilson-2.html,6,Quincy Wilson,DB,1.0,Florida,2026-04-01T19:58:10.096Z,18,season_totals,3.5
2017,2017.csv,Quincy Wilson,3121660,CB,Florida,College Stats,6-1,211.0,4.54,32.0,14.0,118.0,6.86,4.02,Indianapolis Colts / 2nd / 46th pick / 2017,-1,,,,WilsQu01,32.0,62.0,49.0,13.0,0.0,0.0,1.0,38.0,2.0,33,16.5,0.0,33.0,8.0,3.0,7.0,0.0,,,,,,,,,,,,,,,,,,,,,,,,,,,,,,,,,,,,,,,,,,,,,,,,,,,,,,,,,,,,,,,,,,,,,,,,,,,,,,15,,JR,33,SEC,,2016,0,0,0,0,13,1,80,3,https://www.sports-reference.com/cfb/players/quincy-wilson-2.html,6,Quincy Wilson,DB,1.0,Florida,2026-04-01T19:58:10.096Z,18,season_totals,3.5
2017,2017.csv,Ahkello Witherspoon,3122630,CB,Colorado,College Stats,6-3,198.0,4.45,40.5,,127.0,6.93,4.13,San Francisco 49ers / 3rd / 66th pick / 2017,2017,25.0,san-francisco-49ers,CB,WithAh00,12.0,32.0,28.0,4.0,0.0,1.0,0.0,0.0,2.0,42,21.0,0.0,23.0,7.0,0.0,0.0,0.0,,,,,,,,,,,,,,,,,,,,,,,,,,,,,,,,,,,,,,,,,,,,,,,,,,,,,,,,,,,,,,,,,,,,,,,,,,,,,,4,,SR,23,Pac-12,,2016,1,1,0,0,14,0,0,1,https://www.sports-reference.com/cfb/players/ahkello-witherspoon-1.html,22,Ahkello Witherspoon,DB,0.0,Colorado,2026-04-01T19:26:39.816Z,19,season_totals,0.0
2017,2017.csv,Ahkello Witherspoon,3122630,CB,Colorado,College Stats,6-3,198.0,4.45,40.5,,127.0,6.93,4.13,San Francisco 49ers / 3rd / 66th pick / 2017,2018,25.0,san-francisco-49ers,CB,WithAh00,14.0,37.0,30.0,7.0,0.0,0.0,0.0,0.0,0.0,0,0.0,0.0,0.0,4.0,0.0,0.0,0.0,,,,,,,,,,,,,,,,,,,,,,,,,,,,,,,,,,,,,,,,,,,,,,,,,,,,,,,,,,,,,,,,,,,,,,,,,,,,,,4,,SR,23,Pac-12,,2016,1,1,0,0,14,0,0,1,https://www.sports-reference.com/cfb/players/ahkello-witherspoon-1.html,22,Ahkello Witherspoon,DB,0.0,Colorado,2026-04-01T19:26:39.816Z,19,season_totals,0.0
2017,2017.csv,Ahkello Witherspoon,3122630,CB,Colorado,College Stats,6-3,198.0,4.45,40.5,,127.0,6.93,4.13,San Francisco 49ers / 3rd / 66th pick / 2017,2019,25.0,san-francisco-49ers,CB,WithAh00,10.0,28.0,24.0,4.0,0.0,0.0,0.0,0.0,1.0,25,25.0,1.0,25.0,9.0,1.0,2.0,0.0,10,0.0,0.0,0.0,1.0,1.0,0.0,0.0,0.0,6.0,,,,,,,,,,,,,,,,,,,,,,,,,,,,,,,,,,,,,,,,,,,,,,,,,,,,,,,,,,,,,,,,,,,,4,,SR,23,Pac-12,,2016,1,1,0,0,14,0,0,1,https://www.sports-reference.com/cfb/players/ahkello-witherspoon-1.html,22,Ahkello Witherspoon,DB,0.0,Colorado,2026-04-01T19:26:39.816Z,19,season_totals,0.0
2017,2017.csv,Ahkello Witherspoon,3122630,CB,Colorado,College Stats,6-3,198.0,4.45,40.5,,127.0,6.93,4.13,San Francisco 49ers / 3rd / 66th pick / 2017,2020,25.0,san-francisco-49ers,CB,WithAh00,11.0,20.0,17.0,3.0,0.0,0.0,0.0,0.0,1.0,0,0.0,0.0,0.0,4.0,1.0,1.0,0.0,,,,,,,,,,,,,,,,,,,,,,,,,,,,,,,,,,,,,,,,,,,,,,,,,,,,,,,,,,,,,,,,,,,,,,,,,,,,,,4,,SR,23,Pac-12,,2016,1,1,0,0,14,0,0,1,https://www.sports-reference.com/cfb/players/ahkello-witherspoon-1.html,22,Ahkello Witherspoon,DB,0.0,Colorado,2026-04-01T19:26:39.816Z,19,season_totals,0.0
2017,2017.csv,Ahkello Witherspoon,3122630,CB,Colorado,College Stats,6-3,198.0,4.45,40.5,,127.0,6.93,4.13,San Francisco 49ers / 3rd / 66th pick / 2017,2021,23.0,pittsburgh-steelers,CB,WithAh00,9.0,15.0,14.0,1.0,0.0,0.0,0.0,0.0,3.0,45,15.0,0.0,1.0,9.0,1.0,1.0,0.0,,,,,,,,,,,,,,,,,,,,,,,,,,,,,,,,,,,,,,,,,,,,,,,,,,,,,,,,,,,,,,,,,,,,,,,,,,,,,,4,,SR,23,Pac-12,,2016,1,1,0,0,14,0,0,1,https://www.sports-reference.com/cfb/players/ahkello-witherspoon-1.html,22,Ahkello Witherspoon,DB,0.0,Colorado,2026-04-01T19:26:39.816Z,19,season_totals,0.0
2017,2017.csv,Ahkello Witherspoon,3122630,CB,Colorado,College Stats,6-3,198.0,4.45,40.5,,127.0,6.93,4.13,San Francisco 49ers / 3rd / 66th pick / 2017,2022,23.0,pittsburgh-steelers,CB,WithAh00,4.0,20.0,17.0,3.0,0.0,0.0,0.0,0.0,1.0,0,0.0,0.0,1.0,2.0,0.0,0.0,0.0,,,,,,,,,,,,,,,,,,,,,,,,,,,,,,,,,,,,,,,,,,,,,,,,,,,,,,,,,,,,,,,,,,,,,,,,,,,,,,4,,SR,23,Pac-12,,2016,1,1,0,0,14,0,0,1,https://www.sports-reference.com/cfb/players/ahkello-witherspoon-1.html,22,Ahkello Witherspoon,DB,0.0,Colorado,2026-04-01T19:26:39.816Z,19,season_totals,0.0
2017,2017.csv,Ahkello Witherspoon,3122630,CB,Colorado,College Stats,6-3,198.0,4.45,40.5,,127.0,6.93,4.13,San Francisco 49ers / 3rd / 66th pick / 2017,2023,14.0,los-angeles-rams,CB,WithAh00,17.0,52.0,43.0,9.0,0.0,0.0,2.0,0.0,3.0,17,5.7,0.0,17.0,14.0,1.0,4.0,0.0,,,,,,,,,,,,,,,,,,,,,,,,,,,,,,,,,,,,,,,,,,,,,,,,,,,,,,,,,,,,,,,,,,,,,,,,,,,,,,4,,SR,23,Pac-12,,2016,1,1,0,0,14,0,0,1,https://www.sports-reference.com/cfb/players/ahkello-witherspoon-1.html,22,Ahkello Witherspoon,DB,0.0,Colorado,2026-04-01T19:26:39.816Z,19,season_totals,0.0
2017,2017.csv,Ahkello Witherspoon,3122630,CB,Colorado,College Stats,6-3,198.0,4.45,40.5,,127.0,6.93,4.13,San Francisco 49ers / 3rd / 66th pick / 2017,2024,14.0,los-angeles-rams,CB,WithAh00,13.0,31.0,25.0,6.0,0.0,0.0,0.0,0.0,1.0,0,0.0,0.0,0.0,9.0,0.5,0.0,0.0,,,,,,,,,,,,,,,,,,,,,,,,,,,,,,,,,,,,,,,,,,,,,,,,,,,,,,,,,,,,,,,,,,,,,,,,,,,,,,4,,SR,23,Pac-12,,2016,1,1,0,0,14,0,0,1,https://www.sports-reference.com/cfb/players/ahkello-witherspoon-1.html,22,Ahkello Witherspoon,DB,0.0,Colorado,2026-04-01T19:26:39.816Z,19,season_totals,0.0
2017,2017.csv,Ahkello Witherspoon,3122630,CB,Colorado,College Stats,6-3,198.0,4.45,40.5,,127.0,6.93,4.13,San Francisco 49ers / 3rd / 66th pick / 2017,2025,14.0,los-angeles-rams,CB,WithAh00,6.0,8.0,6.0,2.0,0.0,0.0,0.0,0.0,1.0,0,0.0,0.0,0.0,2.0,0.0,0.0,0.0,,,,,,,,,,,,,,,,,,,,,,,,,,,,,,,,,,,,,,,,,,,,,,,,,,,,,,,,,,,,,,,,,,,,,,,,,,,,,,4,,SR,23,Pac-12,,2016,1,1,0,0,14,0,0,1,https://www.sports-reference.com/cfb/players/ahkello-witherspoon-1.html,22,Ahkello Witherspoon,DB,0.0,Colorado,2026-04-01T19:26:39.816Z,19,season_totals,0.0
2017,2017.csv,Ahkello Witherspoon,3122630,CB,Colorado,College Stats,6-3,198.0,4.45,40.5,,127.0,6.93,4.13,San Francisco 49ers / 3rd / 66th pick / 2017,-1,,,,WithAh00,96.0,243.0,204.0,39.0,0.0,1.0,2.0,0.0,13.0,129,9.9,1.0,25.0,60.0,4.5,8.0,0.0,96,0.0,0.0,0.0,1.0,1.0,0.0,0.0,0.0,6.0,,,,,,,,,,,,,,,,,,,,,,,,,,,,,,,,,,,,,,,,,,,,,,,,,,,,,,,,,,,,,,,,,,,,4,,SR,23,Pac-12,,2016,1,1,0,0,14,0,0,1,https://www.sports-reference.com/cfb/players/ahkello-witherspoon-1.html,22,Ahkello Witherspoon,DB,0.0,Colorado,2026-04-01T19:26:39.816Z,19,season_totals,0.0
2018,2018.csv,Jaire Alexander,3895429,CB,Louisville,College Stats,5-11,192.0,4.38,35.0,14.0,127.0,6.71,3.98,Green Bay Packers / 1st / 18th pick / 2018,2018,9.0,green-bay-packers,CB,AlexJa00,13.0,66.0,61.0,5.0,0.5,0.0,0.0,0.0,1.0,27,27.0,0.0,27.0,11.0,2.0,11.0,0.0,,,,,,,,,,,,,,,,,,,,,,,,,,,,,,13,4.0,25,0.0,1.0,24.0,0.0,0,0.0,0.0,0.0,13.0,0,0,0.0,0,0.0,0,0,0,0,39.6,-,,,,,,,,,,,,,,,,,,,,,,,,,,6,,JR,19,ACC,,2017,0,0,0,0,6,0,0,1,https://www.sports-reference.com/cfb/players/jaire-alexander-1.html,4,Jaire Alexander,CB,0.0,Louisville,2026-04-01T19:29:16.384Z,13,season_totals,1.0
2018,2018.csv,Jaire Alexander,3895429,CB,Louisville,College Stats,5-11,192.0,4.38,35.0,14.0,127.0,6.71,3.98,Green Bay Packers / 1st / 18th pick / 2018,2019,9.0,green-bay-packers,CB,AlexJa00,16.0,58.0,50.0,8.0,0.0,1.0,1.0,0.0,2.0,37,18.5,0.0,37.0,17.0,2.0,4.0,0.0,,,,,,,,,,,,,,,,,,,,,,,,,,,,,,,,,,,,,,,,,,,,,,,,,,,,,,,,,,,,,,,,,,,,,,,,,,,,,,6,,JR,19,ACC,,2017,0,0,0,0,6,0,0,1,https://www.sports-reference.com/cfb/players/jaire-alexander-1.html,4,Jaire Alexander,CB,0.0,Louisville,2026-04-01T19:29:16.384Z,13,season_totals,1.0
2018,2018.csv,Jaire Alexander,3895429,CB,Louisville,College Stats,5-11,192.0,4.38,35.0,14.0,127.0,6.71,3.98,Green Bay Packers / 1st / 18th pick / 2018,2020,9.0,green-bay-packers,CB,AlexJa00,15.0,51.0,39.0,12.0,1.0,1.0,0.0,0.0,1.0,-4,-4.0,0.0,-4.0,13.0,2.0,4.0,0.0,15,0.0,0.0,0.0,0.0,0.0,0.0,0.0,0.0,2.0,,,,,,,,,,,,,,,,,,,,,,,,,,,,,,,,,,,,,,,,,,,,,,,,,,,,,,,,,,,,,,,,,,,,6,,JR,19,ACC,,2017,0,0,0,0,6,0,0,1,https://www.sports-reference.com/cfb/players/jaire-alexander-1.html,4,Jaire Alexander,CB,0.0,Louisville,2026-04-01T19:29:16.384Z,13,season_totals,1.0
2018,2018.csv,Jaire Alexander,3895429,CB,Louisville,College Stats,5-11,192.0,4.38,35.0,14.0,127.0,6.71,3.98,Green Bay Packers / 1st / 18th pick / 2018,2021,9.0,green-bay-packers,CB,AlexJa00,4.0,13.0,9.0,4.0,0.0,0.0,0.0,0.0,1.0,30,30.0,0.0,1.0,3.0,0.5,0.0,0.0,,,,,,,,,,,,,,,,,,,,,,,,,,,,,,,,,,,,,,,,,,,,,,,,,,,,,,,,,,,,,,,,,,,,,,,,,,,,,,6,,JR,19,ACC,,2017,0,0,0,0,6,0,0,1,https://www.sports-reference.com/cfb/players/jaire-alexander-1.html,4,Jaire Alexander,CB,0.0,Louisville,2026-04-01T19:29:16.384Z,13,season_totals,1.0
2018,2018.csv,Jaire Alexander,3895429,CB,Louisville,College Stats,5-11,192.0,4.38,35.0,14.0,127.0,6.71,3.98,Green Bay Packers / 1st / 18th pick / 2018,2022,9.0,green-bay-packers,CB,AlexJa00,16.0,56.0,43.0,13.0,0.0,0.0,0.0,0.0,5.0,59,11.8,0.0,1.0,14.0,3.0,16.0,0.0,,,,,,,,,,,,,,,,,,,,,,,,,,,,,,,,,,,,,,,,,,,,,,,,,,,,,,,,,,,,,,,,,,,,,,,,,,,,,,6,,JR,19,ACC,,2017,0,0,0,0,6,0,0,1,https://www.sports-reference.com/cfb/players/jaire-alexander-1.html,4,Jaire Alexander,CB,0.0,Louisville,2026-04-01T19:29:16.384Z,13,season_totals,1.0
2018,2018.csv,Jaire Alexander,3895429,CB,Louisville,College Stats,5-11,192.0,4.38,35.0,14.0,127.0,6.71,3.98,Green Bay Packers / 1st / 18th pick / 2018,2023,9.0,green-bay-packers,CB,AlexJa00,7.0,27.0,23.0,4.0,0.0,1.0,0.0,0.0,0.0,0,0.0,0.0,0.0,5.0,2.0,2.0,0.0,,,,,,,,,,,,,,,,,,,,,,,,,,,,,,,,,,,,,,,,,,,,,,,,,,,,,,,,,,,,,,,,,,,,,,,,,,,,,,6,,JR,19,ACC,,2017,0,0,0,0,6,0,0,1,https://www.sports-reference.com/cfb/players/jaire-alexander-1.html,4,Jaire Alexander,CB,0.0,Louisville,2026-04-01T19:29:16.384Z,13,season_totals,1.0
2018,2018.csv,Jaire Alexander,3895429,CB,Louisville,College Stats,5-11,192.0,4.38,35.0,14.0,127.0,6.71,3.98,Green Bay Packers / 1st / 18th pick / 2018,2024,9.0,green-bay-packers,CB,AlexJa00,7.0,16.0,15.0,1.0,0.0,0.0,1.0,0.0,2.0,52,26.0,1.0,35.0,7.0,0.0,0.0,0.0,7,0.0,0.0,0.0,1.0,0.0,0.0,0.0,0.0,0.0,,,,,,,,,,,,,,,,,,,,,,,,,,,,,,,,,,,,,,,,,,,,,,,,,,,,,,,,,,,,,,,,,,,,6,,JR,19,ACC,,2017,0,0,0,0,6,0,0,1,https://www.sports-reference.com/cfb/players/jaire-alexander-1.html,4,Jaire Alexander,CB,0.0,Louisville,2026-04-01T19:29:16.384Z,13,season_totals,1.0
2018,2018.csv,Jaire Alexander,3895429,CB,Louisville,College Stats,5-11,192.0,4.38,35.0,14.0,127.0,6.71,3.98,Green Bay Packers / 1st / 18th pick / 2018,2025,33.0,baltimore-ravens,CB,AlexJa00,2.0,5.0,4.0,1.0,0.0,0.0,0.0,0.0,0.0,0,0.0,0.0,0.0,0.0,0.0,0.0,0.0,,,,,,,,,,,,,,,,,,,,,,,,,,,,,,,,,,,,,,,,,,,,,,,,,,,,,,,,,,,,,,,,,,,,,,,,,,,,,,6,,JR,19,ACC,,2017,0,0,0,0,6,0,0,1,https://www.sports-reference.com/cfb/players/jaire-alexander-1.html,4,Jaire Alexander,CB,0.0,Louisville,2026-04-01T19:29:16.384Z,13,season_totals,1.0
2018,2018.csv,Jaire Alexander,3895429,CB,Louisville,College Stats,5-11,192.0,4.38,35.0,14.0,127.0,6.71,3.98,Green Bay Packers / 1st / 18th pick / 2018,-1,,,,AlexJa00,80.0,292.0,244.0,48.0,1.5,3.0,2.0,0.0,12.0,201,16.8,1.0,37.0,70.0,11.5,37.0,0.0,80,0.0,0.0,0.0,1.0,0.0,0.0,0.0,0.0,2.0,,,,,,,,,,,,,,,,,,,,80,4.0,25,0.0,1.0,24.0,0.0,0,0.0,0.0,0.0,80.0,0,0,0.0,0,0.0,0,0,0,0,0.0,-,,,,,,,,,,,,,,,,,,,,,,,,,,6,,JR,19,ACC,,2017,0,0,0,0,6,0,0,1,https://www.sports-reference.com/cfb/players/jaire-alexander-1.html,4,Jaire Alexander,CB,0.0,Louisville,2026-04-01T19:29:16.384Z,13,season_totals,1.0
2018,2018.csv,Marcus Allen,3116149,S,Penn State,College Stats,6-2,202.0,,37.0,15.0,127.0,,4.32,Pittsburgh Steelers / 5th / 148th pick / 2018,2018,23.0,pittsburgh-steelers,LB,AlleMa03,2.0,2.0,1.0,1.0,0.0,0.0,0.0,0.0,0.0,0,0.0,0.0,0.0,0.0,0.0,0.0,0.0,,,,,,,,,,,,,,,,,,,,,,,,,,,,,,,,,,,,,,,,,,,,,,,,,,,,,,,,,,,,,,,,,,,,,,,,,,,,,,0,,SR,0,WAC,,2010,0,0,0,0,12,0,0,0,https://www.sports-reference.com/cfb/players/marcus-allen-1.html,0,Marcus Allen,WR,0.0,New Mexico State,2026-04-01T19:29:56.970Z,0,season_totals,0.0
2018,2018.csv,Marcus Allen,3116149,S,Penn State,College Stats,6-2,202.0,,37.0,15.0,127.0,,4.32,Pittsburgh Steelers / 5th / 148th pick / 2018,2020,23.0,pittsburgh-steelers,LB,AlleMa03,14.0,30.0,19.0,11.0,0.0,0.0,0.0,0.0,0.0,0,0.0,0.0,0.0,0.0,2.0,3.0,0.0,,,,,,,,,,,,,,,,,,,,,,,,,,,,,,,,,,,,,,,,,,,,,,,,,,,,,,,,,,,,,,,,,,,,,,,,,,,,,,0,,SR,0,WAC,,2010,0,0,0,0,12,0,0,0,https://www.sports-reference.com/cfb/players/marcus-allen-1.html,0,Marcus Allen,WR,0.0,New Mexico State,2026-04-01T19:29:56.970Z,0,season_totals,0.0
2018,2018.csv,Marcus Allen,3116149,S,Penn State,College Stats,6-2,202.0,,37.0,15.0,127.0,,4.32,Pittsburgh Steelers / 5th / 148th pick / 2018,2021,23.0,pittsburgh-steelers,LB,AlleMa03,16.0,13.0,6.0,7.0,0.0,0.0,0.0,0.0,0.0,0,0.0,0.0,0.0,0.0,0.0,0.0,0.0,,,,,,,,,,,,,,,,,,,,,,,,,,,,,,,,,,,,,,,,,,,,,,,,,,,,,,,,,,,,,,,,,,,,,,,,,,,,,,0,,SR,0,WAC,,2010,0,0,0,0,12,0,0,0,https://www.sports-reference.com/cfb/players/marcus-allen-1.html,0,Marcus Allen,WR,0.0,New Mexico State,2026-04-01T19:29:56.970Z,0,season_totals,0.0
2018,2018.csv,Marcus Allen,3116149,S,Penn State,College Stats,6-2,202.0,,37.0,15.0,127.0,,4.32,Pittsburgh Steelers / 5th / 148th pick / 2018,2022,23.0,pittsburgh-steelers,LB,AlleMa03,15.0,12.0,8.0,4.0,0.0,0.0,0.0,0.0,0.0,0,0.0,0.0,0.0,0.0,0.0,0.0,0.0,,,,,,,,,,,15,1,4,4.0,0,4,1,0,0,,,,,,,,,,,,,,,,,,,,,,15.0,0,0,0.0,0,0.0,0,0,0,0,39.6,-,,,,,,,,,,,,,,,,,,,,,,,,,,0,,SR,0,WAC,,2010,0,0,0,0,12,0,0,0,https://www.sports-reference.com/cfb/players/marcus-allen-1.html,0,Marcus Allen,WR,0.0,New Mexico State,2026-04-01T19:29:56.970Z,0,season_totals,0.0
2018,2018.csv,Marcus Allen,3116149,S,Penn State,College Stats,6-2,202.0,,37.0,15.0,127.0,,4.32,Pittsburgh Steelers / 5th / 148th pick / 2018,-1,,,,AlleMa03,47.0,57.0,34.0,23.0,0.0,0.0,0.0,0.0,0.0,0,0.0,0.0,0.0,0.0,2.0,3.0,0.0,,,,,,,,,,,47,1,4,4.0,0,4,1,0,0,,,,,,,,,,,,,,,,,,,,,,47.0,0,0,0.0,0,0.0,0,0,0,0,0.0,-,,,,,,,,,,,,,,,,,,,,,,,,,,0,,SR,0,WAC,,2010,0,0,0,0,12,0,0,0,https://www.sports-reference.com/cfb/players/marcus-allen-1.html,0,Marcus Allen,WR,0.0,New Mexico State,2026-04-01T19:29:56.970Z,0,season_totals,0.0
2018,2018.csv,Troy Apke,3116152,S,Penn State,College Stats,6-2,198.0,4.34,41.0,16.0,131.0,6.56,4.03,Washington Redskins / 4th / 109th pick / 2018,2018,28.0,washington-redskins,CB,ApkeTr00,2.0,1.0,1.0,0.0,0.0,0.0,0.0,0.0,0.0,0,0.0,0.0,0.0,0.0,0.0,0.0,0.0,,,,,,,,,,,,,,,,,,,,,,,,,,,,,,,,,,,,,,,,,,,,,,,,,,,,,,,,,,,,,,,,,,,,,,,,,,,,,,17,,JR,28,Big Ten,,2016,0,1,0,0,10,0,10,1,https://www.sports-reference.com/cfb/players/troy-apke-1.html,0,Troy Apke,S,0.0,Penn State,2026-04-01T19:30:43.979Z,11,season_totals,0.0
2018,2018.csv,Troy Apke,3116152,S,Penn State,College Stats,6-2,198.0,4.34,41.0,16.0,131.0,6.56,4.03,Washington Redskins / 4th / 109th pick / 2018,2019,28.0,washington,CB,ApkeTr00,15.0,26.0,18.0,8.0,0.0,0.0,0.0,0.0,1.0,33,33.0,0.0,33.0,2.0,3.0,9.0,0.0,,,,,,,,,,,,,,,,,,,,,,,,,,,,,,,,,,,,,,,,,,,,,,,,,,,,,,,,,,,,,,,,,,,,,,,,,,,,,,17,,JR,28,Big Ten,,2016,0,1,0,0,10,0,10,1,https://www.sports-reference.com/cfb/players/troy-apke-1.html,0,Troy Apke,S,0.0,Penn State,2026-04-01T19:30:43.979Z,11,season_totals,0.0
2018,2018.csv,Troy Apke,3116152,S,Penn State,College Stats,6-2,198.0,4.34,41.0,16.0,131.0,6.56,4.03,Washington Redskins / 4th / 109th pick / 2018,2020,28.0,washington,CB,ApkeTr00,16.0,35.0,25.0,10.0,0.0,0.0,0.0,0.0,0.0,0,0.0,0.0,0.0,2.0,0.0,0.0,0.0,,,,,,,,,,,,,,,,,,,,,,,,,,,,,,,,,,,,,,,,,,,,,,,,,,,,,,,,,,,,,,,,,,,,,,,,,,,,,,17,,JR,28,Big Ten,,2016,0,1,0,0,10,0,10,1,https://www.sports-reference.com/cfb/players/troy-apke-1.html,0,Troy Apke,S,0.0,Penn State,2026-04-01T19:30:43.979Z,11,season_totals,0.0
2018,2018.csv,Troy Apke,3116152,S,Penn State,College Stats,6-2,198.0,4.34,41.0,16.0,131.0,6.56,4.03,Washington Redskins / 4th / 109th pick / 2018,2021,28.0,washington,CB,ApkeTr00,17.0,6.0,5.0,1.0,0.0,0.0,0.0,0.0,0.0,0,0.0,0.0,0.0,0.0,0.0,0.0,0.0,,,,,,,,,,,,,,,,,,,,,,,,,,,,,,,,,,,,,,,,,,,,,,,,,,,,,,,,,,,,,,,,,,,,,,,,,,,,,,17,,JR,28,Big Ten,,2016,0,1,0,0,10,0,10,1,https://www.sports-reference.com/cfb/players/troy-apke-1.html,0,Troy Apke,S,0.0,Penn State,2026-04-01T19:30:43.979Z,11,season_totals,0.0
2018,2018.csv,Troy Apke,3116152,S,Penn State,College Stats,6-2,198.0,4.34,41.0,16.0,131.0,6.56,4.03,Washington Redskins / 4th / 109th pick / 2018,2022,28.0,washington-commanders,CB,ApkeTr00,2.0,1.0,0.0,1.0,0.0,0.0,0.0,0.0,0.0,0,0.0,0.0,0.0,0.0,0.0,0.0,0.0,,,,,,,,,,,,,,,,,,,,,,,,,,,,,,,,,,,,,,,,,,,,,,,,,,,,,,,,,,,,,,,,,,,,,,,,,,,,,,17,,JR,28,Big Ten,,2016,0,1,0,0,10,0,10,1,https://www.sports-reference.com/cfb/players/troy-apke-1.html,0,Troy Apke,S,0.0,Penn State,2026-04-01T19:30:43.979Z,11,season_totals,0.0
2018,2018.csv,Troy Apke,3116152,S,Penn State,College Stats,6-2,198.0,4.34,41.0,16.0,131.0,6.56,4.03,Washington Redskins / 4th / 109th pick / 2018,-1,,,,ApkeTr00,52.0,69.0,49.0,20.0,0.0,0.0,0.0,0.0,1.0,33,33.0,0.0,33.0,4.0,3.0,9.0,0.0,,,,,,,,,,,,,,,,,,,,,,,,,,,,,,,,,,,,,,,,,,,,,,,,,,,,,,,,,,,,,,,,,,,,,,,,,,,,,,17,,JR,28,Big Ten,,2016,0,1,0,0,10,0,10,1,https://www.sports-reference.com/cfb/players/troy-apke-1.html,0,Troy Apke,S,0.0,Penn State,2026-04-01T19:30:43.979Z,11,season_totals,0.0
2018,2018.csv,Jessie Bates,3919512,S,Wake Forest,College Stats,6-2,195.0,4.5,35.5,,117.0,6.78,4.26,Cincinnati Bengals / 2nd / 54th pick / 2018,2018,4.0,cincinnati-bengals,S,BateJe00,16.0,111.0,73.0,38.0,0.0,0.0,0.0,0.0,3.0,42,14.0,1.0,21.0,7.0,0.0,0.0,0.0,16,0.0,0.0,0.0,1.0,1.0,0.0,0.0,0.0,6.0,,,,,,,,,,,,,,,,,,,,,,,,,,,,,,,,,,,,,,,,,,,,,,,,,,,,,,,,,,,,,,,,,,,,29,,SO,79,ACC,,2017,1,0,0,0,11,0,37,1,https://www.sports-reference.com/cfb/players/jessie-bates-1.html,5,Jessie Bates,DB,0.0,Wake Forest,2026-04-01T19:29:22.526Z,50,season_totals,6.0
2018,2018.csv,Jessie Bates,3919512,S,Wake Forest,College Stats,6-2,195.0,4.5,35.5,,117.0,6.78,4.26,Cincinnati Bengals / 2nd / 54th pick / 2018,2019,4.0,cincinnati-bengals,S,BateJe00,16.0,99.0,70.0,29.0,0.0,1.0,1.0,0.0,3.0,33,11.0,0.0,20.0,9.0,0.0,1.0,0.0,,,,,,,,,,,,,,,,,,,,,,,,,,,,,,,,,,,,,,,,,,,,,,,,,,,,,,,,,,,,,,,,,,,,,,,,,,,,,,29,,SO,79,ACC,,2017,1,0,0,0,11,0,37,1,https://www.sports-reference.com/cfb/players/jessie-bates-1.html,5,Jessie Bates,DB,0.0,Wake Forest,2026-04-01T19:29:22.526Z,50,season_totals,6.0
2018,2018.csv,Jessie Bates,3919512,S,Wake Forest,College Stats,6-2,195.0,4.5,35.5,,117.0,6.78,4.26,Cincinnati Bengals / 2nd / 54th pick / 2018,2020,4.0,cincinnati-bengals,S,BateJe00,16.0,109.0,78.0,31.0,0.0,1.0,0.0,0.0,3.0,12,4.0,0.0,12.0,15.0,2.0,5.0,0.0,,,,,,,,,,,,,,,,,,,,,,,,,,,,,,,,,,,,,,,,,,,,,,,,,,,,,,,,,,,,,,,,,,,,,,,,,,,,,,29,,SO,79,ACC,,2017,1,0,0,0,11,0,37,1,https://www.sports-reference.com/cfb/players/jessie-bates-1.html,5,Jessie Bates,DB,0.0,Wake Forest,2026-04-01T19:29:22.526Z,50,season_totals,6.0
2018,2018.csv,Jessie Bates,3919512,S,Wake Forest,College Stats,6-2,195.0,4.5,35.5,,117.0,6.78,4.26,Cincinnati Bengals / 2nd / 54th pick / 2018,2021,4.0,cincinnati-bengals,S,BateJe00,15.0,88.0,67.0,21.0,0.0,0.0,1.0,46.0,1.0,65,65.0,0.0,1.0,4.0,2.5,6.0,0.0,,,,,,,,,,,,,,,,,,,,,,,,,,,,,,,,,,,,,,,,,,,,,,,,,,,,,,,,,,,,,,,,,,,,,,,,,,,,,,29,,SO,79,ACC,,2017,1,0,0,0,11,0,37,1,https://www.sports-reference.com/cfb/players/jessie-bates-1.html,5,Jessie Bates,DB,0.0,Wake Forest,2026-04-01T19:29:22.526Z,50,season_totals,6.0
2018,2018.csv,Jessie Bates,3919512,S,Wake Forest,College Stats,6-2,195.0,4.5,35.5,,117.0,6.78,4.26,Cincinnati Bengals / 2nd / 54th pick / 2018,2022,4.0,cincinnati-bengals,S,BateJe00,16.0,71.0,38.0,33.0,0.0,1.0,0.0,0.0,4.0,28,7.0,0.0,1.0,8.0,3.0,2.0,0.0,,,,,,,,,,,,,,,,,,,,,,,,,,,,,,,,,,,,,,,,,,,,,,,,,,,,,,,,,,,,,,,,,,,,,,,,,,,,,,29,,SO,79,ACC,,2017,1,0,0,0,11,0,37,1,https://www.sports-reference.com/cfb/players/jessie-bates-1.html,5,Jessie Bates,DB,0.0,Wake Forest,2026-04-01T19:29:22.526Z,50,season_totals,6.0
2018,2018.csv,Jessie Bates,3919512,S,Wake Forest,College Stats,6-2,195.0,4.5,35.5,,117.0,6.78,4.26,Cincinnati Bengals / 2nd / 54th pick / 2018,2023,1.0,atlanta-falcons,S,BateJe00,17.0,132.0,89.0,43.0,0.0,3.0,0.0,0.0,6.0,95,15.8,1.0,92.0,11.0,7.5,8.0,0.0,17,0.0,0.0,0.0,1.0,1.0,0.0,0.0,0.0,6.0,,,,,,,,,,,,,,,,,,,,,,,,,,,,,,,,,,,,,,,,,,,,,,,,,,,,,,,,,,,,,,,,,,,,29,,SO,79,ACC,,2017,1,0,0,0,11,0,37,1,https://www.sports-reference.com/cfb/players/jessie-bates-1.html,5,Jessie Bates,DB,0.0,Wake Forest,2026-04-01T19:29:22.526Z,50,season_totals,6.0
2018,2018.csv,Jessie Bates,3919512,S,Wake Forest,College Stats,6-2,195.0,4.5,35.5,,117.0,6.78,4.26,Cincinnati Bengals / 2nd / 54th pick / 2018,2024,1.0,atlanta-falcons,S,BateJe00,17.0,102.0,62.0,40.0,1.0,4.0,1.0,0.0,4.0,55,13.8,1.0,55.0,10.0,4.5,5.0,0.0,,,,,,,,,,,,,,,,,,,,,,,,,,,,,,,,,,,,,,,,,,,,,,,,,,,,,,,,,,,,,,,,,,,,,,,,,,,,,,29,,SO,79,ACC,,2017,1,0,0,0,11,0,37,1,https://www.sports-reference.com/cfb/players/jessie-bates-1.html,5,Jessie Bates,DB,0.0,Wake Forest,2026-04-01T19:29:22.526Z,50,season_totals,6.0
2018,2018.csv,Jessie Bates,3919512,S,Wake Forest,College Stats,6-2,195.0,4.5,35.5,,117.0,6.78,4.26,Cincinnati Bengals / 2nd / 54th pick / 2018,2025,1.0,atlanta-falcons,S,BateJe00,17.0,98.0,57.0,41.0,0.0,1.0,0.0,0.0,3.0,54,18.0,1.0,34.0,6.0,2.5,1.0,0.0,,,,,,,,,,,,,,,,,,,,,,,,,,,,,,,,,,,,,,,,,,,,,,,,,,,,,,,,,,,,,,,,,,,,,,,,,,,,,,29,,SO,79,ACC,,2017,1,0,0,0,11,0,37,1,https://www.sports-reference.com/cfb/players/jessie-bates-1.html,5,Jessie Bates,DB,0.0,Wake Forest,2026-04-01T19:29:22.526Z,50,season_totals,6.0
2018,2018.csv,Jessie Bates,3919512,S,Wake Forest,College Stats,6-2,195.0,4.5,35.5,,117.0,6.78,4.26,Cincinnati Bengals / 2nd / 54th pick / 2018,-1,,,,BateJe00,130.0,810.0,534.0,276.0,1.0,11.0,3.0,46.0,27.0,384,14.2,4.0,92.0,70.0,22.0,28.0,0.0,130,0.0,0.0,0.0,2.0,2.0,0.0,0.0,0.0,12.0,,,,,,,,,,,,,,,,,,,,,,,,,,,,,,,,,,,,,,,,,,,,,,,,,,,,,,,,,,,,,,,,,,,,29,,SO,79,ACC,,2017,1,0,0,0,11,0,37,1,https://www.sports-reference.com/cfb/players/jessie-bates-1.html,5,Jessie Bates,DB,0.0,Wake Forest,2026-04-01T19:29:22.526Z,50,season_totals,6.0
2018,2018.csv,Dane Cruikshank,3931422,S,Arizona,College Stats,6-1,206.0,4.41,38.5,25.0,121.0,6.89,4.24,Tennessee Titans / 5th / 152nd pick / 2018,2018,10.0,tennessee-titans,S,CruiDa00,12.0,11.0,10.0,1.0,0.0,0.0,0.0,0.0,0.0,0,0.0,0.0,0.0,0.0,1.0,1.0,0.0,12,0.0,0.0,1.0,0.0,1.0,0.0,0.0,0.0,6.0,,,,,,,,,,12.0,1.0,1.0,66,66.0,1.0,66.0,1.0,0.0,0.0,12,0.0,0,0.0,0.0,0.0,1.0,39,0.0,0.0,39.0,12.0,0,0,0.0,0,0.0,0,0,0,0,39.6,-,,,,,,,,,,,,,,,,,,,,,,,,,,20,,SR,75,Pac-12,,2017,1,0,0,0,13,0,65,3,https://www.sports-reference.com/cfb/players/dane-cruikshank-1.html,5,Dane Cruikshank,CB,1.5,Arizona,2026-04-01T19:28:28.347Z,55,season_totals,5.5
2018,2018.csv,Dane Cruikshank,3931422,S,Arizona,College Stats,6-1,206.0,4.41,38.5,25.0,121.0,6.89,4.24,Tennessee Titans / 5th / 152nd pick / 2018,2019,10.0,tennessee-titans,S,CruiDa00,16.0,10.0,6.0,4.0,0.0,0.0,0.0,0.0,0.0,0,0.0,0.0,0.0,0.0,1.0,1.0,2.0,,,,,,,,,,,,,,,,,,,,16.0,0.0,1.0,0,0.0,0.0,0.0,0.0,0.0,0.0,,,,,,,,,,,,16.0,0,0,0.0,0,0.0,0,0,0,0,39.6,-,,,,,,,,,,,,,,,,,,,,,,,,,,20,,SR,75,Pac-12,,2017,1,0,0,0,13,0,65,3,https://www.sports-reference.com/cfb/players/dane-cruikshank-1.html,5,Dane Cruikshank,CB,1.5,Arizona,2026-04-01T19:28:28.347Z,55,season_totals,5.5
2018,2018.csv,Dane Cruikshank,3931422,S,Arizona,College Stats,6-1,206.0,4.41,38.5,25.0,121.0,6.89,4.24,Tennessee Titans / 5th / 152nd pick / 2018,2020,10.0,tennessee-titans,S,CruiDa00,2.0,1.0,0.0,1.0,0.0,0.0,0.0,0.0,1.0,13,13.0,0.0,13.0,1.0,0.0,0.0,0.0,,,,,,,,,,,,,,,,,,,,,,,,,,,,,,,,,,,,,,,,,,,,,,,,,,,,,,,,,,,,,,,,,,,,,,,,,,,,,,20,,SR,75,Pac-12,,2017,1,0,0,0,13,0,65,3,https://www.sports-reference.com/cfb/players/dane-cruikshank-1.html,5,Dane Cruikshank,CB,1.5,Arizona,2026-04-01T19:28:28.347Z,55,season_totals,5.5
2018,2018.csv,Dane Cruikshank,3931422,S,Arizona,College Stats,6-1,206.0,4.41,38.5,25.0,121.0,6.89,4.24,Tennessee Titans / 5th / 152nd pick / 2018,2021,10.0,tennessee-titans,S,CruiDa00,14.0,43.0,30.0,13.0,0.0,1.0,0.0,0.0,0.0,0,0.0,0.0,0.0,1.0,0.0,0.0,0.0,,,,,,,,,,,,,,,,,,,,,,,,,,,,,,,,,,,,,,,,,,,,,,,,,,,,,,,,,,,,,,,,,,,,,,,,,,,,,,20,,SR,75,Pac-12,,2017,1,0,0,0,13,0,65,3,https://www.sports-reference.com/cfb/players/dane-cruikshank-1.html,5,Dane Cruikshank,CB,1.5,Arizona,2026-04-01T19:28:28.347Z,55,season_totals,5.5
2018,2018.csv,Dane Cruikshank,3931422,S,Arizona,College Stats,6-1,206.0,4.41,38.5,25.0,121.0,6.89,4.24,Tennessee Titans / 5th / 152nd pick / 2018,2022,3.0,chicago-bears,S,CruiDa00,8.0,1.0,0.0,1.0,0.0,0.0,0.0,0.0,0.0,0,0.0,0.0,0.0,0.0,0.0,0.0,0.0,,,,,,,,,,,,,,,,,,,,,,,,,,,,,,,,,,,,,,,,,,,,,,,,,,,,,,,,,,,,,,,,,,,,,,,,,,,,,,20,,SR,75,Pac-12,,2017,1,0,0,0,13,0,65,3,https://www.sports-reference.com/cfb/players/dane-cruikshank-1.html,5,Dane Cruikshank,CB,1.5,Arizona,2026-04-01T19:28:28.347Z,55,season_totals,5.5
2018,2018.csv,Dane Cruikshank,3931422,S,Arizona,College Stats,6-1,206.0,4.41,38.5,25.0,121.0,6.89,4.24,Tennessee Titans / 5th / 152nd pick / 2018,-1,,,,CruiDa00,52.0,66.0,46.0,20.0,0.0,1.0,0.0,0.0,1.0,13,13.0,0.0,13.0,2.0,2.0,2.0,2.0,52,0.0,0.0,1.0,0.0,1.0,0.0,0.0,0.0,6.0,,,,,,,,,,52.0,1.0,2.0,66,66.0,1.0,66.0,1.0,0.0,0.0,52,0.0,0,0.0,0.0,0.0,1.0,39,0.0,0.0,39.0,52.0,0,0,0.0,0,0.0,0,0,0,0,0.0,-,,,,,,,,,,,,,,,,,,,,,,,,,,20,,SR,75,Pac-12,,2017,1,0,0,0,13,0,65,3,https://www.sports-reference.com/cfb/players/dane-cruikshank-1.html,5,Dane Cruikshank,CB,1.5,Arizona,2026-04-01T19:28:28.347Z,55,season_totals,5.5
2018,2018.csv,Carlton Davis,3916923,CB,Auburn,College Stats,6-1,203.0,4.53,34.0,16.0,124.0,,,Tampa Bay Buccaneers / 2nd / 63rd pick / 2018,2018,27.0,tampa-bay-buccaneers,CB,DaviCa02,13.0,40.0,36.0,4.0,0.0,1.0,1.0,0.0,0.0,0,0.0,0.0,0.0,4.0,2.0,6.0,0.0,,,,,,,,,,,,,,,,,,,,,,,,,,,,,,,,,,,,,,,,,,,,,,,,,,,,,,,,,,,,,,,,,,,,,,,,,,,,,,9,,JR,36,SEC,,2017,1,1,0,12,13,0,0,1,https://www.sports-reference.com/cfb/players/carlton-davis-1.html,11,Carlton Davis,DB,0.0,Auburn,2026-04-01T19:28:16.215Z,27,season_totals,0.5
2018,2018.csv,Carlton Davis,3916923,CB,Auburn,College Stats,6-1,203.0,4.53,34.0,16.0,124.0,,,Tampa Bay Buccaneers / 2nd / 63rd pick / 2018,2019,27.0,tampa-bay-buccaneers,CB,DaviCa02,14.0,60.0,54.0,6.0,0.0,1.0,1.0,6.0,1.0,0,0.0,0.0,0.0,19.0,3.0,4.0,0.0,,,,,,,,,,,,,,,,,,,,,,,,,,,,,,,,,,,,,,,,,,,,,,,,,,,,,,,,,,,,,,,,,,,,,,,,,,,,,,9,,JR,36,SEC,,2017,1,1,0,12,13,0,0,1,https://www.sports-reference.com/cfb/players/carlton-davis-1.html,11,Carlton Davis,DB,0.0,Auburn,2026-04-01T19:28:16.215Z,27,season_totals,0.5
2018,2018.csv,Carlton Davis,3916923,CB,Auburn,College Stats,6-1,203.0,4.53,34.0,16.0,124.0,,,Tampa Bay Buccaneers / 2nd / 63rd pick / 2018,2020,27.0,tampa-bay-buccaneers,CB,DaviCa02,14.0,68.0,52.0,16.0,0.0,0.0,0.0,0.0,4.0,42,10.5,0.0,34.0,18.0,3.0,7.0,0.0,,,,,,,,,,,,,,,,,,,,,,,,,,,,,,,,,,,,,,,,,,,,,,,,,,,,,,,,,,,,,,,,,,,,,,,,,,,,,,9,,JR,36,SEC,,2017,1,1,0,12,13,0,0,1,https://www.sports-reference.com/cfb/players/carlton-davis-1.html,11,Carlton Davis,DB,0.0,Auburn,2026-04-01T19:28:16.215Z,27,season_totals,0.5
2018,2018.csv,Carlton Davis,3916923,CB,Auburn,College Stats,6-1,203.0,4.53,34.0,16.0,124.0,,,Tampa Bay Buccaneers / 2nd / 63rd pick / 2018,2021,27.0,tampa-bay-buccaneers,CB,DaviCa02,10.0,39.0,33.0,6.0,0.0,0.0,1.0,0.0,1.0,25,25.0,0.0,1.0,11.0,2.0,2.0,0.0,,,,,,,,,,,,,,,,,,,,,,,,,,,,,,,,,,,,,,,,,,,,,,,,,,,,,,,,,,,,,,,,,,,,,,,,,,,,,,9,,JR,36,SEC,,2017,1,1,0,12,13,0,0,1,https://www.sports-reference.com/cfb/players/carlton-davis-1.html,11,Carlton Davis,DB,0.0,Auburn,2026-04-01T19:28:16.215Z,27,season_totals,0.5
2018,2018.csv,Carlton Davis,3916923,CB,Auburn,College Stats,6-1,203.0,4.53,34.0,16.0,124.0,,,Tampa Bay Buccaneers / 2nd / 63rd pick / 2018,2022,27.0,tampa-bay-buccaneers,CB,DaviCa02,13.0,65.0,53.0,12.0,0.0,1.0,1.0,0.0,1.0,0,0.0,0.0,1.0,12.0,3.5,5.0,0.0,,,,,,,,,,,,,,,,,,,,,,,,,,,,,,,,,,,,,,,,,,,,,,,,,,,,,,,,,,,,,,,,,,,,,,,,,,,,,,9,,JR,36,SEC,,2017,1,1,0,12,13,0,0,1,https://www.sports-reference.com/cfb/players/carlton-davis-1.html,11,Carlton Davis,DB,0.0,Auburn,2026-04-01T19:28:16.215Z,27,season_totals,0.5
2018,2018.csv,Carlton Davis,3916923,CB,Auburn,College Stats,6-1,203.0,4.53,34.0,16.0,124.0,,,Tampa Bay Buccaneers / 2nd / 63rd pick / 2018,2023,27.0,tampa-bay-buccaneers,CB,DaviCa02,12.0,52.0,40.0,12.0,0.0,0.0,0.0,0.0,2.0,3,1.5,0.0,3.0,9.0,0.0,0.0,0.0,,,,,,,,,,,,,,,,,,,,,,,,,,,,,,,,,,,,,,,,,,,,,,,,,,,,,,,,,,,,,,,,,,,,,,,,,,,,,,9,,JR,36,SEC,,2017,1,1,0,12,13,0,0,1,https://www.sports-reference.com/cfb/players/carlton-davis-1.html,11,Carlton Davis,DB,0.0,Auburn,2026-04-01T19:28:16.215Z,27,season_totals,0.5
2018,2018.csv,Carlton Davis,3916923,CB,Auburn,College Stats,6-1,203.0,4.53,34.0,16.0,124.0,,,Tampa Bay Buccaneers / 2nd / 63rd pick / 2018,2024,8.0,detroit-lions,CB,DaviCa02,13.0,56.0,42.0,14.0,0.0,1.0,2.0,49.0,2.0,0,0.0,0.0,0.0,11.0,4.0,9.0,0.0,,,,,,,,,,,,,,,,,,,,,,,,,,,,,,,,,,,,,,,,,,,,,,,,,,,,,,,,,,,,,,,,,,,,,,,,,,,,,,9,,JR,36,SEC,,2017,1,1,0,12,13,0,0,1,https://www.sports-reference.com/cfb/players/carlton-davis-1.html,11,Carlton Davis,DB,0.0,Auburn,2026-04-01T19:28:16.215Z,27,season_totals,0.5
2018,2018.csv,Carlton Davis,3916923,CB,Auburn,College Stats,6-1,203.0,4.53,34.0,16.0,124.0,,,Tampa Bay Buccaneers / 2nd / 63rd pick / 2018,2025,17.0,new-england-patriots,CB,DaviCa02,17.0,69.0,39.0,30.0,0.0,0.0,0.0,0.0,0.0,0,0.0,0.0,0.0,10.0,0.5,9.0,0.0,,,,,,,,,,,,,,,,,,,,,,,,,,,,,,,,,,,,,,,,,,,,,,,,,,,,,,,,,,,,,,,,,,,,,,,,,,,,,,9,,JR,36,SEC,,2017,1,1,0,12,13,0,0,1,https://www.sports-reference.com/cfb/players/carlton-davis-1.html,11,Carlton Davis,DB,0.0,Auburn,2026-04-01T19:28:16.215Z,27,season_totals,0.5
2018,2018.csv,Carlton Davis,3916923,CB,Auburn,College Stats,6-1,203.0,4.53,34.0,16.0,124.0,,,Tampa Bay Buccaneers / 2nd / 63rd pick / 2018,-1,,,,DaviCa02,106.0,449.0,349.0,100.0,0.0,4.0,6.0,55.0,11.0,70,6.4,0.0,34.0,94.0,18.0,42.0,0.0,,,,,,,,,,,,,,,,,,,,,,,,,,,,,,,,,,,,,,,,,,,,,,,,,,,,,,,,,,,,,,,,,,,,,,,,,,,,,,9,,JR,36,SEC,,2017,1,1,0,12,13,0,0,1,https://www.sports-reference.com/cfb/players/carlton-davis-1.html,11,Carlton Davis,DB,0.0,Auburn,2026-04-01T19:28:16.215Z,27,season_totals,0.5
2018,2018.csv,Terrell Edmunds,3124067,S,Virginia Tech,College Stats,6-2,220.0,4.47,41.5,,134.0,,,Pittsburgh Steelers / 1st / 28th pick / 2018,2018,23.0,pittsburgh-steelers,S,EdmuTe00,16.0,78.0,55.0,23.0,1.0,0.0,1.0,0.0,1.0,35,35.0,0.0,35.0,4.0,0.0,0.0,0.0,,,,,,,,,,,,,,,,,,,,,,,,,,,,,,,,,,,,,,,,,,,,,,,,,,,,,,,,,,,,,,,,,,,,,,,,,,,,,,30,,JR,59,ACC,,2017,0,0,0,0,10,0,70,2,https://www.sports-reference.com/cfb/players/terrell-edmunds-1.html,4,Terrell Edmunds,LB/S,1.5,Virginia Tech,2026-04-01T19:30:37.719Z,29,season_totals,2.5
2018,2018.csv,Terrell Edmunds,3124067,S,Virginia Tech,College Stats,6-2,220.0,4.47,41.5,,134.0,,,Pittsburgh Steelers / 1st / 28th pick / 2018,2019,23.0,pittsburgh-steelers,S,EdmuTe00,16.0,105.0,71.0,34.0,0.0,0.0,0.0,0.0,0.0,0,0.0,0.0,0.0,3.0,4.0,12.0,0.0,,,,,,,,,,,,,,,,,,,,,,,,,,,,,,,,,,,,,,,,,,,,,,,,,,,,,,,,,,,,,,,,,,,,,,,,,,,,,,30,,JR,59,ACC,,2017,0,0,0,0,10,0,70,2,https://www.sports-reference.com/cfb/players/terrell-edmunds-1.html,4,Terrell Edmunds,LB/S,1.5,Virginia Tech,2026-04-01T19:30:37.719Z,29,season_totals,2.5
2018,2018.csv,Terrell Edmunds,3124067,S,Virginia Tech,College Stats,6-2,220.0,4.47,41.5,,134.0,,,Pittsburgh Steelers / 1st / 28th pick / 2018,2020,23.0,pittsburgh-steelers,S,EdmuTe00,15.0,68.0,46.0,22.0,1.0,0.0,0.0,0.0,2.0,11,5.5,0.0,7.0,8.0,0.0,0.0,0.0,,,,,,,,,,,,,,,,,,,,,,,,,,,,,,,,,,,,,,,,,,,,,,,,,,,,,,,,,,,,,,,,,,,,,,,,,,,,,,30,,JR,59,ACC,,2017,0,0,0,0,10,0,70,2,https://www.sports-reference.com/cfb/players/terrell-edmunds-1.html,4,Terrell Edmunds,LB/S,1.5,Virginia Tech,2026-04-01T19:30:37.719Z,29,season_totals,2.5
2018,2018.csv,Terrell Edmunds,3124067,S,Virginia Tech,College Stats,6-2,220.0,4.47,41.5,,134.0,,,Pittsburgh Steelers / 1st / 28th pick / 2018,2021,23.0,pittsburgh-steelers,S,EdmuTe00,17.0,89.0,63.0,26.0,1.0,0.0,0.0,0.0,2.0,15,7.5,0.0,1.0,6.0,5.0,21.0,0.0,,,,,,,,,,,,,,,,,,,,,,,,,,,,,,,,,,,,,,,,,,,,,,,,,,,,,,,,,,,,,,,,,,,,,,,,,,,,,,30,,JR,59,ACC,,2017,0,0,0,0,10,0,70,2,https://www.sports-reference.com/cfb/players/terrell-edmunds-1.html,4,Terrell Edmunds,LB/S,1.5,Virginia Tech,2026-04-01T19:30:37.719Z,29,season_totals,2.5
2018,2018.csv,Terrell Edmunds,3124067,S,Virginia Tech,College Stats,6-2,220.0,4.47,41.5,,134.0,,,Pittsburgh Steelers / 1st / 28th pick / 2018,2022,23.0,pittsburgh-steelers,S,EdmuTe00,15.0,70.0,41.0,29.0,2.0,0.0,0.0,0.0,0.0,0,0.0,0.0,0.0,5.0,5.5,2.0,0.0,,,,,,,,,,,,,,,,,,,,,,,,,,,,,,,,,,,,,,,,,,,,,,,,,,,,,,,,,,,,,,,,,,,,,,,,,,,,,,30,,JR,59,ACC,,2017,0,0,0,0,10,0,70,2,https://www.sports-reference.com/cfb/players/terrell-edmunds-1.html,4,Terrell Edmunds,LB/S,1.5,Virginia Tech,2026-04-01T19:30:37.719Z,29,season_totals,2.5
2018,2018.csv,Terrell Edmunds,3124067,S,Virginia Tech,College Stats,6-2,220.0,4.47,41.5,,134.0,,,Pittsburgh Steelers / 1st / 28th pick / 2018,2023,21.0,philadelphia-eagles,S,EdmuTe00,7.0,28.0,20.0,8.0,0.0,1.0,0.0,0.0,0.0,0,0.0,0.0,0.0,0.0,1.5,0.0,0.0,,,,,,,,,,,,,,,,,,,,,,,,,,,,,,,,,,,,,,,,,,,,,,,,,,,,,,,,,,,,,,,,,,,,,,,,,,,,,,30,,JR,59,ACC,,2017,0,0,0,0,10,0,70,2,https://www.sports-reference.com/cfb/players/terrell-edmunds-1.html,4,Terrell Edmunds,LB/S,1.5,Virginia Tech,2026-04-01T19:30:37.719Z,29,season_totals,2.5
2018,2018.csv,Terrell Edmunds,3124067,S,Virginia Tech,College Stats,6-2,220.0,4.47,41.5,,134.0,,,Pittsburgh Steelers / 1st / 28th pick / 2018,2023,10.0,tennessee-titans,S,EdmuTe00,9.0,20.0,14.0,6.0,2.5,0.0,0.0,0.0,1.0,2,2.0,0.0,2.0,2.0,0.0,0.0,0.0,,,,,,,,,,,,,,,,,,,,,,,,,,,,,,,,,,,,,,,,,,,,,,,,,,,,,,,,,,,,,,,,,,,,,,,,,,,,,,30,,JR,59,ACC,,2017,0,0,0,0,10,0,70,2,https://www.sports-reference.com/cfb/players/terrell-edmunds-1.html,4,Terrell Edmunds,LB/S,1.5,Virginia Tech,2026-04-01T19:30:37.719Z,29,season_totals,2.5
2018,2018.csv,Terrell Edmunds,3124067,S,Virginia Tech,College Stats,6-2,220.0,4.47,41.5,,134.0,,,Pittsburgh Steelers / 1st / 28th pick / 2018,2023,,2023 Totals,S,EdmuTe00,16.0,48.0,34.0,14.0,2.5,1.0,0.0,0.0,1.0,2,2.0,0.0,2.0,2.0,1.5,0.0,0.0,,,,,,,,,,,,,,,,,,,,,,,,,,,,,,,,,,,,,,,,,,,,,,,,,,,,,,,,,,,,,,,,,,,,,,,,,,,,,,30,,JR,59,ACC,,2017,0,0,0,0,10,0,70,2,https://www.sports-reference.com/cfb/players/terrell-edmunds-1.html,4,Terrell Edmunds,LB/S,1.5,Virginia Tech,2026-04-01T19:30:37.719Z,29,season_totals,2.5
2018,2018.csv,Terrell Edmunds,3124067,S,Virginia Tech,College Stats,6-2,220.0,4.47,41.5,,134.0,,,Pittsburgh Steelers / 1st / 28th pick / 2018,2024,23.0,pittsburgh-steelers,S,EdmuTe00,5.0,7.0,5.0,2.0,0.0,0.0,0.0,0.0,0.0,0,0.0,0.0,0.0,0.0,0.0,0.0,0.0,,,,,,,,,,,,,,,,,,,,,,,,,,,,,,,,,,,,,,,,,,,,,,,,,,,,,,,,,,,,,,,,,,,,,,,,,,,,,,30,,JR,59,ACC,,2017,0,0,0,0,10,0,70,2,https://www.sports-reference.com/cfb/players/terrell-edmunds-1.html,4,Terrell Edmunds,LB/S,1.5,Virginia Tech,2026-04-01T19:30:37.719Z,29,season_totals,2.5
2018,2018.csv,Terrell Edmunds,3124067,S,Virginia Tech,College Stats,6-2,220.0,4.47,41.5,,134.0,,,Pittsburgh Steelers / 1st / 28th pick / 2018,-1,,,,EdmuTe00,100.0,465.0,315.0,150.0,7.5,1.0,1.0,0.0,6.0,63,10.5,0.0,35.0,28.0,16.0,35.0,0.0,,,,,,,,,,,,,,,,,,,,,,,,,,,,,,,,,,,,,,,,,,,,,,,,,,,,,,,,,,,,,,,,,,,,,,,,,,,,,,30,,JR,59,ACC,,2017,0,0,0,0,10,0,70,2,https://www.sports-reference.com/cfb/players/terrell-edmunds-1.html,4,Terrell Edmunds,LB/S,1.5,Virginia Tech,2026-04-01T19:30:37.719Z,29,season_totals,2.5
2018,2018.csv,Deshon Elliott,3929846,S,Texas,College Stats,6-2,205.0,4.58,36.0,15.0,121.0,,,Baltimore Ravens / 6th / 190th pick / 2018,2019,33.0,baltimore-ravens,S,ElliDe02,6.0,6.0,6.0,0.0,0.0,0.0,0.0,0.0,0.0,0,0.0,0.0,0.0,1.0,0.0,0.0,0.0,,,,,,,,,,,,,,,,,,,,,,,,,,,,,,,,,,,,,,,,,,,,,,,,,,,,,,,,,,,,,,,,,,,,,,,,,,,,,,13,AA,JR,63,Big 12,,2017,3,1,0,0,12,2,127,6,https://www.sports-reference.com/cfb/players/deshon-elliott-1.html,9,DeShon Elliott,S/DB,1.5,Texas,2026-04-01T19:28:46.399Z,50,season_totals,8.5
2018,2018.csv,Deshon Elliott,3929846,S,Texas,College Stats,6-2,205.0,4.58,36.0,15.0,121.0,,,Baltimore Ravens / 6th / 190th pick / 2018,2020,33.0,baltimore-ravens,S,ElliDe02,16.0,80.0,51.0,29.0,2.5,2.0,0.0,0.0,0.0,0,0.0,0.0,0.0,4.0,1.0,2.0,0.0,,,,,,,,,,,,,,,,,,,,,,,,,,,,,,,,,,,,,,,,,,,,,,,,,,,,,,,,,,,,,,,,,,,,,,,,,,,,,,13,AA,JR,63,Big 12,,2017,3,1,0,0,12,2,127,6,https://www.sports-reference.com/cfb/players/deshon-elliott-1.html,9,DeShon Elliott,S/DB,1.5,Texas,2026-04-01T19:28:46.399Z,50,season_totals,8.5
2018,2018.csv,Deshon Elliott,3929846,S,Texas,College Stats,6-2,205.0,4.58,36.0,15.0,121.0,,,Baltimore Ravens / 6th / 190th pick / 2018,2021,33.0,baltimore-ravens,S,ElliDe02,6.0,23.0,19.0,4.0,1.0,0.0,0.0,0.0,1.0,0,0.0,0.0,1.0,2.0,2.0,4.0,0.0,,,,,,,,,,,,,,,,,,,,,,,,,,,,,,,,,,,,,,,,,,,,,,,,,,,,,,,,,,,,,,,,,,,,,,,,,,,,,,13,AA,JR,63,Big 12,,2017,3,1,0,0,12,2,127,6,https://www.sports-reference.com/cfb/players/deshon-elliott-1.html,9,DeShon Elliott,S/DB,1.5,Texas,2026-04-01T19:28:46.399Z,50,season_totals,8.5
2018,2018.csv,Deshon Elliott,3929846,S,Texas,College Stats,6-2,205.0,4.58,36.0,15.0,121.0,,,Baltimore Ravens / 6th / 190th pick / 2018,2022,8.0,detroit-lions,S,ElliDe02,14.0,96.0,73.0,23.0,0.0,1.0,1.0,0.0,1.0,0,0.0,0.0,1.0,3.0,5.5,5.0,0.0,,,,,,,,,,,,,,,,,,,,,,,,,,,,,,,,,,,,,,,,,,,,,,,,,,,,,,,,,,,,,,,,,,,,,,,,,,,,,,13,AA,JR,63,Big 12,,2017,3,1,0,0,12,2,127,6,https://www.sports-reference.com/cfb/players/deshon-elliott-1.html,9,DeShon Elliott,S/DB,1.5,Texas,2026-04-01T19:28:46.399Z,50,season_totals,8.5
2018,2018.csv,Deshon Elliott,3929846,S,Texas,College Stats,6-2,205.0,4.58,36.0,15.0,121.0,,,Baltimore Ravens / 6th / 190th pick / 2018,2023,15.0,miami-dolphins,S,ElliDe02,15.0,82.0,53.0,29.0,0.0,0.0,1.0,0.0,1.0,0,0.0,0.0,0.0,7.0,3.5,2.0,0.0,,,,,,,,,,,,,,,,,,,,,,,,,,,,,,,,,,,,,,,,,,,,,,,,,,,,,,,,,,,,,,,,,,,,,,,,,,,,,,13,AA,JR,63,Big 12,,2017,3,1,0,0,12,2,127,6,https://www.sports-reference.com/cfb/players/deshon-elliott-1.html,9,DeShon Elliott,S/DB,1.5,Texas,2026-04-01T19:28:46.399Z,50,season_totals,8.5
2018,2018.csv,Deshon Elliott,3929846,S,Texas,College Stats,6-2,205.0,4.58,36.0,15.0,121.0,,,Baltimore Ravens / 6th / 190th pick / 2018,2024,23.0,pittsburgh-steelers,S,ElliDe02,15.0,108.0,73.0,35.0,0.0,2.0,3.0,10.0,1.0,0,0.0,0.0,0.0,6.0,7.5,12.0,0.0,,,,,,,,,,,,,,,,,,,,,,,,,,,,,,,,,,,,,,,,,,,,,,,,,,,,,,,,,,,,,,,,,,,,,,,,,,,,,,13,AA,JR,63,Big 12,,2017,3,1,0,0,12,2,127,6,https://www.sports-reference.com/cfb/players/deshon-elliott-1.html,9,DeShon Elliott,S/DB,1.5,Texas,2026-04-01T19:28:46.399Z,50,season_totals,8.5
2018,2018.csv,Deshon Elliott,3929846,S,Texas,College Stats,6-2,205.0,4.58,36.0,15.0,121.0,,,Baltimore Ravens / 6th / 190th pick / 2018,2025,23.0,pittsburgh-steelers,S,ElliDe02,5.0,38.0,20.0,18.0,1.0,1.0,0.0,0.0,1.0,-4,-4.0,0.0,-4.0,2.0,0.5,0.0,0.0,,,,,,,,,,,,,,,,,,,,,,,,,,,,,,,,,,,,,,,,,,,,,,,,,,,,,,,,,,,,,,,,,,,,,,,,,,,,,,13,AA,JR,63,Big 12,,2017,3,1,0,0,12,2,127,6,https://www.sports-reference.com/cfb/players/deshon-elliott-1.html,9,DeShon Elliott,S/DB,1.5,Texas,2026-04-01T19:28:46.399Z,50,season_totals,8.5
2018,2018.csv,Deshon Elliott,3929846,S,Texas,College Stats,6-2,205.0,4.58,36.0,15.0,121.0,,,Baltimore Ravens / 6th / 190th pick / 2018,-1,,,,ElliDe02,77.0,433.0,295.0,138.0,4.5,6.0,5.0,10.0,5.0,-4,-0.8,0.0,1.0,25.0,20.0,25.0,0.0,,,,,,,,,,,,,,,,,,,,,,,,,,,,,,,,,,,,,,,,,,,,,,,,,,,,,,,,,,,,,,,,,,,,,,,,,,,,,,13,AA,JR,63,Big 12,,2017,3,1,0,0,12,2,127,6,https://www.sports-reference.com/cfb/players/deshon-elliott-1.html,9,DeShon Elliott,S/DB,1.5,Texas,2026-04-01T19:28:46.399Z,50,season_totals,8.5
2018,2018.csv,Minkah Fitzpatrick,3925345,DB,Alabama,College Stats,6-1,201.0,4.46,33.0,14.0,121.0,,,Miami Dolphins / 1st / 11th pick / 2018,2018,15.0,miami-dolphins,S,FitzMi00,16.0,80.0,51.0,29.0,0.0,0.0,0.0,0.0,2.0,64,32.0,1.0,50.0,9.0,2.0,5.0,0.0,16,0.0,0.0,0.0,1.0,1.0,0.0,0.0,0.0,6.0,,,,,,,,,,,,,,,,,,,,,,,,,,,,,,,,,,,,,,,,,,,,,,,,,,,,,,,,,,,,,,,,,,,,22,"Bednarik,AA",JR,60,SEC,,2017,1,0,0,0,13,0,0,1,https://www.sports-reference.com/cfb/players/minkah-fitzpatrick-1.html,8,Minkah Fitzpatrick,DB,1.5,Alabama,2026-04-01T19:30:08.961Z,38,season_totals,8.0
2018,2018.csv,Minkah Fitzpatrick,3925345,DB,Alabama,College Stats,6-1,201.0,4.46,33.0,14.0,121.0,,,Miami Dolphins / 1st / 11th pick / 2018,2019,15.0,miami-dolphins,S,FitzMi00,2.0,12.0,8.0,4.0,0.0,1.0,1.0,0.0,0.0,0,0.0,0.0,0.0,0.0,0.0,0.0,0.0,,,,,,,,,,,,,,,,,,,,,,,,,,,,,,,,,,,,,,,,,,,,,,,,,,,,,,,,,,,,,,,,,,,,,,,,,,,,,,22,"Bednarik,AA",JR,60,SEC,,2017,1,0,0,0,13,0,0,1,https://www.sports-reference.com/cfb/players/minkah-fitzpatrick-1.html,8,Minkah Fitzpatrick,DB,1.5,Alabama,2026-04-01T19:30:08.961Z,38,season_totals,8.0
2018,2018.csv,Minkah Fitzpatrick,3925345,DB,Alabama,College Stats,6-1,201.0,4.46,33.0,14.0,121.0,,,Miami Dolphins / 1st / 11th pick / 2018,2019,23.0,pittsburgh-steelers,S,FitzMi00,14.0,57.0,36.0,21.0,0.0,1.0,2.0,79.0,5.0,130,26.0,1.0,96.0,9.0,1.0,1.0,0.0,14,0.0,0.0,0.0,2.0,2.0,0.0,0.0,0.0,12.0,,,,,,,,,,,,,,,,,,,,,,,,,,,,,,,,,,,,,,,,,,,,,,,,,,,,,,,,,,,,,,,,,,,,22,"Bednarik,AA",JR,60,SEC,,2017,1,0,0,0,13,0,0,1,https://www.sports-reference.com/cfb/players/minkah-fitzpatrick-1.html,8,Minkah Fitzpatrick,DB,1.5,Alabama,2026-04-01T19:30:08.961Z,38,season_totals,8.0
2018,2018.csv,Minkah Fitzpatrick,3925345,DB,Alabama,College Stats,6-1,201.0,4.46,33.0,14.0,121.0,,,Miami Dolphins / 1st / 11th pick / 2018,2019,,2019 Totals,S,FitzMi00,16.0,69.0,44.0,25.0,0.0,2.0,3.0,79.0,5.0,130,26.0,1.0,96.0,9.0,1.0,1.0,0.0,,,,,,,,,,,,,,,,,,,,,,,,,,,,,,,,,,,,,,,,,,,,,,,,,,,,,,,,,,,,,,,,,,,,,,,,,,,,,,22,"Bednarik,AA",JR,60,SEC,,2017,1,0,0,0,13,0,0,1,https://www.sports-reference.com/cfb/players/minkah-fitzpatrick-1.html,8,Minkah Fitzpatrick,DB,1.5,Alabama,2026-04-01T19:30:08.961Z,38,season_totals,8.0
2018,2018.csv,Minkah Fitzpatrick,3925345,DB,Alabama,College Stats,6-1,201.0,4.46,33.0,14.0,121.0,,,Miami Dolphins / 1st / 11th pick / 2018,2020,23.0,pittsburgh-steelers,S,FitzMi00,16.0,79.0,60.0,19.0,0.0,1.0,1.0,-1.0,4.0,77,19.3,1.0,37.0,11.0,1.0,1.0,0.0,16,0.0,0.0,0.0,1.0,1.0,0.0,0.0,0.0,6.0,,,,,,,,,,,,,,,,,,,,,,,,,,,,,,,,,,,,,,,,,,,,,,,,,,,,,,,,,,,,,,,,,,,,22,"Bednarik,AA",JR,60,SEC,,2017,1,0,0,0,13,0,0,1,https://www.sports-reference.com/cfb/players/minkah-fitzpatrick-1.html,8,Minkah Fitzpatrick,DB,1.5,Alabama,2026-04-01T19:30:08.961Z,38,season_totals,8.0
2018,2018.csv,Minkah Fitzpatrick,3925345,DB,Alabama,College Stats,6-1,201.0,4.46,33.0,14.0,121.0,,,Miami Dolphins / 1st / 11th pick / 2018,2021,23.0,pittsburgh-steelers,S,FitzMi00,16.0,124.0,84.0,40.0,0.0,1.0,1.0,-1.0,2.0,18,9.0,0.0,1.0,7.0,1.0,1.0,0.0,,,,,,,,,,,,,,,,,,,,,,,,,,,,,,,,,,,,,,,,,,,,,,,,,,,,,,,,,,,,,,,,,,,,,,,,,,,,,,22,"Bednarik,AA",JR,60,SEC,,2017,1,0,0,0,13,0,0,1,https://www.sports-reference.com/cfb/players/minkah-fitzpatrick-1.html,8,Minkah Fitzpatrick,DB,1.5,Alabama,2026-04-01T19:30:08.961Z,38,season_totals,8.0
2018,2018.csv,Minkah Fitzpatrick,3925345,DB,Alabama,College Stats,6-1,201.0,4.46,33.0,14.0,121.0,,,Miami Dolphins / 1st / 11th pick / 2018,2022,23.0,pittsburgh-steelers,S,FitzMi00,15.0,96.0,56.0,40.0,0.0,0.0,0.0,0.0,6.0,94,15.7,1.0,1.0,11.0,2.5,4.0,1.0,15,0.0,0.0,0.0,1.0,1.0,0.0,0.0,0.0,6.0,,,,,,,,,,,,,,,,,,,,,,,,,,,,,,,,,,,,,,,,,,,,,,,,,,,,,,,,,,,,,,,,,,,,22,"Bednarik,AA",JR,60,SEC,,2017,1,0,0,0,13,0,0,1,https://www.sports-reference.com/cfb/players/minkah-fitzpatrick-1.html,8,Minkah Fitzpatrick,DB,1.5,Alabama,2026-04-01T19:30:08.961Z,38,season_totals,8.0
2018,2018.csv,Minkah Fitzpatrick,3925345,DB,Alabama,College Stats,6-1,201.0,4.46,33.0,14.0,121.0,,,Miami Dolphins / 1st / 11th pick / 2018,2023,23.0,pittsburgh-steelers,S,FitzMi00,10.0,64.0,43.0,21.0,0.0,0.0,0.0,0.0,0.0,0,0.0,0.0,0.0,3.0,4.0,1.0,0.0,,,,,,,,,,,,,,,,,,,,,,,,,,,,,,,,,,,,,,,,,,,,,,,,,,,,,,,,,,,,,,,,,,,,,,,,,,,,,,22,"Bednarik,AA",JR,60,SEC,,2017,1,0,0,0,13,0,0,1,https://www.sports-reference.com/cfb/players/minkah-fitzpatrick-1.html,8,Minkah Fitzpatrick,DB,1.5,Alabama,2026-04-01T19:30:08.961Z,38,season_totals,8.0
2018,2018.csv,Minkah Fitzpatrick,3925345,DB,Alabama,College Stats,6-1,201.0,4.46,33.0,14.0,121.0,,,Miami Dolphins / 1st / 11th pick / 2018,2024,23.0,pittsburgh-steelers,S,FitzMi00,17.0,96.0,62.0,34.0,0.0,1.0,0.0,0.0,1.0,25,25.0,0.0,25.0,4.0,3.0,3.0,0.0,,,,,,,,,,,,,,,,,,,,,,,,,,,,,,17,0.0,0,0.0,0.0,0.0,1.0,7,0.0,0.0,7.0,,,,,,,,,,,,,,,,,,,,,,,,,,,,,,,,,,,,,,22,"Bednarik,AA",JR,60,SEC,,2017,1,0,0,0,13,0,0,1,https://www.sports-reference.com/cfb/players/minkah-fitzpatrick-1.html,8,Minkah Fitzpatrick,DB,1.5,Alabama,2026-04-01T19:30:08.961Z,38,season_totals,8.0
2018,2018.csv,Minkah Fitzpatrick,3925345,DB,Alabama,College Stats,6-1,201.0,4.46,33.0,14.0,121.0,,,Miami Dolphins / 1st / 11th pick / 2018,2025,15.0,miami-dolphins,S,FitzMi00,14.0,82.0,59.0,23.0,1.0,1.0,2.0,0.0,1.0,7,7.0,0.0,7.0,6.0,3.5,6.0,0.0,,,,,,,,,,,,,,,,,,,,,,,,,,,,,,,,,,,,,,,,,,,,,,,,,,,,,,,,,,,,,,,,,,,,,,,,,,,,,,22,"Bednarik,AA",JR,60,SEC,,2017,1,0,0,0,13,0,0,1,https://www.sports-reference.com/cfb/players/minkah-fitzpatrick-1.html,8,Minkah Fitzpatrick,DB,1.5,Alabama,2026-04-01T19:30:08.961Z,38,season_totals,8.0
2018,2018.csv,Minkah Fitzpatrick,3925345,DB,Alabama,College Stats,6-1,201.0,4.46,33.0,14.0,121.0,,,Miami Dolphins / 1st / 11th pick / 2018,-1,,,,FitzMi00,120.0,690.0,459.0,231.0,1.0,6.0,7.0,77.0,21.0,415,19.8,4.0,96.0,60.0,18.0,22.0,1.0,120,0.0,0.0,0.0,5.0,5.0,0.0,0.0,0.0,30.0,,,,,,,,,,,,,,,,,,,,120,0.0,0,0.0,0.0,0.0,1.0,7,0.0,0.0,7.0,,,,,,,,,,,,,,,,,,,,,,,,,,,,,,,,,,,,,,22,"Bednarik,AA",JR,60,SEC,,2017,1,0,0,0,13,0,0,1,https://www.sports-reference.com/cfb/players/minkah-fitzpatrick-1.html,8,Minkah Fitzpatrick,DB,1.5,Alabama,2026-04-01T19:30:08.961Z,38,season_totals,8.0
2018,2018.csv,Ronnie Harrison,3859006,S,Alabama,College Stats,6-3,214.0,,34.0,,120.0,,,Jacksonville Jaguars / 3rd / 93rd pick / 2018,2018,30.0,jacksonville-jaguars,LB,HarrRo02,14.0,32.0,24.0,8.0,1.0,0.0,0.0,0.0,1.0,14,14.0,0.0,14.0,3.0,2.0,2.0,0.0,,,,,,,,,,,,,,,,,,,,,,,,,,,,,,,,,,,,,,,,,,,,,,,,,,,,,,,,,,,,,,,,,,,,,,,,,,,,,,31,,JR,74,SEC,,2017,0,0,0,0,14,0,7,3,https://www.sports-reference.com/cfb/players/ronnie-harrison-1.html,4,Ronnie Harrison,DB,2.5,Alabama,2026-04-01T19:30:27.028Z,43,season_totals,4.5
2018,2018.csv,Ronnie Harrison,3859006,S,Alabama,College Stats,6-3,214.0,,34.0,,120.0,,,Jacksonville Jaguars / 3rd / 93rd pick / 2018,2019,30.0,jacksonville-jaguars,LB,HarrRo02,14.0,71.0,44.0,27.0,2.0,0.0,1.0,0.0,2.0,66,33.0,0.0,35.0,9.0,2.0,2.0,0.0,,,,,,,,,,,,,,,,,,,,,,,,,,,,,,,,,,,,,,,,,,,,,,,,,,,,,,,,,,,,,,,,,,,,,,,,,,,,,,31,,JR,74,SEC,,2017,0,0,0,0,14,0,7,3,https://www.sports-reference.com/cfb/players/ronnie-harrison-1.html,4,Ronnie Harrison,DB,2.5,Alabama,2026-04-01T19:30:27.028Z,43,season_totals,4.5
2018,2018.csv,Ronnie Harrison,3859006,S,Alabama,College Stats,6-3,214.0,,34.0,,120.0,,,Jacksonville Jaguars / 3rd / 93rd pick / 2018,2020,5.0,cleveland-browns,LB,HarrRo02,11.0,38.0,24.0,14.0,1.0,0.0,1.0,0.0,1.0,47,47.0,1.0,47.0,7.0,0.0,1.0,0.0,11,0.0,0.0,0.0,1.0,1.0,0.0,0.0,0.0,6.0,,,,,,,,,,,,,,,,,,,,,,,,,,,,,,,,,,,,,,,,,,,,,,,,,,,,,,,,,,,,,,,,,,,,31,,JR,74,SEC,,2017,0,0,0,0,14,0,7,3,https://www.sports-reference.com/cfb/players/ronnie-harrison-1.html,4,Ronnie Harrison,DB,2.5,Alabama,2026-04-01T19:30:27.028Z,43,season_totals,4.5
2018,2018.csv,Ronnie Harrison,3859006,S,Alabama,College Stats,6-3,214.0,,34.0,,120.0,,,Jacksonville Jaguars / 3rd / 93rd pick / 2018,2021,5.0,cleveland-browns,LB,HarrRo02,12.0,58.0,40.0,18.0,1.0,0.0,0.0,0.0,1.0,0,0.0,0.0,1.0,3.0,5.5,6.0,0.0,,,,,,,,,,,,,,,,,,,,,,,,,,,,,,,,,,,,,,,,,,,,,,,,,,,,,,,,,,,,,,,,,,,,,,,,,,,,,,31,,JR,74,SEC,,2017,0,0,0,0,14,0,7,3,https://www.sports-reference.com/cfb/players/ronnie-harrison-1.html,4,Ronnie Harrison,DB,2.5,Alabama,2026-04-01T19:30:27.028Z,43,season_totals,4.5
2018,2018.csv,Ronnie Harrison,3859006,S,Alabama,College Stats,6-3,214.0,,34.0,,120.0,,,Jacksonville Jaguars / 3rd / 93rd pick / 2018,2022,5.0,cleveland-browns,LB,HarrRo02,16.0,24.0,16.0,8.0,0.5,0.0,0.0,0.0,0.0,0,0.0,0.0,0.0,1.0,0.5,0.0,0.0,,,,,,,,,,,,,,,,,,,,,,,,,,,,,,,,,,,,,,,,,,,,,,,,,,,,,,,,,,,,,,,,,,,,,,,,,,,,,,31,,JR,74,SEC,,2017,0,0,0,0,14,0,7,3,https://www.sports-reference.com/cfb/players/ronnie-harrison-1.html,4,Ronnie Harrison,DB,2.5,Alabama,2026-04-01T19:30:27.028Z,43,season_totals,4.5
2018,2018.csv,Ronnie Harrison,3859006,S,Alabama,College Stats,6-3,214.0,,34.0,,120.0,,,Jacksonville Jaguars / 3rd / 93rd pick / 2018,2023,11.0,indianapolis-colts,LB,HarrRo02,7.0,20.0,11.0,9.0,1.0,0.0,0.0,0.0,2.0,45,22.5,1.0,36.0,2.0,1.0,0.0,0.0,7,0.0,0.0,0.0,1.0,1.0,0.0,0.0,0.0,6.0,,,,,,,,,,,,,,,,,,,,,,,,,,,,,,,,,,,,,,,,,,,,,,,,,,,,,,,,,,,,,,,,,,,,31,,JR,74,SEC,,2017,0,0,0,0,14,0,7,3,https://www.sports-reference.com/cfb/players/ronnie-harrison-1.html,4,Ronnie Harrison,DB,2.5,Alabama,2026-04-01T19:30:27.028Z,43,season_totals,4.5
2018,2018.csv,Ronnie Harrison,3859006,S,Alabama,College Stats,6-3,214.0,,34.0,,120.0,,,Jacksonville Jaguars / 3rd / 93rd pick / 2018,2024,11.0,indianapolis-colts,LB,HarrRo02,10.0,2.0,2.0,0.0,0.0,1.0,0.0,0.0,0.0,0,0.0,0.0,0.0,0.0,0.0,0.0,0.0,,,,,,,,,,,,,,,,,,,,,,,,,,,,,,,,,,,,,,,,,,,,,,,,,,,,,,,,,,,,,,,,,,,,,,,,,,,,,,31,,JR,74,SEC,,2017,0,0,0,0,14,0,7,3,https://www.sports-reference.com/cfb/players/ronnie-harrison-1.html,4,Ronnie Harrison,DB,2.5,Alabama,2026-04-01T19:30:27.028Z,43,season_totals,4.5
2018,2018.csv,Ronnie Harrison,3859006,S,Alabama,College Stats,6-3,214.0,,34.0,,120.0,,,Jacksonville Jaguars / 3rd / 93rd pick / 2018,2025,1.0,atlanta-falcons,LB,HarrRo02,10.0,29.0,20.0,9.0,2.0,0.0,0.0,0.0,0.0,0,0.0,0.0,0.0,2.0,0.0,0.0,0.0,,,,,,,,,,,,,,,,,,,,,,,,,,,,,,,,,,,,,,,,,,,,,,,,,,,,,,,,,,,,,,,,,,,,,,,,,,,,,,31,,JR,74,SEC,,2017,0,0,0,0,14,0,7,3,https://www.sports-reference.com/cfb/players/ronnie-harrison-1.html,4,Ronnie Harrison,DB,2.5,Alabama,2026-04-01T19:30:27.028Z,43,season_totals,4.5
2018,2018.csv,Ronnie Harrison,3859006,S,Alabama,College Stats,6-3,214.0,,34.0,,120.0,,,Jacksonville Jaguars / 3rd / 93rd pick / 2018,-1,,,,HarrRo02,94.0,274.0,181.0,93.0,8.5,1.0,2.0,0.0,7.0,172,24.6,2.0,47.0,27.0,11.0,11.0,0.0,94,0.0,0.0,0.0,2.0,2.0,0.0,0.0,0.0,12.0,,,,,,,,,,,,,,,,,,,,,,,,,,,,,,,,,,,,,,,,,,,,,,,,,,,,,,,,,,,,,,,,,,,,31,,JR,74,SEC,,2017,0,0,0,0,14,0,7,3,https://www.sports-reference.com/cfb/players/ronnie-harrison-1.html,4,Ronnie Harrison,DB,2.5,Alabama,2026-04-01T19:30:27.028Z,43,season_totals,4.5
2018,2018.csv,Mike Hughes,3895841,CB,Central Florida,College Stats,5-11,191.0,4.53,35.5,20.0,127.0,6.7,4.13,Minnesota Vikings / 1st / 30th pick / 2018,2018,16.0,minnesota-vikings,CB,HughMi00,6.0,22.0,19.0,3.0,0.0,1.0,0.0,0.0,1.0,28,28.0,1.0,28.0,3.0,2.0,5.0,0.0,6,0.0,0.0,0.0,1.0,1.0,0.0,0.0,0.0,6.0,,,,,,,,,,,,,,,,,,,,6,2.0,13,0.0,0.0,13.0,4.0,107,0.0,0.0,46.0,6.0,0,0,0.0,0,0.0,0,0,0,0,39.6,-,,,,,,,,,,,,,,,,,,,,,,,,,,30,,SR,53,MWC,,2017,0,0,0,0,12,0,0,0,https://www.sports-reference.com/cfb/players/mike-hughes-3.html,0,Mike Hughes,DL,2.0,Nevada-Las Vegas,2026-04-01T19:58:58.935Z,23,season_totals,7.0
2018,2018.csv,Mike Hughes,3895841,CB,Central Florida,College Stats,5-11,191.0,4.53,35.5,20.0,127.0,6.7,4.13,Minnesota Vikings / 1st / 30th pick / 2018,2019,16.0,minnesota-vikings,CB,HughMi00,14.0,45.0,39.0,6.0,0.0,2.0,0.0,0.0,1.0,0,0.0,0.0,0.0,9.0,1.0,1.0,0.0,,,,,,,,,,,,,,,,,,,,,,,,,,,,,,14,14.0,104,0.0,9.0,23.0,0.0,0,0.0,0.0,0.0,14.0,0,0,0.0,0,0.0,0,0,0,0,39.6,-,,,,,,,,,,,,,,,,,,,,,,,,,,30,,SR,53,MWC,,2017,0,0,0,0,12,0,0,0,https://www.sports-reference.com/cfb/players/mike-hughes-3.html,0,Mike Hughes,DL,2.0,Nevada-Las Vegas,2026-04-01T19:58:58.935Z,23,season_totals,7.0
2018,2018.csv,Mike Hughes,3895841,CB,Central Florida,College Stats,5-11,191.0,4.53,35.5,20.0,127.0,6.7,4.13,Minnesota Vikings / 1st / 30th pick / 2018,2020,16.0,minnesota-vikings,CB,HughMi00,4.0,13.0,9.0,4.0,0.0,0.0,0.0,0.0,0.0,0,0.0,0.0,0.0,1.0,0.0,0.0,0.0,,,,,,,,,,,,,,,,,,,,,,,,,,,,,,,,,,,,,,,,,,,,,,,,,,,,,,,,,,,,,,,,,,,,,,,,,,,,,,30,,SR,53,MWC,,2017,0,0,0,0,12,0,0,0,https://www.sports-reference.com/cfb/players/mike-hughes-3.html,0,Mike Hughes,DL,2.0,Nevada-Las Vegas,2026-04-01T19:58:58.935Z,23,season_totals,7.0
2018,2018.csv,Mike Hughes,3895841,CB,Central Florida,College Stats,5-11,191.0,4.53,35.5,20.0,127.0,6.7,4.13,Minnesota Vikings / 1st / 30th pick / 2018,2021,12.0,kansas-city-chiefs,CB,HughMi00,17.0,47.0,40.0,7.0,0.0,4.0,1.0,23.0,1.0,0,0.0,0.0,1.0,6.0,0.0,0.0,0.0,17,0.0,0.0,0.0,1.0,1.0,0.0,0.0,0.0,6.0,,,,,,,,,,,,,,,,,,,,17,5.0,68,0.0,5.0,37.0,1.0,25,0.0,0.0,25.0,17.0,0,0,0.0,0,0.0,0,0,0,0,39.6,-,,,,,,,,,,,,,,,,,,,,,,,,,,30,,SR,53,MWC,,2017,0,0,0,0,12,0,0,0,https://www.sports-reference.com/cfb/players/mike-hughes-3.html,0,Mike Hughes,DL,2.0,Nevada-Las Vegas,2026-04-01T19:58:58.935Z,23,season_totals,7.0
2018,2018.csv,Mike Hughes,3895841,CB,Central Florida,College Stats,5-11,191.0,4.53,35.5,20.0,127.0,6.7,4.13,Minnesota Vikings / 1st / 30th pick / 2018,2022,8.0,detroit-lions,CB,HughMi00,16.0,51.0,35.0,16.0,0.0,0.0,0.0,0.0,0.0,0,0.0,0.0,0.0,1.0,4.0,7.0,0.0,,,,,,,,,,,,,,,,,,,,,,,,,,,,,,,,,,,,,,,,,,,,,,,,,,,,,,,,,,,,,,,,,,,,,,,,,,,,,,30,,SR,53,MWC,,2017,0,0,0,0,12,0,0,0,https://www.sports-reference.com/cfb/players/mike-hughes-3.html,0,Mike Hughes,DL,2.0,Nevada-Las Vegas,2026-04-01T19:58:58.935Z,23,season_totals,7.0
2018,2018.csv,Mike Hughes,3895841,CB,Central Florida,College Stats,5-11,191.0,4.53,35.5,20.0,127.0,6.7,4.13,Minnesota Vikings / 1st / 30th pick / 2018,2023,1.0,atlanta-falcons,CB,HughMi00,15.0,21.0,14.0,7.0,0.0,0.0,0.0,0.0,0.0,0,0.0,0.0,0.0,1.0,2.5,2.0,0.0,,,,,,,,,,,,,,,,,,,,,,,,,,,,,,15,11.0,67,0.0,10.0,16.0,3.0,46,0.0,0.0,19.0,,,,,,,,,,,,,,,,,,,,,,,,,,,,,,,,,,,,,,30,,SR,53,MWC,,2017,0,0,0,0,12,0,0,0,https://www.sports-reference.com/cfb/players/mike-hughes-3.html,0,Mike Hughes,DL,2.0,Nevada-Las Vegas,2026-04-01T19:58:58.935Z,23,season_totals,7.0
2018,2018.csv,Mike Hughes,3895841,CB,Central Florida,College Stats,5-11,191.0,4.53,35.5,20.0,127.0,6.7,4.13,Minnesota Vikings / 1st / 30th pick / 2018,2024,1.0,atlanta-falcons,CB,HughMi00,15.0,66.0,51.0,15.0,0.0,0.0,0.0,0.0,0.0,0,0.0,0.0,0.0,6.0,4.0,4.0,0.0,,,,,,,,,,,,,,,,,,,,,,,,,,,,,,,,,,,,,,,,,,,,,,,,,,,,,,,,,,,,,,,,,,,,,,,,,,,,,,30,,SR,53,MWC,,2017,0,0,0,0,12,0,0,0,https://www.sports-reference.com/cfb/players/mike-hughes-3.html,0,Mike Hughes,DL,2.0,Nevada-Las Vegas,2026-04-01T19:58:58.935Z,23,season_totals,7.0
2018,2018.csv,Mike Hughes,3895841,CB,Central Florida,College Stats,5-11,191.0,4.53,35.5,20.0,127.0,6.7,4.13,Minnesota Vikings / 1st / 30th pick / 2018,2025,1.0,atlanta-falcons,CB,HughMi00,12.0,51.0,40.0,11.0,0.0,0.0,0.0,0.0,1.0,6,6.0,0.0,6.0,7.0,0.0,6.0,0.0,,,,,,,,,,,,,,,,,,,,,,,,,,,,,,,,,,,,,,,,,,,,,,,,,,,,,,,,,,,,,,,,,,,,,,,,,,,,,,30,,SR,53,MWC,,2017,0,0,0,0,12,0,0,0,https://www.sports-reference.com/cfb/players/mike-hughes-3.html,0,Mike Hughes,DL,2.0,Nevada-Las Vegas,2026-04-01T19:58:58.935Z,23,season_totals,7.0
2018,2018.csv,Mike Hughes,3895841,CB,Central Florida,College Stats,5-11,191.0,4.53,35.5,20.0,127.0,6.7,4.13,Minnesota Vikings / 1st / 30th pick / 2018,-1,,,,HughMi00,99.0,316.0,247.0,69.0,0.0,7.0,1.0,23.0,4.0,34,8.5,1.0,28.0,34.0,13.5,25.0,0.0,99,0.0,0.0,0.0,2.0,2.0,0.0,0.0,0.0,12.0,,,,,,,,,,,,,,,,,,,,99,32.0,252,0.0,24.0,37.0,8.0,178,0.0,0.0,46.0,99.0,0,0,0.0,0,0.0,0,0,0,0,0.0,-,,,,,,,,,,,,,,,,,,,,,,,,,,30,,SR,53,MWC,,2017,0,0,0,0,12,0,0,0,https://www.sports-reference.com/cfb/players/mike-hughes-3.html,0,Mike Hughes,DL,2.0,Nevada-Las Vegas,2026-04-01T19:58:58.935Z,23,season_totals,7.0
2018,2018.csv,Donte Jackson,3843769,CB,LSU,College Stats,5-11,175.0,4.32,,7.0,124.0,,,Carolina Panthers / 2nd / 55th pick / 2018,2018,29.0,carolina-panthers,CB,JackDo02,16.0,73.0,63.0,10.0,1.0,1.0,0.0,0.0,4.0,0,0.0,0.0,0.0,9.0,4.0,7.0,0.0,16,0.0,0.0,0.0,0.0,0.0,0.0,0.0,0.0,2.0,,,,,,,,,,,,,,,,,,,,,,,,,,,,,,,,,,,,,,,,,,,,,,,,,,,,,,,,,,,,,,,,,,,,17,,JR,49,SEC,,2017,0,0,0,0,13,0,0,1,https://www.sports-reference.com/cfb/players/donte-jackson-1.html,10,Donte Jackson,DB,1.0,LSU,2026-04-01T19:28:52.421Z,32,season_totals,3.5
2018,2018.csv,Donte Jackson,3843769,CB,LSU,College Stats,5-11,175.0,4.32,,7.0,124.0,,,Carolina Panthers / 2nd / 55th pick / 2018,2019,29.0,carolina-panthers,CB,JackDo02,13.0,40.0,32.0,8.0,0.0,0.0,1.0,0.0,3.0,25,8.3,0.0,25.0,8.0,1.0,2.0,0.0,,,,,,,,,,,,,,,,,,,,,,,,,,,,,,,,,,,,,,,,,,,,,,,,,,,,,,,,,,,,,,,,,,,,,,,,,,,,,,17,,JR,49,SEC,,2017,0,0,0,0,13,0,0,1,https://www.sports-reference.com/cfb/players/donte-jackson-1.html,10,Donte Jackson,DB,1.0,LSU,2026-04-01T19:28:52.421Z,32,season_totals,3.5
2018,2018.csv,Donte Jackson,3843769,CB,LSU,College Stats,5-11,175.0,4.32,,7.0,124.0,,,Carolina Panthers / 2nd / 55th pick / 2018,2020,29.0,carolina-panthers,CB,JackDo02,14.0,34.0,22.0,12.0,0.0,0.0,0.0,0.0,3.0,110,36.7,0.0,66.0,11.0,1.0,1.0,0.0,,,,,,,,,,,,,,,,,,,,,,,,,,,,,,,,,,,,,,,,,,,,,,,,,,,,,,,,,,,,,,,,,,,,,,,,,,,,,,17,,JR,49,SEC,,2017,0,0,0,0,13,0,0,1,https://www.sports-reference.com/cfb/players/donte-jackson-1.html,10,Donte Jackson,DB,1.0,LSU,2026-04-01T19:28:52.421Z,32,season_totals,3.5
2018,2018.csv,Donte Jackson,3843769,CB,LSU,College Stats,5-11,175.0,4.32,,7.0,124.0,,,Carolina Panthers / 2nd / 55th pick / 2018,2021,29.0,carolina-panthers,CB,JackDo02,12.0,61.0,50.0,11.0,0.0,1.0,0.0,0.0,2.0,21,10.5,0.0,1.0,10.0,4.0,12.0,0.0,,,,,,,,,,,,,,,,,,,,,,,,,,,,,,,,,,,,,,,,,,,,,,,,,,,,,,,,,,,,,,,,,,,,,,,,,,,,,,17,,JR,49,SEC,,2017,0,0,0,0,13,0,0,1,https://www.sports-reference.com/cfb/players/donte-jackson-1.html,10,Donte Jackson,DB,1.0,LSU,2026-04-01T19:28:52.421Z,32,season_totals,3.5
2018,2018.csv,Donte Jackson,3843769,CB,LSU,College Stats,5-11,175.0,4.32,,7.0,124.0,,,Carolina Panthers / 2nd / 55th pick / 2018,2022,29.0,carolina-panthers,CB,JackDo02,9.0,35.0,32.0,3.0,0.0,0.0,0.0,0.0,2.0,30,15.0,1.0,1.0,3.0,0.0,2.0,0.0,9,0.0,0.0,0.0,1.0,1.0,0.0,0.0,0.0,6.0,,,,,,,,,,,,,,,,,,,,,,,,,,,,,,,,,,,,,,,,,,,,,,,,,,,,,,,,,,,,,,,,,,,,17,,JR,49,SEC,,2017,0,0,0,0,13,0,0,1,https://www.sports-reference.com/cfb/players/donte-jackson-1.html,10,Donte Jackson,DB,1.0,LSU,2026-04-01T19:28:52.421Z,32,season_totals,3.5
2018,2018.csv,Donte Jackson,3843769,CB,LSU,College Stats,5-11,175.0,4.32,,7.0,124.0,,,Carolina Panthers / 2nd / 55th pick / 2018,2023,29.0,carolina-panthers,CB,JackDo02,16.0,59.0,49.0,10.0,0.0,1.0,0.0,0.0,0.0,0,0.0,0.0,0.0,5.0,5.0,10.0,0.0,,,,,,,,,,,,,,,,,,,,,,,,,,,,,,,,,,,,,,,,,,,,,,,,,,,,,,,,,,,,,,,,,,,,,,,,,,,,,,17,,JR,49,SEC,,2017,0,0,0,0,13,0,0,1,https://www.sports-reference.com/cfb/players/donte-jackson-1.html,10,Donte Jackson,DB,1.0,LSU,2026-04-01T19:28:52.421Z,32,season_totals,3.5
2018,2018.csv,Donte Jackson,3843769,CB,LSU,College Stats,5-11,175.0,4.32,,7.0,124.0,,,Carolina Panthers / 2nd / 55th pick / 2018,2024,23.0,pittsburgh-steelers,CB,JackDo02,15.0,38.0,28.0,10.0,0.0,0.0,1.0,-1.0,5.0,88,17.6,0.0,49.0,8.0,2.0,2.0,0.0,,,,,,,,,,,,,,,,,,,,,,,,,,,,,,,,,,,,,,,,,,,,,,,,,,,,,,,,,,,,,,,,,,,,,,,,,,,,,,17,,JR,49,SEC,,2017,0,0,0,0,13,0,0,1,https://www.sports-reference.com/cfb/players/donte-jackson-1.html,10,Donte Jackson,DB,1.0,LSU,2026-04-01T19:28:52.421Z,32,season_totals,3.5
2018,2018.csv,Donte Jackson,3843769,CB,LSU,College Stats,5-11,175.0,4.32,,7.0,124.0,,,Carolina Panthers / 2nd / 55th pick / 2018,2025,24.0,los-angeles-chargers,CB,JackDo02,17.0,24.0,16.0,8.0,0.0,0.0,0.0,0.0,4.0,27,6.8,0.0,21.0,12.0,0.5,4.0,0.0,,,,,,,,,,,,,,,,,,,,,,,,,,,,,,,,,,,,,,,,,,,,,,,,,,,,,,,,,,,,,,,,,,,,,,,,,,,,,,17,,JR,49,SEC,,2017,0,0,0,0,13,0,0,1,https://www.sports-reference.com/cfb/players/donte-jackson-1.html,10,Donte Jackson,DB,1.0,LSU,2026-04-01T19:28:52.421Z,32,season_totals,3.5
2018,2018.csv,Donte Jackson,3843769,CB,LSU,College Stats,5-11,175.0,4.32,,7.0,124.0,,,Carolina Panthers / 2nd / 55th pick / 2018,-1,,,,JackDo02,112.0,364.0,292.0,72.0,1.0,3.0,2.0,-1.0,23.0,301,13.1,1.0,66.0,66.0,17.5,40.0,0.0,112,0.0,0.0,0.0,1.0,1.0,0.0,0.0,0.0,8.0,,,,,,,,,,,,,,,,,,,,,,,,,,,,,,,,,,,,,,,,,,,,,,,,,,,,,,,,,,,,,,,,,,,,17,,JR,49,SEC,,2017,0,0,0,0,13,0,0,1,https://www.sports-reference.com/cfb/players/donte-jackson-1.html,10,Donte Jackson,DB,1.0,LSU,2026-04-01T19:28:52.421Z,32,season_totals,3.5
2018,2018.csv,Josh Jackson,3144984,CB,Iowa,College Stats,6-1,192.0,4.56,38.0,18.0,123.0,6.86,4.03,Green Bay Packers / 2nd / 45th pick / 2018,2018,9.0,green-bay-packers,CB,JackJo01,16.0,49.0,39.0,10.0,0.0,0.0,0.0,0.0,0.0,0,0.0,0.0,0.0,10.0,1.0,1.0,0.0,16,0.0,0.0,0.0,1.0,1.0,0.0,0.0,0.0,6.0,,,,,,,,,,,,,,,,,,,,16,2.0,0,0.0,1.0,0.0,0.0,0,0.0,0.0,0.0,16.0,0,0,0.0,0,0.0,0,0,0,0,39.6,-,,,,,,,,,,,,,,,,,,,,,,,,,,7,,SR,24,Ind,,2012,0,0,0,0,9,0,0,0,https://www.sports-reference.com/cfb/players/josh-jackson-1.html,0,Josh Jackson,DB,0.0,Army,2026-04-01T19:29:38.179Z,17,season_totals,0.5
2018,2018.csv,Josh Jackson,3144984,CB,Iowa,College Stats,6-1,192.0,4.56,38.0,18.0,123.0,6.86,4.03,Green Bay Packers / 2nd / 45th pick / 2018,2019,9.0,green-bay-packers,CB,JackJo01,14.0,11.0,11.0,0.0,0.0,0.0,0.0,0.0,0.0,0,0.0,0.0,0.0,0.0,0.0,0.0,0.0,,,,,,,,,,,,,,,,,,,,,,,,,,,,,,,,,,,,,,,,,,,,,,,,,,,,,,,,,,,,,,,,,,,,,,,,,,,,,,7,,SR,24,Ind,,2012,0,0,0,0,9,0,0,0,https://www.sports-reference.com/cfb/players/josh-jackson-1.html,0,Josh Jackson,DB,0.0,Army,2026-04-01T19:29:38.179Z,17,season_totals,0.5
2018,2018.csv,Josh Jackson,3144984,CB,Iowa,College Stats,6-1,192.0,4.56,38.0,18.0,123.0,6.86,4.03,Green Bay Packers / 2nd / 45th pick / 2018,2020,9.0,green-bay-packers,CB,JackJo01,12.0,26.0,21.0,5.0,0.0,0.0,0.0,0.0,0.0,0,0.0,0.0,0.0,2.0,1.0,1.0,0.0,,,,,,,,,,,,,,,,,,,,,,,,,,,,,,12,2.0,13,0.0,0.0,7.0,0.0,0,0.0,0.0,0.0,,,,,,,,,,,,,,,,,,,,,,,,,,,,,,,,,,,,,,7,,SR,24,Ind,,2012,0,0,0,0,9,0,0,0,https://www.sports-reference.com/cfb/players/josh-jackson-1.html,0,Josh Jackson,DB,0.0,Army,2026-04-01T19:29:38.179Z,17,season_totals,0.5
2018,2018.csv,Josh Jackson,3144984,CB,Iowa,College Stats,6-1,192.0,4.56,38.0,18.0,123.0,6.86,4.03,Green Bay Packers / 2nd / 45th pick / 2018,2021,12.0,kansas-city-chiefs,CB,JackJo01,2.0,4.0,1.0,3.0,0.0,0.0,0.0,0.0,0.0,0,0.0,0.0,0.0,0.0,0.0,0.0,0.0,,,,,,,,,,,,,,,,,,,,,,,,,,,,,,,,,,,,,,,,,,,,,,,,,,,,,,,,,,,,,,,,,,,,,,,,,,,,,,7,,SR,24,Ind,,2012,0,0,0,0,9,0,0,0,https://www.sports-reference.com/cfb/players/josh-jackson-1.html,0,Josh Jackson,DB,0.0,Army,2026-04-01T19:29:38.179Z,17,season_totals,0.5
2018,2018.csv,Josh Jackson,3144984,CB,Iowa,College Stats,6-1,192.0,4.56,38.0,18.0,123.0,6.86,4.03,Green Bay Packers / 2nd / 45th pick / 2018,2022,23.0,pittsburgh-steelers,CB,JackJo01,4.0,6.0,5.0,1.0,0.0,0.0,1.0,0.0,0.0,0,0.0,0.0,0.0,0.0,0.0,0.0,0.0,,,,,,,,,,,,,,,,,,,,,,,,,,,,,,,,,,,,,,,,,,,,,,,,,,,,,,,,,,,,,,,,,,,,,,,,,,,,,,7,,SR,24,Ind,,2012,0,0,0,0,9,0,0,0,https://www.sports-reference.com/cfb/players/josh-jackson-1.html,0,Josh Jackson,DB,0.0,Army,2026-04-01T19:29:38.179Z,17,season_totals,0.5
2018,2018.csv,Josh Jackson,3144984,CB,Iowa,College Stats,6-1,192.0,4.56,38.0,18.0,123.0,6.86,4.03,Green Bay Packers / 2nd / 45th pick / 2018,-1,,,,JackJo01,48.0,96.0,77.0,19.0,0.0,0.0,1.0,0.0,0.0,0,0.0,0.0,0.0,12.0,2.0,2.0,0.0,48,0.0,0.0,0.0,1.0,1.0,0.0,0.0,0.0,6.0,,,,,,,,,,,,,,,,,,,,48,4.0,13,0.0,1.0,7.0,0.0,0,0.0,0.0,0.0,48.0,0,0,0.0,0,0.0,0,0,0,0,0.0,-,,,,,,,,,,,,,,,,,,,,,,,,,,7,,SR,24,Ind,,2012,0,0,0,0,9,0,0,0,https://www.sports-reference.com/cfb/players/josh-jackson-1.html,0,Josh Jackson,DB,0.0,Army,2026-04-01T19:29:38.179Z,17,season_totals,0.5
2018,2018.csv,Natrell Jamerson,3121552,S,Wisconsin,College Stats,6-0,198.0,4.4,35.5,25.0,120.0,,,New Orleans Saints / 5th / 164th pick / 2018,2018,34.0,houston-texans,S,JameNa00,10.0,7.0,6.0,1.0,0.0,0.0,0.0,0.0,0.0,0,0.0,0.0,0.0,1.0,0.0,0.0,0.0,,,,,,,,,,,,,,,,,,,,,,,,,,,,,,,,,,,,,,,,,,,,,,,,,,,,,,,,,,,,,,,,,,,,,,,,,,,,,,19,,SR,51,Big Ten,,2017,0,0,0,0,14,1,40,2,https://www.sports-reference.com/cfb/players/natrell-jamerson-1.html,10,Natrell Jamerson,WR/CB/S,1.5,Wisconsin,2026-04-01T19:30:15.048Z,32,season_totals,3.5
2018,2018.csv,Natrell Jamerson,3121552,S,Wisconsin,College Stats,6-0,198.0,4.4,35.5,25.0,120.0,,,New Orleans Saints / 5th / 164th pick / 2018,2018,9.0,green-bay-packers,S,JameNa00,2.0,3.0,2.0,1.0,0.0,0.0,0.0,0.0,0.0,0,0.0,0.0,0.0,0.0,0.0,0.0,0.0,,,,,,,,,,,,,,,,,,,,,,,,,,,,,,,,,,,,,,,,,,,,,,,,,,,,,,,,,,,,,,,,,,,,,,,,,,,,,,19,,SR,51,Big Ten,,2017,0,0,0,0,14,1,40,2,https://www.sports-reference.com/cfb/players/natrell-jamerson-1.html,10,Natrell Jamerson,WR/CB/S,1.5,Wisconsin,2026-04-01T19:30:15.048Z,32,season_totals,3.5
2018,2018.csv,Natrell Jamerson,3121552,S,Wisconsin,College Stats,6-0,198.0,4.4,35.5,25.0,120.0,,,New Orleans Saints / 5th / 164th pick / 2018,2018,,2018 Totals,S,JameNa00,12.0,10.0,8.0,2.0,0.0,0.0,0.0,0.0,0.0,0,0.0,0.0,0.0,1.0,0.0,0.0,0.0,,,,,,,,,,,,,,,,,,,,,,,,,,,,,,,,,,,,,,,,,,,,,,,,,,,,,,,,,,,,,,,,,,,,,,,,,,,,,,19,,SR,51,Big Ten,,2017,0,0,0,0,14,1,40,2,https://www.sports-reference.com/cfb/players/natrell-jamerson-1.html,10,Natrell Jamerson,WR/CB/S,1.5,Wisconsin,2026-04-01T19:30:15.048Z,32,season_totals,3.5
2018,2018.csv,Natrell Jamerson,3121552,S,Wisconsin,College Stats,6-0,198.0,4.4,35.5,25.0,120.0,,,New Orleans Saints / 5th / 164th pick / 2018,2019,29.0,carolina-panthers,S,JameNa00,5.0,3.0,3.0,0.0,0.0,0.0,0.0,0.0,0.0,0,0.0,0.0,0.0,0.0,0.0,0.0,0.0,,,,,,,,,,,,,,,,,,,,,,,,,,,,,,,,,,,,,,,,,,,,,,,,,,,,,,,,,,,,,,,,,,,,,,,,,,,,,,19,,SR,51,Big Ten,,2017,0,0,0,0,14,1,40,2,https://www.sports-reference.com/cfb/players/natrell-jamerson-1.html,10,Natrell Jamerson,WR/CB/S,1.5,Wisconsin,2026-04-01T19:30:15.048Z,32,season_totals,3.5
2018,2018.csv,Natrell Jamerson,3121552,S,Wisconsin,College Stats,6-0,198.0,4.4,35.5,25.0,120.0,,,New Orleans Saints / 5th / 164th pick / 2018,-1,,,,JameNa00,17.0,13.0,11.0,2.0,0.0,0.0,0.0,0.0,0.0,0,0.0,0.0,0.0,1.0,0.0,0.0,0.0,,,,,,,,,,,,,,,,,,,,,,,,,,,,,,,,,,,,,,,,,,,,,,,,,,,,,,,,,,,,,,,,,,,,,,,,,,,,,,19,,SR,51,Big Ten,,2017,0,0,0,0,14,1,40,2,https://www.sports-reference.com/cfb/players/natrell-jamerson-1.html,10,Natrell Jamerson,WR/CB/S,1.5,Wisconsin,2026-04-01T19:30:15.048Z,32,season_totals,3.5
2018,2018.csv,Derwin James,3691739,S,Florida State,College Stats,6-3,215.0,4.47,40.0,21.0,132.0,,,Los Angeles Chargers / 1st / 17th pick / 2018,2018,24.0,los-angeles-chargers,S,JameDe00,16.0,105.0,75.0,30.0,3.5,0.0,0.0,0.0,3.0,30,10.0,0.0,23.0,13.0,2.0,7.0,0.0,,,,,,,,,,,,,,,,,,,,,,,,,,,,,,16,0.0,0,0.0,0.0,0.0,1.0,20,0.0,0.0,20.0,,,,,,,,,,,,,,,,,,,,,,,,,,,,,,,,,,,,,,35,,SO,84,ACC,,2017,0,0,0,0,12,1,41,2,https://www.sports-reference.com/cfb/players/derwin-james-1.html,11,Derwin James,DB,1.0,Florida State,2026-04-01T19:28:40.335Z,49,season_totals,5.5
2018,2018.csv,Derwin James,3691739,S,Florida State,College Stats,6-3,215.0,4.47,40.0,21.0,132.0,,,Los Angeles Chargers / 1st / 17th pick / 2018,2019,24.0,los-angeles-chargers,S,JameDe00,5.0,34.0,23.0,11.0,0.0,0.0,0.0,0.0,0.0,0,0.0,0.0,0.0,1.0,3.0,5.0,0.0,,,,,,,,,,,,,,,,,,,,,,,,,,,,,,,,,,,,,,,,,,,,,,,,,,,,,,,,,,,,,,,,,,,,,,,,,,,,,,35,,SO,84,ACC,,2017,0,0,0,0,12,1,41,2,https://www.sports-reference.com/cfb/players/derwin-james-1.html,11,Derwin James,DB,1.0,Florida State,2026-04-01T19:28:40.335Z,49,season_totals,5.5
2018,2018.csv,Derwin James,3691739,S,Florida State,College Stats,6-3,215.0,4.47,40.0,21.0,132.0,,,Los Angeles Chargers / 1st / 17th pick / 2018,2021,24.0,los-angeles-chargers,S,JameDe00,15.0,118.0,75.0,43.0,2.0,3.0,0.0,0.0,2.0,20,10.0,0.0,1.0,5.0,6.0,15.0,0.0,,,,,,,,,,,,,,,,,,,,,,,,,,,,,,,,,,,,,,,,,,,,,,,,,,,,,,,,,,,,,,,,,,,,,,,,,,,,,,35,,SO,84,ACC,,2017,0,0,0,0,12,1,41,2,https://www.sports-reference.com/cfb/players/derwin-james-1.html,11,Derwin James,DB,1.0,Florida State,2026-04-01T19:28:40.335Z,49,season_totals,5.5
2018,2018.csv,Derwin James,3691739,S,Florida State,College Stats,6-3,215.0,4.47,40.0,21.0,132.0,,,Los Angeles Chargers / 1st / 17th pick / 2018,2022,24.0,los-angeles-chargers,S,JameDe00,14.0,115.0,64.0,51.0,4.0,2.0,0.0,0.0,2.0,0,0.0,0.0,1.0,6.0,3.5,5.0,0.0,,,,,,,,,,,,,,,,,,,,,,,,,,,,,,,,,,,,,,,,,,,,,,,,,,,,,,,,,,,,,,,,,,,,,,,,,,,,,,35,,SO,84,ACC,,2017,0,0,0,0,12,1,41,2,https://www.sports-reference.com/cfb/players/derwin-james-1.html,11,Derwin James,DB,1.0,Florida State,2026-04-01T19:28:40.335Z,49,season_totals,5.5
2018,2018.csv,Derwin James,3691739,S,Florida State,College Stats,6-3,215.0,4.47,40.0,21.0,132.0,,,Los Angeles Chargers / 1st / 17th pick / 2018,2023,24.0,los-angeles-chargers,S,JameDe00,16.0,125.0,86.0,39.0,2.0,0.0,2.0,0.0,1.0,6,6.0,0.0,6.0,7.0,4.0,8.0,0.0,,,,,,,,,,,,,,,,,,,,,,,,,,,,,,,,,,,,,,,,,,,,,,,,,,,,,,,,,,,,,,,,,,,,,,,,,,,,,,35,,SO,84,ACC,,2017,0,0,0,0,12,1,41,2,https://www.sports-reference.com/cfb/players/derwin-james-1.html,11,Derwin James,DB,1.0,Florida State,2026-04-01T19:28:40.335Z,49,season_totals,5.5
2018,2018.csv,Derwin James,3691739,S,Florida State,College Stats,6-3,215.0,4.47,40.0,21.0,132.0,,,Los Angeles Chargers / 1st / 17th pick / 2018,2024,24.0,los-angeles-chargers,S,JameDe00,16.0,93.0,60.0,33.0,5.5,0.0,1.0,0.0,1.0,2,2.0,0.0,2.0,7.0,9.5,11.0,0.0,,,,,,,,,,,,,,,,,,,,,,,,,,,,,,,,,,,,,,,,,,,,,,,,,,,,,,,,,,,,,,,,,,,,,,,,,,,,,,35,,SO,84,ACC,,2017,0,0,0,0,12,1,41,2,https://www.sports-reference.com/cfb/players/derwin-james-1.html,11,Derwin James,DB,1.0,Florida State,2026-04-01T19:28:40.335Z,49,season_totals,5.5
2018,2018.csv,Derwin James,3691739,S,Florida State,College Stats,6-3,215.0,4.47,40.0,21.0,132.0,,,Los Angeles Chargers / 1st / 17th pick / 2018,2025,24.0,los-angeles-chargers,S,JameDe00,16.0,94.0,50.0,44.0,2.0,1.0,0.0,0.0,3.0,28,9.3,0.0,21.0,7.0,7.5,10.0,0.0,,,,,,,,,,,,,,,,,,,,,,,,,,,,,,,,,,,,,,,,,,,,,,,,,,,,,,,,,,,,,,,,,,,,,,,,,,,,,,35,,SO,84,ACC,,2017,0,0,0,0,12,1,41,2,https://www.sports-reference.com/cfb/players/derwin-james-1.html,11,Derwin James,DB,1.0,Florida State,2026-04-01T19:28:40.335Z,49,season_totals,5.5
2018,2018.csv,Derwin James,3691739,S,Florida State,College Stats,6-3,215.0,4.47,40.0,21.0,132.0,,,Los Angeles Chargers / 1st / 17th pick / 2018,-1,,,,JameDe00,98.0,684.0,433.0,251.0,19.0,6.0,3.0,0.0,12.0,86,7.2,0.0,23.0,46.0,35.5,61.0,0.0,,,,,,,,,,,,,,,,,,,,,,,,,,,,,,98,0.0,0,0.0,0.0,0.0,1.0,20,0.0,0.0,20.0,,,,,,,,,,,,,,,,,,,,,,,,,,,,,,,,,,,,,,35,,SO,84,ACC,,2017,0,0,0,0,12,1,41,2,https://www.sports-reference.com/cfb/players/derwin-james-1.html,11,Derwin James,DB,1.0,Florida State,2026-04-01T19:28:40.335Z,49,season_totals,5.5
2018,2018.csv,Avonte Maddox,3123938,CB,Pittsburgh,College Stats,5-9,180.0,4.39,37.0,13.0,125.0,6.51,4.0,Philadelphia Eagles / 4th / 125th pick / 2018,2018,21.0,philadelphia-eagles,CB,MaddAv00,13.0,35.0,28.0,7.0,0.5,1.0,0.0,0.0,2.0,23,11.5,0.0,23.0,4.0,1.0,1.0,0.0,,,,,,,,,,,,,,,,,,,,,,,,,,,,,,,,,,,,,,,,,,,,,,,,,,,,,,,,,,,,,,,,,,,,,,,,,,,,,,7,,SR,27,ACC,,2017,3,1,0,7,10,0,3,2,https://www.sports-reference.com/cfb/players/avonte-maddox-1.html,11,Avonte Maddox,DB,4.0,Pitt,2026-04-01T19:28:10.202Z,20,season_totals,4.0
2018,2018.csv,Avonte Maddox,3123938,CB,Pittsburgh,College Stats,5-9,180.0,4.39,37.0,13.0,125.0,6.51,4.0,Philadelphia Eagles / 4th / 125th pick / 2018,2019,21.0,philadelphia-eagles,CB,MaddAv00,12.0,47.0,38.0,9.0,1.0,1.0,0.0,0.0,0.0,8,0.0,0.0,8.0,10.0,2.0,4.0,0.0,,,,,,,,,,,,,,,,,,,,,,,,,,,,,,,,,,,,,,,,,,,,,,,,,,,,,,,,,,,,,,,,,,,,,,,,,,,,,,7,,SR,27,ACC,,2017,3,1,0,7,10,0,3,2,https://www.sports-reference.com/cfb/players/avonte-maddox-1.html,11,Avonte Maddox,DB,4.0,Pitt,2026-04-01T19:28:10.202Z,20,season_totals,4.0
2018,2018.csv,Avonte Maddox,3123938,CB,Pittsburgh,College Stats,5-9,180.0,4.39,37.0,13.0,125.0,6.51,4.0,Philadelphia Eagles / 4th / 125th pick / 2018,2020,21.0,philadelphia-eagles,CB,MaddAv00,10.0,40.0,36.0,4.0,0.0,0.0,0.0,0.0,0.0,0,0.0,0.0,0.0,3.0,1.0,3.0,0.0,,,,,,,,,,,,,,,,,,,,,,,,,,,,,,,,,,,,,,,,,,,,,,,,,,,,,,,,,,,,,,,,,,,,,,,,,,,,,,7,,SR,27,ACC,,2017,3,1,0,7,10,0,3,2,https://www.sports-reference.com/cfb/players/avonte-maddox-1.html,11,Avonte Maddox,DB,4.0,Pitt,2026-04-01T19:28:10.202Z,20,season_totals,4.0
2018,2018.csv,Avonte Maddox,3123938,CB,Pittsburgh,College Stats,5-9,180.0,4.39,37.0,13.0,125.0,6.51,4.0,Philadelphia Eagles / 4th / 125th pick / 2018,2021,21.0,philadelphia-eagles,CB,MaddAv00,16.0,73.0,53.0,20.0,0.5,2.0,0.0,0.0,1.0,-1,-1.0,0.0,1.0,9.0,3.0,9.0,0.0,,,,,,,,,,,,,,,,,,,,,,,,,,,,,,,,,,,,,,,,,,,,,,,,,,,,,,,,,,,,,,,,,,,,,,,,,,,,,,7,,SR,27,ACC,,2017,3,1,0,7,10,0,3,2,https://www.sports-reference.com/cfb/players/avonte-maddox-1.html,11,Avonte Maddox,DB,4.0,Pitt,2026-04-01T19:28:10.202Z,20,season_totals,4.0
2018,2018.csv,Avonte Maddox,3123938,CB,Pittsburgh,College Stats,5-9,180.0,4.39,37.0,13.0,125.0,6.51,4.0,Philadelphia Eagles / 4th / 125th pick / 2018,2022,21.0,philadelphia-eagles,CB,MaddAv00,10.0,43.0,28.0,15.0,1.0,3.0,1.0,8.0,1.0,2,2.0,0.0,1.0,3.0,2.5,4.0,0.0,,,,,,,,,,,,,,,,,,,,,,,,,,,,,,,,,,,,,,,,,,,,,,,,,,,,,,,,,,,,,,,,,,,,,,,,,,,,,,7,,SR,27,ACC,,2017,3,1,0,7,10,0,3,2,https://www.sports-reference.com/cfb/players/avonte-maddox-1.html,11,Avonte Maddox,DB,4.0,Pitt,2026-04-01T19:28:10.202Z,20,season_totals,4.0
2018,2018.csv,Avonte Maddox,3123938,CB,Pittsburgh,College Stats,5-9,180.0,4.39,37.0,13.0,125.0,6.51,4.0,Philadelphia Eagles / 4th / 125th pick / 2018,2023,21.0,philadelphia-eagles,CB,MaddAv00,4.0,12.0,8.0,4.0,0.0,1.0,0.0,0.0,0.0,0,0.0,0.0,0.0,2.0,0.0,4.0,0.0,,,,,,,,,,,,,,,,,,,,,,,,,,,,,,,,,,,,,,,,,,,,,,,,,,,,,,,,,,,,,,,,,,,,,,,,,,,,,,7,,SR,27,ACC,,2017,3,1,0,7,10,0,3,2,https://www.sports-reference.com/cfb/players/avonte-maddox-1.html,11,Avonte Maddox,DB,4.0,Pitt,2026-04-01T19:28:10.202Z,20,season_totals,4.0
2018,2018.csv,Avonte Maddox,3123938,CB,Pittsburgh,College Stats,5-9,180.0,4.39,37.0,13.0,125.0,6.51,4.0,Philadelphia Eagles / 4th / 125th pick / 2018,2024,21.0,philadelphia-eagles,CB,MaddAv00,17.0,20.0,9.0,11.0,0.0,0.0,0.0,0.0,0.0,0,0.0,0.0,0.0,5.0,0.0,0.0,0.0,,,,,,,,,,,,,,,,,,,,,,,,,,,,,,17,0.0,0,0.0,0.0,0.0,0.0,4,0.0,0.0,4.0,17.0,0,0,0.0,0,0.0,0,0,0,0,39.6,-,,,,,,,,,,,,,,,,,,,,,,,,,,7,,SR,27,ACC,,2017,3,1,0,7,10,0,3,2,https://www.sports-reference.com/cfb/players/avonte-maddox-1.html,11,Avonte Maddox,DB,4.0,Pitt,2026-04-01T19:28:10.202Z,20,season_totals,4.0
2018,2018.csv,Avonte Maddox,3123938,CB,Pittsburgh,College Stats,5-9,180.0,4.39,37.0,13.0,125.0,6.51,4.0,Philadelphia Eagles / 4th / 125th pick / 2018,2025,8.0,detroit-lions,CB,MaddAv00,14.0,32.0,23.0,9.0,0.0,1.0,0.0,0.0,1.0,0,0.0,0.0,0.0,4.0,0.0,2.0,0.0,,,,,,,,,,,,,,,,,,,,,,,,,,,,,,,,,,,,,,,,,,,,,,,,,,,,,,,,,,,,,,,,,,,,,,,,,,,,,,7,,SR,27,ACC,,2017,3,1,0,7,10,0,3,2,https://www.sports-reference.com/cfb/players/avonte-maddox-1.html,11,Avonte Maddox,DB,4.0,Pitt,2026-04-01T19:28:10.202Z,20,season_totals,4.0
2018,2018.csv,Avonte Maddox,3123938,CB,Pittsburgh,College Stats,5-9,180.0,4.39,37.0,13.0,125.0,6.51,4.0,Philadelphia Eagles / 4th / 125th pick / 2018,-1,,,,MaddAv00,96.0,302.0,223.0,79.0,3.0,9.0,1.0,8.0,5.0,32,6.4,0.0,23.0,40.0,9.5,27.0,0.0,,,,,,,,,,,,,,,,,,,,,,,,,,,,,,96,0.0,0,0.0,0.0,0.0,0.0,4,0.0,0.0,4.0,96.0,0,0,0.0,0,0.0,0,0,0,0,0.0,-,,,,,,,,,,,,,,,,,,,,,,,,,,7,,SR,27,ACC,,2017,3,1,0,7,10,0,3,2,https://www.sports-reference.com/cfb/players/avonte-maddox-1.html,11,Avonte Maddox,DB,4.0,Pitt,2026-04-01T19:28:10.202Z,20,season_totals,4.0
2018,2018.csv,Nick Nelson,3124574,CB,Wisconsin,College Stats,5-11,208.0,4.52,,17.0,123.0,,,Oakland Raiders / 4th / 110th pick / 2018,2018,13.0,oakland-raiders,S,NelsNi00,10.0,20.0,10.0,10.0,0.0,0.0,1.0,0.0,0.0,0,0.0,0.0,0.0,1.0,0.0,1.0,0.0,,,,,,,,,,,,,,,,,,,,,,,,,,,,,,,,,,,,,,,,,,,,,,,,,,,,,,,,,,,,,,,,,,,,,,,,,,,,,,9,,JR,35,Big Ten,,2017,0,0,0,0,14,0,0,0,https://www.sports-reference.com/cfb/players/nick-nelson-2.html,21,Nick Nelson,DB/CB,0.0,Wisconsin,2026-04-01T19:59:20.673Z,26,season_totals,1.0
2018,2018.csv,Nick Nelson,3124574,CB,Wisconsin,College Stats,5-11,208.0,4.52,,17.0,123.0,,,Oakland Raiders / 4th / 110th pick / 2018,-1,,,,NelsNi00,10.0,20.0,10.0,10.0,0.0,0.0,1.0,0.0,0.0,0,0.0,0.0,0.0,1.0,0.0,1.0,0.0,,,,,,,,,,,,,,,,,,,,,,,,,,,,,,,,,,,,,,,,,,,,,,,,,,,,,,,,,,,,,,,,,,,,,,,,,,,,,,9,,JR,35,Big Ten,,2017,0,0,0,0,14,0,0,0,https://www.sports-reference.com/cfb/players/nick-nelson-2.html,21,Nick Nelson,DB/CB,0.0,Wisconsin,2026-04-01T19:59:20.673Z,26,season_totals,1.0
2018,2018.csv,Isaiah Oliver,3915437,CB,Colorado,College Stats,6-1,190.0,4.5,,,,,,Atlanta Falcons / 2nd / 58th pick / 2018,2018,1.0,atlanta-falcons,S,OlivIs00,14.0,23.0,20.0,3.0,0.0,0.0,0.0,0.0,1.0,0,0.0,0.0,0.0,7.0,0.0,0.0,0.0,,,,,,,,,,,,,,,,,,,,,,,,,,,,,,,,,,,,,,,,,,,,,,,,,,,,,,,,,,,,,,,,,,,,,,,,,,,,,,7,,JR,26,Pac-12,,2017,0,0,0,0,10,0,41,2,https://www.sports-reference.com/cfb/players/isaiah-oliver-1.html,13,Isaiah Oliver,WR/DB,0.0,Colorado,2026-04-01T19:29:10.569Z,19,season_totals,0.0
2018,2018.csv,Isaiah Oliver,3915437,CB,Colorado,College Stats,6-1,190.0,4.5,,,,,,Atlanta Falcons / 2nd / 58th pick / 2018,2019,1.0,atlanta-falcons,S,OlivIs00,16.0,62.0,50.0,12.0,0.0,1.0,0.0,0.0,0.0,0,0.0,0.0,0.0,11.0,0.0,0.0,0.0,,,,,,,,,,,,,,,,,,,,,,,,,,,,,,,,,,,,,,,,,,,,,,,,,,,,,,,,,,,,,,,,,,,,,,,,,,,,,,7,,JR,26,Pac-12,,2017,0,0,0,0,10,0,41,2,https://www.sports-reference.com/cfb/players/isaiah-oliver-1.html,13,Isaiah Oliver,WR/DB,0.0,Colorado,2026-04-01T19:29:10.569Z,19,season_totals,0.0
2018,2018.csv,Isaiah Oliver,3915437,CB,Colorado,College Stats,6-1,190.0,4.5,,,,,,Atlanta Falcons / 2nd / 58th pick / 2018,2020,1.0,atlanta-falcons,S,OlivIs00,16.0,70.0,51.0,19.0,1.0,1.0,0.0,0.0,0.0,0,0.0,0.0,0.0,6.0,3.0,8.0,0.0,,,,,,,,,,,,,,,,,,,,,,,,,,,,,,,,,,,,,,,,,,,,,,,,,,,,,,,,,,,,,,,,,,,,,,,,,,,,,,7,,JR,26,Pac-12,,2017,0,0,0,0,10,0,41,2,https://www.sports-reference.com/cfb/players/isaiah-oliver-1.html,13,Isaiah Oliver,WR/DB,0.0,Colorado,2026-04-01T19:29:10.569Z,19,season_totals,0.0
2018,2018.csv,Isaiah Oliver,3915437,CB,Colorado,College Stats,6-1,190.0,4.5,,,,,,Atlanta Falcons / 2nd / 58th pick / 2018,2021,1.0,atlanta-falcons,S,OlivIs00,4.0,11.0,7.0,4.0,0.0,1.0,1.0,2.0,0.0,0,0.0,0.0,0.0,3.0,1.0,0.0,0.0,,,,,,,,,,,,,,,,,,,,,,,,,,,,,,,,,,,,,,,,,,,,,,,,,,,,,,,,,,,,,,,,,,,,,,,,,,,,,,7,,JR,26,Pac-12,,2017,0,0,0,0,10,0,41,2,https://www.sports-reference.com/cfb/players/isaiah-oliver-1.html,13,Isaiah Oliver,WR/DB,0.0,Colorado,2026-04-01T19:29:10.569Z,19,season_totals,0.0
2018,2018.csv,Isaiah Oliver,3915437,CB,Colorado,College Stats,6-1,190.0,4.5,,,,,,Atlanta Falcons / 2nd / 58th pick / 2018,2022,1.0,atlanta-falcons,S,OlivIs00,12.0,37.0,25.0,12.0,1.0,0.0,0.0,0.0,1.0,27,27.0,0.0,1.0,7.0,0.5,1.0,0.0,,,,,,,,,,,,,,,,,,,,,,,,,,,,,,,,,,,,,,,,,,,,,,,,,,,,,,,,,,,,,,,,,,,,,,,,,,,,,,7,,JR,26,Pac-12,,2017,0,0,0,0,10,0,41,2,https://www.sports-reference.com/cfb/players/isaiah-oliver-1.html,13,Isaiah Oliver,WR/DB,0.0,Colorado,2026-04-01T19:29:10.569Z,19,season_totals,0.0
2018,2018.csv,Isaiah Oliver,3915437,CB,Colorado,College Stats,6-1,190.0,4.5,,,,,,Atlanta Falcons / 2nd / 58th pick / 2018,2023,25.0,san-francisco-49ers,S,OlivIs00,17.0,67.0,48.0,19.0,0.0,0.0,1.0,0.0,1.0,3,3.0,0.0,3.0,2.0,3.5,9.0,0.0,,,,,,,,,,,,,,,,,,,,,,,,,,,,,,,,,,,,,,,,,,,,,,,,,,,,,,,,,,,,,,,,,,,,,,,,,,,,,,7,,JR,26,Pac-12,,2017,0,0,0,0,10,0,41,2,https://www.sports-reference.com/cfb/players/isaiah-oliver-1.html,13,Isaiah Oliver,WR/DB,0.0,Colorado,2026-04-01T19:29:10.569Z,19,season_totals,0.0
2018,2018.csv,Isaiah Oliver,3915437,CB,Colorado,College Stats,6-1,190.0,4.5,,,,,,Atlanta Falcons / 2nd / 58th pick / 2018,2024,20.0,new-york-jets,S,OlivIs00,17.0,57.0,42.0,15.0,1.0,0.0,0.0,0.0,0.0,0,0.0,0.0,0.0,3.0,2.0,3.0,0.0,,,,,,,,,,,,,,,,,,,,,,,,,,,,,,,,,,,,,,,,,,,,,,,,,,,,,,,,,,,,,,,,,,,,,,,,,,,,,,7,,JR,26,Pac-12,,2017,0,0,0,0,10,0,41,2,https://www.sports-reference.com/cfb/players/isaiah-oliver-1.html,13,Isaiah Oliver,WR/DB,0.0,Colorado,2026-04-01T19:29:10.569Z,19,season_totals,0.0
2018,2018.csv,Isaiah Oliver,3915437,CB,Colorado,College Stats,6-1,190.0,4.5,,,,,,Atlanta Falcons / 2nd / 58th pick / 2018,2025,20.0,new-york-jets,S,OlivIs00,14.0,55.0,29.0,26.0,0.0,0.0,0.0,0.0,0.0,0,0.0,0.0,0.0,3.0,0.5,0.0,0.0,,,,,,,,,,,,,,,,,,,,,,,,,,,,,,,,,,,,,,,,,,,,,,,,,,,,,,,,,,,,,,,,,,,,,,,,,,,,,,7,,JR,26,Pac-12,,2017,0,0,0,0,10,0,41,2,https://www.sports-reference.com/cfb/players/isaiah-oliver-1.html,13,Isaiah Oliver,WR/DB,0.0,Colorado,2026-04-01T19:29:10.569Z,19,season_totals,0.0
2018,2018.csv,Isaiah Oliver,3915437,CB,Colorado,College Stats,6-1,190.0,4.5,,,,,,Atlanta Falcons / 2nd / 58th pick / 2018,-1,,,,OlivIs00,110.0,382.0,272.0,110.0,3.0,3.0,2.0,2.0,3.0,30,10.0,0.0,3.0,42.0,10.5,21.0,0.0,,,,,,,,,,,,,,,,,,,,,,,,,,,,,,,,,,,,,,,,,,,,,,,,,,,,,,,,,,,,,,,,,,,,,,,,,,,,,,7,,JR,26,Pac-12,,2017,0,0,0,0,10,0,41,2,https://www.sports-reference.com/cfb/players/isaiah-oliver-1.html,13,Isaiah Oliver,WR/DB,0.0,Colorado,2026-04-01T19:29:10.569Z,19,season_totals,0.0
2018,2018.csv,Justin Reid,3931399,S,Stanford,College Stats,6-1,204.0,4.4,36.5,16.0,128.0,6.65,4.15,Houston Texans / 3rd / 68th pick / 2018,2018,34.0,houston-texans,S,ReidJu00,16.0,88.0,70.0,18.0,0.0,1.0,2.0,1.0,3.0,128,42.7,1.0,101.0,10.0,2.0,6.0,0.0,16,0.0,0.0,0.0,1.0,1.0,0.0,0.0,0.0,6.0,,,,,,,,,,,,,,,,,,,,,,,,,,,,,,,,,,,,,,,,,,,,,,,,,,,,,,,,,,,,,,,,,,,,47,,JR,99,Pac-12,,2017,0,1,0,0,14,0,1,5,https://www.sports-reference.com/cfb/players/justin-reid-1.html,6,Justin Reid,S,1.0,Stanford,2026-04-01T19:29:38.964Z,52,season_totals,6.5
2018,2018.csv,Justin Reid,3931399,S,Stanford,College Stats,6-1,204.0,4.4,36.5,16.0,128.0,6.65,4.15,Houston Texans / 3rd / 68th pick / 2018,2019,34.0,houston-texans,S,ReidJu00,15.0,78.0,57.0,21.0,0.0,0.0,1.0,0.0,2.0,55,27.5,0.0,37.0,5.0,1.0,1.0,0.0,,,,,,,,,,,,,,,,,,,,,,,,,,,,,,,,,,,,,,,,,,,,,,,,,,,,,,,,,,,,,,,,,,,,,,,,,,,,,,47,,JR,99,Pac-12,,2017,0,1,0,0,14,0,1,5,https://www.sports-reference.com/cfb/players/justin-reid-1.html,6,Justin Reid,S,1.0,Stanford,2026-04-01T19:29:38.964Z,52,season_totals,6.5
2018,2018.csv,Justin Reid,3931399,S,Stanford,College Stats,6-1,204.0,4.4,36.5,16.0,128.0,6.65,4.15,Houston Texans / 3rd / 68th pick / 2018,2020,34.0,houston-texans,S,ReidJu00,13.0,83.0,62.0,21.0,2.0,0.0,0.0,0.0,0.0,0,0.0,0.0,0.0,4.0,4.0,11.0,1.0,,,,,,,,,,,,,,,,,,,,,,,,,,,,,,,,,,,,,,,,,,,,,,,,,,,,,,,,,,,,,,,,,,,,,,,,,,,,,,47,,JR,99,Pac-12,,2017,0,1,0,0,14,0,1,5,https://www.sports-reference.com/cfb/players/justin-reid-1.html,6,Justin Reid,S,1.0,Stanford,2026-04-01T19:29:38.964Z,52,season_totals,6.5
2018,2018.csv,Justin Reid,3931399,S,Stanford,College Stats,6-1,204.0,4.4,36.5,16.0,128.0,6.65,4.15,Houston Texans / 3rd / 68th pick / 2018,2021,34.0,houston-texans,S,ReidJu00,13.0,66.0,41.0,25.0,0.0,1.0,0.0,0.0,2.0,45,22.5,0.0,1.0,4.0,3.0,5.0,0.0,,,,,,,,,,,,,,,,,,,,,,,,,,,,,,,,,,,,,,,,,,,,,,,,,,,,,,,,,,,,,,,,,,,,,,,,,,,,,,47,,JR,99,Pac-12,,2017,0,1,0,0,14,0,1,5,https://www.sports-reference.com/cfb/players/justin-reid-1.html,6,Justin Reid,S,1.0,Stanford,2026-04-01T19:29:38.964Z,52,season_totals,6.5
2018,2018.csv,Justin Reid,3931399,S,Stanford,College Stats,6-1,204.0,4.4,36.5,16.0,128.0,6.65,4.15,Houston Texans / 3rd / 68th pick / 2018,2022,12.0,kansas-city-chiefs,S,ReidJu00,17.0,83.0,59.0,24.0,1.0,0.0,0.0,0.0,0.0,0,0.0,0.0,0.0,7.0,2.5,3.0,0.0,17,0.0,0.0,0.0,0.0,0.0,0.0,1.0,0.0,1.0,,,,,,,,,,,,,,,,,,,,,,,,,,,,,,,17.0,0,0,0.0,0,0.0,0,0,0,0,39.6,-,,,,,,,,,,,,,,17,0-0,0.0,0-0,0-0,0-0,0-0,0-0,0.0,1.0,2.0,1.0,47,,JR,99,Pac-12,,2017,0,1,0,0,14,0,1,5,https://www.sports-reference.com/cfb/players/justin-reid-1.html,6,Justin Reid,S,1.0,Stanford,2026-04-01T19:29:38.964Z,52,season_totals,6.5
2018,2018.csv,Justin Reid,3931399,S,Stanford,College Stats,6-1,204.0,4.4,36.5,16.0,128.0,6.65,4.15,Houston Texans / 3rd / 68th pick / 2018,2023,12.0,kansas-city-chiefs,S,ReidJu00,16.0,95.0,74.0,21.0,3.0,1.0,0.0,0.0,1.0,11,11.0,0.0,11.0,7.0,6.0,2.0,1.0,,,,,,,,,,,,,,,,,,,,,,,,,,,,,,,,,,,,,,,,,,,,,,,,,,,,,,,,,,,,,,,,,,,,,,,,,,,,,,47,,JR,99,Pac-12,,2017,0,1,0,0,14,0,1,5,https://www.sports-reference.com/cfb/players/justin-reid-1.html,6,Justin Reid,S,1.0,Stanford,2026-04-01T19:29:38.964Z,52,season_totals,6.5
2018,2018.csv,Justin Reid,3931399,S,Stanford,College Stats,6-1,204.0,4.4,36.5,16.0,128.0,6.65,4.15,Houston Texans / 3rd / 68th pick / 2018,2024,12.0,kansas-city-chiefs,S,ReidJu00,16.0,87.0,61.0,26.0,0.0,0.0,0.0,0.0,2.0,8,4.0,0.0,8.0,9.0,3.5,12.0,0.0,,,,,,,,,,,,,,,,,,,,,,,,,,,,,,,,,,,,,,,,,,,,,,,,,,,,,,,,,,,,,,,,,,16,0-0,0.0,0-0,0-0,0-0,0-0,0-0,0.0,0.0,0.0,0.0,47,,JR,99,Pac-12,,2017,0,1,0,0,14,0,1,5,https://www.sports-reference.com/cfb/players/justin-reid-1.html,6,Justin Reid,S,1.0,Stanford,2026-04-01T19:29:38.964Z,52,season_totals,6.5
2018,2018.csv,Justin Reid,3931399,S,Stanford,College Stats,6-1,204.0,4.4,36.5,16.0,128.0,6.65,4.15,Houston Texans / 3rd / 68th pick / 2018,2025,18.0,new-orleans-saints,S,ReidJu00,15.0,72.0,37.0,35.0,0.5,0.0,0.0,0.0,1.0,49,49.0,1.0,49.0,6.0,2.5,3.0,0.0,,,,,,,,,,,,,,,,,,,,,,,,,,,,,,,,,,,,,,,,,,,,,,,,,,,,,,,,,,,,,,,,,,,,,,,,,,,,,,47,,JR,99,Pac-12,,2017,0,1,0,0,14,0,1,5,https://www.sports-reference.com/cfb/players/justin-reid-1.html,6,Justin Reid,S,1.0,Stanford,2026-04-01T19:29:38.964Z,52,season_totals,6.5
2018,2018.csv,Justin Reid,3931399,S,Stanford,College Stats,6-1,204.0,4.4,36.5,16.0,128.0,6.65,4.15,Houston Texans / 3rd / 68th pick / 2018,-1,,,,ReidJu00,121.0,652.0,461.0,191.0,6.5,3.0,3.0,1.0,11.0,296,26.9,2.0,101.0,52.0,24.5,43.0,2.0,121,0.0,0.0,0.0,1.0,1.0,0.0,1.0,0.0,7.0,,,,,,,,,,,,,,,,,,,,,,,,,,,,,,,121.0,0,0,0.0,0,0.0,0,0,0,0,0.0,-,,,,,,,,,,,,,,121,0-0,0.0,0-0,0-0,0-0,0-0,0-0,0.0,1.0,2.0,1.0,47,,JR,99,Pac-12,,2017,0,1,0,0,14,0,1,5,https://www.sports-reference.com/cfb/players/justin-reid-1.html,6,Justin Reid,S,1.0,Stanford,2026-04-01T19:29:38.964Z,52,season_totals,6.5
2018,2018.csv,M.J. Stewart,3116679,CB,North Carolina,College Stats,5-11,200.0,4.54,35.0,18.0,118.0,6.9,4.28,Tampa Bay Buccaneers / 2nd / 53rd pick / 2018,2018,27.0,tampa-bay-buccaneers,S,StewM.00,11.0,33.0,31.0,2.0,0.0,0.0,0.0,0.0,0.0,0,0.0,0.0,0.0,3.0,2.0,6.0,0.0,,,,,,,,,,,,,,,,,,,,,,,,,,,,,,,,,,,,,,,,,,,,,,,,,,,,,,,,,,,,,,,,,,,,,,,,,,,,,,12,,SR,45,ACC,,2017,0,0,0,0,12,0,0,0,https://www.sports-reference.com/cfb/players/mj-stewart-1.html,12,M.J. Stewart,CB,2.0,North Carolina,2026-04-01T19:29:50.863Z,33,season_totals,5.0
2018,2018.csv,M.J. Stewart,3116679,CB,North Carolina,College Stats,5-11,200.0,4.54,35.0,18.0,118.0,6.9,4.28,Tampa Bay Buccaneers / 2nd / 53rd pick / 2018,2019,27.0,tampa-bay-buccaneers,S,StewM.00,10.0,35.0,28.0,7.0,0.0,0.0,0.0,0.0,0.0,0,0.0,0.0,0.0,2.0,0.0,0.0,0.0,,,,,,,,,,,,,,,,,,,,,,,,,,,,,,,,,,,,,,,,,,,,,,,,,,,,,,,,,,,,,,,,,,,,,,,,,,,,,,12,,SR,45,ACC,,2017,0,0,0,0,12,0,0,0,https://www.sports-reference.com/cfb/players/mj-stewart-1.html,12,M.J. Stewart,CB,2.0,North Carolina,2026-04-01T19:29:50.863Z,33,season_totals,5.0
2018,2018.csv,M.J. Stewart,3116679,CB,North Carolina,College Stats,5-11,200.0,4.54,35.0,18.0,118.0,6.9,4.28,Tampa Bay Buccaneers / 2nd / 53rd pick / 2018,2020,5.0,cleveland-browns,S,StewM.00,16.0,22.0,18.0,4.0,1.0,0.0,0.0,0.0,2.0,51,25.5,0.0,30.0,3.0,1.0,2.0,0.0,,,,,,,,,,,,,,,,,,,,,,,,,,,,,,,,,,,,,,,,,,,,,,,,,,,,,,,,,,,,,,,,,,,,,,,,,,,,,,12,,SR,45,ACC,,2017,0,0,0,0,12,0,0,0,https://www.sports-reference.com/cfb/players/mj-stewart-1.html,12,M.J. Stewart,CB,2.0,North Carolina,2026-04-01T19:29:50.863Z,33,season_totals,5.0
2018,2018.csv,M.J. Stewart,3116679,CB,North Carolina,College Stats,5-11,200.0,4.54,35.0,18.0,118.0,6.9,4.28,Tampa Bay Buccaneers / 2nd / 53rd pick / 2018,2021,5.0,cleveland-browns,S,StewM.00,13.0,47.0,34.0,13.0,0.0,1.0,0.0,0.0,0.0,0,0.0,0.0,0.0,4.0,1.0,8.0,1.0,,,,,,,,,,,,,,,,,,,,,,,,,,,,,,13,0.0,0,0.0,0.0,0.0,1.0,20,0.0,0.0,20.0,,,,,,,,,,,,,,,,,,,,,,,,,,,,,,,,,,,,,,12,,SR,45,ACC,,2017,0,0,0,0,12,0,0,0,https://www.sports-reference.com/cfb/players/mj-stewart-1.html,12,M.J. Stewart,CB,2.0,North Carolina,2026-04-01T19:29:50.863Z,33,season_totals,5.0
2018,2018.csv,M.J. Stewart,3116679,CB,North Carolina,College Stats,5-11,200.0,4.54,35.0,18.0,118.0,6.9,4.28,Tampa Bay Buccaneers / 2nd / 53rd pick / 2018,2022,34.0,houston-texans,S,StewM.00,17.0,41.0,30.0,11.0,0.0,1.0,2.0,0.0,0.0,0,0.0,0.0,0.0,1.0,1.5,1.0,0.0,,,,,,,,,,,17,1,3,3.0,0,3,1,0,0,,,,,,,,,,,,,,,,,,,,,,17.0,0,0,0.0,0,0.0,0,0,0,0,39.6,-,,,,,,,,,,,,,,,,,,,,,,,,,,12,,SR,45,ACC,,2017,0,0,0,0,12,0,0,0,https://www.sports-reference.com/cfb/players/mj-stewart-1.html,12,M.J. Stewart,CB,2.0,North Carolina,2026-04-01T19:29:50.863Z,33,season_totals,5.0
2018,2018.csv,M.J. Stewart,3116679,CB,North Carolina,College Stats,5-11,200.0,4.54,35.0,18.0,118.0,6.9,4.28,Tampa Bay Buccaneers / 2nd / 53rd pick / 2018,2023,34.0,houston-texans,S,StewM.00,8.0,22.0,13.0,9.0,0.0,1.0,1.0,0.0,0.0,0,0.0,0.0,0.0,0.0,0.0,0.0,0.0,,,,,,,,,,,,,,,,,,,,,,,,,,,,,,,,,,,,,,,,,,,,,,,,,,,,,,,,,,,,,,,,,,,,,,,,,,,,,,12,,SR,45,ACC,,2017,0,0,0,0,12,0,0,0,https://www.sports-reference.com/cfb/players/mj-stewart-1.html,12,M.J. Stewart,CB,2.0,North Carolina,2026-04-01T19:29:50.863Z,33,season_totals,5.0
2018,2018.csv,M.J. Stewart,3116679,CB,North Carolina,College Stats,5-11,200.0,4.54,35.0,18.0,118.0,6.9,4.28,Tampa Bay Buccaneers / 2nd / 53rd pick / 2018,2024,34.0,houston-texans,S,StewM.00,15.0,12.0,8.0,4.0,0.0,0.0,1.0,0.0,0.0,0,0.0,0.0,0.0,0.0,2.0,4.0,0.0,,,,,,,,,,,,,,,,,,,,,,,,,,,,,,,,,,,,,,,,,,,,,,,,,,,,,,,,,,,,,,,,,,,,,,,,,,,,,,12,,SR,45,ACC,,2017,0,0,0,0,12,0,0,0,https://www.sports-reference.com/cfb/players/mj-stewart-1.html,12,M.J. Stewart,CB,2.0,North Carolina,2026-04-01T19:29:50.863Z,33,season_totals,5.0
2018,2018.csv,M.J. Stewart,3116679,CB,North Carolina,College Stats,5-11,200.0,4.54,35.0,18.0,118.0,6.9,4.28,Tampa Bay Buccaneers / 2nd / 53rd pick / 2018,2025,34.0,houston-texans,S,StewM.00,9.0,25.0,15.0,10.0,0.0,1.0,0.0,0.0,0.0,0,0.0,0.0,0.0,2.0,0.0,0.0,0.0,,,,,,,,,,,,,,,,,,,,,,,,,,,,,,,,,,,,,,,,,,,,,,,,,,,,,,,,,,,,,,,,,,,,,,,,,,,,,,12,,SR,45,ACC,,2017,0,0,0,0,12,0,0,0,https://www.sports-reference.com/cfb/players/mj-stewart-1.html,12,M.J. Stewart,CB,2.0,North Carolina,2026-04-01T19:29:50.863Z,33,season_totals,5.0
2018,2018.csv,M.J. Stewart,3116679,CB,North Carolina,College Stats,5-11,200.0,4.54,35.0,18.0,118.0,6.9,4.28,Tampa Bay Buccaneers / 2nd / 53rd pick / 2018,-1,,,,StewM.00,99.0,237.0,177.0,60.0,1.0,4.0,4.0,0.0,2.0,51,25.5,0.0,30.0,15.0,7.5,21.0,1.0,,,,,,,,,,,99,1,3,3.0,0,3,1,0,0,,,,,,,,,,,99,0.0,0,0.0,0.0,0.0,1.0,20,0.0,0.0,20.0,99.0,0,0,0.0,0,0.0,0,0,0,0,0.0,-,,,,,,,,,,,,,,,,,,,,,,,,,,12,,SR,45,ACC,,2017,0,0,0,0,12,0,0,0,https://www.sports-reference.com/cfb/players/mj-stewart-1.html,12,M.J. Stewart,CB,2.0,North Carolina,2026-04-01T19:29:50.863Z,33,season_totals,5.0
2018,2018.csv,Greg Stroman,3124086,CB,Virginia Tech,College Stats,6-0,180.0,4.48,33.5,16.0,113.0,,4.45,Washington Redskins / 7th / 241st pick / 2018,2018,28.0,washington-redskins,CB,StroGr00,15.0,37.0,30.0,7.0,0.0,1.0,0.0,0.0,1.0,23,23.0,0.0,23.0,4.0,0.0,0.0,0.0,,,,,,,,,,,,,,,,,,,,,,,,,,,,,,15,8.0,27,0.0,13.0,10.0,6.0,110,0.0,0.0,23.0,15.0,0,0,0.0,0,0.0,0,0,0,0,39.6,-,,,,,,,,,,,,,,,,,,,,,,,,,,6,,SR,20,ACC,,2017,0,0,0,0,13,1,47,4,https://www.sports-reference.com/cfb/players/greg-stroman-1.html,11,Greg Stroman,CB/WR/DB,0.0,Virginia Tech,2026-04-01T19:28:58.430Z,14,season_totals,0.0
2018,2018.csv,Greg Stroman,3124086,CB,Virginia Tech,College Stats,6-0,180.0,4.48,33.5,16.0,113.0,,4.45,Washington Redskins / 7th / 241st pick / 2018,2022,3.0,chicago-bears,CB,StroGr00,2.0,8.0,4.0,4.0,0.0,0.0,0.0,0.0,1.0,10,10.0,0.0,1.0,1.0,0.0,0.0,0.0,,,,,,,,,,,,,,,,,,,,,,,,,,,,,,,,,,,,,,,,,,,,,,,,,,,,,,,,,,,,,,,,,,,,,,,,,,,,,,6,,SR,20,ACC,,2017,0,0,0,0,13,1,47,4,https://www.sports-reference.com/cfb/players/greg-stroman-1.html,11,Greg Stroman,CB/WR/DB,0.0,Virginia Tech,2026-04-01T19:28:58.430Z,14,season_totals,0.0
2018,2018.csv,Greg Stroman,3124086,CB,Virginia Tech,College Stats,6-0,180.0,4.48,33.5,16.0,113.0,,4.45,Washington Redskins / 7th / 241st pick / 2018,2023,3.0,chicago-bears,CB,StroGr00,7.0,19.0,12.0,7.0,1.0,0.0,0.0,0.0,1.0,0,0.0,0.0,0.0,1.0,1.0,4.0,0.0,,,,,,,,,,,,,,,,,,,,,,,,,,,,,,,,,,,,,,,,,,,,,,,,,,,,,,,,,,,,,,,,,,,,,,,,,,,,,,6,,SR,20,ACC,,2017,0,0,0,0,13,1,47,4,https://www.sports-reference.com/cfb/players/greg-stroman-1.html,11,Greg Stroman,CB/WR/DB,0.0,Virginia Tech,2026-04-01T19:28:58.430Z,14,season_totals,0.0
2018,2018.csv,Greg Stroman,3124086,CB,Virginia Tech,College Stats,6-0,180.0,4.48,33.5,16.0,113.0,,4.45,Washington Redskins / 7th / 241st pick / 2018,2024,19.0,new-york-giants,CB,StroGr00,4.0,10.0,9.0,1.0,0.0,0.0,0.0,0.0,0.0,0,0.0,0.0,0.0,0.0,0.0,0.0,0.0,,,,,,,,,,,,,,,,,,,,,,,,,,,,,,,,,,,,,,,,,,,,,,,,,,,,,,,,,,,,,,,,,,,,,,,,,,,,,,6,,SR,20,ACC,,2017,0,0,0,0,13,1,47,4,https://www.sports-reference.com/cfb/players/greg-stroman-1.html,11,Greg Stroman,CB/WR/DB,0.0,Virginia Tech,2026-04-01T19:28:58.430Z,14,season_totals,0.0
2018,2018.csv,Greg Stroman,3124086,CB,Virginia Tech,College Stats,6-0,180.0,4.48,33.5,16.0,113.0,,4.45,Washington Redskins / 7th / 241st pick / 2018,2020,28.0,washington,CB,StroGr00,,,,,,,,,,,,,,,,,,,,,,,,,,,,,,,,,,,,,,,,,,,,,,,4,2.0,-2,0.0,0.0,1.0,0.0,0,0.0,0.0,0.0,,,,,,,,,,,,,,,,,,,,,,,,,,,,,,,,,,,,,,6,,SR,20,ACC,,2017,0,0,0,0,13,1,47,4,https://www.sports-reference.com/cfb/players/greg-stroman-1.html,11,Greg Stroman,CB/WR/DB,0.0,Virginia Tech,2026-04-01T19:28:58.430Z,14,season_totals,0.0
2018,2018.csv,Greg Stroman,3124086,CB,Virginia Tech,College Stats,6-0,180.0,4.48,33.5,16.0,113.0,,4.45,Washington Redskins / 7th / 241st pick / 2018,-1,,,,StroGr00,28.0,74.0,55.0,19.0,1.0,1.0,0.0,0.0,3.0,33,11.0,0.0,23.0,6.0,1.0,4.0,0.0,,,,,,,,,,,,,,,,,,,,,,,,,,,,,,28,10.0,25,0.0,13.0,10.0,6.0,110,0.0,0.0,23.0,28.0,0,0,0.0,0,0.0,0,0,0,0,0.0,-,,,,,,,,,,,,,,,,,,,,,,,,,,6,,SR,20,ACC,,2017,0,0,0,0,13,1,47,4,https://www.sports-reference.com/cfb/players/greg-stroman-1.html,11,Greg Stroman,CB/WR/DB,0.0,Virginia Tech,2026-04-01T19:28:58.430Z,14,season_totals,0.0
2018,2018.csv,Denzel Ward,3915535,CB,Ohio State,College Stats,5-10,183.0,4.32,39.0,16.0,136.0,,,Cleveland Browns / 1st / 4th pick / 2018,2018,5.0,cleveland-browns,CB,WardDe02,13.0,53.0,41.0,12.0,0.0,1.0,2.0,29.0,3.0,26,8.7,0.0,26.0,11.0,5.0,15.0,1.0,,,,,,,,,,,,,,,,,,,,,,,,,,,,,,,,,,,,,,,,,,,,,,,,,,,,,,,,,,,,,,,,,,,,,,,,,,,,,,7,AA,JR,37,Big Ten,,2017,0,0,0,0,14,0,0,2,https://www.sports-reference.com/cfb/players/denzel-ward-3.html,15,Denzel Ward,CB,0.0,Ohio State,2026-04-01T19:58:38.427Z,30,season_totals,2.0
2018,2018.csv,Denzel Ward,3915535,CB,Ohio State,College Stats,5-10,183.0,4.32,39.0,16.0,136.0,,,Cleveland Browns / 1st / 4th pick / 2018,2019,5.0,cleveland-browns,CB,WardDe02,12.0,44.0,38.0,6.0,0.0,0.0,1.0,6.0,2.0,61,30.5,1.0,61.0,11.0,1.0,1.0,1.0,12,0.0,0.0,0.0,1.0,1.0,0.0,0.0,0.0,6.0,,,,,,,,,,,,,,,,,,,,,,,,,,,,,,,,,,,,,,,,,,,,,,,,,,,,,,,,,,,,,,,,,,,,7,AA,JR,37,Big Ten,,2017,0,0,0,0,14,0,0,2,https://www.sports-reference.com/cfb/players/denzel-ward-3.html,15,Denzel Ward,CB,0.0,Ohio State,2026-04-01T19:58:38.427Z,30,season_totals,2.0
2018,2018.csv,Denzel Ward,3915535,CB,Ohio State,College Stats,5-10,183.0,4.32,39.0,16.0,136.0,,,Cleveland Browns / 1st / 4th pick / 2018,2020,5.0,cleveland-browns,CB,WardDe02,12.0,46.0,38.0,8.0,0.0,1.0,0.0,0.0,2.0,0,0.0,0.0,0.0,18.0,1.0,2.0,0.0,,,,,,,,,,,,,,,,,,,,,,,,,,,,,,,,,,,,,,,,,,,,,,,,,,,,,,,,,,,,,,,,,,,,,,,,,,,,,,7,AA,JR,37,Big Ten,,2017,0,0,0,0,14,0,0,2,https://www.sports-reference.com/cfb/players/denzel-ward-3.html,15,Denzel Ward,CB,0.0,Ohio State,2026-04-01T19:58:38.427Z,30,season_totals,2.0
2018,2018.csv,Denzel Ward,3915535,CB,Ohio State,College Stats,5-10,183.0,4.32,39.0,16.0,136.0,,,Cleveland Browns / 1st / 4th pick / 2018,2021,5.0,cleveland-browns,CB,WardDe02,15.0,43.0,34.0,9.0,0.5,0.0,0.0,0.0,3.0,103,34.3,1.0,1.0,10.0,0.0,2.0,0.0,15,0.0,0.0,0.0,1.0,1.0,0.0,0.0,0.0,6.0,,,,,,,,,,,,,,,,,,,,,,,,,,,,,,,,,,,,,,,,,,,,,,,,,,,,,,,,,,,,,,,,,,,,7,AA,JR,37,Big Ten,,2017,0,0,0,0,14,0,0,2,https://www.sports-reference.com/cfb/players/denzel-ward-3.html,15,Denzel Ward,CB,0.0,Ohio State,2026-04-01T19:58:38.427Z,30,season_totals,2.0
2018,2018.csv,Denzel Ward,3915535,CB,Ohio State,College Stats,5-10,183.0,4.32,39.0,16.0,136.0,,,Cleveland Browns / 1st / 4th pick / 2018,2022,5.0,cleveland-browns,CB,WardDe02,14.0,53.0,42.0,11.0,0.0,0.0,2.0,4.0,3.0,0,0.0,0.0,1.0,15.0,1.5,2.0,0.0,14,0.0,0.0,0.0,1.0,1.0,0.0,0.0,0.0,6.0,,,,,,,,,,,,,,,,,,,,,,,,,,,,,,,,,,,,,,,,,,,,,,,,,,,,,,,,,,,,,,,,,,,,7,AA,JR,37,Big Ten,,2017,0,0,0,0,14,0,0,2,https://www.sports-reference.com/cfb/players/denzel-ward-3.html,15,Denzel Ward,CB,0.0,Ohio State,2026-04-01T19:58:38.427Z,30,season_totals,2.0
2018,2018.csv,Denzel Ward,3915535,CB,Ohio State,College Stats,5-10,183.0,4.32,39.0,16.0,136.0,,,Cleveland Browns / 1st / 4th pick / 2018,2023,5.0,cleveland-browns,CB,WardDe02,13.0,34.0,30.0,4.0,0.0,1.0,0.0,0.0,2.0,20,10.0,0.0,20.0,11.0,1.0,2.0,0.0,,,,,,,,,,,,,,,,,,,,,,,,,,,,,,,,,,,,,,,,,,,,,,,,,,,,,,,,,,,,,,,,,,,,,,,,,,,,,,7,AA,JR,37,Big Ten,,2017,0,0,0,0,14,0,0,2,https://www.sports-reference.com/cfb/players/denzel-ward-3.html,15,Denzel Ward,CB,0.0,Ohio State,2026-04-01T19:58:38.427Z,30,season_totals,2.0
2018,2018.csv,Denzel Ward,3915535,CB,Ohio State,College Stats,5-10,183.0,4.32,39.0,16.0,136.0,,,Cleveland Browns / 1st / 4th pick / 2018,2024,5.0,cleveland-browns,CB,WardDe02,16.0,49.0,41.0,8.0,0.0,1.0,1.0,0.0,2.0,0,0.0,0.0,0.0,19.0,3.0,3.0,0.0,,,,,,,,,,,,,,,,,,,,,,,,,,,,,,,,,,,,,,,,,,,,,,,,,,,,,,,,,,,,,,,,,,,,,,,,,,,,,,7,AA,JR,37,Big Ten,,2017,0,0,0,0,14,0,0,2,https://www.sports-reference.com/cfb/players/denzel-ward-3.html,15,Denzel Ward,CB,0.0,Ohio State,2026-04-01T19:58:38.427Z,30,season_totals,2.0
2018,2018.csv,Denzel Ward,3915535,CB,Ohio State,College Stats,5-10,183.0,4.32,39.0,16.0,136.0,,,Cleveland Browns / 1st / 4th pick / 2018,2025,5.0,cleveland-browns,CB,WardDe02,15.0,39.0,29.0,10.0,0.0,0.0,0.0,0.0,1.0,13,13.0,0.0,13.0,9.0,1.0,6.0,0.0,,,,,,,,,,,,,,,,,,,,,,,,,,,,,,,,,,,,,,,,,,,,,,,,,,,,,,,,,,,,,,,,,,,,,,,,,,,,,,7,AA,JR,37,Big Ten,,2017,0,0,0,0,14,0,0,2,https://www.sports-reference.com/cfb/players/denzel-ward-3.html,15,Denzel Ward,CB,0.0,Ohio State,2026-04-01T19:58:38.427Z,30,season_totals,2.0
2018,2018.csv,Denzel Ward,3915535,CB,Ohio State,College Stats,5-10,183.0,4.32,39.0,16.0,136.0,,,Cleveland Browns / 1st / 4th pick / 2018,-1,,,,WardDe02,110.0,361.0,293.0,68.0,0.5,4.0,6.0,39.0,18.0,223,12.4,2.0,61.0,104.0,13.5,33.0,2.0,110,0.0,0.0,0.0,3.0,3.0,0.0,0.0,0.0,18.0,,,,,,,,,,,,,,,,,,,,,,,,,,,,,,,,,,,,,,,,,,,,,,,,,,,,,,,,,,,,,,,,,,,,7,AA,JR,37,Big Ten,,2017,0,0,0,0,14,0,0,2,https://www.sports-reference.com/cfb/players/denzel-ward-3.html,15,Denzel Ward,CB,0.0,Ohio State,2026-04-01T19:58:38.427Z,30,season_totals,2.0
2018,2018.csv,Armani Watts,3122136,S,Texas A&M,College Stats,5-11,205.0,,35.0,13.0,120.0,7.25,4.37,Kansas City Chiefs / 4th / 124th pick / 2018,2018,12.0,kansas-city-chiefs,S,WattAr00,5.0,5.0,3.0,2.0,1.0,0.0,0.0,0.0,0.0,0,0.0,0.0,0.0,1.0,0.0,0.0,0.0,,,,,,,,,,,,,,,,,,,,,,,,,,,,,,,,,,,,,,,,,,,,,,,,,,,,,,,,,,,,,,,,,,,,,,,,,,,,,,30,,SR,87,SEC,,2017,2,2,0,18,12,0,15,4,https://www.sports-reference.com/cfb/players/armani-watts-1.html,5,Armani Watts,DB,0.5,Texas A&M,2026-04-01T19:28:04.104Z,57,season_totals,10.0
2018,2018.csv,Armani Watts,3122136,S,Texas A&M,College Stats,5-11,205.0,,35.0,13.0,120.0,7.25,4.37,Kansas City Chiefs / 4th / 124th pick / 2018,2019,12.0,kansas-city-chiefs,S,WattAr00,16.0,17.0,13.0,4.0,1.0,0.0,0.0,0.0,0.0,0,0.0,0.0,0.0,0.0,0.0,0.0,0.0,,,,,,,,,,,,,,,,,,,,,,,,,,,,,,,,,,,,,,,,,,,,,,,,,,,,,,,,,,,,,,,,,,,,,,,,,,,,,,30,,SR,87,SEC,,2017,2,2,0,18,12,0,15,4,https://www.sports-reference.com/cfb/players/armani-watts-1.html,5,Armani Watts,DB,0.5,Texas A&M,2026-04-01T19:28:04.104Z,57,season_totals,10.0
2018,2018.csv,Armani Watts,3122136,S,Texas A&M,College Stats,5-11,205.0,,35.0,13.0,120.0,7.25,4.37,Kansas City Chiefs / 4th / 124th pick / 2018,2020,12.0,kansas-city-chiefs,S,WattAr00,16.0,17.0,15.0,2.0,0.0,0.0,0.0,0.0,0.0,0,0.0,0.0,0.0,1.0,0.0,0.0,1.0,,,,,,,,,,,,,,,,,,,,,,,,,,,,,,16,0.0,0,0.0,0.0,0.0,1.0,28,0.0,0.0,28.0,,,,,,,,,,,,,,,,,,,,,,,,,,,,,,,,,,,,,,30,,SR,87,SEC,,2017,2,2,0,18,12,0,15,4,https://www.sports-reference.com/cfb/players/armani-watts-1.html,5,Armani Watts,DB,0.5,Texas A&M,2026-04-01T19:28:04.104Z,57,season_totals,10.0
2018,2018.csv,Armani Watts,3122136,S,Texas A&M,College Stats,5-11,205.0,,35.0,13.0,120.0,7.25,4.37,Kansas City Chiefs / 4th / 124th pick / 2018,2021,12.0,kansas-city-chiefs,S,WattAr00,16.0,19.0,11.0,8.0,0.0,0.0,1.0,0.0,0.0,0,0.0,0.0,0.0,0.0,0.0,2.0,0.0,,,,,,,,,,,,,,,,,,,,,,,,,,,,,,,,,,,,,,,,,,,,,,,,,,,,,,,,,,,,,,,,,,,,,,,,,,,,,,30,,SR,87,SEC,,2017,2,2,0,18,12,0,15,4,https://www.sports-reference.com/cfb/players/armani-watts-1.html,5,Armani Watts,DB,0.5,Texas A&M,2026-04-01T19:28:04.104Z,57,season_totals,10.0
2018,2018.csv,Armani Watts,3122136,S,Texas A&M,College Stats,5-11,205.0,,35.0,13.0,120.0,7.25,4.37,Kansas City Chiefs / 4th / 124th pick / 2018,-1,,,,WattAr00,53.0,58.0,42.0,16.0,2.0,0.0,1.0,0.0,0.0,0,0.0,0.0,0.0,2.0,0.0,2.0,1.0,,,,,,,,,,,,,,,,,,,,,,,,,,,,,,53,0.0,0,0.0,0.0,0.0,1.0,28,0.0,0.0,28.0,,,,,,,,,,,,,,,,,,,,,,,,,,,,,,,,,,,,,,30,,SR,87,SEC,,2017,2,2,0,18,12,0,15,4,https://www.sports-reference.com/cfb/players/armani-watts-1.html,5,Armani Watts,DB,0.5,Texas A&M,2026-04-01T19:28:04.104Z,57,season_totals,10.0
2018,2018.csv,Kyzir White,4039254,S,West Virginia,College Stats,6-2,216.0,,35.5,21.0,113.0,,,Los Angeles Chargers / 4th / 119th pick / 2018,2018,24.0,los-angeles-chargers,LB,WhitKy00,3.0,17.0,12.0,5.0,0.0,0.0,0.0,0.0,1.0,9,9.0,0.0,9.0,2.0,1.0,3.0,0.0,,,,,,,,,,,,,,,,,,,,,,,,,,,,,,,,,,,,,,,,,,,,,,,,,,,,,,,,,,,,,,,,,,,,,,,,,,,,,,28,,SR,94,Big 12,,2017,2,1,0,0,13,0,2,3,https://www.sports-reference.com/cfb/players/kyzir-white-1.html,4,Kyzir White,S,1.0,West Virginia,2026-04-01T19:29:44.771Z,66,season_totals,7.5
2018,2018.csv,Kyzir White,4039254,S,West Virginia,College Stats,6-2,216.0,,35.5,21.0,113.0,,,Los Angeles Chargers / 4th / 119th pick / 2018,2019,24.0,los-angeles-chargers,LB,WhitKy00,16.0,40.0,25.0,15.0,0.0,0.0,0.0,0.0,1.0,0,0.0,0.0,0.0,2.0,0.0,0.0,0.0,,,,,,,,,,,,,,,,,,,,,,,,,,,,,,,,,,,,,,,,,,,,,,,,,,,,,,,,,,,,,,,,,,,,,,,,,,,,,,28,,SR,94,Big 12,,2017,2,1,0,0,13,0,2,3,https://www.sports-reference.com/cfb/players/kyzir-white-1.html,4,Kyzir White,S,1.0,West Virginia,2026-04-01T19:29:44.771Z,66,season_totals,7.5
2018,2018.csv,Kyzir White,4039254,S,West Virginia,College Stats,6-2,216.0,,35.5,21.0,113.0,,,Los Angeles Chargers / 4th / 119th pick / 2018,2020,24.0,los-angeles-chargers,LB,WhitKy00,11.0,77.0,50.0,27.0,0.5,0.0,0.0,0.0,0.0,0,0.0,0.0,0.0,3.0,5.0,12.0,0.0,,,,,,,,,,,,,,,,,,,,,,,,,,,,,,,,,,,,,,,,,,,,,,,,,,,,,,,,,,,,,,,,,,,,,,,,,,,,,,28,,SR,94,Big 12,,2017,2,1,0,0,13,0,2,3,https://www.sports-reference.com/cfb/players/kyzir-white-1.html,4,Kyzir White,S,1.0,West Virginia,2026-04-01T19:29:44.771Z,66,season_totals,7.5
2018,2018.csv,Kyzir White,4039254,S,West Virginia,College Stats,6-2,216.0,,35.5,21.0,113.0,,,Los Angeles Chargers / 4th / 119th pick / 2018,2021,24.0,los-angeles-chargers,LB,WhitKy00,17.0,144.0,90.0,54.0,1.0,2.0,0.0,0.0,2.0,22,11.0,0.0,1.0,3.0,13.0,10.0,0.0,,,,,,,,,,,,,,,,,,,,,,,,,,,,,,,,,,,,,,,,,,,,,,,,,,,,,,,,,,,,,,,,,,,,,,,,,,,,,,28,,SR,94,Big 12,,2017,2,1,0,0,13,0,2,3,https://www.sports-reference.com/cfb/players/kyzir-white-1.html,4,Kyzir White,S,1.0,West Virginia,2026-04-01T19:29:44.771Z,66,season_totals,7.5
2018,2018.csv,Kyzir White,4039254,S,West Virginia,College Stats,6-2,216.0,,35.5,21.0,113.0,,,Los Angeles Chargers / 4th / 119th pick / 2018,2022,21.0,philadelphia-eagles,LB,WhitKy00,17.0,110.0,66.0,44.0,1.5,0.0,0.0,0.0,0.0,0,0.0,0.0,0.0,7.0,4.5,1.0,0.0,,,,,,,,,,,,,,,,,,,,,,,,,,,,,,,,,,,,,,,,,,,,,,,,,,,,,,,,,,,,,,,,,,,,,,,,,,,,,,28,,SR,94,Big 12,,2017,2,1,0,0,13,0,2,3,https://www.sports-reference.com/cfb/players/kyzir-white-1.html,4,Kyzir White,S,1.0,West Virginia,2026-04-01T19:29:44.771Z,66,season_totals,7.5
2018,2018.csv,Kyzir White,4039254,S,West Virginia,College Stats,6-2,216.0,,35.5,21.0,113.0,,,Los Angeles Chargers / 4th / 119th pick / 2018,2023,22.0,arizona-cardinals,LB,WhitKy00,11.0,90.0,53.0,37.0,2.0,0.0,0.0,0.0,1.0,0,0.0,0.0,0.0,3.0,7.5,18.0,0.0,,,,,,,,,,,,,,,,,,,,,,,,,,,,,,,,,,,,,,,,,,,,,,,,,,,,,,,,,,,,,,,,,,,,,,,,,,,,,,28,,SR,94,Big 12,,2017,2,1,0,0,13,0,2,3,https://www.sports-reference.com/cfb/players/kyzir-white-1.html,4,Kyzir White,S,1.0,West Virginia,2026-04-01T19:29:44.771Z,66,season_totals,7.5
2018,2018.csv,Kyzir White,4039254,S,West Virginia,College Stats,6-2,216.0,,35.5,21.0,113.0,,,Los Angeles Chargers / 4th / 119th pick / 2018,2024,22.0,arizona-cardinals,LB,WhitKy00,17.0,137.0,60.0,77.0,2.5,0.0,1.0,0.0,1.0,0,0.0,0.0,0.0,3.0,15.0,18.0,0.0,,,,,,,,,,,,,,,,,,,,,,,,,,,,,,,,,,,,,,,,,,,,,,,,,,,,,,,,,,,,,,,,,,,,,,,,,,,,,,28,,SR,94,Big 12,,2017,2,1,0,0,13,0,2,3,https://www.sports-reference.com/cfb/players/kyzir-white-1.html,4,Kyzir White,S,1.0,West Virginia,2026-04-01T19:29:44.771Z,66,season_totals,7.5
2018,2018.csv,Kyzir White,4039254,S,West Virginia,College Stats,6-2,216.0,,35.5,21.0,113.0,,,Los Angeles Chargers / 4th / 119th pick / 2018,2025,10.0,tennessee-titans,LB,WhitKy00,1.0,3.0,2.0,1.0,0.0,0.0,0.0,0.0,0.0,0,0.0,0.0,0.0,0.0,0.0,0.0,0.0,,,,,,,,,,,,,,,,,,,,,,,,,,,,,,,,,,,,,,,,,,,,,,,,,,,,,,,,,,,,,,,,,,,,,,,,,,,,,,28,,SR,94,Big 12,,2017,2,1,0,0,13,0,2,3,https://www.sports-reference.com/cfb/players/kyzir-white-1.html,4,Kyzir White,S,1.0,West Virginia,2026-04-01T19:29:44.771Z,66,season_totals,7.5
2018,2018.csv,Kyzir White,4039254,S,West Virginia,College Stats,6-2,216.0,,35.5,21.0,113.0,,,Los Angeles Chargers / 4th / 119th pick / 2018,-1,,,,WhitKy00,93.0,618.0,358.0,260.0,7.5,2.0,1.0,0.0,6.0,31,5.2,0.0,9.0,23.0,46.0,62.0,0.0,,,,,,,,,,,,,,,,,,,,,,,,,,,,,,,,,,,,,,,,,,,,,,,,,,,,,,,,,,,,,,,,,,,,,,,,,,,,,,28,,SR,94,Big 12,,2017,2,1,0,0,13,0,2,3,https://www.sports-reference.com/cfb/players/kyzir-white-1.html,4,Kyzir White,S,1.0,West Virginia,2026-04-01T19:29:44.771Z,66,season_totals,7.5
2018,2018.csv,Jordan Whitehead,3895798,S,Pittsburgh,College Stats,5-11,195.0,,,21.0,,,,Tampa Bay Buccaneers / 4th / 117th pick / 2018,2018,27.0,tampa-bay-buccaneers,S,WhitJo03,15.0,76.0,61.0,15.0,0.0,0.0,0.0,0.0,0.0,0,0.0,0.0,0.0,4.0,3.0,12.0,0.0,,,,,,,,,,,,,,,,,,,,,,,,,,,,,,,,,,,,,,,,,,,,,,,,,,,,,,,,,,,,,,,,,,,,,,,,,,,,,,19,,JR,60,ACC,,2017,0,1,0,0,9,0,0,1,https://www.sports-reference.com/cfb/players/jordan-whitehead-1.html,4,Jordan Whitehead,DB,0.0,Pitt,2026-04-01T19:29:28.381Z,41,season_totals,0.0
2018,2018.csv,Jordan Whitehead,3895798,S,Pittsburgh,College Stats,5-11,195.0,,,21.0,,,,Tampa Bay Buccaneers / 4th / 117th pick / 2018,2019,27.0,tampa-bay-buccaneers,S,WhitJo03,14.0,69.0,50.0,19.0,0.0,0.0,1.0,0.0,1.0,11,11.0,0.0,11.0,9.0,4.0,12.0,0.0,,,,,,,,,,,,,,,,,,,,,,,,,,,,,,,,,,,,,,,,,,,,,,,,,,,,,,,,,,,,,,,,,,,,,,,,,,,,,,19,,JR,60,ACC,,2017,0,1,0,0,9,0,0,1,https://www.sports-reference.com/cfb/players/jordan-whitehead-1.html,4,Jordan Whitehead,DB,0.0,Pitt,2026-04-01T19:29:28.381Z,41,season_totals,0.0
2018,2018.csv,Jordan Whitehead,3895798,S,Pittsburgh,College Stats,5-11,195.0,,,21.0,,,,Tampa Bay Buccaneers / 4th / 117th pick / 2018,2020,27.0,tampa-bay-buccaneers,S,WhitJo03,16.0,74.0,53.0,21.0,2.0,1.0,1.0,0.0,2.0,2,1.0,0.0,2.0,4.0,7.0,22.0,0.0,,,,,,,,,,,,,,,,,,,,,,,,,,,,,,,,,,,,,,,,,,,,,,,,,,,,,,,,,,,,,,,,,,,,,,,,,,,,,,19,,JR,60,ACC,,2017,0,1,0,0,9,0,0,1,https://www.sports-reference.com/cfb/players/jordan-whitehead-1.html,4,Jordan Whitehead,DB,0.0,Pitt,2026-04-01T19:29:28.381Z,41,season_totals,0.0
2018,2018.csv,Jordan Whitehead,3895798,S,Pittsburgh,College Stats,5-11,195.0,,,21.0,,,,Tampa Bay Buccaneers / 4th / 117th pick / 2018,2021,27.0,tampa-bay-buccaneers,S,WhitJo03,14.0,73.0,58.0,15.0,0.0,1.0,0.0,0.0,2.0,24,12.0,0.0,1.0,8.0,8.5,11.0,0.0,,,,,,,,,,,,,,,,,,,,,,,,,,,,,,,,,,,,,,,,,,,,,,,,,,,,,,,,,,,,,,,,,,,,,,,,,,,,,,19,,JR,60,ACC,,2017,0,1,0,0,9,0,0,1,https://www.sports-reference.com/cfb/players/jordan-whitehead-1.html,4,Jordan Whitehead,DB,0.0,Pitt,2026-04-01T19:29:28.381Z,41,season_totals,0.0
2018,2018.csv,Jordan Whitehead,3895798,S,Pittsburgh,College Stats,5-11,195.0,,,21.0,,,,Tampa Bay Buccaneers / 4th / 117th pick / 2018,2022,20.0,new-york-jets,S,WhitJo03,17.0,89.0,58.0,31.0,0.0,0.0,0.0,0.0,2.0,5,2.5,0.0,1.0,8.0,7.0,6.0,0.0,,,,,,,,,,,,,,,,,,,,,,,,,,,,,,,,,,,,,,,,,,,,,,,,,,,,,,,,,,,,,,,,,,,,,,,,,,,,,,19,,JR,60,ACC,,2017,0,1,0,0,9,0,0,1,https://www.sports-reference.com/cfb/players/jordan-whitehead-1.html,4,Jordan Whitehead,DB,0.0,Pitt,2026-04-01T19:29:28.381Z,41,season_totals,0.0
2018,2018.csv,Jordan Whitehead,3895798,S,Pittsburgh,College Stats,5-11,195.0,,,21.0,,,,Tampa Bay Buccaneers / 4th / 117th pick / 2018,2023,20.0,new-york-jets,S,WhitJo03,17.0,97.0,65.0,32.0,0.5,0.0,0.0,0.0,4.0,6,1.5,0.0,6.0,9.0,7.5,6.0,0.0,,,,,,,,,,,,,,,,,,,,,,,,,,,,,,,,,,,,,,,,,,,,,,,,,,,,,,,,,,,,,,,,,,,,,,,,,,,,,,19,,JR,60,ACC,,2017,0,1,0,0,9,0,0,1,https://www.sports-reference.com/cfb/players/jordan-whitehead-1.html,4,Jordan Whitehead,DB,0.0,Pitt,2026-04-01T19:29:28.381Z,41,season_totals,0.0
2018,2018.csv,Jordan Whitehead,3895798,S,Pittsburgh,College Stats,5-11,195.0,,,21.0,,,,Tampa Bay Buccaneers / 4th / 117th pick / 2018,2024,27.0,tampa-bay-buccaneers,S,WhitJo03,12.0,79.0,49.0,30.0,0.0,0.0,0.0,0.0,0.0,0,0.0,0.0,0.0,3.0,7.0,5.0,0.0,,,,,,,,,,,,,,,,,,,,,,,,,,,,,,,,,,,,,,,,,,,,,,,,,,,,,,,,,,,,,,,,,,,,,,,,,,,,,,19,,JR,60,ACC,,2017,0,1,0,0,9,0,0,1,https://www.sports-reference.com/cfb/players/jordan-whitehead-1.html,4,Jordan Whitehead,DB,0.0,Pitt,2026-04-01T19:29:28.381Z,41,season_totals,0.0
2018,2018.csv,Jordan Whitehead,3895798,S,Pittsburgh,College Stats,5-11,195.0,,,21.0,,,,Tampa Bay Buccaneers / 4th / 117th pick / 2018,-1,,,,WhitJo03,105.0,557.0,394.0,163.0,2.5,2.0,2.0,0.0,11.0,48,4.4,0.0,11.0,45.0,44.0,74.0,0.0,,,,,,,,,,,,,,,,,,,,,,,,,,,,,,,,,,,,,,,,,,,,,,,,,,,,,,,,,,,,,,,,,,,,,,,,,,,,,,19,,JR,60,ACC,,2017,0,1,0,0,9,0,0,1,https://www.sports-reference.com/cfb/players/jordan-whitehead-1.html,4,Jordan Whitehead,DB,0.0,Pitt,2026-04-01T19:29:28.381Z,41,season_totals,0.0
2018,2018.csv,Isaac Yiadom,3122797,CB,Boston Col.,College Stats,6-1,190.0,4.52,,8.0,120.0,,4.18,Denver Broncos / 3rd / 99th pick / 2018,2018,7.0,denver-broncos,CB,YiadIs00,13.0,20.0,17.0,3.0,0.0,0.0,0.0,0.0,1.0,4,4.0,0.0,4.0,3.0,0.0,0.0,0.0,,,,,,,,,,,,,,,,,,,,,,,,,,,,,,,,,,,,,,,,,,,,,,,,,,,,,,,,,,,,,,,,,,,,,,,,,,,,,,17,,SR,53,ACC,,2017,0,0,0,0,13,0,30,2,https://www.sports-reference.com/cfb/players/isaac-yiadom-1.html,7,Isaac Yiadom,DB,0.0,Boston College,2026-04-01T19:29:05.325Z,36,season_totals,1.0
2018,2018.csv,Isaac Yiadom,3122797,CB,Boston Col.,College Stats,6-1,190.0,4.52,,8.0,120.0,,4.18,Denver Broncos / 3rd / 99th pick / 2018,2019,7.0,denver-broncos,CB,YiadIs00,16.0,43.0,32.0,11.0,0.0,0.0,0.0,0.0,0.0,0,0.0,0.0,0.0,4.0,1.0,9.0,0.0,,,,,,,,,,,,,,,,,,,,,,,,,,,,,,,,,,,,,,,,,,,,,,,,,,,,,,,,,,,,,,,,,,,,,,,,,,,,,,17,,SR,53,ACC,,2017,0,0,0,0,13,0,30,2,https://www.sports-reference.com/cfb/players/isaac-yiadom-1.html,7,Isaac Yiadom,DB,0.0,Boston College,2026-04-01T19:29:05.325Z,36,season_totals,1.0
2018,2018.csv,Isaac Yiadom,3122797,CB,Boston Col.,College Stats,6-1,190.0,4.52,,8.0,120.0,,4.18,Denver Broncos / 3rd / 99th pick / 2018,2020,19.0,new-york-giants,CB,YiadIs00,16.0,46.0,29.0,17.0,0.5,1.0,0.0,0.0,0.0,0,0.0,0.0,0.0,5.0,1.0,0.0,0.0,,,,,,,,,,,,,,,,,,,,,,,,,,,,,,,,,,,,,,,,,,,,,,,,,,,,,,,,,,,,,,,,,,,,,,,,,,,,,,17,,SR,53,ACC,,2017,0,0,0,0,13,0,30,2,https://www.sports-reference.com/cfb/players/isaac-yiadom-1.html,7,Isaac Yiadom,DB,0.0,Boston College,2026-04-01T19:29:05.325Z,36,season_totals,1.0
2018,2018.csv,Isaac Yiadom,3122797,CB,Boston Col.,College Stats,6-1,190.0,4.52,,8.0,120.0,,4.18,Denver Broncos / 3rd / 99th pick / 2018,2021,9.0,green-bay-packers,CB,YiadIs00,16.0,10.0,9.0,1.0,0.0,0.0,0.0,0.0,0.0,0,0.0,0.0,0.0,0.0,0.0,0.0,0.0,,,,,,,,,,,,,,,,,,,,,,,,,,,,,,,,,,,,,,,,,,,,,,,,,,,,,,,,,,,,,,,,,,,,,,,,,,,,,,17,,SR,53,ACC,,2017,0,0,0,0,13,0,30,2,https://www.sports-reference.com/cfb/players/isaac-yiadom-1.html,7,Isaac Yiadom,DB,0.0,Boston College,2026-04-01T19:29:05.325Z,36,season_totals,1.0
2018,2018.csv,Isaac Yiadom,3122797,CB,Boston Col.,College Stats,6-1,190.0,4.52,,8.0,120.0,,4.18,Denver Broncos / 3rd / 99th pick / 2018,2022,18.0,new-orleans-saints,CB,YiadIs00,6.0,2.0,1.0,1.0,0.0,0.0,0.0,0.0,0.0,0,0.0,0.0,0.0,0.0,0.0,0.0,0.0,,,,,,,,,,,,,,,,,,,,,,,,,,,,,,,,,,,,,,,,,,,,,,,,,,,,,,,,,,,,,,,,,,,,,,,,,,,,,,17,,SR,53,ACC,,2017,0,0,0,0,13,0,30,2,https://www.sports-reference.com/cfb/players/isaac-yiadom-1.html,7,Isaac Yiadom,DB,0.0,Boston College,2026-04-01T19:29:05.325Z,36,season_totals,1.0
2018,2018.csv,Isaac Yiadom,3122797,CB,Boston Col.,College Stats,6-1,190.0,4.52,,8.0,120.0,,4.18,Denver Broncos / 3rd / 99th pick / 2018,2023,18.0,new-orleans-saints,CB,YiadIs00,17.0,37.0,25.0,12.0,0.0,0.0,1.0,0.0,1.0,0,0.0,0.0,0.0,14.0,0.0,0.0,0.0,,,,,,,,,,,,,,,,,,,,,,,,,,,,,,,,,,,,,,,,,,,,,,,,,,,,,,,,,,,,,,,,,,,,,,,,,,,,,,17,,SR,53,ACC,,2017,0,0,0,0,13,0,30,2,https://www.sports-reference.com/cfb/players/isaac-yiadom-1.html,7,Isaac Yiadom,DB,0.0,Boston College,2026-04-01T19:29:05.325Z,36,season_totals,1.0
2018,2018.csv,Isaac Yiadom,3122797,CB,Boston Col.,College Stats,6-1,190.0,4.52,,8.0,120.0,,4.18,Denver Broncos / 3rd / 99th pick / 2018,2024,25.0,san-francisco-49ers,CB,YiadIs00,17.0,46.0,38.0,8.0,0.0,2.0,1.0,0.0,1.0,11,11.0,0.0,11.0,6.0,1.0,0.0,0.0,,,,,,,,,,,,,,,,,,,,,,,,,,,,,,,,,,,,,,,,,,,,,,,,,,,,,,,,,,,,,,,,,,,,,,,,,,,,,,17,,SR,53,ACC,,2017,0,0,0,0,13,0,30,2,https://www.sports-reference.com/cfb/players/isaac-yiadom-1.html,7,Isaac Yiadom,DB,0.0,Boston College,2026-04-01T19:29:05.325Z,36,season_totals,1.0
2018,2018.csv,Isaac Yiadom,3122797,CB,Boston Col.,College Stats,6-1,190.0,4.52,,8.0,120.0,,4.18,Denver Broncos / 3rd / 99th pick / 2018,2025,18.0,new-orleans-saints,CB,YiadIs00,14.0,26.0,19.0,7.0,0.0,0.0,0.0,0.0,0.0,0,0.0,0.0,0.0,0.0,1.0,1.0,0.0,,,,,,,,,,,,,,,,,,,,,,,,,,,,,,,,,,,,,,,,,,,,,,,,,,,,,,,,,,,,,,,,,,,,,,,,,,,,,,17,,SR,53,ACC,,2017,0,0,0,0,13,0,30,2,https://www.sports-reference.com/cfb/players/isaac-yiadom-1.html,7,Isaac Yiadom,DB,0.0,Boston College,2026-04-01T19:29:05.325Z,36,season_totals,1.0
2018,2018.csv,Isaac Yiadom,3122797,CB,Boston Col.,College Stats,6-1,190.0,4.52,,8.0,120.0,,4.18,Denver Broncos / 3rd / 99th pick / 2018,-1,,,,YiadIs00,115.0,230.0,170.0,60.0,0.5,3.0,2.0,0.0,3.0,15,5.0,0.0,11.0,32.0,4.0,10.0,0.0,,,,,,,,,,,,,,,,,,,,,,,,,,,,,,,,,,,,,,,,,,,,,,,,,,,,,,,,,,,,,,,,,,,,,,,,,,,,,,17,,SR,53,ACC,,2017,0,0,0,0,13,0,30,2,https://www.sports-reference.com/cfb/players/isaac-yiadom-1.html,7,Isaac Yiadom,DB,0.0,Boston College,2026-04-01T19:29:05.325Z,36,season_totals,1.0
2019,2019.csv,Johnathan Abram,3728305,S,Mississippi State,College Stats,5-11,205.0,4.45,,,116.0,,,Oakland Raiders / 1st / 27th pick / 2019,2019,13.0,oakland-raiders,S,AbraJo01,1.0,5.0,1.0,4.0,0.0,0.0,0.0,0.0,0.0,0,0.0,0.0,0.0,1.0,0.0,0.0,0.0,,,,,,,,,,,,,,,,,,,,,,,,,,,,,,,,,,,,,,,,,,,,,,,,,,,,,,,,,,,,,,,,,,,,,,,,,,,,,,46,,SR,99,SEC,,2018,1,1,0,6,13,0,9,2,https://www.sports-reference.com/cfb/players/johnathan-abram-1.html,5,Johnathan Abram,S/DB,3.0,Mississippi State,2026-04-01T19:32:08.063Z,53,season_totals,9.0
2019,2019.csv,Johnathan Abram,3728305,S,Mississippi State,College Stats,5-11,205.0,4.45,,,116.0,,,Oakland Raiders / 1st / 27th pick / 2019,2020,13.0,las-vegas-raiders,S,AbraJo01,13.0,86.0,60.0,26.0,0.0,0.0,0.0,0.0,2.0,29,14.5,0.0,24.0,5.0,3.0,6.0,0.0,,,,,,,,,,,,,,,,,,,,,,,,,,,,,,,,,,,,,,,,,,,,,,,,,,,,,,,,,,,,,,,,,,,,,,,,,,,,,,46,,SR,99,SEC,,2018,1,1,0,6,13,0,9,2,https://www.sports-reference.com/cfb/players/johnathan-abram-1.html,5,Johnathan Abram,S/DB,3.0,Mississippi State,2026-04-01T19:32:08.063Z,53,season_totals,9.0
2019,2019.csv,Johnathan Abram,3728305,S,Mississippi State,College Stats,5-11,205.0,4.45,,,116.0,,,Oakland Raiders / 1st / 27th pick / 2019,2021,13.0,las-vegas-raiders,S,AbraJo01,14.0,116.0,64.0,52.0,0.0,0.0,1.0,0.0,1.0,6,6.0,0.0,1.0,4.0,6.5,14.0,0.0,,,,,,,,,,,,,,,,,,,,,,,,,,,,,,,,,,,,,,,,,,,,,,,,,,,,,,,,,,,,,,,,,,,,,,,,,,,,,,46,,SR,99,SEC,,2018,1,1,0,6,13,0,9,2,https://www.sports-reference.com/cfb/players/johnathan-abram-1.html,5,Johnathan Abram,S/DB,3.0,Mississippi State,2026-04-01T19:32:08.063Z,53,season_totals,9.0
2019,2019.csv,Johnathan Abram,3728305,S,Mississippi State,College Stats,5-11,205.0,4.45,,,116.0,,,Oakland Raiders / 1st / 27th pick / 2019,2022,13.0,las-vegas-raiders,S,AbraJo01,8.0,48.0,35.0,13.0,0.0,0.0,0.0,0.0,0.0,0,0.0,0.0,0.0,1.0,0.0,0.0,0.0,,,,,,,,,,,,,,,,,,,,,,,,,,,,,,,,,,,,,,,,,,,,,,,,,,,,,,,,,,,,,,,,,,,,,,,,,,,,,,46,,SR,99,SEC,,2018,1,1,0,6,13,0,9,2,https://www.sports-reference.com/cfb/players/johnathan-abram-1.html,5,Johnathan Abram,S/DB,3.0,Mississippi State,2026-04-01T19:32:08.063Z,53,season_totals,9.0
2019,2019.csv,Johnathan Abram,3728305,S,Mississippi State,College Stats,5-11,205.0,4.45,,,116.0,,,Oakland Raiders / 1st / 27th pick / 2019,2022,9.0,green-bay-packers,S,AbraJo01,2.0,2.0,1.0,1.0,0.0,0.0,0.0,0.0,0.0,0,0.0,0.0,0.0,0.0,0.0,0.0,0.0,,,,,,,,,,,,,,,,,,,,,,,,,,,,,,,,,,,,,,,,,,,,,,,,,,,,,,,,,,,,,,,,,,,,,,,,,,,,,,46,,SR,99,SEC,,2018,1,1,0,6,13,0,9,2,https://www.sports-reference.com/cfb/players/johnathan-abram-1.html,5,Johnathan Abram,S/DB,3.0,Mississippi State,2026-04-01T19:32:08.063Z,53,season_totals,9.0
2019,2019.csv,Johnathan Abram,3728305,S,Mississippi State,College Stats,5-11,205.0,4.45,,,116.0,,,Oakland Raiders / 1st / 27th pick / 2019,2022,26.0,seattle-seahawks,S,AbraJo01,5.0,10.0,6.0,4.0,0.0,0.0,0.0,0.0,0.0,0,0.0,0.0,0.0,2.0,0.0,0.0,0.0,,,,,,,,,,,,,,,,,,,,,,,,,,,,,,,,,,,,,,,,,,,,,,,,,,,,,,,,,,,,,,,,,,,,,,,,,,,,,,46,,SR,99,SEC,,2018,1,1,0,6,13,0,9,2,https://www.sports-reference.com/cfb/players/johnathan-abram-1.html,5,Johnathan Abram,S/DB,3.0,Mississippi State,2026-04-01T19:32:08.063Z,53,season_totals,9.0
2019,2019.csv,Johnathan Abram,3728305,S,Mississippi State,College Stats,5-11,205.0,4.45,,,116.0,,,Oakland Raiders / 1st / 27th pick / 2019,2022,,2022 Totals,S,AbraJo01,15.0,60.0,42.0,18.0,0.0,0.0,0.0,0.0,0.0,0,0.0,0.0,0.0,3.0,0.0,0.0,0.0,,,,,,,,,,,,,,,,,,,,,,,,,,,,,,,,,,,,,,,,,,,,,,,,,,,,,,,,,,,,,,,,,,,,,,,,,,,,,,46,,SR,99,SEC,,2018,1,1,0,6,13,0,9,2,https://www.sports-reference.com/cfb/players/johnathan-abram-1.html,5,Johnathan Abram,S/DB,3.0,Mississippi State,2026-04-01T19:32:08.063Z,53,season_totals,9.0
2019,2019.csv,Johnathan Abram,3728305,S,Mississippi State,College Stats,5-11,205.0,4.45,,,116.0,,,Oakland Raiders / 1st / 27th pick / 2019,2023,18.0,new-orleans-saints,S,AbraJo01,9.0,26.0,14.0,12.0,0.0,1.0,0.0,0.0,1.0,0,0.0,0.0,0.0,1.0,2.0,1.0,0.0,,,,,,,,,,,,,,,,,,,,,,,,,,,,,,,,,,,,,,,,,,,,,,,,,,,,,,,,,,,,,,,,,,,,,,,,,,,,,,46,,SR,99,SEC,,2018,1,1,0,6,13,0,9,2,https://www.sports-reference.com/cfb/players/johnathan-abram-1.html,5,Johnathan Abram,S/DB,3.0,Mississippi State,2026-04-01T19:32:08.063Z,53,season_totals,9.0
2019,2019.csv,Johnathan Abram,3728305,S,Mississippi State,College Stats,5-11,205.0,4.45,,,116.0,,,Oakland Raiders / 1st / 27th pick / 2019,2024,18.0,new-orleans-saints,S,AbraJo01,3.0,18.0,10.0,8.0,0.0,0.0,0.0,0.0,1.0,30,30.0,0.0,30.0,2.0,0.0,0.0,0.0,,,,,,,,,,,,,,,,,,,,,,,,,,,,,,,,,,,,,,,,,,,,,,,,,,,,,,,,,,,,,,,,,,,,,,,,,,,,,,46,,SR,99,SEC,,2018,1,1,0,6,13,0,9,2,https://www.sports-reference.com/cfb/players/johnathan-abram-1.html,5,Johnathan Abram,S/DB,3.0,Mississippi State,2026-04-01T19:32:08.063Z,53,season_totals,9.0
2019,2019.csv,Johnathan Abram,3728305,S,Mississippi State,College Stats,5-11,205.0,4.45,,,116.0,,,Oakland Raiders / 1st / 27th pick / 2019,-1,,,,AbraJo01,55.0,311.0,191.0,120.0,0.0,1.0,1.0,0.0,5.0,65,13.0,0.0,30.0,16.0,11.5,21.0,0.0,,,,,,,,,,,,,,,,,,,,,,,,,,,,,,,,,,,,,,,,,,,,,,,,,,,,,,,,,,,,,,,,,,,,,,,,,,,,,,46,,SR,99,SEC,,2018,1,1,0,6,13,0,9,2,https://www.sports-reference.com/cfb/players/johnathan-abram-1.html,5,Johnathan Abram,S/DB,3.0,Mississippi State,2026-04-01T19:32:08.063Z,53,season_totals,9.0
2019,2019.csv,Ugo Amadi,3886834,S,Oregon,College Stats,5-9,199.0,4.51,32.5,18.0,115.0,7.21,4.19,Seattle Seahawks / 4th / 132nd pick / 2019,2019,26.0,seattle-seahawks,S,AmadUg00,16.0,17.0,13.0,4.0,0.0,0.0,0.0,0.0,0.0,0,0.0,0.0,0.0,0.0,0.0,0.0,0.0,,,,,,,,,,,,,,,,,,,,,,,,,,,,,,,,,,,,,,,,,,,,,,,,,,,,,,,,,,,,,,,,,,,,,,,,,,,,,,12,,SR,55,Pac-12,,2018,1,0,0,0,13,2,70,3,https://www.sports-reference.com/cfb/players/ugo-amadi-1.html,8,Ugo Amadi,CB/DB/S,1.5,Oregon,2026-04-01T19:34:12.394Z,43,season_totals,5.0
2019,2019.csv,Ugo Amadi,3886834,S,Oregon,College Stats,5-9,199.0,4.51,32.5,18.0,115.0,7.21,4.19,Seattle Seahawks / 4th / 132nd pick / 2019,2020,26.0,seattle-seahawks,S,AmadUg00,14.0,54.0,47.0,7.0,0.0,1.0,0.0,0.0,0.0,0,0.0,0.0,0.0,7.0,4.0,11.0,0.0,,,,,,,,,,,,,,,,,,,,,,,,,,,,,,,,,,,,,,,,,,,,,,,,,,,,,,,,,,,,,,,,,,,,,,,,,,,,,,12,,SR,55,Pac-12,,2018,1,0,0,0,13,2,70,3,https://www.sports-reference.com/cfb/players/ugo-amadi-1.html,8,Ugo Amadi,CB/DB/S,1.5,Oregon,2026-04-01T19:34:12.394Z,43,season_totals,5.0
2019,2019.csv,Ugo Amadi,3886834,S,Oregon,College Stats,5-9,199.0,4.51,32.5,18.0,115.0,7.21,4.19,Seattle Seahawks / 4th / 132nd pick / 2019,2021,26.0,seattle-seahawks,S,AmadUg00,17.0,54.0,42.0,12.0,0.0,1.0,0.0,0.0,1.0,12,12.0,0.0,1.0,6.0,2.0,7.0,0.0,,,,,,,,,,,,,,,,,,,,,,,,,,,,,,,,,,,,,,,,,17.0,0,0,0.0,0,0.0,0,0,0,0,39.6,-,,,,,,,,,,,,,,17,0-0,0.0,0-0,0-0,0-0,0-0,0-0,0.0,0.0,0.0,0.0,12,,SR,55,Pac-12,,2018,1,0,0,0,13,2,70,3,https://www.sports-reference.com/cfb/players/ugo-amadi-1.html,8,Ugo Amadi,CB/DB/S,1.5,Oregon,2026-04-01T19:34:12.394Z,43,season_totals,5.0
2019,2019.csv,Ugo Amadi,3886834,S,Oregon,College Stats,5-9,199.0,4.51,32.5,18.0,115.0,7.21,4.19,Seattle Seahawks / 4th / 132nd pick / 2019,2022,10.0,tennessee-titans,S,AmadUg00,2.0,5.0,4.0,1.0,0.0,0.0,0.0,0.0,0.0,0,0.0,0.0,0.0,0.0,0.0,0.0,0.0,,,,,,,,,,,,,,,,,,,,,,,,,,,,,,,,,,,,,,,,,,,,,,,,,,,,,,,,,,,,,,,,,,,,,,,,,,,,,,12,,SR,55,Pac-12,,2018,1,0,0,0,13,2,70,3,https://www.sports-reference.com/cfb/players/ugo-amadi-1.html,8,Ugo Amadi,CB/DB/S,1.5,Oregon,2026-04-01T19:34:12.394Z,43,season_totals,5.0
2019,2019.csv,Ugo Amadi,3886834,S,Oregon,College Stats,5-9,199.0,4.51,32.5,18.0,115.0,7.21,4.19,Seattle Seahawks / 4th / 132nd pick / 2019,2022,12.0,kansas-city-chiefs,S,AmadUg00,1.0,1.0,0.0,1.0,0.0,0.0,0.0,0.0,0.0,0,0.0,0.0,0.0,0.0,0.0,0.0,0.0,,,,,,,,,,,,,,,,,,,,,,,,,,,,,,,,,,,,,,,,,,,,,,,,,,,,,,,,,,,,,,,,,,,,,,,,,,,,,,12,,SR,55,Pac-12,,2018,1,0,0,0,13,2,70,3,https://www.sports-reference.com/cfb/players/ugo-amadi-1.html,8,Ugo Amadi,CB/DB/S,1.5,Oregon,2026-04-01T19:34:12.394Z,43,season_totals,5.0
2019,2019.csv,Ugo Amadi,3886834,S,Oregon,College Stats,5-9,199.0,4.51,32.5,18.0,115.0,7.21,4.19,Seattle Seahawks / 4th / 132nd pick / 2019,2022,,2022 Totals,S,AmadUg00,3.0,6.0,4.0,2.0,0.0,0.0,0.0,0.0,0.0,0,0.0,0.0,0.0,0.0,0.0,0.0,0.0,,,,,,,,,,,,,,,,,,,,,,,,,,,,,,,,,,,,,,,,,,,,,,,,,,,,,,,,,,,,,,,,,,,,,,,,,,,,,,12,,SR,55,Pac-12,,2018,1,0,0,0,13,2,70,3,https://www.sports-reference.com/cfb/players/ugo-amadi-1.html,8,Ugo Amadi,CB/DB/S,1.5,Oregon,2026-04-01T19:34:12.394Z,43,season_totals,5.0
2019,2019.csv,Ugo Amadi,3886834,S,Oregon,College Stats,5-9,199.0,4.51,32.5,18.0,115.0,7.21,4.19,Seattle Seahawks / 4th / 132nd pick / 2019,2023,18.0,new-orleans-saints,S,AmadUg00,17.0,12.0,6.0,6.0,0.0,0.0,0.0,0.0,0.0,0,0.0,0.0,0.0,2.0,0.0,0.0,0.0,,,,,,,,,,,,,,,,,,,,,,,,,,,,,,,,,,,,,,,,,,,,,,,,,,,,,,,,,,,,,,,,,,,,,,,,,,,,,,12,,SR,55,Pac-12,,2018,1,0,0,0,13,2,70,3,https://www.sports-reference.com/cfb/players/ugo-amadi-1.html,8,Ugo Amadi,CB/DB/S,1.5,Oregon,2026-04-01T19:34:12.394Z,43,season_totals,5.0
2019,2019.csv,Ugo Amadi,3886834,S,Oregon,College Stats,5-9,199.0,4.51,32.5,18.0,115.0,7.21,4.19,Seattle Seahawks / 4th / 132nd pick / 2019,2024,18.0,new-orleans-saints,S,AmadUg00,11.0,65.0,52.0,13.0,2.0,0.0,0.0,0.0,0.0,0,0.0,0.0,0.0,7.0,4.0,11.0,0.0,,,,,,,,,,,,,,,,,,,,,,,,,,,,,,,,,,,,,,,,,,,,,,,,,,,,,,,,,,,,,,,,,,,,,,,,,,,,,,12,,SR,55,Pac-12,,2018,1,0,0,0,13,2,70,3,https://www.sports-reference.com/cfb/players/ugo-amadi-1.html,8,Ugo Amadi,CB/DB/S,1.5,Oregon,2026-04-01T19:34:12.394Z,43,season_totals,5.0
2019,2019.csv,Ugo Amadi,3886834,S,Oregon,College Stats,5-9,199.0,4.51,32.5,18.0,115.0,7.21,4.19,Seattle Seahawks / 4th / 132nd pick / 2019,-1,,,,AmadUg00,78.0,208.0,164.0,44.0,2.0,2.0,0.0,0.0,1.0,12,12.0,0.0,1.0,22.0,10.0,29.0,0.0,,,,,,,,,,,,,,,,,,,,,,,,,,,,,,,,,,,,,,,,,78.0,0,0,0.0,0,0.0,0,0,0,0,0.0,-,,,,,,,,,,,,,,78,0-0,0.0,0-0,0-0,0-0,0-0,0-0,0.0,0.0,0.0,0.0,12,,SR,55,Pac-12,,2018,1,0,0,0,13,2,70,3,https://www.sports-reference.com/cfb/players/ugo-amadi-1.html,8,Ugo Amadi,CB/DB/S,1.5,Oregon,2026-04-01T19:34:12.394Z,43,season_totals,5.0
2019,2019.csv,Deandre Baker,3915163,CB,Georgia,College Stats,5-11,193.0,4.52,,14.0,118.0,,,New York Giants / 1st / 30th pick / 2019,2019,19.0,new-york-giants,CB,BakeDe00,16.0,61.0,48.0,13.0,0.0,0.0,0.0,0.0,0.0,0,0.0,0.0,0.0,8.0,2.0,2.0,0.0,,,,,,,,,,,,,,,,,,,,,,,,,,,,,,,,,,,,,,,,,,,,,,,,,,,,,,,,,,,,,,,,,,,,,,,,,,,,,,2,AA,SR,11,SEC,,2018,0,0,0,0,13,0,0,0,https://www.sports-reference.com/cfb/players/deandre-baker-1.html,3,Deandre Baker,CB/DB,0.0,Georgia,2026-04-01T19:31:20.132Z,9,season_totals,1.0
2019,2019.csv,Deandre Baker,3915163,CB,Georgia,College Stats,5-11,193.0,4.52,,14.0,118.0,,,New York Giants / 1st / 30th pick / 2019,2020,12.0,kansas-city-chiefs,CB,BakeDe00,2.0,5.0,4.0,1.0,1.0,0.0,0.0,0.0,0.0,0,0.0,0.0,0.0,1.0,0.0,0.0,0.0,,,,,,,,,,,,,,,,,,,,,,,,,,,,,,,,,,,,,,,,,,,,,,,,,,,,,,,,,,,,,,,,,,,,,,,,,,,,,,2,AA,SR,11,SEC,,2018,0,0,0,0,13,0,0,0,https://www.sports-reference.com/cfb/players/deandre-baker-1.html,3,Deandre Baker,CB/DB,0.0,Georgia,2026-04-01T19:31:20.132Z,9,season_totals,1.0
2019,2019.csv,Deandre Baker,3915163,CB,Georgia,College Stats,5-11,193.0,4.52,,14.0,118.0,,,New York Giants / 1st / 30th pick / 2019,2021,12.0,kansas-city-chiefs,CB,BakeDe00,8.0,16.0,13.0,3.0,0.0,0.0,0.0,0.0,0.0,0,0.0,0.0,0.0,1.0,0.5,0.0,0.0,,,,,,,,,,,,,,,,,,,,,,,,,,,,,,,,,,,,,,,,,,,,,,,,,,,,,,,,,,,,,,,,,,,,,,,,,,,,,,2,AA,SR,11,SEC,,2018,0,0,0,0,13,0,0,0,https://www.sports-reference.com/cfb/players/deandre-baker-1.html,3,Deandre Baker,CB/DB,0.0,Georgia,2026-04-01T19:31:20.132Z,9,season_totals,1.0
2019,2019.csv,Deandre Baker,3915163,CB,Georgia,College Stats,5-11,193.0,4.52,,14.0,118.0,,,New York Giants / 1st / 30th pick / 2019,-1,,,,BakeDe00,26.0,82.0,65.0,17.0,1.0,0.0,0.0,0.0,0.0,0,0.0,0.0,0.0,10.0,2.5,2.0,0.0,,,,,,,,,,,,,,,,,,,,,,,,,,,,,,,,,,,,,,,,,,,,,,,,,,,,,,,,,,,,,,,,,,,,,,,,,,,,,,2,AA,SR,11,SEC,,2018,0,0,0,0,13,0,0,0,https://www.sports-reference.com/cfb/players/deandre-baker-1.html,3,Deandre Baker,CB/DB,0.0,Georgia,2026-04-01T19:31:20.132Z,9,season_totals,1.0
2019,2019.csv,Marquise Blair,4243244,S,Utah,College Stats,6-1,195.0,4.48,35.0,,125.0,,,Seattle Seahawks / 2nd / 47th pick / 2019,2019,26.0,seattle-seahawks,S,BlaiMa01,14.0,32.0,24.0,8.0,0.0,2.0,0.0,0.0,0.0,0,0.0,0.0,0.0,1.0,1.0,1.0,0.0,,,,,,,,,,,,,,,,,,,,,,,,,,,,,,,,,,,,,,,,,,,,,,,,,,,,,,,,,,,,,,,,,,,,,,,,,,,,,,15,,SR,59,Pac-12,,2018,1,0,0,0,14,0,5,2,https://www.sports-reference.com/cfb/players/marquise-blair-1.html,2,Marquise Blair,DB,0.0,Utah,2026-04-01T19:33:07.324Z,44,season_totals,2.0
2019,2019.csv,Marquise Blair,4243244,S,Utah,College Stats,6-1,195.0,4.48,35.0,,125.0,,,Seattle Seahawks / 2nd / 47th pick / 2019,2020,26.0,seattle-seahawks,S,BlaiMa01,2.0,8.0,5.0,3.0,0.0,1.0,0.0,0.0,0.0,0,0.0,0.0,0.0,0.0,0.0,0.0,0.0,,,,,,,,,,,,,,,,,,,,,,,,,,,,,,,,,,,,,,,,,,,,,,,,,,,,,,,,,,,,,,,,,,,,,,,,,,,,,,15,,SR,59,Pac-12,,2018,1,0,0,0,14,0,5,2,https://www.sports-reference.com/cfb/players/marquise-blair-1.html,2,Marquise Blair,DB,0.0,Utah,2026-04-01T19:33:07.324Z,44,season_totals,2.0
2019,2019.csv,Marquise Blair,4243244,S,Utah,College Stats,6-1,195.0,4.48,35.0,,125.0,,,Seattle Seahawks / 2nd / 47th pick / 2019,2021,26.0,seattle-seahawks,S,BlaiMa01,6.0,9.0,5.0,4.0,0.0,0.0,0.0,0.0,0.0,0,0.0,0.0,0.0,2.0,1.0,3.0,0.0,,,,,,,,,,,,,,,,,,,,,,,,,,,,,,,,,,,,,,,,,,,,,,,,,,,,,,,,,,,,,,,,,,,,,,,,,,,,,,15,,SR,59,Pac-12,,2018,1,0,0,0,14,0,5,2,https://www.sports-reference.com/cfb/players/marquise-blair-1.html,2,Marquise Blair,DB,0.0,Utah,2026-04-01T19:33:07.324Z,44,season_totals,2.0
2019,2019.csv,Marquise Blair,4243244,S,Utah,College Stats,6-1,195.0,4.48,35.0,,125.0,,,Seattle Seahawks / 2nd / 47th pick / 2019,2022,29.0,carolina-panthers,S,BlaiMa01,3.0,1.0,0.0,1.0,0.0,0.0,0.0,0.0,0.0,0,0.0,0.0,0.0,0.0,0.0,0.0,0.0,,,,,,,,,,,,,,,,,,,,,,,,,,,,,,,,,,,,,,,,,,,,,,,,,,,,,,,,,,,,,,,,,,,,,,,,,,,,,,15,,SR,59,Pac-12,,2018,1,0,0,0,14,0,5,2,https://www.sports-reference.com/cfb/players/marquise-blair-1.html,2,Marquise Blair,DB,0.0,Utah,2026-04-01T19:33:07.324Z,44,season_totals,2.0
2019,2019.csv,Marquise Blair,4243244,S,Utah,College Stats,6-1,195.0,4.48,35.0,,125.0,,,Seattle Seahawks / 2nd / 47th pick / 2019,2024,26.0,seattle-seahawks,S,BlaiMa01,1.0,2.0,2.0,0.0,0.0,0.0,0.0,0.0,0.0,0,0.0,0.0,0.0,0.0,0.0,0.0,0.0,,,,,,,,,,,,,,,,,,,,,,,,,,,,,,,,,,,,,,,,,,,,,,,,,,,,,,,,,,,,,,,,,,,,,,,,,,,,,,15,,SR,59,Pac-12,,2018,1,0,0,0,14,0,5,2,https://www.sports-reference.com/cfb/players/marquise-blair-1.html,2,Marquise Blair,DB,0.0,Utah,2026-04-01T19:33:07.324Z,44,season_totals,2.0
2019,2019.csv,Marquise Blair,4243244,S,Utah,College Stats,6-1,195.0,4.48,35.0,,125.0,,,Seattle Seahawks / 2nd / 47th pick / 2019,-1,,,,BlaiMa01,26.0,52.0,36.0,16.0,0.0,3.0,0.0,0.0,0.0,0,0.0,0.0,0.0,3.0,2.0,4.0,0.0,,,,,,,,,,,,,,,,,,,,,,,,,,,,,,,,,,,,,,,,,,,,,,,,,,,,,,,,,,,,,,,,,,,,,,,,,,,,,,15,,SR,59,Pac-12,,2018,1,0,0,0,14,0,5,2,https://www.sports-reference.com/cfb/players/marquise-blair-1.html,2,Marquise Blair,DB,0.0,Utah,2026-04-01T19:33:07.324Z,44,season_totals,2.0
2019,2019.csv,Kris Boyd,3929845,CB,Texas,College Stats,5-11,201.0,4.45,36.5,19.0,127.0,6.94,4.08,Minnesota Vikings / 7th / 217th pick / 2019,2019,16.0,minnesota-vikings,CB,BoydKr00,16.0,22.0,20.0,2.0,0.0,0.0,0.0,0.0,0.0,0,0.0,0.0,0.0,1.0,2.0,5.0,0.0,,,,,,,,,,,,,,,,,,,,,,,,,,,,,,,,,,,,,,,,,,,,,,,,,,,,,,,,,,,,,,,,,,,,,,,,,,,,,,18,,SR,67,Big 12,,2018,1,1,0,0,14,0,0,1,https://www.sports-reference.com/cfb/players/kris-boyd-1.html,16,Kris Boyd,CB/DB,1.0,Texas,2026-04-01T19:32:55.205Z,49,season_totals,4.5
2019,2019.csv,Kris Boyd,3929845,CB,Texas,College Stats,5-11,201.0,4.45,36.5,19.0,127.0,6.94,4.08,Minnesota Vikings / 7th / 217th pick / 2019,2020,16.0,minnesota-vikings,CB,BoydKr00,10.0,34.0,24.0,10.0,0.0,1.0,0.0,0.0,0.0,0,0.0,0.0,0.0,2.0,1.0,1.0,0.0,,,,,,,,,,,,,,,,,,,,,,,,,,,,,,,,,,,,,,,,,,,,,,,,,,,,,,,,,,,,,,,,,,,,,,,,,,,,,,18,,SR,67,Big 12,,2018,1,1,0,0,14,0,0,1,https://www.sports-reference.com/cfb/players/kris-boyd-1.html,16,Kris Boyd,CB/DB,1.0,Texas,2026-04-01T19:32:55.205Z,49,season_totals,4.5
2019,2019.csv,Kris Boyd,3929845,CB,Texas,College Stats,5-11,201.0,4.45,36.5,19.0,127.0,6.94,4.08,Minnesota Vikings / 7th / 217th pick / 2019,2021,16.0,minnesota-vikings,CB,BoydKr00,15.0,26.0,21.0,5.0,0.0,0.0,1.0,0.0,0.0,0,0.0,0.0,0.0,0.0,0.0,2.0,0.0,,,,,,,,,,,,,,,,,,,,,,,,,,,,,,,,,,,,,,,,,,,,,,,,,,,,,,,,,,,,,,,,,,,,,,,,,,,,,,18,,SR,67,Big 12,,2018,1,1,0,0,14,0,0,1,https://www.sports-reference.com/cfb/players/kris-boyd-1.html,16,Kris Boyd,CB/DB,1.0,Texas,2026-04-01T19:32:55.205Z,49,season_totals,4.5
2019,2019.csv,Kris Boyd,3929845,CB,Texas,College Stats,5-11,201.0,4.45,36.5,19.0,127.0,6.94,4.08,Minnesota Vikings / 7th / 217th pick / 2019,2022,16.0,minnesota-vikings,CB,BoydKr00,17.0,13.0,8.0,5.0,0.0,1.0,1.0,0.0,0.0,0,0.0,0.0,0.0,0.0,0.0,0.0,0.0,,,,,,,,,,,,,,,,,,,,,,,,,,,,,,,,,,,,,,,,,,,,,,,,,,,,,,,,,,,,,,,,,,,,,,,,,,,,,,18,,SR,67,Big 12,,2018,1,1,0,0,14,0,0,1,https://www.sports-reference.com/cfb/players/kris-boyd-1.html,16,Kris Boyd,CB/DB,1.0,Texas,2026-04-01T19:32:55.205Z,49,season_totals,4.5
2019,2019.csv,Kris Boyd,3929845,CB,Texas,College Stats,5-11,201.0,4.45,36.5,19.0,127.0,6.94,4.08,Minnesota Vikings / 7th / 217th pick / 2019,2023,22.0,arizona-cardinals,CB,BoydKr00,4.0,2.0,1.0,1.0,0.0,0.0,0.0,0.0,0.0,0,0.0,0.0,0.0,0.0,0.0,0.0,0.0,,,,,,,,,,,,,,,,,,,,,,,,,,,,,,,,,,,,,,,,,,,,,,,,,,,,,,,,,,,,,,,,,,,,,,,,,,,,,,18,,SR,67,Big 12,,2018,1,1,0,0,14,0,0,1,https://www.sports-reference.com/cfb/players/kris-boyd-1.html,16,Kris Boyd,CB/DB,1.0,Texas,2026-04-01T19:32:55.205Z,49,season_totals,4.5
2019,2019.csv,Kris Boyd,3929845,CB,Texas,College Stats,5-11,201.0,4.45,36.5,19.0,127.0,6.94,4.08,Minnesota Vikings / 7th / 217th pick / 2019,2024,34.0,houston-texans,CB,BoydKr00,17.0,8.0,5.0,3.0,0.0,0.0,1.0,0.0,0.0,0,0.0,0.0,0.0,0.0,0.0,0.0,0.0,,,,,,,,,,,,,,,,,,,,,,,,,,,,,,,,,,,,,,,,,,,,,,,,,,,,,,,,,,,,,,,,,,,,,,,,,,,,,,18,,SR,67,Big 12,,2018,1,1,0,0,14,0,0,1,https://www.sports-reference.com/cfb/players/kris-boyd-1.html,16,Kris Boyd,CB/DB,1.0,Texas,2026-04-01T19:32:55.205Z,49,season_totals,4.5
2019,2019.csv,Kris Boyd,3929845,CB,Texas,College Stats,5-11,201.0,4.45,36.5,19.0,127.0,6.94,4.08,Minnesota Vikings / 7th / 217th pick / 2019,-1,,,,BoydKr00,79.0,105.0,79.0,26.0,0.0,2.0,3.0,0.0,0.0,0,0.0,0.0,0.0,3.0,3.0,8.0,0.0,,,,,,,,,,,,,,,,,,,,,,,,,,,,,,,,,,,,,,,,,,,,,,,,,,,,,,,,,,,,,,,,,,,,,,,,,,,,,,18,,SR,67,Big 12,,2018,1,1,0,0,14,0,0,1,https://www.sports-reference.com/cfb/players/kris-boyd-1.html,16,Kris Boyd,CB/DB,1.0,Texas,2026-04-01T19:32:55.205Z,49,season_totals,4.5
2019,2019.csv,Xavier Crawford,3860287,CB,Central Michigan,College Stats,5-11,187.0,4.48,37.5,11.0,,,,Houston Texans / 6th / 195th pick / 2019,2019,34.0,houston-texans,CB,CrawXa00,4.0,2.0,1.0,1.0,0.0,0.0,0.0,0.0,0.0,0,0.0,0.0,0.0,0.0,0.0,0.0,0.0,,,,,,,,,,,,,,,,,,,,,,,,,,,,,,,,,,,,,,,,,,,,,,,,,,,,,,,,,,,,,,,,,,,,,,,,,,,,,,6,,JR,24,MAC,,2018,0,2,0,0,11,0,0,1,https://www.sports-reference.com/cfb/players/xavier-crawford-2.html,12,Xavier Crawford,CB/DB,0.0,Central Michigan,2026-04-01T20:02:22.229Z,18,season_totals,3.0
2019,2019.csv,Xavier Crawford,3860287,CB,Central Michigan,College Stats,5-11,187.0,4.48,37.5,11.0,,,,Houston Texans / 6th / 195th pick / 2019,2020,3.0,chicago-bears,CB,CrawXa00,3.0,4.0,2.0,2.0,0.0,0.0,0.0,0.0,0.0,0,0.0,0.0,0.0,0.0,0.0,0.0,0.0,,,,,,,,,,,,,,,,,,,,,,,,,,,,,,,,,,,,,,,,,,,,,,,,,,,,,,,,,,,,,,,,,,,,,,,,,,,,,,6,,JR,24,MAC,,2018,0,2,0,0,11,0,0,1,https://www.sports-reference.com/cfb/players/xavier-crawford-2.html,12,Xavier Crawford,CB/DB,0.0,Central Michigan,2026-04-01T20:02:22.229Z,18,season_totals,3.0
2019,2019.csv,Xavier Crawford,3860287,CB,Central Michigan,College Stats,5-11,187.0,4.48,37.5,11.0,,,,Houston Texans / 6th / 195th pick / 2019,2021,3.0,chicago-bears,CB,CrawXa00,13.0,15.0,11.0,4.0,0.0,0.0,0.0,0.0,0.0,0,0.0,0.0,0.0,0.0,0.0,0.0,0.0,,,,,,,,,,,,,,,,,,,,,,,,,,,,,,,,,,,,,,,,,,,,,,,,,,,,,,,,,,,,,,,,,,,,,,,,,,,,,,6,,JR,24,MAC,,2018,0,2,0,0,11,0,0,1,https://www.sports-reference.com/cfb/players/xavier-crawford-2.html,12,Xavier Crawford,CB/DB,0.0,Central Michigan,2026-04-01T20:02:22.229Z,18,season_totals,3.0
2019,2019.csv,Xavier Crawford,3860287,CB,Central Michigan,College Stats,5-11,187.0,4.48,37.5,11.0,,,,Houston Texans / 6th / 195th pick / 2019,2022,26.0,seattle-seahawks,CB,CrawXa00,6.0,3.0,2.0,1.0,0.0,0.0,0.0,0.0,0.0,0,0.0,0.0,0.0,0.0,0.0,0.0,0.0,,,,,,,,,,,,,,,,,,,,,,,,,,,,,,6,1.0,0,0.0,0.0,0.0,0.0,0,0.0,0.0,0.0,6.0,0,0,0.0,0,0.0,0,0,0,0,39.6,-,,,,,,,,,,,,,,,,,,,,,,,,,,6,,JR,24,MAC,,2018,0,2,0,0,11,0,0,1,https://www.sports-reference.com/cfb/players/xavier-crawford-2.html,12,Xavier Crawford,CB/DB,0.0,Central Michigan,2026-04-01T20:02:22.229Z,18,season_totals,3.0
2019,2019.csv,Xavier Crawford,3860287,CB,Central Michigan,College Stats,5-11,187.0,4.48,37.5,11.0,,,,Houston Texans / 6th / 195th pick / 2019,-1,,,,CrawXa00,26.0,24.0,16.0,8.0,0.0,0.0,0.0,0.0,0.0,0,0.0,0.0,0.0,0.0,0.0,0.0,0.0,,,,,,,,,,,,,,,,,,,,,,,,,,,,,,26,1.0,0,0.0,0.0,0.0,0.0,0,0.0,0.0,0.0,26.0,0,0,0.0,0,0.0,0,0,0,0,0.0,-,,,,,,,,,,,,,,,,,,,,,,,,,,6,,JR,24,MAC,,2018,0,2,0,0,11,0,0,1,https://www.sports-reference.com/cfb/players/xavier-crawford-2.html,12,Xavier Crawford,CB/DB,0.0,Central Michigan,2026-04-01T20:02:22.229Z,18,season_totals,3.0
2019,2019.csv,Jamel Dean,3873935,CB,Auburn,College Stats,6-1,206.0,4.3,41.0,16.0,130.0,7.02,4.19,Tampa Bay Buccaneers / 3rd / 94th pick / 2019,2019,27.0,tampa-bay-buccaneers,CB,DeanJa00,13.0,21.0,16.0,5.0,0.0,0.0,0.0,0.0,2.0,31,15.5,0.0,31.0,17.0,1.0,2.0,0.0,,,,,,,,,,,,,,,,,,,,,,,,,,,,,,13,1.0,0,0.0,0.0,0.0,0.0,0,0.0,0.0,0.0,13.0,0,0,0.0,0,0.0,0,0,0,0,39.6,-,,,,,,,,,,,,,,,,,,,,,,,,,,9,,JR,30,SEC,,2018,0,1,0,0,12,0,0,2,https://www.sports-reference.com/cfb/players/jamel-dean-1.html,9,Jamel Dean,DB,1.0,Auburn,2026-04-01T19:31:50.151Z,21,season_totals,2.0
2019,2019.csv,Jamel Dean,3873935,CB,Auburn,College Stats,6-1,206.0,4.3,41.0,16.0,130.0,7.02,4.19,Tampa Bay Buccaneers / 3rd / 94th pick / 2019,2020,27.0,tampa-bay-buccaneers,CB,DeanJa00,14.0,62.0,51.0,11.0,0.0,0.0,0.0,0.0,1.0,32,32.0,1.0,32.0,7.0,2.0,3.0,0.0,14,0.0,0.0,0.0,1.0,1.0,0.0,0.0,0.0,6.0,,,,,,,,,,,,,,,,,,,,,,,,,,,,,,,,,,,,,,,,,,,,,,,,,,,,,,,,,,,,,,,,,,,,9,,JR,30,SEC,,2018,0,1,0,0,12,0,0,2,https://www.sports-reference.com/cfb/players/jamel-dean-1.html,9,Jamel Dean,DB,1.0,Auburn,2026-04-01T19:31:50.151Z,21,season_totals,2.0
2019,2019.csv,Jamel Dean,3873935,CB,Auburn,College Stats,6-1,206.0,4.3,41.0,16.0,130.0,7.02,4.19,Tampa Bay Buccaneers / 3rd / 94th pick / 2019,2021,27.0,tampa-bay-buccaneers,CB,DeanJa00,15.0,53.0,44.0,9.0,0.0,0.0,0.0,0.0,2.0,6,3.0,0.0,1.0,9.0,3.0,3.0,0.0,,,,,,,,,,,,,,,,,,,,,,,,,,,,,,,,,,,,,,,,,,,,,,,,,,,,,,,,,,,,,,,,,,,,,,,,,,,,,,9,,JR,30,SEC,,2018,0,1,0,0,12,0,0,2,https://www.sports-reference.com/cfb/players/jamel-dean-1.html,9,Jamel Dean,DB,1.0,Auburn,2026-04-01T19:31:50.151Z,21,season_totals,2.0
2019,2019.csv,Jamel Dean,3873935,CB,Auburn,College Stats,6-1,206.0,4.3,41.0,16.0,130.0,7.02,4.19,Tampa Bay Buccaneers / 3rd / 94th pick / 2019,2022,27.0,tampa-bay-buccaneers,CB,DeanJa00,15.0,57.0,45.0,12.0,0.0,0.0,0.0,0.0,2.0,24,12.0,0.0,1.0,8.0,0.0,1.0,0.0,,,,,,,,,,,,,,,,,,,,,,,,,,,,,,,,,,,,,,,,,,,,,,,,,,,,,,,,,,,,,,,,,,,,,,,,,,,,,,9,,JR,30,SEC,,2018,0,1,0,0,12,0,0,2,https://www.sports-reference.com/cfb/players/jamel-dean-1.html,9,Jamel Dean,DB,1.0,Auburn,2026-04-01T19:31:50.151Z,21,season_totals,2.0
2019,2019.csv,Jamel Dean,3873935,CB,Auburn,College Stats,6-1,206.0,4.3,41.0,16.0,130.0,7.02,4.19,Tampa Bay Buccaneers / 3rd / 94th pick / 2019,2023,27.0,tampa-bay-buccaneers,CB,DeanJa00,13.0,61.0,46.0,15.0,0.0,0.0,2.0,7.0,0.0,0,0.0,0.0,0.0,4.0,3.0,0.0,0.0,,,,,,,,,,,,,,,,,,,,,,,,,,,,,,,,,,,,,,,,,,,,,,,,,,,,,,,,,,,,,,,,,,,,,,,,,,,,,,9,,JR,30,SEC,,2018,0,1,0,0,12,0,0,2,https://www.sports-reference.com/cfb/players/jamel-dean-1.html,9,Jamel Dean,DB,1.0,Auburn,2026-04-01T19:31:50.151Z,21,season_totals,2.0
2019,2019.csv,Jamel Dean,3873935,CB,Auburn,College Stats,6-1,206.0,4.3,41.0,16.0,130.0,7.02,4.19,Tampa Bay Buccaneers / 3rd / 94th pick / 2019,2024,27.0,tampa-bay-buccaneers,CB,DeanJa00,12.0,59.0,45.0,14.0,0.0,1.0,0.0,0.0,1.0,0,0.0,0.0,0.0,7.0,0.5,0.0,0.0,,,,,,,,,,,,,,,,,,,,,,,,,,,,,,,,,,,,,,,,,,,,,,,,,,,,,,,,,,,,,,,,,,,,,,,,,,,,,,9,,JR,30,SEC,,2018,0,1,0,0,12,0,0,2,https://www.sports-reference.com/cfb/players/jamel-dean-1.html,9,Jamel Dean,DB,1.0,Auburn,2026-04-01T19:31:50.151Z,21,season_totals,2.0
2019,2019.csv,Jamel Dean,3873935,CB,Auburn,College Stats,6-1,206.0,4.3,41.0,16.0,130.0,7.02,4.19,Tampa Bay Buccaneers / 3rd / 94th pick / 2019,2025,27.0,tampa-bay-buccaneers,CB,DeanJa00,14.0,46.0,38.0,8.0,1.0,2.0,0.0,0.0,3.0,74,24.7,1.0,55.0,9.0,0.0,0.0,0.0,,,,,,,,,,,,,,,,,,,,,,,,,,,,,,,,,,,,,,,,,,,,,,,,,,,,,,,,,,,,,,,,,,,,,,,,,,,,,,9,,JR,30,SEC,,2018,0,1,0,0,12,0,0,2,https://www.sports-reference.com/cfb/players/jamel-dean-1.html,9,Jamel Dean,DB,1.0,Auburn,2026-04-01T19:31:50.151Z,21,season_totals,2.0
2019,2019.csv,Jamel Dean,3873935,CB,Auburn,College Stats,6-1,206.0,4.3,41.0,16.0,130.0,7.02,4.19,Tampa Bay Buccaneers / 3rd / 94th pick / 2019,-1,,,,DeanJa00,96.0,359.0,285.0,74.0,1.0,3.0,2.0,7.0,11.0,167,15.2,2.0,55.0,61.0,9.5,9.0,0.0,96,0.0,0.0,0.0,1.0,1.0,0.0,0.0,0.0,6.0,,,,,,,,,,,,,,,,,,,,96,1.0,0,0.0,0.0,0.0,0.0,0,0.0,0.0,0.0,96.0,0,0,0.0,0,0.0,0,0,0,0,0.0,-,,,,,,,,,,,,,,,,,,,,,,,,,,9,,JR,30,SEC,,2018,0,1,0,0,12,0,0,2,https://www.sports-reference.com/cfb/players/jamel-dean-1.html,9,Jamel Dean,DB,1.0,Auburn,2026-04-01T19:31:50.151Z,21,season_totals,2.0
2019,2019.csv,Rashad Fenton,3924364,CB,South Carolina,College Stats,5-11,193.0,4.52,34.0,12.0,117.0,,4.25,Kansas City Chiefs / 6th / 201st pick / 2019,2019,12.0,kansas-city-chiefs,CB,FentRa00,12.0,15.0,11.0,4.0,0.0,1.0,0.0,0.0,1.0,0,0.0,0.0,0.0,4.0,0.0,0.0,0.0,,,,,,,,,,,,,,,,,,,,,,,,,,,,,,,,,,,,,,,,,,,,,,,,,,,,,,,,,,,,,,,,,,,,,,,,,,,,,,9,,SR,34,SEC,,2018,0,0,0,0,13,0,16,3,https://www.sports-reference.com/cfb/players/rashad-fenton-1.html,6,Rashad Fenton,CB/DB,0.0,South Carolina,2026-04-01T19:33:35.849Z,25,season_totals,2.5
2019,2019.csv,Rashad Fenton,3924364,CB,South Carolina,College Stats,5-11,193.0,4.52,34.0,12.0,117.0,,4.25,Kansas City Chiefs / 6th / 201st pick / 2019,2020,12.0,kansas-city-chiefs,CB,FentRa00,16.0,35.0,27.0,8.0,0.0,0.0,0.0,0.0,1.0,31,31.0,0.0,31.0,7.0,1.0,1.0,0.0,,,,,,,,,,,,,,,,,,,,,,,,,,,,,,16,0.0,0,0.0,0.0,0.0,3.0,89,0.0,0.0,44.0,,,,,,,,,,,,,,,,,,,,,,,,,,,,,,,,,,,,,,9,,SR,34,SEC,,2018,0,0,0,0,13,0,16,3,https://www.sports-reference.com/cfb/players/rashad-fenton-1.html,6,Rashad Fenton,CB/DB,0.0,South Carolina,2026-04-01T19:33:35.849Z,25,season_totals,2.5
2019,2019.csv,Rashad Fenton,3924364,CB,South Carolina,College Stats,5-11,193.0,4.52,34.0,12.0,117.0,,4.25,Kansas City Chiefs / 6th / 201st pick / 2019,2021,12.0,kansas-city-chiefs,CB,FentRa00,14.0,49.0,39.0,10.0,0.0,1.0,0.0,0.0,0.0,0,0.0,0.0,0.0,7.0,0.5,0.0,0.0,,,,,,,,,,,,,,,,,,,,,,,,,,,,,,,,,,,,,,,,,,,,,,,,,,,,,,,,,,,,,,,,,,,,,,,,,,,,,,9,,SR,34,SEC,,2018,0,0,0,0,13,0,16,3,https://www.sports-reference.com/cfb/players/rashad-fenton-1.html,6,Rashad Fenton,CB/DB,0.0,South Carolina,2026-04-01T19:33:35.849Z,25,season_totals,2.5
2019,2019.csv,Rashad Fenton,3924364,CB,South Carolina,College Stats,5-11,193.0,4.52,34.0,12.0,117.0,,4.25,Kansas City Chiefs / 6th / 201st pick / 2019,2022,12.0,kansas-city-chiefs,CB,FentRa00,5.0,24.0,18.0,6.0,0.0,0.0,0.0,0.0,0.0,0,0.0,0.0,0.0,2.0,0.0,0.0,0.0,,,,,,,,,,,,,,,,,,,,,,,,,,,,,,,,,,,,,,,,,,,,,,,,,,,,,,,,,,,,,,,,,,,,,,,,,,,,,,9,,SR,34,SEC,,2018,0,0,0,0,13,0,16,3,https://www.sports-reference.com/cfb/players/rashad-fenton-1.html,6,Rashad Fenton,CB/DB,0.0,South Carolina,2026-04-01T19:33:35.849Z,25,season_totals,2.5
2019,2019.csv,Rashad Fenton,3924364,CB,South Carolina,College Stats,5-11,193.0,4.52,34.0,12.0,117.0,,4.25,Kansas City Chiefs / 6th / 201st pick / 2019,2022,1.0,atlanta-falcons,CB,FentRa00,2.0,4.0,3.0,1.0,0.0,0.0,0.0,0.0,0.0,0,0.0,0.0,0.0,0.0,0.0,0.0,0.0,,,,,,,,,,,,,,,,,,,,,,,,,,,,,,,,,,,,,,,,,,,,,,,,,,,,,,,,,,,,,,,,,,,,,,,,,,,,,,9,,SR,34,SEC,,2018,0,0,0,0,13,0,16,3,https://www.sports-reference.com/cfb/players/rashad-fenton-1.html,6,Rashad Fenton,CB/DB,0.0,South Carolina,2026-04-01T19:33:35.849Z,25,season_totals,2.5
2019,2019.csv,Rashad Fenton,3924364,CB,South Carolina,College Stats,5-11,193.0,4.52,34.0,12.0,117.0,,4.25,Kansas City Chiefs / 6th / 201st pick / 2019,2022,,2022 Totals,CB,FentRa00,7.0,28.0,21.0,7.0,0.0,0.0,0.0,0.0,0.0,0,0.0,0.0,0.0,2.0,0.0,0.0,0.0,,,,,,,,,,,,,,,,,,,,,,,,,,,,,,,,,,,,,,,,,,,,,,,,,,,,,,,,,,,,,,,,,,,,,,,,,,,,,,9,,SR,34,SEC,,2018,0,0,0,0,13,0,16,3,https://www.sports-reference.com/cfb/players/rashad-fenton-1.html,6,Rashad Fenton,CB/DB,0.0,South Carolina,2026-04-01T19:33:35.849Z,25,season_totals,2.5
2019,2019.csv,Rashad Fenton,3924364,CB,South Carolina,College Stats,5-11,193.0,4.52,34.0,12.0,117.0,,4.25,Kansas City Chiefs / 6th / 201st pick / 2019,-1,,,,FentRa00,49.0,127.0,98.0,29.0,0.0,2.0,0.0,0.0,2.0,31,15.5,0.0,31.0,20.0,1.5,1.0,0.0,,,,,,,,,,,,,,,,,,,,,,,,,,,,,,49,0.0,0,0.0,0.0,0.0,3.0,89,0.0,0.0,44.0,,,,,,,,,,,,,,,,,,,,,,,,,,,,,,,,,,,,,,9,,SR,34,SEC,,2018,0,0,0,0,13,0,16,3,https://www.sports-reference.com/cfb/players/rashad-fenton-1.html,6,Rashad Fenton,CB/DB,0.0,South Carolina,2026-04-01T19:33:35.849Z,25,season_totals,2.5
2019,2019.csv,Saquan Hampton,3127367,S,Rutgers,College Stats,6-1,206.0,4.48,,14.0,125.0,,,New Orleans Saints / 6th / 177th pick / 2019,2019,18.0,new-orleans-saints,S,HampSa00,5.0,1.0,1.0,0.0,0.0,0.0,0.0,0.0,0.0,0,0.0,0.0,0.0,0.0,1.0,1.0,0.0,,,,,,,,,,,,,,,,,,,,,,,,,,,,,,,,,,,,,,,,,,,,,,,,,,,,,,,,,,,,,,,,,,,,,,,,,,,,,,21,,SR,65,Big Ten,,2018,0,1,0,0,12,0,3,3,https://www.sports-reference.com/cfb/players/saquan-hampton-1.html,13,Saquan Hampton,DB,0.0,Rutgers,2026-04-01T19:33:48.020Z,44,season_totals,3.0
2019,2019.csv,Saquan Hampton,3127367,S,Rutgers,College Stats,6-1,206.0,4.48,,14.0,125.0,,,New Orleans Saints / 6th / 177th pick / 2019,-1,,,,HampSa00,5.0,1.0,1.0,0.0,0.0,0.0,0.0,0.0,0.0,0,0.0,0.0,0.0,0.0,1.0,1.0,0.0,,,,,,,,,,,,,,,,,,,,,,,,,,,,,,,,,,,,,,,,,,,,,,,,,,,,,,,,,,,,,,,,,,,,,,,,,,,,,,21,,SR,65,Big Ten,,2018,0,1,0,0,12,0,3,3,https://www.sports-reference.com/cfb/players/saquan-hampton-1.html,13,Saquan Hampton,DB,0.0,Rutgers,2026-04-01T19:33:48.020Z,44,season_totals,3.0
2019,2019.csv,Will Harris,3915297,S,Boston Col.,College Stats,6-1,207.0,4.41,36.5,20.0,123.0,6.91,4.12,Detroit Lions / 3rd / 81st pick / 2019,2019,8.0,detroit-lions,S,HarrWi02,16.0,43.0,30.0,13.0,1.0,0.0,0.0,0.0,0.0,0,0.0,0.0,0.0,3.0,0.0,0.0,0.0,,,,,,,,,,,,,,,,,,,,,,,,,,,,,,,,,,,,,,,,,,,,,,,,,,,,,,,,,,,,,,,,,,,,,,,,,,,,,,32,,SR,69,Pac-10,,2009,1,0,0,0,13,1,62,4,https://www.sports-reference.com/cfb/players/will-harris-1.html,0,Will Harris,DB,0.0,USC,2026-04-01T20:10:56.463Z,37,season_totals,3.5
2019,2019.csv,Will Harris,3915297,S,Boston Col.,College Stats,6-1,207.0,4.41,36.5,20.0,123.0,6.91,4.12,Detroit Lions / 3rd / 81st pick / 2019,2020,8.0,detroit-lions,S,HarrWi02,16.0,35.0,26.0,9.0,0.0,0.0,0.0,0.0,0.0,0,0.0,0.0,0.0,1.0,0.0,0.0,0.0,,,,,,,,,,,,,,,,,,,,,,,,,,,,,,,,,,,,,,,,,,,,,,,,,,,,,,,,,,,,,,,,,,,,,,,,,,,,,,32,,SR,69,Pac-10,,2009,1,0,0,0,13,1,62,4,https://www.sports-reference.com/cfb/players/will-harris-1.html,0,Will Harris,DB,0.0,USC,2026-04-01T20:10:56.463Z,37,season_totals,3.5
2019,2019.csv,Will Harris,3915297,S,Boston Col.,College Stats,6-1,207.0,4.41,36.5,20.0,123.0,6.91,4.12,Detroit Lions / 3rd / 81st pick / 2019,2021,8.0,detroit-lions,S,HarrWi02,17.0,93.0,62.0,31.0,0.5,1.0,0.0,0.0,0.0,0,0.0,0.0,0.0,4.0,1.0,0.0,0.0,,,,,,,,,,,,,,,,,,,,,,,,,,,,,,,,,,,,,,,,,,,,,,,,,,,,,,,,,,,,,,,,,,,,,,,,,,,,,,32,,SR,69,Pac-10,,2009,1,0,0,0,13,1,62,4,https://www.sports-reference.com/cfb/players/will-harris-1.html,0,Will Harris,DB,0.0,USC,2026-04-01T20:10:56.463Z,37,season_totals,3.5
2019,2019.csv,Will Harris,3915297,S,Boston Col.,College Stats,6-1,207.0,4.41,36.5,20.0,123.0,6.91,4.12,Detroit Lions / 3rd / 81st pick / 2019,2022,8.0,detroit-lions,S,HarrWi02,15.0,57.0,44.0,13.0,0.0,1.0,1.0,0.0,1.0,0,0.0,0.0,1.0,4.0,2.5,5.0,0.0,,,,,,,,,,,,,,,,,,,,,,,,,,,,,,,,,,,,,,,,,,,,,,,,,,,,,,,,,,,,,,,,,,,,,,,,,,,,,,32,,SR,69,Pac-10,,2009,1,0,0,0,13,1,62,4,https://www.sports-reference.com/cfb/players/will-harris-1.html,0,Will Harris,DB,0.0,USC,2026-04-01T20:10:56.463Z,37,season_totals,3.5
2019,2019.csv,Will Harris,3915297,S,Boston Col.,College Stats,6-1,207.0,4.41,36.5,20.0,123.0,6.91,4.12,Detroit Lions / 3rd / 81st pick / 2019,2023,8.0,detroit-lions,S,HarrWi02,17.0,18.0,12.0,6.0,0.0,0.0,1.0,3.0,1.0,0,0.0,0.0,0.0,2.0,1.0,1.0,0.0,,,,,,,,,,,,,,,,,,,,,,,,,,,,,,,,,,,,,,,,,,,,,,,,,,,,,,,,,,,,,,,,,,,,,,,,,,,,,,32,,SR,69,Pac-10,,2009,1,0,0,0,13,1,62,4,https://www.sports-reference.com/cfb/players/will-harris-1.html,0,Will Harris,DB,0.0,USC,2026-04-01T20:10:56.463Z,37,season_totals,3.5
2019,2019.csv,Will Harris,3915297,S,Boston Col.,College Stats,6-1,207.0,4.41,36.5,20.0,123.0,6.91,4.12,Detroit Lions / 3rd / 81st pick / 2019,2024,18.0,new-orleans-saints,S,HarrWi02,13.0,74.0,54.0,20.0,0.0,0.0,0.0,0.0,1.0,7,7.0,0.0,7.0,5.0,4.0,11.0,0.0,,,,,,,,,,,,,,,,,,,,,,,,,,,,,,,,,,,,,,,,,,,,,,,,,,,,,,,,,,,,,,,,,,,,,,,,,,,,,,32,,SR,69,Pac-10,,2009,1,0,0,0,13,1,62,4,https://www.sports-reference.com/cfb/players/will-harris-1.html,0,Will Harris,DB,0.0,USC,2026-04-01T20:10:56.463Z,37,season_totals,3.5
2019,2019.csv,Will Harris,3915297,S,Boston Col.,College Stats,6-1,207.0,4.41,36.5,20.0,123.0,6.91,4.12,Detroit Lions / 3rd / 81st pick / 2019,2025,28.0,washington-commanders,S,HarrWi02,9.0,38.0,22.0,16.0,1.0,1.0,0.0,0.0,0.0,0,0.0,0.0,0.0,3.0,0.0,0.0,0.0,,,,,,,,,,,,,,,,,,,,,,,,,,,,,,,,,,,,,,,,,,,,,,,,,,,,,,,,,,,,,,,,,,,,,,,,,,,,,,32,,SR,69,Pac-10,,2009,1,0,0,0,13,1,62,4,https://www.sports-reference.com/cfb/players/will-harris-1.html,0,Will Harris,DB,0.0,USC,2026-04-01T20:10:56.463Z,37,season_totals,3.5
2019,2019.csv,Will Harris,3915297,S,Boston Col.,College Stats,6-1,207.0,4.41,36.5,20.0,123.0,6.91,4.12,Detroit Lions / 3rd / 81st pick / 2019,-1,,,,HarrWi02,103.0,358.0,250.0,108.0,2.5,3.0,2.0,3.0,3.0,7,2.3,0.0,7.0,22.0,8.5,17.0,0.0,,,,,,,,,,,,,,,,,,,,,,,,,,,,,,,,,,,,,,,,,,,,,,,,,,,,,,,,,,,,,,,,,,,,,,,,,,,,,,32,,SR,69,Pac-10,,2009,1,0,0,0,13,1,62,4,https://www.sports-reference.com/cfb/players/will-harris-1.html,0,Will Harris,DB,0.0,USC,2026-04-01T20:10:56.463Z,37,season_totals,3.5
2019,2019.csv,Amani Hooker,4036134,S,Iowa,College Stats,5-11,210.0,4.48,37.0,14.0,123.0,6.81,4.1,Tennessee Titans / 4th / 116th pick / 2019,2019,10.0,tennessee-titans,S,HookAm00,16.0,19.0,14.0,5.0,0.0,0.0,0.0,0.0,0.0,0,0.0,0.0,0.0,0.0,1.0,4.0,0.0,,,,,,,,,,,,,,,,,,,,,,,,,,,,,,,,,,,,,,,,,,,,,,,,,,,,,,,,,,,,,,,,,,,,,,,,,,,,,,29,,JR,65,Big Ten,,2018,0,0,0,0,13,0,60,4,https://www.sports-reference.com/cfb/players/amani-hooker-1.html,7,Amani Hooker,DB,1.0,Iowa,2026-04-01T19:30:49.948Z,36,season_totals,3.5
2019,2019.csv,Amani Hooker,4036134,S,Iowa,College Stats,5-11,210.0,4.48,37.0,14.0,123.0,6.81,4.1,Tennessee Titans / 4th / 116th pick / 2019,2020,10.0,tennessee-titans,S,HookAm00,16.0,51.0,35.0,16.0,0.0,0.0,0.0,0.0,4.0,11,2.8,0.0,6.0,8.0,1.0,1.0,0.0,,,,,,,,,,,16,1,4,4.0,0,4,1,0,0,,,,,,,,,,,,,,,,,,,,,,16.0,0,0,0.0,0,0.0,0,0,0,0,39.6,-,,,,,,,,,,,,,,,,,,,,,,,,,,29,,JR,65,Big Ten,,2018,0,0,0,0,13,0,60,4,https://www.sports-reference.com/cfb/players/amani-hooker-1.html,7,Amani Hooker,DB,1.0,Iowa,2026-04-01T19:30:49.948Z,36,season_totals,3.5
2019,2019.csv,Amani Hooker,4036134,S,Iowa,College Stats,5-11,210.0,4.48,37.0,14.0,123.0,6.81,4.1,Tennessee Titans / 4th / 116th pick / 2019,2021,10.0,tennessee-titans,S,HookAm00,12.0,62.0,38.0,24.0,0.0,1.0,0.0,0.0,1.0,21,21.0,0.0,1.0,4.0,1.0,2.0,0.0,,,,,,,,,,,,,,,,,,,,12.0,1.0,1.0,6,6.0,0.0,6.0,1.0,0.0,0.0,,,,,,,,,,,,12.0,0,0,0.0,0,0.0,0,0,0,0,39.6,-,,,,,,,,,,,,,,,,,,,,,,,,,,29,,JR,65,Big Ten,,2018,0,0,0,0,13,0,60,4,https://www.sports-reference.com/cfb/players/amani-hooker-1.html,7,Amani Hooker,DB,1.0,Iowa,2026-04-01T19:30:49.948Z,36,season_totals,3.5
2019,2019.csv,Amani Hooker,4036134,S,Iowa,College Stats,5-11,210.0,4.48,37.0,14.0,123.0,6.81,4.1,Tennessee Titans / 4th / 116th pick / 2019,2022,10.0,tennessee-titans,S,HookAm00,9.0,46.0,39.0,7.0,0.0,1.0,1.0,0.0,1.0,0,0.0,0.0,1.0,3.0,1.0,1.0,0.0,,,,,,,,,,,,,,,,,,,,,,,,,,,,,,9,1.0,0,0.0,0.0,0.0,0.0,0,0.0,0.0,0.0,9.0,0,0,0.0,0,0.0,0,0,0,0,39.6,-,,,,,,,,,,,,,,,,,,,,,,,,,,29,,JR,65,Big Ten,,2018,0,0,0,0,13,0,60,4,https://www.sports-reference.com/cfb/players/amani-hooker-1.html,7,Amani Hooker,DB,1.0,Iowa,2026-04-01T19:30:49.948Z,36,season_totals,3.5
2019,2019.csv,Amani Hooker,4036134,S,Iowa,College Stats,5-11,210.0,4.48,37.0,14.0,123.0,6.81,4.1,Tennessee Titans / 4th / 116th pick / 2019,2023,10.0,tennessee-titans,S,HookAm00,13.0,85.0,69.0,16.0,0.0,1.0,1.0,0.0,1.0,10,10.0,0.0,10.0,7.0,2.0,6.0,0.0,,,,,,,,,,,13,1,2,2.0,0,2,1,0,0,,,,,,,,,,,,,,,,,,,,,,13.0,0,0,0.0,0,0.0,0,0,0,0,39.6,-,,,,,,,,,,,,,,,,,,,,,,,,,,29,,JR,65,Big Ten,,2018,0,0,0,0,13,0,60,4,https://www.sports-reference.com/cfb/players/amani-hooker-1.html,7,Amani Hooker,DB,1.0,Iowa,2026-04-01T19:30:49.948Z,36,season_totals,3.5
2019,2019.csv,Amani Hooker,4036134,S,Iowa,College Stats,5-11,210.0,4.48,37.0,14.0,123.0,6.81,4.1,Tennessee Titans / 4th / 116th pick / 2019,2024,10.0,tennessee-titans,S,HookAm00,14.0,71.0,47.0,24.0,0.0,2.0,0.0,0.0,5.0,68,13.6,0.0,30.0,9.0,8.5,7.0,0.0,,,,,,,,,,,,,,,,,,,,,,,,,,,,,,,,,,,,,,,,,,,,,,,,,,,,,,,,,,,,,,,,,,,,,,,,,,,,,,29,,JR,65,Big Ten,,2018,0,0,0,0,13,0,60,4,https://www.sports-reference.com/cfb/players/amani-hooker-1.html,7,Amani Hooker,DB,1.0,Iowa,2026-04-01T19:30:49.948Z,36,season_totals,3.5
2019,2019.csv,Amani Hooker,4036134,S,Iowa,College Stats,5-11,210.0,4.48,37.0,14.0,123.0,6.81,4.1,Tennessee Titans / 4th / 116th pick / 2019,2025,10.0,tennessee-titans,S,HookAm00,16.0,81.0,58.0,23.0,1.0,0.0,0.0,0.0,0.0,0,0.0,0.0,0.0,8.0,4.5,3.0,0.0,,,,,,,,,,,,,,,,,,,,,,,,,,,,,,,,,,,,,,,,,,,,,,,,,,,,,,,,,,,,,,,,,,,,,,,,,,,,,,29,,JR,65,Big Ten,,2018,0,0,0,0,13,0,60,4,https://www.sports-reference.com/cfb/players/amani-hooker-1.html,7,Amani Hooker,DB,1.0,Iowa,2026-04-01T19:30:49.948Z,36,season_totals,3.5
2019,2019.csv,Amani Hooker,4036134,S,Iowa,College Stats,5-11,210.0,4.48,37.0,14.0,123.0,6.81,4.1,Tennessee Titans / 4th / 116th pick / 2019,-1,,,,HookAm00,96.0,415.0,300.0,115.0,1.0,5.0,2.0,0.0,12.0,110,9.2,0.0,30.0,39.0,19.0,24.0,0.0,,,,,,,,,,,96,2,6,3.0,0,4,2,0,0,96.0,1.0,1.0,6,6.0,0.0,6.0,1.0,0.0,0.0,96,1.0,0,0.0,0.0,0.0,0.0,0,0.0,0.0,0.0,96.0,0,0,0.0,0,0.0,0,0,0,0,0.0,-,,,,,,,,,,,,,,,,,,,,,,,,,,29,,JR,65,Big Ten,,2018,0,0,0,0,13,0,60,4,https://www.sports-reference.com/cfb/players/amani-hooker-1.html,7,Amani Hooker,DB,1.0,Iowa,2026-04-01T19:30:49.948Z,36,season_totals,3.5
2019,2019.csv,Isaiah Johnson,3126182,CB,Houston,College Stats,6-2,208.0,4.4,36.5,,133.0,6.81,4.06,Oakland Raiders / 4th / 129th pick / 2019,2019,13.0,oakland-raiders,CB,JohnIs02,5.0,2.0,1.0,1.0,0.0,0.0,0.0,0.0,0.0,0,0.0,0.0,0.0,1.0,0.0,0.0,0.0,,,,,,,,,,,,,,,,,,,,,,,,,,,,,,,,,,,,,,,,,,,,,,,,,,,,,,,,,,,,,,,,,,,,,,,,,,,,,,21,,SR,72,ACC,,2014,2,2,0,7,13,0,19,1,https://www.sports-reference.com/cfb/players/isaiah-johnson-1.html,5,Isaiah Johnson,DB/S,0.0,Georgia Tech,2026-04-01T19:31:44.335Z,51,season_totals,3.0
2019,2019.csv,Isaiah Johnson,3126182,CB,Houston,College Stats,6-2,208.0,4.4,36.5,,133.0,6.81,4.06,Oakland Raiders / 4th / 129th pick / 2019,2020,13.0,las-vegas-raiders,CB,JohnIs02,14.0,13.0,7.0,6.0,0.0,0.0,0.0,0.0,0.0,0,0.0,0.0,0.0,4.0,0.0,0.0,0.0,,,,,,,,,,,,,,,,,,,,,,,,,,,,,,,,,,,,,,,,,,,,,,,,,,,,,,,,,,,,,,,,,,,,,,,,,,,,,,21,,SR,72,ACC,,2014,2,2,0,7,13,0,19,1,https://www.sports-reference.com/cfb/players/isaiah-johnson-1.html,5,Isaiah Johnson,DB/S,0.0,Georgia Tech,2026-04-01T19:31:44.335Z,51,season_totals,3.0
2019,2019.csv,Isaiah Johnson,3126182,CB,Houston,College Stats,6-2,208.0,4.4,36.5,,133.0,6.81,4.06,Oakland Raiders / 4th / 129th pick / 2019,-1,,,,JohnIs02,19.0,15.0,8.0,7.0,0.0,0.0,0.0,0.0,0.0,0,0.0,0.0,0.0,5.0,0.0,0.0,0.0,,,,,,,,,,,,,,,,,,,,,,,,,,,,,,,,,,,,,,,,,,,,,,,,,,,,,,,,,,,,,,,,,,,,,,,,,,,,,,21,,SR,72,ACC,,2014,2,2,0,7,13,0,19,1,https://www.sports-reference.com/cfb/players/isaiah-johnson-1.html,5,Isaiah Johnson,DB/S,0.0,Georgia Tech,2026-04-01T19:31:44.335Z,51,season_totals,3.0
2019,2019.csv,Jaquan Johnson,3672862,S,Miami (FL),College Stats,5-10,191.0,4.69,33.0,18.0,121.0,,,Buffalo Bills / 6th / 181st pick / 2019,2019,2.0,buffalo-bills,S,JohnJa11,13.0,8.0,7.0,1.0,0.0,0.0,0.0,0.0,0.0,0,0.0,0.0,0.0,0.0,0.0,0.0,0.0,,,,,,,,,,,,,,,,,,,,,,,,,,,,,,,,,,,,,,,,,,,,,,,,,,,,,,,,,,,,,,,,,,,,,,,,,,,,,,48,,SR,92,ACC,,2018,2,0,0,0,11,0,9,2,https://www.sports-reference.com/cfb/players/jaquan-johnson-1.html,1,Jaquan Johnson,DB,0.0,Miami (FL),2026-04-01T19:31:56.270Z,44,season_totals,1.5
2019,2019.csv,Jaquan Johnson,3672862,S,Miami (FL),College Stats,5-10,191.0,4.69,33.0,18.0,121.0,,,Buffalo Bills / 6th / 181st pick / 2019,2020,2.0,buffalo-bills,S,JohnJa11,14.0,4.0,3.0,1.0,0.0,0.0,0.0,0.0,0.0,0,0.0,0.0,0.0,0.0,0.0,0.0,0.0,,,,,,,,,,,,,,,,,,,,,,,,,,,,,,14,0.0,0,0.0,0.0,0.0,1.0,-1,0.0,0.0,-1.0,14.0,1,1,100.0,13,13.0,0,0,13,0,118.8,-,,,,,,,,,,,,,,,,,,,,,,,,,,48,,SR,92,ACC,,2018,2,0,0,0,11,0,9,2,https://www.sports-reference.com/cfb/players/jaquan-johnson-1.html,1,Jaquan Johnson,DB,0.0,Miami (FL),2026-04-01T19:31:56.270Z,44,season_totals,1.5
2019,2019.csv,Jaquan Johnson,3672862,S,Miami (FL),College Stats,5-10,191.0,4.69,33.0,18.0,121.0,,,Buffalo Bills / 6th / 181st pick / 2019,2021,2.0,buffalo-bills,S,JohnJa11,17.0,14.0,8.0,6.0,0.0,0.0,0.0,0.0,1.0,25,25.0,0.0,1.0,1.0,0.0,0.0,0.0,,,,,,,,,,,,,,,,,,,,,,,,,,,,,,,,,,,,,,,,,,,,,,,,,,,,,,,,,,,,,,,,,,,,,,,,,,,,,,48,,SR,92,ACC,,2018,2,0,0,0,11,0,9,2,https://www.sports-reference.com/cfb/players/jaquan-johnson-1.html,1,Jaquan Johnson,DB,0.0,Miami (FL),2026-04-01T19:31:56.270Z,44,season_totals,1.5
2019,2019.csv,Jaquan Johnson,3672862,S,Miami (FL),College Stats,5-10,191.0,4.69,33.0,18.0,121.0,,,Buffalo Bills / 6th / 181st pick / 2019,2022,2.0,buffalo-bills,S,JohnJa11,16.0,32.0,16.0,16.0,0.0,0.0,0.0,0.0,1.0,0,0.0,0.0,1.0,1.0,0.5,0.0,0.0,,,,,,,,,,,,,,,,,,,,,,,,,,,,,,,,,,,,,,,,,,,,,,,,,,,,,,,,,,,,,,,,,,,,,,,,,,,,,,48,,SR,92,ACC,,2018,2,0,0,0,11,0,9,2,https://www.sports-reference.com/cfb/players/jaquan-johnson-1.html,1,Jaquan Johnson,DB,0.0,Miami (FL),2026-04-01T19:31:56.270Z,44,season_totals,1.5
2019,2019.csv,Jaquan Johnson,3672862,S,Miami (FL),College Stats,5-10,191.0,4.69,33.0,18.0,121.0,,,Buffalo Bills / 6th / 181st pick / 2019,-1,,,,JohnJa11,60.0,58.0,34.0,24.0,0.0,0.0,0.0,0.0,2.0,25,12.5,0.0,1.0,2.0,0.5,0.0,0.0,,,,,,,,,,,,,,,,,,,,,,,,,,,,,,60,0.0,0,0.0,0.0,0.0,1.0,-1,0.0,0.0,-1.0,60.0,1,1,100.0,13,13.0,0,0,13,0,118.8,-,,,,,,,,,,,,,,,,,,,,,,,,,,48,,SR,92,ACC,,2018,2,0,0,0,11,0,9,2,https://www.sports-reference.com/cfb/players/jaquan-johnson-1.html,1,Jaquan Johnson,DB,0.0,Miami (FL),2026-04-01T19:31:56.270Z,44,season_totals,1.5
2019,2019.csv,Justin Layne,4046719,CB,Michigan State,College Stats,6-2,192.0,4.5,37.5,,134.0,6.9,4.09,Pittsburgh Steelers / 3rd / 83rd pick / 2019,2019,23.0,pittsburgh-steelers,CB,LaynJu00,10.0,3.0,3.0,0.0,0.0,0.0,0.0,0.0,0.0,0,0.0,0.0,0.0,0.0,1.0,4.0,0.0,,,,,,,,,,,,,,,,,,,,,,,,,,,,,,,,,,,,,,,,,,,,,,,,,,,,,,,,,,,,,,,,,,,,,,,,,,,,,,28,,JR,72,Big Ten,,2018,0,0,0,0,12,0,6,1,https://www.sports-reference.com/cfb/players/justin-layne-1.html,15,Justin Layne,WR/CB,0.5,Michigan State,2026-04-01T19:32:32.093Z,44,season_totals,2.5
2019,2019.csv,Justin Layne,4046719,CB,Michigan State,College Stats,6-2,192.0,4.5,37.5,,134.0,6.9,4.09,Pittsburgh Steelers / 3rd / 83rd pick / 2019,2020,23.0,pittsburgh-steelers,CB,LaynJu00,16.0,22.0,13.0,9.0,0.0,0.0,0.0,0.0,0.0,0,0.0,0.0,0.0,0.0,0.0,1.0,0.0,,,,,,,,,,,,,,,,,,,,,,,,,,,,,,,,,,,,,,,,,,,,,,,,,,,,,,,,,,,,,,,,,,,,,,,,,,,,,,28,,JR,72,Big Ten,,2018,0,0,0,0,12,0,6,1,https://www.sports-reference.com/cfb/players/justin-layne-1.html,15,Justin Layne,WR/CB,0.5,Michigan State,2026-04-01T19:32:32.093Z,44,season_totals,2.5
2019,2019.csv,Justin Layne,4046719,CB,Michigan State,College Stats,6-2,192.0,4.5,37.5,,134.0,6.9,4.09,Pittsburgh Steelers / 3rd / 83rd pick / 2019,2021,23.0,pittsburgh-steelers,CB,LaynJu00,17.0,16.0,12.0,4.0,0.0,0.0,0.0,0.0,0.0,0,0.0,0.0,0.0,0.0,0.0,0.0,0.0,,,,,,,,,,,,,,,,,,,,,,,,,,,,,,,,,,,,,,,,,,,,,,,,,,,,,,,,,,,,,,,,,,,,,,,,,,,,,,28,,JR,72,Big Ten,,2018,0,0,0,0,12,0,6,1,https://www.sports-reference.com/cfb/players/justin-layne-1.html,15,Justin Layne,WR/CB,0.5,Michigan State,2026-04-01T19:32:32.093Z,44,season_totals,2.5
2019,2019.csv,Justin Layne,4046719,CB,Michigan State,College Stats,6-2,192.0,4.5,37.5,,134.0,6.9,4.09,Pittsburgh Steelers / 3rd / 83rd pick / 2019,2022,19.0,new-york-giants,CB,LaynJu00,7.0,4.0,4.0,0.0,0.0,0.0,0.0,0.0,0.0,0,0.0,0.0,0.0,1.0,0.0,0.0,0.0,,,,,,,,,,,,,,,,,,,,,,,,,,,,,,,,,,,,,,,,,,,,,,,,,,,,,,,,,,,,,,,,,,,,,,,,,,,,,,28,,JR,72,Big Ten,,2018,0,0,0,0,12,0,6,1,https://www.sports-reference.com/cfb/players/justin-layne-1.html,15,Justin Layne,WR/CB,0.5,Michigan State,2026-04-01T19:32:32.093Z,44,season_totals,2.5
2019,2019.csv,Justin Layne,4046719,CB,Michigan State,College Stats,6-2,192.0,4.5,37.5,,134.0,6.9,4.09,Pittsburgh Steelers / 3rd / 83rd pick / 2019,-1,,,,LaynJu00,50.0,45.0,32.0,13.0,0.0,0.0,0.0,0.0,0.0,0,0.0,0.0,0.0,1.0,1.0,5.0,0.0,,,,,,,,,,,,,,,,,,,,,,,,,,,,,,,,,,,,,,,,,,,,,,,,,,,,,,,,,,,,,,,,,,,,,,,,,,,,,,28,,JR,72,Big Ten,,2018,0,0,0,0,12,0,6,1,https://www.sports-reference.com/cfb/players/justin-layne-1.html,15,Justin Layne,WR/CB,0.5,Michigan State,2026-04-01T19:32:32.093Z,44,season_totals,2.5
2019,2019.csv,David Long,4046536,CB,Michigan,College Stats,5-11,196.0,4.45,39.5,15.0,120.0,6.45,3.97,Los Angeles Rams / 3rd / 79th pick / 2019,2019,14.0,los-angeles-rams,CB,LongDa02,8.0,10.0,9.0,1.0,0.0,0.0,0.0,0.0,0.0,0,0.0,0.0,0.0,2.0,0.0,0.0,0.0,,,,,,,,,,,,,,,,,,,,8.0,0.0,1.0,0,0.0,0.0,0.0,0.0,0.0,0.0,,,,,,,,,,,,8.0,0,0,0.0,0,0.0,0,0,0,0,39.6,-,,,,,,,,,,,,,,,,,,,,,,,,,,6,,JR,17,Big Ten,,2018,0,0,0,0,13,0,15,1,https://www.sports-reference.com/cfb/players/david-long-3.html,8,David Long,DB,0.0,Michigan,2026-04-01T19:59:56.328Z,11,season_totals,0.0
2019,2019.csv,David Long,4046536,CB,Michigan,College Stats,5-11,196.0,4.45,39.5,15.0,120.0,6.45,3.97,Los Angeles Rams / 3rd / 79th pick / 2019,2020,14.0,los-angeles-rams,CB,LongDa02,16.0,7.0,6.0,1.0,0.0,0.0,0.0,0.0,0.0,0,0.0,0.0,0.0,0.0,0.0,0.0,0.0,,,,,,,,,,,,,,,,,,,,,,,,,,,,,,,,,,,,,,,,,,,,,,,,,,,,,,,,,,,,,,,,,,,,,,,,,,,,,,6,,JR,17,Big Ten,,2018,0,0,0,0,13,0,15,1,https://www.sports-reference.com/cfb/players/david-long-3.html,8,David Long,DB,0.0,Michigan,2026-04-01T19:59:56.328Z,11,season_totals,0.0
2019,2019.csv,David Long,4046536,CB,Michigan,College Stats,5-11,196.0,4.45,39.5,15.0,120.0,6.45,3.97,Los Angeles Rams / 3rd / 79th pick / 2019,2021,14.0,los-angeles-rams,CB,LongDa02,16.0,40.0,35.0,5.0,0.0,0.0,0.0,0.0,1.0,0,0.0,0.0,1.0,4.0,0.0,0.0,0.0,,,,,,,,,,,,,,,,,,,,,,,,,,,,,,,,,,,,,,,,,,,,,,,,,,,,,,,,,,,,,,,,,,,,,,,,,,,,,,6,,JR,17,Big Ten,,2018,0,0,0,0,13,0,15,1,https://www.sports-reference.com/cfb/players/david-long-3.html,8,David Long,DB,0.0,Michigan,2026-04-01T19:59:56.328Z,11,season_totals,0.0
2019,2019.csv,David Long,4046536,CB,Michigan,College Stats,5-11,196.0,4.45,39.5,15.0,120.0,6.45,3.97,Los Angeles Rams / 3rd / 79th pick / 2019,2022,14.0,los-angeles-rams,CB,LongDa02,12.0,21.0,18.0,3.0,0.0,0.0,0.0,0.0,0.0,0,0.0,0.0,0.0,1.0,0.0,0.0,0.0,,,,,,,,,,,,,,,,,,,,,,,,,,,,,,,,,,,,,,,,,,,,,,,,,,,,,,,,,,,,,,,,,,,,,,,,,,,,,,6,,JR,17,Big Ten,,2018,0,0,0,0,13,0,15,1,https://www.sports-reference.com/cfb/players/david-long-3.html,8,David Long,DB,0.0,Michigan,2026-04-01T19:59:56.328Z,11,season_totals,0.0
2019,2019.csv,David Long,4046536,CB,Michigan,College Stats,5-11,196.0,4.45,39.5,15.0,120.0,6.45,3.97,Los Angeles Rams / 3rd / 79th pick / 2019,2023,13.0,las-vegas-raiders,CB,LongDa02,8.0,12.0,10.0,2.0,0.0,0.0,0.0,0.0,0.0,0,0.0,0.0,0.0,1.0,0.0,0.0,0.0,,,,,,,,,,,,,,,,,,,,,,,,,,,,,,,,,,,,,,,,,,,,,,,,,,,,,,,,,,,,,,,,,,,,,,,,,,,,,,6,,JR,17,Big Ten,,2018,0,0,0,0,13,0,15,1,https://www.sports-reference.com/cfb/players/david-long-3.html,8,David Long,DB,0.0,Michigan,2026-04-01T19:59:56.328Z,11,season_totals,0.0
2019,2019.csv,David Long,4046536,CB,Michigan,College Stats,5-11,196.0,4.45,39.5,15.0,120.0,6.45,3.97,Los Angeles Rams / 3rd / 79th pick / 2019,2023,29.0,carolina-panthers,CB,LongDa02,3.0,7.0,5.0,2.0,0.0,0.0,0.0,0.0,0.0,0,0.0,0.0,0.0,0.0,0.0,0.0,0.0,,,,,,,,,,,,,,,,,,,,,,,,,,,,,,,,,,,,,,,,,,,,,,,,,,,,,,,,,,,,,,,,,,,,,,,,,,,,,,6,,JR,17,Big Ten,,2018,0,0,0,0,13,0,15,1,https://www.sports-reference.com/cfb/players/david-long-3.html,8,David Long,DB,0.0,Michigan,2026-04-01T19:59:56.328Z,11,season_totals,0.0
2019,2019.csv,David Long,4046536,CB,Michigan,College Stats,5-11,196.0,4.45,39.5,15.0,120.0,6.45,3.97,Los Angeles Rams / 3rd / 79th pick / 2019,-1,,,,LongDa02,63.0,97.0,83.0,14.0,0.0,0.0,0.0,0.0,1.0,0,0.0,0.0,1.0,8.0,0.0,0.0,0.0,,,,,,,,,,,,,,,,,,,,63.0,0.0,1.0,0,0.0,0.0,0.0,0.0,0.0,0.0,,,,,,,,,,,,63.0,0,0,0.0,0,0.0,0,0,0,0,0.0,-,,,,,,,,,,,,,,,,,,,,,,,,,,6,,JR,17,Big Ten,,2018,0,0,0,0,13,0,15,1,https://www.sports-reference.com/cfb/players/david-long-3.html,8,David Long,DB,0.0,Michigan,2026-04-01T19:59:56.328Z,11,season_totals,0.0
2019,2019.csv,Julian Love,4046675,CB,Notre Dame,College Stats,5-11,195.0,4.54,36.0,14.0,121.0,6.72,4.1,New York Giants / 4th / 108th pick / 2019,2019,19.0,new-york-giants,S,LoveJu00,15.0,37.0,30.0,7.0,0.0,1.0,0.0,0.0,1.0,30,30.0,0.0,30.0,3.0,6.0,13.0,0.0,,,,,,,,,,,,,,,,,,,,,,,,,,,,,,,,,,,,,,,,,,,,,,,,,,,,,,,,,,,,,,,,,,,,,,,,,,,,,,14,AA,JR,63,Ind,,2018,0,3,1,42,13,0,4,1,https://www.sports-reference.com/cfb/players/julian-love-1.html,16,Julian Love,CB,0.0,Notre Dame,2026-04-01T19:32:26.137Z,49,season_totals,3.0
2019,2019.csv,Julian Love,4046675,CB,Notre Dame,College Stats,5-11,195.0,4.54,36.0,14.0,121.0,6.72,4.1,New York Giants / 4th / 108th pick / 2019,2020,19.0,new-york-giants,S,LoveJu00,16.0,64.0,47.0,17.0,0.0,0.0,0.0,0.0,1.0,13,13.0,0.0,13.0,3.0,1.0,1.0,0.0,,,,,,,,,,,,,,,,,,,,,,,,,,,,,,,,,,,,,,,,,,,,,,,,,,,,,,,,,,,,,,,,,,,,,,,,,,,,,,14,AA,JR,63,Ind,,2018,0,3,1,42,13,0,4,1,https://www.sports-reference.com/cfb/players/julian-love-1.html,16,Julian Love,CB,0.0,Notre Dame,2026-04-01T19:32:26.137Z,49,season_totals,3.0
2019,2019.csv,Julian Love,4046675,CB,Notre Dame,College Stats,5-11,195.0,4.54,36.0,14.0,121.0,6.72,4.1,New York Giants / 4th / 108th pick / 2019,2021,19.0,new-york-giants,S,LoveJu00,17.0,66.0,36.0,30.0,0.5,0.0,1.0,0.0,1.0,0,0.0,0.0,1.0,7.0,1.0,2.0,0.0,,,,,,,,,,,,,,,,,,,,,,,,,,,,,,,,,,,,,,,,,,,,,,,,,,,,,,,,,,,,,,,,,,,,,,,,,,,,,,14,AA,JR,63,Ind,,2018,0,3,1,42,13,0,4,1,https://www.sports-reference.com/cfb/players/julian-love-1.html,16,Julian Love,CB,0.0,Notre Dame,2026-04-01T19:32:26.137Z,49,season_totals,3.0
2019,2019.csv,Julian Love,4046675,CB,Notre Dame,College Stats,5-11,195.0,4.54,36.0,14.0,121.0,6.72,4.1,New York Giants / 4th / 108th pick / 2019,2022,19.0,new-york-giants,S,LoveJu00,16.0,124.0,79.0,45.0,1.0,1.0,1.0,0.0,2.0,44,22.0,0.0,1.0,5.0,3.0,9.0,0.0,,,,,,,,,,,,,,,,,,,,,,,,,,,,,,,,,,,,,,,,,,,,,,,,,,,,,,,,,,,,,,,,,,,,,,,,,,,,,,14,AA,JR,63,Ind,,2018,0,3,1,42,13,0,4,1,https://www.sports-reference.com/cfb/players/julian-love-1.html,16,Julian Love,CB,0.0,Notre Dame,2026-04-01T19:32:26.137Z,49,season_totals,3.0
2019,2019.csv,Julian Love,4046675,CB,Notre Dame,College Stats,5-11,195.0,4.54,36.0,14.0,121.0,6.72,4.1,New York Giants / 4th / 108th pick / 2019,2023,26.0,seattle-seahawks,S,LoveJu00,17.0,123.0,85.0,38.0,0.0,2.0,1.0,3.0,4.0,7,1.8,0.0,7.0,10.0,1.5,1.0,0.0,,,,,,,,,,,,,,,,,,,,,,,,,,,,,,,,,,,,,,,,,,,,,,,,,,,,,,,,,,,,,,,,,,,,,,,,,,,,,,14,AA,JR,63,Ind,,2018,0,3,1,42,13,0,4,1,https://www.sports-reference.com/cfb/players/julian-love-1.html,16,Julian Love,CB,0.0,Notre Dame,2026-04-01T19:32:26.137Z,49,season_totals,3.0
2019,2019.csv,Julian Love,4046675,CB,Notre Dame,College Stats,5-11,195.0,4.54,36.0,14.0,121.0,6.72,4.1,New York Giants / 4th / 108th pick / 2019,2024,26.0,seattle-seahawks,S,LoveJu00,17.0,109.0,79.0,30.0,0.0,2.0,1.0,6.0,3.0,33,11.0,0.0,26.0,12.0,2.5,4.0,1.0,,,,,,,,,,,17,1,2,2.0,0,2,1,0,0,,,,,,,,,,,,,,,,,,,,,,17.0,0,0,0.0,0,0.0,0,0,0,0,39.6,-,,,,,,,,,,,,,,,,,,,,,,,,,,14,AA,JR,63,Ind,,2018,0,3,1,42,13,0,4,1,https://www.sports-reference.com/cfb/players/julian-love-1.html,16,Julian Love,CB,0.0,Notre Dame,2026-04-01T19:32:26.137Z,49,season_totals,3.0
2019,2019.csv,Julian Love,4046675,CB,Notre Dame,College Stats,5-11,195.0,4.54,36.0,14.0,121.0,6.72,4.1,New York Giants / 4th / 108th pick / 2019,2025,26.0,seattle-seahawks,S,LoveJu00,8.0,34.0,23.0,11.0,1.0,0.0,0.0,0.0,1.0,26,26.0,0.0,26.0,6.0,1.5,0.0,1.0,,,,,,,,,,,,,,,,,,,,,,,,,,,,,,,,,,,,,,,,,,,,,,,,,,,,,,,,,,,,,,,,,,,,,,,,,,,,,,14,AA,JR,63,Ind,,2018,0,3,1,42,13,0,4,1,https://www.sports-reference.com/cfb/players/julian-love-1.html,16,Julian Love,CB,0.0,Notre Dame,2026-04-01T19:32:26.137Z,49,season_totals,3.0
2019,2019.csv,Julian Love,4046675,CB,Notre Dame,College Stats,5-11,195.0,4.54,36.0,14.0,121.0,6.72,4.1,New York Giants / 4th / 108th pick / 2019,-1,,,,LoveJu00,106.0,557.0,379.0,178.0,2.5,6.0,4.0,9.0,13.0,153,11.8,0.0,30.0,46.0,16.5,30.0,2.0,,,,,,,,,,,106,1,2,2.0,0,2,1,0,0,,,,,,,,,,,,,,,,,,,,,,106.0,0,0,0.0,0,0.0,0,0,0,0,0.0,-,,,,,,,,,,,,,,,,,,,,,,,,,,14,AA,JR,63,Ind,,2018,0,3,1,42,13,0,4,1,https://www.sports-reference.com/cfb/players/julian-love-1.html,16,Julian Love,CB,0.0,Notre Dame,2026-04-01T19:32:26.137Z,49,season_totals,3.0
2019,2019.csv,Jordan Miller,3886824,CB,Washington,College Stats,6-1,186.0,4.49,37.0,6.0,125.0,,,Atlanta Falcons / 5th / 172nd pick / 2019,2019,1.0,atlanta-falcons,CB,MillJo05,10.0,4.0,3.0,1.0,0.0,0.0,1.0,0.0,0.0,0,0.0,0.0,0.0,0.0,0.0,0.0,0.0,,,,,,,,,,,,,,,,,,,,,,,,,,,,,,,,,,,,,,,,,,,,,,,,,,,,,,,,,,,,,,,,,,,,,,,,,,,,,,6,,SR,26,Pac-12,,2018,2,0,0,0,12,0,0,2,https://www.sports-reference.com/cfb/players/jordan-miller-3.html,6,Jordan Miller,DB,0.0,Washington,2026-04-01T20:00:24.725Z,20,season_totals,2.0
2019,2019.csv,Jordan Miller,3886824,CB,Washington,College Stats,6-1,186.0,4.49,37.0,6.0,125.0,,,Atlanta Falcons / 5th / 172nd pick / 2019,2020,1.0,atlanta-falcons,CB,MillJo05,1.0,1.0,1.0,0.0,0.0,0.0,0.0,0.0,0.0,0,0.0,0.0,0.0,0.0,0.0,0.0,0.0,,,,,,,,,,,,,,,,,,,,,,,,,,,,,,,,,,,,,,,,,,,,,,,,,,,,,,,,,,,,,,,,,,,,,,,,,,,,,,6,,SR,26,Pac-12,,2018,2,0,0,0,12,0,0,2,https://www.sports-reference.com/cfb/players/jordan-miller-3.html,6,Jordan Miller,DB,0.0,Washington,2026-04-01T20:00:24.725Z,20,season_totals,2.0
2019,2019.csv,Jordan Miller,3886824,CB,Washington,College Stats,6-1,186.0,4.49,37.0,6.0,125.0,,,Atlanta Falcons / 5th / 172nd pick / 2019,-1,,,,MillJo05,11.0,5.0,4.0,1.0,0.0,0.0,1.0,0.0,0.0,0,0.0,0.0,0.0,0.0,0.0,0.0,0.0,,,,,,,,,,,,,,,,,,,,,,,,,,,,,,,,,,,,,,,,,,,,,,,,,,,,,,,,,,,,,,,,,,,,,,,,,,,,,,6,,SR,26,Pac-12,,2018,2,0,0,0,12,0,0,2,https://www.sports-reference.com/cfb/players/jordan-miller-3.html,6,Jordan Miller,DB,0.0,Washington,2026-04-01T20:00:24.725Z,20,season_totals,2.0
2019,2019.csv,Trayvon Mullen,4035458,CB,Clemson,College Stats,6-1,199.0,4.46,34.5,,123.0,,,Oakland Raiders / 2nd / 40th pick / 2019,2019,13.0,oakland-raiders,CB,MullTr00,16.0,50.0,42.0,8.0,0.0,0.0,0.0,0.0,1.0,0,0.0,0.0,0.0,10.0,0.0,0.0,0.0,,,,,,,,,,,,,,,,,,,,,,,,,,,,,,,,,,,,,,,,,,,,,,,,,,,,,,,,,,,,,,,,,,,,,,,,,,,,,,6,,JR,36,ACC,,2018,1,0,0,0,15,0,46,1,https://www.sports-reference.com/cfb/players/trayvon-mullen-1.html,3,Trayvon Mullen,CB,2.0,Clemson,2026-04-01T19:34:07.286Z,30,season_totals,4.0
2019,2019.csv,Trayvon Mullen,4035458,CB,Clemson,College Stats,6-1,199.0,4.46,34.5,,123.0,,,Oakland Raiders / 2nd / 40th pick / 2019,2020,13.0,las-vegas-raiders,CB,MullTr00,16.0,64.0,56.0,8.0,0.0,0.0,0.0,0.0,2.0,0,0.0,0.0,0.0,14.0,2.0,2.0,0.0,,,,,,,,,,,,,,,,,,,,,,,,,,,,,,,,,,,,,,,,,,,,,,,,,,,,,,,,,,,,,,,,,,,,,,,,,,,,,,6,,JR,36,ACC,,2018,1,0,0,0,15,0,46,1,https://www.sports-reference.com/cfb/players/trayvon-mullen-1.html,3,Trayvon Mullen,CB,2.0,Clemson,2026-04-01T19:34:07.286Z,30,season_totals,4.0
2019,2019.csv,Trayvon Mullen,4035458,CB,Clemson,College Stats,6-1,199.0,4.46,34.5,,123.0,,,Oakland Raiders / 2nd / 40th pick / 2019,2021,13.0,las-vegas-raiders,CB,MullTr00,5.0,20.0,17.0,3.0,0.0,0.0,0.0,0.0,1.0,18,18.0,0.0,1.0,4.0,0.0,0.0,0.0,,,,,,,,,,,,,,,,,,,,,,,,,,,,,,,,,,,,,,,,,,,,,,,,,,,,,,,,,,,,,,,,,,,,,,,,,,,,,,6,,JR,36,ACC,,2018,1,0,0,0,15,0,46,1,https://www.sports-reference.com/cfb/players/trayvon-mullen-1.html,3,Trayvon Mullen,CB,2.0,Clemson,2026-04-01T19:34:07.286Z,30,season_totals,4.0
2019,2019.csv,Trayvon Mullen,4035458,CB,Clemson,College Stats,6-1,199.0,4.46,34.5,,123.0,,,Oakland Raiders / 2nd / 40th pick / 2019,2022,22.0,arizona-cardinals,CB,MullTr00,8.0,13.0,10.0,3.0,0.0,1.0,0.0,0.0,0.0,0,0.0,0.0,0.0,1.0,1.0,0.0,0.0,,,,,,,,,,,,,,,,,,,,,,,,,,,,,,,,,,,,,,,,,,,,,,,,,,,,,,,,,,,,,,,,,,,,,,,,,,,,,,6,,JR,36,ACC,,2018,1,0,0,0,15,0,46,1,https://www.sports-reference.com/cfb/players/trayvon-mullen-1.html,3,Trayvon Mullen,CB,2.0,Clemson,2026-04-01T19:34:07.286Z,30,season_totals,4.0
2019,2019.csv,Trayvon Mullen,4035458,CB,Clemson,College Stats,6-1,199.0,4.46,34.5,,123.0,,,Oakland Raiders / 2nd / 40th pick / 2019,2022,6.0,dallas-cowboys,CB,MullTr00,1.0,3.0,3.0,0.0,0.0,0.0,0.0,0.0,0.0,0,0.0,0.0,0.0,0.0,0.0,0.0,0.0,,,,,,,,,,,,,,,,,,,,,,,,,,,,,,,,,,,,,,,,,,,,,,,,,,,,,,,,,,,,,,,,,,,,,,,,,,,,,,6,,JR,36,ACC,,2018,1,0,0,0,15,0,46,1,https://www.sports-reference.com/cfb/players/trayvon-mullen-1.html,3,Trayvon Mullen,CB,2.0,Clemson,2026-04-01T19:34:07.286Z,30,season_totals,4.0
2019,2019.csv,Trayvon Mullen,4035458,CB,Clemson,College Stats,6-1,199.0,4.46,34.5,,123.0,,,Oakland Raiders / 2nd / 40th pick / 2019,2022,,2022 Totals,CB,MullTr00,9.0,16.0,13.0,3.0,0.0,1.0,0.0,0.0,0.0,0,0.0,0.0,0.0,1.0,1.0,0.0,0.0,,,,,,,,,,,,,,,,,,,,,,,,,,,,,,,,,,,,,,,,,,,,,,,,,,,,,,,,,,,,,,,,,,,,,,,,,,,,,,6,,JR,36,ACC,,2018,1,0,0,0,15,0,46,1,https://www.sports-reference.com/cfb/players/trayvon-mullen-1.html,3,Trayvon Mullen,CB,2.0,Clemson,2026-04-01T19:34:07.286Z,30,season_totals,4.0
2019,2019.csv,Trayvon Mullen,4035458,CB,Clemson,College Stats,6-1,199.0,4.46,34.5,,123.0,,,Oakland Raiders / 2nd / 40th pick / 2019,-1,,,,MullTr00,46.0,150.0,128.0,22.0,0.0,1.0,0.0,0.0,4.0,18,4.5,0.0,1.0,29.0,3.0,2.0,0.0,,,,,,,,,,,,,,,,,,,,,,,,,,,,,,,,,,,,,,,,,,,,,,,,,,,,,,,,,,,,,,,,,,,,,,,,,,,,,,6,,JR,36,ACC,,2018,1,0,0,0,15,0,46,1,https://www.sports-reference.com/cfb/players/trayvon-mullen-1.html,3,Trayvon Mullen,CB,2.0,Clemson,2026-04-01T19:34:07.286Z,30,season_totals,4.0
2019,2019.csv,Byron Murphy,4038999,CB,Washington,College Stats,5-11,190.0,4.55,36.5,14.0,120.0,,,Arizona Cardinals / 2nd / 33rd pick / 2019,2019,22.0,arizona-cardinals,CB,MurpBy00,16.0,78.0,66.0,12.0,0.0,0.0,0.0,0.0,1.0,0,0.0,0.0,0.0,10.0,2.0,9.0,0.0,,,,,,,,,,,,,,,,,,,,,,,,,,,,,,,,,,,,,,,,,,,,,,,,,,,,,,,,,,,,,,,,,,,,,,,,,,,,,,21,,SO,58,Pac-12,,2018,1,0,0,0,14,1,78,4,https://www.sports-reference.com/cfb/players/byron-murphy-1.html,13,Byron Murphy,DB,0.0,Washington,2026-04-01T19:31:01.906Z,37,season_totals,4.0
2019,2019.csv,Byron Murphy,4038999,CB,Washington,College Stats,5-11,190.0,4.55,36.5,14.0,120.0,,,Arizona Cardinals / 2nd / 33rd pick / 2019,2020,22.0,arizona-cardinals,CB,MurpBy00,15.0,51.0,40.0,11.0,2.0,0.0,2.0,3.0,0.0,0,0.0,0.0,0.0,8.0,2.0,8.0,0.0,,,,,,,,,,,,,,,,,,,,,,,,,,,,,,15,2.0,3,0.0,1.0,3.0,0.0,0,0.0,0.0,0.0,,,,,,,,,,,,,,,,,,,,,,,,,,,,,,,,,,,,,,21,,SO,58,Pac-12,,2018,1,0,0,0,14,1,78,4,https://www.sports-reference.com/cfb/players/byron-murphy-1.html,13,Byron Murphy,DB,0.0,Washington,2026-04-01T19:31:01.906Z,37,season_totals,4.0
2019,2019.csv,Byron Murphy,4038999,CB,Washington,College Stats,5-11,190.0,4.55,36.5,14.0,120.0,,,Arizona Cardinals / 2nd / 33rd pick / 2019,2021,22.0,arizona-cardinals,CB,MurpBy00,16.0,64.0,49.0,15.0,0.5,1.0,1.0,0.0,4.0,49,12.3,1.0,1.0,12.0,0.0,1.0,0.0,16,0.0,0.0,0.0,1.0,1.0,0.0,0.0,0.0,6.0,,,,,,,,,,,,,,,,,,,,16,1.0,48,0.0,0.0,48.0,0.0,0,0.0,0.0,0.0,,,,,,,,,,,,,,,,,,,,,,,,,,,,,,,,,,,,,,21,,SO,58,Pac-12,,2018,1,0,0,0,14,1,78,4,https://www.sports-reference.com/cfb/players/byron-murphy-1.html,13,Byron Murphy,DB,0.0,Washington,2026-04-01T19:31:01.906Z,37,season_totals,4.0
2019,2019.csv,Byron Murphy,4038999,CB,Washington,College Stats,5-11,190.0,4.55,36.5,14.0,120.0,,,Arizona Cardinals / 2nd / 33rd pick / 2019,2022,22.0,arizona-cardinals,CB,MurpBy00,9.0,36.0,29.0,7.0,0.5,0.0,2.0,59.0,0.0,0,0.0,0.0,0.0,4.0,1.0,4.0,0.0,9,0.0,0.0,0.0,1.0,1.0,0.0,0.0,0.0,6.0,,,,,,,,,,,,,,,,,,,,,,,,,,,,,,,,,,,,,,,,,,,,,,,,,,,,,,,,,,,,,,,,,,,,21,,SO,58,Pac-12,,2018,1,0,0,0,14,1,78,4,https://www.sports-reference.com/cfb/players/byron-murphy-1.html,13,Byron Murphy,DB,0.0,Washington,2026-04-01T19:31:01.906Z,37,season_totals,4.0
2019,2019.csv,Byron Murphy,4038999,CB,Washington,College Stats,5-11,190.0,4.55,36.5,14.0,120.0,,,Arizona Cardinals / 2nd / 33rd pick / 2019,2023,16.0,minnesota-vikings,CB,MurpBy00,14.0,57.0,43.0,14.0,0.0,1.0,0.0,0.0,3.0,59,19.7,0.0,37.0,13.0,1.5,10.0,0.0,,,,,,,,,,,,,,,,,,,,,,,,,,,,,,,,,,,,,,,,,14.0,0,0,0.0,0,0.0,0,0,0,0,39.6,-,,,,,,,,,,,,,,,,,,,,,,,,,,21,,SO,58,Pac-12,,2018,1,0,0,0,14,1,78,4,https://www.sports-reference.com/cfb/players/byron-murphy-1.html,13,Byron Murphy,DB,0.0,Washington,2026-04-01T19:31:01.906Z,37,season_totals,4.0
2019,2019.csv,Byron Murphy,4038999,CB,Washington,College Stats,5-11,190.0,4.55,36.5,14.0,120.0,,,Arizona Cardinals / 2nd / 33rd pick / 2019,2024,16.0,minnesota-vikings,CB,MurpBy00,17.0,81.0,62.0,19.0,0.0,1.0,0.0,0.0,6.0,2,0.3,0.0,2.0,14.0,4.0,18.0,0.0,,,,,,,,,,,,,,,,,,,,,,,,,,,,,,,,,,,,,,,,,,,,,,,,,,,,,,,,,,,,,,,,,,,,,,,,,,,,,,21,,SO,58,Pac-12,,2018,1,0,0,0,14,1,78,4,https://www.sports-reference.com/cfb/players/byron-murphy-1.html,13,Byron Murphy,DB,0.0,Washington,2026-04-01T19:31:01.906Z,37,season_totals,4.0
2019,2019.csv,Byron Murphy,4038999,CB,Washington,College Stats,5-11,190.0,4.55,36.5,14.0,120.0,,,Arizona Cardinals / 2nd / 33rd pick / 2019,2025,16.0,minnesota-vikings,CB,MurpBy00,17.0,71.0,48.0,23.0,0.0,0.0,1.0,0.0,2.0,15,7.5,0.0,15.0,7.0,3.5,5.0,0.0,,,,,,,,,,,,,,,,,,,,,,,,,,,,,,,,,,,,,,,,,,,,,,,,,,,,,,,,,,,,,,,,,,,,,,,,,,,,,,21,,SO,58,Pac-12,,2018,1,0,0,0,14,1,78,4,https://www.sports-reference.com/cfb/players/byron-murphy-1.html,13,Byron Murphy,DB,0.0,Washington,2026-04-01T19:31:01.906Z,37,season_totals,4.0
2019,2019.csv,Byron Murphy,4038999,CB,Washington,College Stats,5-11,190.0,4.55,36.5,14.0,120.0,,,Arizona Cardinals / 2nd / 33rd pick / 2019,-1,,,,MurpBy00,104.0,438.0,337.0,101.0,3.0,3.0,6.0,62.0,16.0,125,7.8,1.0,37.0,68.0,14.0,55.0,0.0,104,0.0,0.0,0.0,2.0,2.0,0.0,0.0,0.0,12.0,,,,,,,,,,,,,,,,,,,,104,3.0,51,0.0,1.0,48.0,0.0,0,0.0,0.0,0.0,104.0,0,0,0.0,0,0.0,0,0,0,0,0.0,-,,,,,,,,,,,,,,,,,,,,,,,,,,21,,SO,58,Pac-12,,2018,1,0,0,0,14,1,78,4,https://www.sports-reference.com/cfb/players/byron-murphy-1.html,13,Byron Murphy,DB,0.0,Washington,2026-04-01T19:31:01.906Z,37,season_totals,4.0
2019,2019.csv,Amani Oruwariye,3116175,CB,Penn State,College Stats,6-2,205.0,4.47,36.5,17.0,120.0,6.82,4.16,Detroit Lions / 5th / 146th pick / 2019,2019,8.0,detroit-lions,CB,OruwAm00,9.0,19.0,18.0,1.0,0.0,0.0,0.0,0.0,2.0,0,0.0,0.0,0.0,3.0,0.0,0.0,0.0,,,,,,,,,,,,,,,,,,,,,,,,,,,,,,,,,,,,,,,,,,,,,,,,,,,,,,,,,,,,,,,,,,,,,,,,,,,,,,11,,SR,51,Big Ten,,2018,1,0,0,0,13,0,-2,3,https://www.sports-reference.com/cfb/players/amani-oruwariye-1.html,12,Amani Oruwariye,CB,0.0,Penn State,2026-04-01T19:30:56.191Z,40,season_totals,2.0
2019,2019.csv,Amani Oruwariye,3116175,CB,Penn State,College Stats,6-2,205.0,4.47,36.5,17.0,120.0,6.82,4.16,Detroit Lions / 5th / 146th pick / 2019,2020,8.0,detroit-lions,CB,OruwAm00,16.0,53.0,45.0,8.0,0.0,0.0,0.0,0.0,1.0,0,0.0,0.0,0.0,7.0,1.0,6.0,0.0,,,,,,,,,,,,,,,,,,,,,,,,,,,,,,,,,,,,,,,,,,,,,,,,,,,,,,,,,,,,,,,,,,,,,,,,,,,,,,11,,SR,51,Big Ten,,2018,1,0,0,0,13,0,-2,3,https://www.sports-reference.com/cfb/players/amani-oruwariye-1.html,12,Amani Oruwariye,CB,0.0,Penn State,2026-04-01T19:30:56.191Z,40,season_totals,2.0
2019,2019.csv,Amani Oruwariye,3116175,CB,Penn State,College Stats,6-2,205.0,4.47,36.5,17.0,120.0,6.82,4.16,Detroit Lions / 5th / 146th pick / 2019,2021,8.0,detroit-lions,CB,OruwAm00,14.0,57.0,44.0,13.0,0.0,0.0,1.0,0.0,6.0,73,12.2,0.0,1.0,11.0,1.5,4.0,0.0,,,,,,,,,,,,,,,,,,,,,,,,,,,,,,,,,,,,,,,,,,,,,,,,,,,,,,,,,,,,,,,,,,,,,,,,,,,,,,11,,SR,51,Big Ten,,2018,1,0,0,0,13,0,-2,3,https://www.sports-reference.com/cfb/players/amani-oruwariye-1.html,12,Amani Oruwariye,CB,0.0,Penn State,2026-04-01T19:30:56.191Z,40,season_totals,2.0
2019,2019.csv,Amani Oruwariye,3116175,CB,Penn State,College Stats,6-2,205.0,4.47,36.5,17.0,120.0,6.82,4.16,Detroit Lions / 5th / 146th pick / 2019,2022,8.0,detroit-lions,CB,OruwAm00,14.0,44.0,36.0,8.0,0.0,0.0,1.0,0.0,0.0,0,0.0,0.0,0.0,3.0,1.0,2.0,0.0,,,,,,,,,,,,,,,,,,,,,,,,,,,,,,,,,,,,,,,,,,,,,,,,,,,,,,,,,,,,,,,,,,,,,,,,,,,,,,11,,SR,51,Big Ten,,2018,1,0,0,0,13,0,-2,3,https://www.sports-reference.com/cfb/players/amani-oruwariye-1.html,12,Amani Oruwariye,CB,0.0,Penn State,2026-04-01T19:30:56.191Z,40,season_totals,2.0
2019,2019.csv,Amani Oruwariye,3116175,CB,Penn State,College Stats,6-2,205.0,4.47,36.5,17.0,120.0,6.82,4.16,Detroit Lions / 5th / 146th pick / 2019,2024,6.0,dallas-cowboys,CB,OruwAm00,7.0,29.0,23.0,6.0,0.0,0.0,0.0,0.0,1.0,0,0.0,0.0,0.0,3.0,0.0,1.0,0.0,,,,,,,,,,,,,,,,,,,,,,,,,,,,,,7,1.0,0,0.0,0.0,0.0,0.0,0,0.0,0.0,0.0,7.0,0,0,0.0,0,0.0,0,0,0,0,39.6,-,,,,,,,,,,,,,,,,,,,,,,,,,,11,,SR,51,Big Ten,,2018,1,0,0,0,13,0,-2,3,https://www.sports-reference.com/cfb/players/amani-oruwariye-1.html,12,Amani Oruwariye,CB,0.0,Penn State,2026-04-01T19:30:56.191Z,40,season_totals,2.0
2019,2019.csv,Amani Oruwariye,3116175,CB,Penn State,College Stats,6-2,205.0,4.47,36.5,17.0,120.0,6.82,4.16,Detroit Lions / 5th / 146th pick / 2019,2025,33.0,baltimore-ravens,CB,OruwAm00,1.0,1.0,0.0,1.0,0.0,0.0,0.0,0.0,0.0,0,0.0,0.0,0.0,0.0,0.0,0.0,0.0,,,,,,,,,,,,,,,,,,,,,,,,,,,,,,,,,,,,,,,,,,,,,,,,,,,,,,,,,,,,,,,,,,,,,,,,,,,,,,11,,SR,51,Big Ten,,2018,1,0,0,0,13,0,-2,3,https://www.sports-reference.com/cfb/players/amani-oruwariye-1.html,12,Amani Oruwariye,CB,0.0,Penn State,2026-04-01T19:30:56.191Z,40,season_totals,2.0
2019,2019.csv,Amani Oruwariye,3116175,CB,Penn State,College Stats,6-2,205.0,4.47,36.5,17.0,120.0,6.82,4.16,Detroit Lions / 5th / 146th pick / 2019,-1,,,,OruwAm00,61.0,203.0,166.0,37.0,0.0,0.0,2.0,0.0,10.0,73,7.3,0.0,1.0,27.0,3.5,13.0,0.0,,,,,,,,,,,,,,,,,,,,,,,,,,,,,,61,1.0,0,0.0,0.0,0.0,0.0,0,0.0,0.0,0.0,61.0,0,0,0.0,0,0.0,0,0,0,0,0.0,-,,,,,,,,,,,,,,,,,,,,,,,,,,11,,SR,51,Big Ten,,2018,1,0,0,0,13,0,-2,3,https://www.sports-reference.com/cfb/players/amani-oruwariye-1.html,12,Amani Oruwariye,CB,0.0,Penn State,2026-04-01T19:30:56.191Z,40,season_totals,2.0
2019,2019.csv,Taylor Rapp,4039007,S,Washington,College Stats,6-0,208.0,,35.0,17.0,115.0,6.82,3.99,Los Angeles Rams / 2nd / 61st pick / 2019,2019,14.0,los-angeles-rams,S,RappTa00,15.0,100.0,62.0,38.0,0.0,0.0,1.0,0.0,2.0,54,27.0,1.0,31.0,8.0,4.0,6.0,0.0,15,0.0,0.0,0.0,1.0,1.0,0.0,0.0,0.0,6.0,,,,,,,,,,,,,,,,,,,,,,,,,,,,,,,,,,,,,,,,,,,,,,,,,,,,,,,,,,,,,,,,,,,,26,,JR,59,Pac-12,,2018,0,3,0,0,13,0,0,2,https://www.sports-reference.com/cfb/players/tyler-rapp-2.html,5,Taylor Rapp,DB,5.0,Washington,2026-04-01T20:02:09.251Z,33,season_totals,6.0
2019,2019.csv,Taylor Rapp,4039007,S,Washington,College Stats,6-0,208.0,,35.0,17.0,115.0,6.82,3.99,Los Angeles Rams / 2nd / 61st pick / 2019,2020,14.0,los-angeles-rams,S,RappTa00,9.0,44.0,32.0,12.0,0.0,1.0,0.0,0.0,1.0,0,0.0,0.0,0.0,3.0,0.0,0.0,0.0,,,,,,,,,,,,,,,,,,,,,,,,,,,,,,,,,,,,,,,,,,,,,,,,,,,,,,,,,,,,,,,,,,,,,,,,,,,,,,26,,JR,59,Pac-12,,2018,0,3,0,0,13,0,0,2,https://www.sports-reference.com/cfb/players/tyler-rapp-2.html,5,Taylor Rapp,DB,5.0,Washington,2026-04-01T20:02:09.251Z,33,season_totals,6.0
2019,2019.csv,Taylor Rapp,4039007,S,Washington,College Stats,6-0,208.0,,35.0,17.0,115.0,6.82,3.99,Los Angeles Rams / 2nd / 61st pick / 2019,2021,14.0,los-angeles-rams,S,RappTa00,17.0,94.0,64.0,30.0,1.5,0.0,1.0,0.0,4.0,31,7.8,0.0,1.0,6.0,3.5,2.0,0.0,,,,,,,,,,,,,,,,,,,,,,,,,,,,,,,,,,,,,,,,,,,,,,,,,,,,,,,,,,,,,,,,,,,,,,,,,,,,,,26,,JR,59,Pac-12,,2018,0,3,0,0,13,0,0,2,https://www.sports-reference.com/cfb/players/tyler-rapp-2.html,5,Taylor Rapp,DB,5.0,Washington,2026-04-01T20:02:09.251Z,33,season_totals,6.0
2019,2019.csv,Taylor Rapp,4039007,S,Washington,College Stats,6-0,208.0,,35.0,17.0,115.0,6.82,3.99,Los Angeles Rams / 2nd / 61st pick / 2019,2022,14.0,los-angeles-rams,S,RappTa00,16.0,92.0,58.0,34.0,0.0,0.0,1.0,0.0,2.0,18,9.0,0.0,1.0,6.0,2.5,6.0,0.0,,,,,,,,,,,,,,,,,,,,,,,,,,,,,,,,,,,,,,,,,,,,,,,,,,,,,,,,,,,,,,,,,,,,,,,,,,,,,,26,,JR,59,Pac-12,,2018,0,3,0,0,13,0,0,2,https://www.sports-reference.com/cfb/players/tyler-rapp-2.html,5,Taylor Rapp,DB,5.0,Washington,2026-04-01T20:02:09.251Z,33,season_totals,6.0
2019,2019.csv,Taylor Rapp,4039007,S,Washington,College Stats,6-0,208.0,,35.0,17.0,115.0,6.82,3.99,Los Angeles Rams / 2nd / 61st pick / 2019,2023,2.0,buffalo-bills,S,RappTa00,16.0,50.0,33.0,17.0,0.5,0.0,1.0,6.0,1.0,0,0.0,0.0,0.0,2.0,1.0,3.0,0.0,,,,,,,,,,,,,,,,,,,,,,,,,,,,,,,,,,,,,,,,,,,,,,,,,,,,,,,,,,,,,,,,,,,,,,,,,,,,,,26,,JR,59,Pac-12,,2018,0,3,0,0,13,0,0,2,https://www.sports-reference.com/cfb/players/tyler-rapp-2.html,5,Taylor Rapp,DB,5.0,Washington,2026-04-01T20:02:09.251Z,33,season_totals,6.0
2019,2019.csv,Taylor Rapp,4039007,S,Washington,College Stats,6-0,208.0,,35.0,17.0,115.0,6.82,3.99,Los Angeles Rams / 2nd / 61st pick / 2019,2024,2.0,buffalo-bills,S,RappTa00,14.0,82.0,48.0,34.0,0.0,1.0,0.0,0.0,2.0,5,2.5,0.0,5.0,6.0,3.0,3.0,0.0,,,,,,,,,,,,,,,,,,,,,,,,,,,,,,,,,,,,,,,,,,,,,,,,,,,,,,,,,,,,,,,,,,,,,,,,,,,,,,26,,JR,59,Pac-12,,2018,0,3,0,0,13,0,0,2,https://www.sports-reference.com/cfb/players/tyler-rapp-2.html,5,Taylor Rapp,DB,5.0,Washington,2026-04-01T20:02:09.251Z,33,season_totals,6.0
2019,2019.csv,Taylor Rapp,4039007,S,Washington,College Stats,6-0,208.0,,35.0,17.0,115.0,6.82,3.99,Los Angeles Rams / 2nd / 61st pick / 2019,2025,2.0,buffalo-bills,S,RappTa00,6.0,26.0,17.0,9.0,0.0,0.0,0.0,0.0,0.0,0,0.0,0.0,0.0,0.0,1.0,0.0,0.0,,,,,,,,,,,,,,,,,,,,,,,,,,,,,,,,,,,,,,,,,,,,,,,,,,,,,,,,,,,,,,,,,,,,,,,,,,,,,,26,,JR,59,Pac-12,,2018,0,3,0,0,13,0,0,2,https://www.sports-reference.com/cfb/players/tyler-rapp-2.html,5,Taylor Rapp,DB,5.0,Washington,2026-04-01T20:02:09.251Z,33,season_totals,6.0
2019,2019.csv,Taylor Rapp,4039007,S,Washington,College Stats,6-0,208.0,,35.0,17.0,115.0,6.82,3.99,Los Angeles Rams / 2nd / 61st pick / 2019,-1,,,,RappTa00,93.0,488.0,314.0,174.0,2.0,2.0,4.0,6.0,12.0,108,9.0,1.0,31.0,31.0,15.0,20.0,0.0,93,0.0,0.0,0.0,1.0,1.0,0.0,0.0,0.0,6.0,,,,,,,,,,,,,,,,,,,,,,,,,,,,,,,,,,,,,,,,,,,,,,,,,,,,,,,,,,,,,,,,,,,,26,,JR,59,Pac-12,,2018,0,3,0,0,13,0,0,2,https://www.sports-reference.com/cfb/players/tyler-rapp-2.html,5,Taylor Rapp,DB,5.0,Washington,2026-04-01T20:02:09.251Z,33,season_totals,6.0
2019,2019.csv,Sheldrick Redwine,3917852,S,Miami (FL),College Stats,6-0,196.0,4.44,39.0,,130.0,,4.14,Cleveland Browns / 4th / 119th pick / 2019,2019,5.0,cleveland-browns,S,RedwSh00,12.0,42.0,28.0,14.0,0.0,0.0,0.0,0.0,0.0,0,0.0,0.0,0.0,2.0,0.0,0.0,0.0,,,,,,,,,,,,,,,,,,,,,,,,,,,,,,,,,,,,,,,,,,,,,,,,,,,,,,,,,,,,,,,,,,,,,,,,,,,,,,29,,SR,64,ACC,,2018,1,1,0,7,13,0,14,3,https://www.sports-reference.com/cfb/players/sheldrick-redwine-1.html,2,Sheldrick Redwine,DB,3.0,Miami (FL),2026-04-01T19:33:54.024Z,35,season_totals,3.5
2019,2019.csv,Sheldrick Redwine,3917852,S,Miami (FL),College Stats,6-0,196.0,4.44,39.0,,130.0,,4.14,Cleveland Browns / 4th / 119th pick / 2019,2020,5.0,cleveland-browns,S,RedwSh00,15.0,27.0,19.0,8.0,0.5,0.0,0.0,0.0,1.0,8,8.0,0.0,8.0,1.0,0.0,0.0,0.0,,,,,,,,,,,,,,,,,,,,,,,,,,,,,,,,,,,,,,,,,,,,,,,,,,,,,,,,,,,,,,,,,,,,,,,,,,,,,,29,,SR,64,ACC,,2018,1,1,0,7,13,0,14,3,https://www.sports-reference.com/cfb/players/sheldrick-redwine-1.html,2,Sheldrick Redwine,DB,3.0,Miami (FL),2026-04-01T19:33:54.024Z,35,season_totals,3.5
2019,2019.csv,Sheldrick Redwine,3917852,S,Miami (FL),College Stats,6-0,196.0,4.44,39.0,,130.0,,4.14,Cleveland Browns / 4th / 119th pick / 2019,2021,20.0,new-york-jets,S,RedwSh00,2.0,6.0,4.0,2.0,0.0,0.0,0.0,0.0,0.0,0,0.0,0.0,0.0,0.0,0.0,0.0,0.0,,,,,,,,,,,,,,,,,,,,,,,,,,,,,,,,,,,,,,,,,,,,,,,,,,,,,,,,,,,,,,,,,,,,,,,,,,,,,,29,,SR,64,ACC,,2018,1,1,0,7,13,0,14,3,https://www.sports-reference.com/cfb/players/sheldrick-redwine-1.html,2,Sheldrick Redwine,DB,3.0,Miami (FL),2026-04-01T19:33:54.024Z,35,season_totals,3.5
2019,2019.csv,Sheldrick Redwine,3917852,S,Miami (FL),College Stats,6-0,196.0,4.44,39.0,,130.0,,4.14,Cleveland Browns / 4th / 119th pick / 2019,2021,15.0,miami-dolphins,S,RedwSh00,4.0,2.0,1.0,1.0,0.0,0.0,0.0,0.0,0.0,0,0.0,0.0,0.0,0.0,0.0,0.0,0.0,,,,,,,,,,,,,,,,,,,,,,,,,,,,,,,,,,,,,,,,,,,,,,,,,,,,,,,,,,,,,,,,,,,,,,,,,,,,,,29,,SR,64,ACC,,2018,1,1,0,7,13,0,14,3,https://www.sports-reference.com/cfb/players/sheldrick-redwine-1.html,2,Sheldrick Redwine,DB,3.0,Miami (FL),2026-04-01T19:33:54.024Z,35,season_totals,3.5
2019,2019.csv,Sheldrick Redwine,3917852,S,Miami (FL),College Stats,6-0,196.0,4.44,39.0,,130.0,,4.14,Cleveland Browns / 4th / 119th pick / 2019,2021,,2021 Totals,S,RedwSh00,6.0,8.0,5.0,3.0,0.0,0.0,0.0,0.0,0.0,0,0.0,0.0,0.0,0.0,0.0,0.0,0.0,,,,,,,,,,,,,,,,,,,,,,,,,,,,,,,,,,,,,,,,,,,,,,,,,,,,,,,,,,,,,,,,,,,,,,,,,,,,,,29,,SR,64,ACC,,2018,1,1,0,7,13,0,14,3,https://www.sports-reference.com/cfb/players/sheldrick-redwine-1.html,2,Sheldrick Redwine,DB,3.0,Miami (FL),2026-04-01T19:33:54.024Z,35,season_totals,3.5
2019,2019.csv,Sheldrick Redwine,3917852,S,Miami (FL),College Stats,6-0,196.0,4.44,39.0,,130.0,,4.14,Cleveland Browns / 4th / 119th pick / 2019,-1,,,,RedwSh00,33.0,77.0,52.0,25.0,0.5,0.0,0.0,0.0,1.0,8,8.0,0.0,8.0,3.0,0.0,0.0,0.0,,,,,,,,,,,,,,,,,,,,,,,,,,,,,,,,,,,,,,,,,,,,,,,,,,,,,,,,,,,,,,,,,,,,,,,,,,,,,,29,,SR,64,ACC,,2018,1,1,0,7,13,0,14,3,https://www.sports-reference.com/cfb/players/sheldrick-redwine-1.html,2,Sheldrick Redwine,DB,3.0,Miami (FL),2026-04-01T19:33:54.024Z,35,season_totals,3.5
2019,2019.csv,Kendall Sheffield,3925358,CB,Ohio State,College Stats,5-11,193.0,,,,,,,Atlanta Falcons / 4th / 111th pick / 2019,2019,1.0,atlanta-falcons,CB,ShefKe00,16.0,46.0,33.0,13.0,0.0,1.0,0.0,0.0,0.0,0,0.0,0.0,0.0,3.0,0.0,0.0,1.0,,,,,,,,,,,,,,,,,,,,,,,,,,,,,,16,0.0,0,0.0,0.0,0.0,6.0,106,0.0,0.0,29.0,,,,,,,,,,,,,,,,,,,,,,,,,,,,,,,,,,,,,,8,,JR,35,Big Ten,,2018,1,0,0,0,14,0,0,2,https://www.sports-reference.com/cfb/players/kendall-sheffield-1.html,8,Kendall Sheffield,CB,0.0,Ohio State,2026-04-01T19:32:43.065Z,27,season_totals,2.0
2019,2019.csv,Kendall Sheffield,3925358,CB,Ohio State,College Stats,5-11,193.0,,,,,,,Atlanta Falcons / 4th / 111th pick / 2019,2020,1.0,atlanta-falcons,CB,ShefKe00,13.0,51.0,37.0,14.0,0.0,1.0,0.0,0.0,0.0,0,0.0,0.0,0.0,3.0,0.0,1.0,0.0,,,,,,,,,,,,,,,,,,,,,,,,,,,,,,,,,,,,,,,,,,,,,,,,,,,,,,,,,,,,,,,,,,,,,,,,,,,,,,8,,JR,35,Big Ten,,2018,1,0,0,0,14,0,0,2,https://www.sports-reference.com/cfb/players/kendall-sheffield-1.html,8,Kendall Sheffield,CB,0.0,Ohio State,2026-04-01T19:32:43.065Z,27,season_totals,2.0
2019,2019.csv,Kendall Sheffield,3925358,CB,Ohio State,College Stats,5-11,193.0,,,,,,,Atlanta Falcons / 4th / 111th pick / 2019,2021,1.0,atlanta-falcons,CB,ShefKe00,9.0,4.0,2.0,2.0,0.0,0.0,0.0,0.0,0.0,0,0.0,0.0,0.0,0.0,0.0,0.0,0.0,,,,,,,,,,,,,,,,,,,,,,,,,,,,,,,,,,,,,,,,,,,,,,,,,,,,,,,,,,,,,,,,,,,,,,,,,,,,,,8,,JR,35,Big Ten,,2018,1,0,0,0,14,0,0,2,https://www.sports-reference.com/cfb/players/kendall-sheffield-1.html,8,Kendall Sheffield,CB,0.0,Ohio State,2026-04-01T19:32:43.065Z,27,season_totals,2.0
2019,2019.csv,Kendall Sheffield,3925358,CB,Ohio State,College Stats,5-11,193.0,,,,,,,Atlanta Falcons / 4th / 111th pick / 2019,2023,25.0,san-francisco-49ers,CB,ShefKe00,3.0,4.0,4.0,0.0,0.0,0.0,0.0,0.0,0.0,0,0.0,0.0,0.0,0.0,0.0,4.0,0.0,,,,,,,,,,,,,,,,,,,,,,,,,,,,,,,,,,,,,,,,,,,,,,,,,,,,,,,,,,,,,,,,,,,,,,,,,,,,,,8,,JR,35,Big Ten,,2018,1,0,0,0,14,0,0,2,https://www.sports-reference.com/cfb/players/kendall-sheffield-1.html,8,Kendall Sheffield,CB,0.0,Ohio State,2026-04-01T19:32:43.065Z,27,season_totals,2.0
2019,2019.csv,Kendall Sheffield,3925358,CB,Ohio State,College Stats,5-11,193.0,,,,,,,Atlanta Falcons / 4th / 111th pick / 2019,2024,20.0,new-york-jets,CB,ShefKe00,6.0,9.0,5.0,4.0,0.0,0.0,0.0,0.0,0.0,0,0.0,0.0,0.0,0.0,0.0,0.0,0.0,,,,,,,,,,,,,,,,,,,,,,,,,,,,,,,,,,,,,,,,,,,,,,,,,,,,,,,,,,,,,,,,,,,,,,,,,,,,,,8,,JR,35,Big Ten,,2018,1,0,0,0,14,0,0,2,https://www.sports-reference.com/cfb/players/kendall-sheffield-1.html,8,Kendall Sheffield,CB,0.0,Ohio State,2026-04-01T19:32:43.065Z,27,season_totals,2.0
2019,2019.csv,Kendall Sheffield,3925358,CB,Ohio State,College Stats,5-11,193.0,,,,,,,Atlanta Falcons / 4th / 111th pick / 2019,2025,15.0,miami-dolphins,CB,ShefKe00,2.0,1.0,1.0,0.0,0.0,0.0,0.0,0.0,0.0,0,0.0,0.0,0.0,0.0,0.0,0.0,0.0,,,,,,,,,,,,,,,,,,,,,,,,,,,,,,,,,,,,,,,,,,,,,,,,,,,,,,,,,,,,,,,,,,,,,,,,,,,,,,8,,JR,35,Big Ten,,2018,1,0,0,0,14,0,0,2,https://www.sports-reference.com/cfb/players/kendall-sheffield-1.html,8,Kendall Sheffield,CB,0.0,Ohio State,2026-04-01T19:32:43.065Z,27,season_totals,2.0
2019,2019.csv,Kendall Sheffield,3925358,CB,Ohio State,College Stats,5-11,193.0,,,,,,,Atlanta Falcons / 4th / 111th pick / 2019,-1,,,,ShefKe00,49.0,115.0,82.0,33.0,0.0,2.0,0.0,0.0,0.0,0,0.0,0.0,0.0,6.0,0.0,5.0,1.0,,,,,,,,,,,,,,,,,,,,,,,,,,,,,,49,0.0,0,0.0,0.0,0.0,6.0,106,0.0,0.0,29.0,,,,,,,,,,,,,,,,,,,,,,,,,,,,,,,,,,,,,,8,,JR,35,Big Ten,,2018,1,0,0,0,14,0,0,2,https://www.sports-reference.com/cfb/players/kendall-sheffield-1.html,8,Kendall Sheffield,CB,0.0,Ohio State,2026-04-01T19:32:43.065Z,27,season_totals,2.0
2019,2019.csv,Deionte Thompson,3859100,S,Alabama,College Stats,6-1,195.0,,,,,,,Arizona Cardinals / 5th / 139th pick / 2019,2019,22.0,arizona-cardinals,S,ThomDe06,11.0,18.0,14.0,4.0,0.0,0.0,0.0,0.0,0.0,0,0.0,0.0,0.0,0.0,0.0,0.0,0.0,,,,,,,,,,,,,,,,,,,,,,,,,,,,,,,,,,,,,,,,,,,,,,,,,,,,,,,,,,,,,,,,,,,,,,,,,,,,,,31,AA,JR,79,SEC,,2018,4,1,0,0,15,0,65,2,https://www.sports-reference.com/cfb/players/deionte-thompson-1.html,6,Deionte Thompson,DB,0.0,Alabama,2026-04-01T19:31:26.209Z,48,season_totals,3.5
2019,2019.csv,Deionte Thompson,3859100,S,Alabama,College Stats,6-1,195.0,,,,,,,Arizona Cardinals / 5th / 139th pick / 2019,2020,22.0,arizona-cardinals,S,ThomDe06,13.0,27.0,18.0,9.0,0.0,0.0,0.0,0.0,0.0,0,0.0,0.0,0.0,3.0,0.0,0.0,0.0,,,,,,,,,,,,,,,,,,,,,,,,,,,,,,,,,,,,,,,,,,,,,,,,,,,,,,,,,,,,,,,,,,,,,,,,,,,,,,31,AA,JR,79,SEC,,2018,4,1,0,0,15,0,65,2,https://www.sports-reference.com/cfb/players/deionte-thompson-1.html,6,Deionte Thompson,DB,0.0,Alabama,2026-04-01T19:31:26.209Z,48,season_totals,3.5
2019,2019.csv,Deionte Thompson,3859100,S,Alabama,College Stats,6-1,195.0,,,,,,,Arizona Cardinals / 5th / 139th pick / 2019,2021,22.0,arizona-cardinals,S,ThomDe06,17.0,8.0,5.0,3.0,0.0,0.0,0.0,0.0,0.0,0,0.0,0.0,0.0,0.0,0.0,0.0,0.0,,,,,,,,,,,,,,,,,,,,,,,,,,,,,,,,,,,,,,,,,,,,,,,,,,,,,,,,,,,,,,,,,,,,,,,,,,,,,,31,AA,JR,79,SEC,,2018,4,1,0,0,15,0,65,2,https://www.sports-reference.com/cfb/players/deionte-thompson-1.html,6,Deionte Thompson,DB,0.0,Alabama,2026-04-01T19:31:26.209Z,48,season_totals,3.5
2019,2019.csv,Deionte Thompson,3859100,S,Alabama,College Stats,6-1,195.0,,,,,,,Arizona Cardinals / 5th / 139th pick / 2019,2022,22.0,arizona-cardinals,S,ThomDe06,3.0,1.0,0.0,1.0,0.0,0.0,0.0,0.0,0.0,0,0.0,0.0,0.0,0.0,0.0,0.0,0.0,,,,,,,,,,,,,,,,,,,,,,,,,,,,,,,,,,,,,,,,,,,,,,,,,,,,,,,,,,,,,,,,,,,,,,,,,,,,,,31,AA,JR,79,SEC,,2018,4,1,0,0,15,0,65,2,https://www.sports-reference.com/cfb/players/deionte-thompson-1.html,6,Deionte Thompson,DB,0.0,Alabama,2026-04-01T19:31:26.209Z,48,season_totals,3.5
2019,2019.csv,Deionte Thompson,3859100,S,Alabama,College Stats,6-1,195.0,,,,,,,Arizona Cardinals / 5th / 139th pick / 2019,-1,,,,ThomDe06,44.0,54.0,37.0,17.0,0.0,0.0,0.0,0.0,0.0,0,0.0,0.0,0.0,3.0,0.0,0.0,0.0,,,,,,,,,,,,,,,,,,,,,,,,,,,,,,,,,,,,,,,,,,,,,,,,,,,,,,,,,,,,,,,,,,,,,,,,,,,,,,31,AA,JR,79,SEC,,2018,4,1,0,0,15,0,65,2,https://www.sports-reference.com/cfb/players/deionte-thompson-1.html,6,Deionte Thompson,DB,0.0,Alabama,2026-04-01T19:31:26.209Z,48,season_totals,3.5
2019,2019.csv,Juan Thornhill,3917909,S,Virginia,College Stats,6-0,205.0,4.42,44.0,21.0,141.0,,,Kansas City Chiefs / 2nd / 63rd pick / 2019,2019,12.0,kansas-city-chiefs,S,ThorJu00,16.0,58.0,42.0,16.0,0.0,0.0,0.0,0.0,3.0,46,15.3,1.0,46.0,5.0,0.0,0.0,0.0,16,0.0,0.0,0.0,1.0,1.0,0.0,0.0,0.0,6.0,,,,,,,,,,,,,,,,,,,,,,,,,,,,,,,,,,,,,,,,,,,,,,,,,,,,,,,,,,,,,,,,,,,,36,,SR,98,ACC,,2018,0,0,0,0,13,0,141,6,https://www.sports-reference.com/cfb/players/juan-thornhill-1.html,7,Juan Thornhill,S,0.0,Virginia,2026-04-01T19:32:20.154Z,62,season_totals,4.5
2019,2019.csv,Juan Thornhill,3917909,S,Virginia,College Stats,6-0,205.0,4.42,44.0,21.0,141.0,,,Kansas City Chiefs / 2nd / 63rd pick / 2019,2020,12.0,kansas-city-chiefs,S,ThorJu00,16.0,41.0,33.0,8.0,0.0,0.0,0.0,0.0,1.0,20,20.0,0.0,20.0,3.0,0.0,0.0,0.0,,,,,,,,,,,,,,,,,,,,,,,,,,,,,,,,,,,,,,,,,,,,,,,,,,,,,,,,,,,,,,,,,,,,,,,,,,,,,,36,,SR,98,ACC,,2018,0,0,0,0,13,0,141,6,https://www.sports-reference.com/cfb/players/juan-thornhill-1.html,7,Juan Thornhill,S,0.0,Virginia,2026-04-01T19:32:20.154Z,62,season_totals,4.5
2019,2019.csv,Juan Thornhill,3917909,S,Virginia,College Stats,6-0,205.0,4.42,44.0,21.0,141.0,,,Kansas City Chiefs / 2nd / 63rd pick / 2019,2021,12.0,kansas-city-chiefs,S,ThorJu00,17.0,64.0,43.0,21.0,0.0,1.0,1.0,0.0,1.0,13,13.0,0.0,1.0,3.0,0.5,4.0,0.0,,,,,,,,,,,,,,,,,,,,,,,,,,,,,,,,,,,,,,,,,,,,,,,,,,,,,,,,,,,,,,,,,,,,,,,,,,,,,,36,,SR,98,ACC,,2018,0,0,0,0,13,0,141,6,https://www.sports-reference.com/cfb/players/juan-thornhill-1.html,7,Juan Thornhill,S,0.0,Virginia,2026-04-01T19:32:20.154Z,62,season_totals,4.5
2019,2019.csv,Juan Thornhill,3917909,S,Virginia,College Stats,6-0,205.0,4.42,44.0,21.0,141.0,,,Kansas City Chiefs / 2nd / 63rd pick / 2019,2022,12.0,kansas-city-chiefs,S,ThorJu00,16.0,71.0,43.0,28.0,1.0,0.0,0.0,0.0,3.0,0,0.0,0.0,1.0,9.0,1.0,6.0,0.0,,,,,,,,,,,,,,,,,,,,,,,,,,,,,,,,,,,,,,,,,,,,,,,,,,,,,,,,,,,,,,,,,,,,,,,,,,,,,,36,,SR,98,ACC,,2018,0,0,0,0,13,0,141,6,https://www.sports-reference.com/cfb/players/juan-thornhill-1.html,7,Juan Thornhill,S,0.0,Virginia,2026-04-01T19:32:20.154Z,62,season_totals,4.5
2019,2019.csv,Juan Thornhill,3917909,S,Virginia,College Stats,6-0,205.0,4.42,44.0,21.0,141.0,,,Kansas City Chiefs / 2nd / 63rd pick / 2019,2023,5.0,cleveland-browns,S,ThorJu00,11.0,54.0,41.0,13.0,0.0,0.0,0.0,0.0,0.0,0,0.0,0.0,0.0,1.0,0.0,0.0,0.0,,,,,,,,,,,,,,,,,,,,,,,,,,,,,,,,,,,,,,,,,,,,,,,,,,,,,,,,,,,,,,,,,,,,,,,,,,,,,,36,,SR,98,ACC,,2018,0,0,0,0,13,0,141,6,https://www.sports-reference.com/cfb/players/juan-thornhill-1.html,7,Juan Thornhill,S,0.0,Virginia,2026-04-01T19:32:20.154Z,62,season_totals,4.5
2019,2019.csv,Juan Thornhill,3917909,S,Virginia,College Stats,6-0,205.0,4.42,44.0,21.0,141.0,,,Kansas City Chiefs / 2nd / 63rd pick / 2019,2024,5.0,cleveland-browns,S,ThorJu00,11.0,49.0,31.0,18.0,0.0,0.0,0.0,0.0,0.0,0,0.0,0.0,0.0,3.0,0.0,1.0,0.0,,,,,,,,,,,,,,,,,,,,,,,,,,,,,,,,,,,,,,,,,,,,,,,,,,,,,,,,,,,,,,,,,,,,,,,,,,,,,,36,,SR,98,ACC,,2018,0,0,0,0,13,0,141,6,https://www.sports-reference.com/cfb/players/juan-thornhill-1.html,7,Juan Thornhill,S,0.0,Virginia,2026-04-01T19:32:20.154Z,62,season_totals,4.5
2019,2019.csv,Juan Thornhill,3917909,S,Virginia,College Stats,6-0,205.0,4.42,44.0,21.0,141.0,,,Kansas City Chiefs / 2nd / 63rd pick / 2019,2025,23.0,pittsburgh-steelers,S,ThorJu00,9.0,38.0,23.0,15.0,0.0,0.0,0.0,0.0,0.0,0,0.0,0.0,0.0,1.0,1.0,1.0,0.0,,,,,,,,,,,,,,,,,,,,,,,,,,,,,,,,,,,,,,,,,,,,,,,,,,,,,,,,,,,,,,,,,,,,,,,,,,,,,,36,,SR,98,ACC,,2018,0,0,0,0,13,0,141,6,https://www.sports-reference.com/cfb/players/juan-thornhill-1.html,7,Juan Thornhill,S,0.0,Virginia,2026-04-01T19:32:20.154Z,62,season_totals,4.5
2019,2019.csv,Juan Thornhill,3917909,S,Virginia,College Stats,6-0,205.0,4.42,44.0,21.0,141.0,,,Kansas City Chiefs / 2nd / 63rd pick / 2019,-1,,,,ThorJu00,96.0,375.0,256.0,119.0,1.0,1.0,1.0,0.0,8.0,79,9.9,1.0,46.0,25.0,2.5,12.0,0.0,96,0.0,0.0,0.0,1.0,1.0,0.0,0.0,0.0,6.0,,,,,,,,,,,,,,,,,,,,,,,,,,,,,,,,,,,,,,,,,,,,,,,,,,,,,,,,,,,,,,,,,,,,36,,SR,98,ACC,,2018,0,0,0,0,13,0,141,6,https://www.sports-reference.com/cfb/players/juan-thornhill-1.html,7,Juan Thornhill,S,0.0,Virginia,2026-04-01T19:32:20.154Z,62,season_totals,4.5
2019,2019.csv,Greedy Williams,4035437,CB,LSU,College Stats,6-2,185.0,4.37,,,,,,Cleveland Browns / 2nd / 46th pick / 2019,2019,5.0,cleveland-browns,CB,WillGr00,12.0,47.0,37.0,10.0,0.0,0.0,0.0,0.0,0.0,0,0.0,0.0,0.0,2.0,3.0,3.0,0.0,,,,,,,,,,,,,,,,,,,,,,,,,,,,,,,,,,,,,,,,,,,,,,,,,,,,,,,,,,,,,,,,,,,,,,,,,,,,,,10,AA,SO,33,SEC,,2018,0,0,0,0,12,0,20,2,https://www.sports-reference.com/cfb/players/greedy-williams-1.html,9,Greedy Williams,CB,0.0,LSU,2026-04-01T19:31:38.546Z,23,season_totals,0.0
2019,2019.csv,Greedy Williams,4035437,CB,LSU,College Stats,6-2,185.0,4.37,,,,,,Cleveland Browns / 2nd / 46th pick / 2019,2021,5.0,cleveland-browns,CB,WillGr00,16.0,41.0,35.0,6.0,0.0,1.0,0.0,0.0,2.0,7,3.5,0.0,1.0,10.0,1.0,0.0,0.0,,,,,,,,,,,,,,,,,,,,,,,,,,,,,,,,,,,,,,,,,,,,,,,,,,,,,,,,,,,,,,,,,,,,,,,,,,,,,,10,AA,SO,33,SEC,,2018,0,0,0,0,12,0,20,2,https://www.sports-reference.com/cfb/players/greedy-williams-1.html,9,Greedy Williams,CB,0.0,LSU,2026-04-01T19:31:38.546Z,23,season_totals,0.0
2019,2019.csv,Greedy Williams,4035437,CB,LSU,College Stats,6-2,185.0,4.37,,,,,,Cleveland Browns / 2nd / 46th pick / 2019,2022,5.0,cleveland-browns,CB,WillGr00,11.0,11.0,6.0,5.0,0.0,0.0,0.0,0.0,0.0,0,0.0,0.0,0.0,0.0,0.0,0.0,0.0,,,,,,,,,,,,,,,,,,,,,,,,,,,,,,,,,,,,,,,,,,,,,,,,,,,,,,,,,,,,,,,,,,,,,,,,,,,,,,10,AA,SO,33,SEC,,2018,0,0,0,0,12,0,20,2,https://www.sports-reference.com/cfb/players/greedy-williams-1.html,9,Greedy Williams,CB,0.0,LSU,2026-04-01T19:31:38.546Z,23,season_totals,0.0
2019,2019.csv,Greedy Williams,4035437,CB,LSU,College Stats,6-2,185.0,4.37,,,,,,Cleveland Browns / 2nd / 46th pick / 2019,-1,,,,WillGr00,39.0,99.0,78.0,21.0,0.0,1.0,0.0,0.0,2.0,7,3.5,0.0,1.0,12.0,4.0,3.0,0.0,,,,,,,,,,,,,,,,,,,,,,,,,,,,,,,,,,,,,,,,,,,,,,,,,,,,,,,,,,,,,,,,,,,,,,,,,,,,,,10,AA,SO,33,SEC,,2018,0,0,0,0,12,0,20,2,https://www.sports-reference.com/cfb/players/greedy-williams-1.html,9,Greedy Williams,CB,0.0,LSU,2026-04-01T19:31:38.546Z,23,season_totals,0.0
2019,2019.csv,Joejuan Williams,4035286,CB,Vanderbilt,College Stats,6-4,211.0,4.64,,17.0,,,,New England Patriots / 2nd / 45th pick / 2019,2019,17.0,new-england-patriots,CB,WillJo13,9.0,5.0,4.0,1.0,0.0,0.0,0.0,0.0,0.0,0,0.0,0.0,0.0,1.0,0.0,0.0,0.0,,,,,,,,,,,,,,,,,,,,,,,,,,,,,,,,,,,,,,,,,,,,,,,,,,,,,,,,,,,,,,,,,,,,,,,,,,,,,,13,,JR,61,SEC,,2018,0,0,0,0,13,0,8,4,https://www.sports-reference.com/cfb/players/joejuan-williams-1.html,14,Joejuan Williams,CB,0.0,Vanderbilt,2026-04-01T19:32:02.144Z,48,season_totals,2.0
2019,2019.csv,Joejuan Williams,4035286,CB,Vanderbilt,College Stats,6-4,211.0,4.64,,17.0,,,,New England Patriots / 2nd / 45th pick / 2019,2020,17.0,new-england-patriots,CB,WillJo13,15.0,18.0,12.0,6.0,0.0,0.0,0.0,0.0,0.0,0,0.0,0.0,0.0,2.0,0.0,0.0,0.0,,,,,,,,,,,,,,,,,,,,,,,,,,,,,,,,,,,,,,,,,,,,,,,,,,,,,,,,,,,,,,,,,,,,,,,,,,,,,,13,,JR,61,SEC,,2018,0,0,0,0,13,0,8,4,https://www.sports-reference.com/cfb/players/joejuan-williams-1.html,14,Joejuan Williams,CB,0.0,Vanderbilt,2026-04-01T19:32:02.144Z,48,season_totals,2.0
2019,2019.csv,Joejuan Williams,4035286,CB,Vanderbilt,College Stats,6-4,211.0,4.64,,17.0,,,,New England Patriots / 2nd / 45th pick / 2019,2021,17.0,new-england-patriots,CB,WillJo13,12.0,21.0,15.0,6.0,0.0,0.0,0.0,0.0,0.0,0,0.0,0.0,0.0,5.0,1.0,0.0,0.0,,,,,,,,,,,,,,,,,,,,,,,,,,,,,,,,,,,,,,,,,,,,,,,,,,,,,,,,,,,,,,,,,,,,,,,,,,,,,,13,,JR,61,SEC,,2018,0,0,0,0,13,0,8,4,https://www.sports-reference.com/cfb/players/joejuan-williams-1.html,14,Joejuan Williams,CB,0.0,Vanderbilt,2026-04-01T19:32:02.144Z,48,season_totals,2.0
2019,2019.csv,Joejuan Williams,4035286,CB,Vanderbilt,College Stats,6-4,211.0,4.64,,17.0,,,,New England Patriots / 2nd / 45th pick / 2019,2023,16.0,minnesota-vikings,CB,WillJo13,2.0,1.0,1.0,0.0,0.0,0.0,0.0,0.0,0.0,0,0.0,0.0,0.0,2.0,0.0,0.0,0.0,,,,,,,,,,,,,,,,,,,,,,,,,,,,,,,,,,,,,,,,,,,,,,,,,,,,,,,,,,,,,,,,,,,,,,,,,,,,,,13,,JR,61,SEC,,2018,0,0,0,0,13,0,8,4,https://www.sports-reference.com/cfb/players/joejuan-williams-1.html,14,Joejuan Williams,CB,0.0,Vanderbilt,2026-04-01T19:32:02.144Z,48,season_totals,2.0
2019,2019.csv,Joejuan Williams,4035286,CB,Vanderbilt,College Stats,6-4,211.0,4.64,,17.0,,,,New England Patriots / 2nd / 45th pick / 2019,2023,3.0,chicago-bears,CB,WillJo13,4.0,1.0,0.0,1.0,0.0,0.0,0.0,0.0,0.0,0,0.0,0.0,0.0,0.0,0.0,0.0,0.0,,,,,,,,,,,,,,,,,,,,,,,,,,,,,,,,,,,,,,,,,,,,,,,,,,,,,,,,,,,,,,,,,,,,,,,,,,,,,,13,,JR,61,SEC,,2018,0,0,0,0,13,0,8,4,https://www.sports-reference.com/cfb/players/joejuan-williams-1.html,14,Joejuan Williams,CB,0.0,Vanderbilt,2026-04-01T19:32:02.144Z,48,season_totals,2.0
2019,2019.csv,Joejuan Williams,4035286,CB,Vanderbilt,College Stats,6-4,211.0,4.64,,17.0,,,,New England Patriots / 2nd / 45th pick / 2019,2023,,2023 Totals,CB,WillJo13,6.0,2.0,1.0,1.0,0.0,0.0,0.0,0.0,0.0,0,0.0,0.0,0.0,2.0,0.0,0.0,0.0,,,,,,,,,,,,,,,,,,,,,,,,,,,,,,,,,,,,,,,,,,,,,,,,,,,,,,,,,,,,,,,,,,,,,,,,,,,,,,13,,JR,61,SEC,,2018,0,0,0,0,13,0,8,4,https://www.sports-reference.com/cfb/players/joejuan-williams-1.html,14,Joejuan Williams,CB,0.0,Vanderbilt,2026-04-01T19:32:02.144Z,48,season_totals,2.0
2019,2019.csv,Joejuan Williams,4035286,CB,Vanderbilt,College Stats,6-4,211.0,4.64,,17.0,,,,New England Patriots / 2nd / 45th pick / 2019,-1,,,,WillJo13,42.0,46.0,32.0,14.0,0.0,0.0,0.0,0.0,0.0,0,0.0,0.0,0.0,10.0,1.0,0.0,0.0,,,,,,,,,,,,,,,,,,,,,,,,,,,,,,,,,,,,,,,,,,,,,,,,,,,,,,,,,,,,,,,,,,,,,,,,,,,,,,13,,JR,61,SEC,,2018,0,0,0,0,13,0,8,4,https://www.sports-reference.com/cfb/players/joejuan-williams-1.html,14,Joejuan Williams,CB,0.0,Vanderbilt,2026-04-01T19:32:02.144Z,48,season_totals,2.0
2019,2019.csv,Khari Willis,3929835,S,Michigan State,College Stats,5-11,213.0,4.52,34.5,22.0,118.0,,,Indianapolis Colts / 4th / 109th pick / 2019,2019,11.0,indianapolis-colts,S,WillKh00,14.0,71.0,53.0,18.0,0.0,0.0,0.0,0.0,0.0,0,0.0,0.0,0.0,1.0,3.0,6.0,0.0,,,,,,,,,,,,,,,,,,,,,,,,,,,,,,,,,,,,,,,,,,,,,,,,,,,,,,,,,,,,,,,,,,,,,,,,,,,,,,43,,SR,84,Big Ten,,2018,1,0,0,0,13,0,30,2,https://www.sports-reference.com/cfb/players/khari-willis-1.html,10,Khari Willis,S,0.0,Michigan State,2026-04-01T19:32:49.177Z,41,season_totals,1.0
2019,2019.csv,Khari Willis,3929835,S,Michigan State,College Stats,5-11,213.0,4.52,34.5,22.0,118.0,,,Indianapolis Colts / 4th / 109th pick / 2019,2020,11.0,indianapolis-colts,S,WillKh00,14.0,85.0,65.0,20.0,2.0,1.0,0.0,0.0,2.0,93,46.5,1.0,50.0,6.0,1.0,2.0,0.0,14,0.0,0.0,0.0,1.0,1.0,0.0,0.0,0.0,6.0,,,,,,,,,,,,,,,,,,,,,,,,,,,,,,,,,,,,,,,,,,,,,,,,,,,,,,,,,,,,,,,,,,,,43,,SR,84,Big Ten,,2018,1,0,0,0,13,0,30,2,https://www.sports-reference.com/cfb/players/khari-willis-1.html,10,Khari Willis,S,0.0,Michigan State,2026-04-01T19:32:49.177Z,41,season_totals,1.0
2019,2019.csv,Khari Willis,3929835,S,Michigan State,College Stats,5-11,213.0,4.52,34.5,22.0,118.0,,,Indianapolis Colts / 4th / 109th pick / 2019,2021,11.0,indianapolis-colts,S,WillKh00,11.0,63.0,43.0,20.0,1.5,0.0,1.0,0.0,2.0,0,0.0,0.0,1.0,4.0,3.0,2.0,0.0,,,,,,,,,,,,,,,,,,,,,,,,,,,,,,,,,,,,,,,,,,,,,,,,,,,,,,,,,,,,,,,,,,,,,,,,,,,,,,43,,SR,84,Big Ten,,2018,1,0,0,0,13,0,30,2,https://www.sports-reference.com/cfb/players/khari-willis-1.html,10,Khari Willis,S,0.0,Michigan State,2026-04-01T19:32:49.177Z,41,season_totals,1.0
2019,2019.csv,Khari Willis,3929835,S,Michigan State,College Stats,5-11,213.0,4.52,34.5,22.0,118.0,,,Indianapolis Colts / 4th / 109th pick / 2019,-1,,,,WillKh00,39.0,219.0,161.0,58.0,3.5,1.0,1.0,0.0,4.0,93,23.3,1.0,50.0,11.0,7.0,10.0,0.0,39,0.0,0.0,0.0,1.0,1.0,0.0,0.0,0.0,6.0,,,,,,,,,,,,,,,,,,,,,,,,,,,,,,,,,,,,,,,,,,,,,,,,,,,,,,,,,,,,,,,,,,,,43,,SR,84,Big Ten,,2018,1,0,0,0,13,0,30,2,https://www.sports-reference.com/cfb/players/khari-willis-1.html,10,Khari Willis,S,0.0,Michigan State,2026-04-01T19:32:49.177Z,41,season_totals,1.0
2019,2019.csv,Donovan Wilson,3122135,S,Texas A&M,College Stats,6-0,199.0,,36.0,18.0,127.0,,,Dallas Cowboys / 6th / 213th pick / 2019,2019,6.0,dallas-cowboys,S,WilsDo01,11.0,2.0,1.0,1.0,0.0,0.0,0.0,0.0,0.0,0,0.0,0.0,0.0,0.0,0.0,0.0,0.0,,,,,,,,,,,,,,,,,,,,,,,,,,,,,,,,,,,,,,,,,,,,,,,,,,,,,,,,,,,,,,,,,,,,,,,,,,,,,,0,,SR,0,MAC,,2017,0,0,0,0,12,0,0,0,https://www.sports-reference.com/cfb/players/donovan-wilson-1.html,0,Donovan Wilson,RB,0.0,Bowling Green,2026-04-01T19:31:32.228Z,0,season_totals,0.0
2019,2019.csv,Donovan Wilson,3122135,S,Texas A&M,College Stats,6-0,199.0,,36.0,18.0,127.0,,,Dallas Cowboys / 6th / 213th pick / 2019,2020,6.0,dallas-cowboys,S,WilsDo01,14.0,71.0,48.0,23.0,3.5,3.0,2.0,0.0,2.0,0,0.0,0.0,0.0,3.0,0.0,0.0,0.0,,,,,,,,,,,,,,,,,,,,,,,,,,,,,,,,,,,,,,,,,,,,,,,,,,,,,,,,,,,,,,,,,,,,,,,,,,,,,,0,,SR,0,MAC,,2017,0,0,0,0,12,0,0,0,https://www.sports-reference.com/cfb/players/donovan-wilson-1.html,0,Donovan Wilson,RB,0.0,Bowling Green,2026-04-01T19:31:32.228Z,0,season_totals,0.0
2019,2019.csv,Donovan Wilson,3122135,S,Texas A&M,College Stats,6-0,199.0,,36.0,18.0,127.0,,,Dallas Cowboys / 6th / 213th pick / 2019,2021,6.0,dallas-cowboys,S,WilsDo01,9.0,29.0,17.0,12.0,0.0,0.0,0.0,0.0,0.0,0,0.0,0.0,0.0,1.0,1.5,0.0,0.0,,,,,,,,,,,,,,,,,,,,,,,,,,,,,,,,,,,,,,,,,,,,,,,,,,,,,,,,,,,,,,,,,,,,,,,,,,,,,,0,,SR,0,MAC,,2017,0,0,0,0,12,0,0,0,https://www.sports-reference.com/cfb/players/donovan-wilson-1.html,0,Donovan Wilson,RB,0.0,Bowling Green,2026-04-01T19:31:32.228Z,0,season_totals,0.0
2019,2019.csv,Donovan Wilson,3122135,S,Texas A&M,College Stats,6-0,199.0,,36.0,18.0,127.0,,,Dallas Cowboys / 6th / 213th pick / 2019,2022,6.0,dallas-cowboys,S,WilsDo01,17.0,101.0,77.0,24.0,5.0,2.0,1.0,0.0,1.0,0,0.0,0.0,1.0,2.0,8.0,5.0,0.0,,,,,,,,,,,,,,,,,,,,,,,,,,,,,,,,,,,,,,,,,,,,,,,,,,,,,,,,,,,,,,,,,,,,,,,,,,,,,,0,,SR,0,MAC,,2017,0,0,0,0,12,0,0,0,https://www.sports-reference.com/cfb/players/donovan-wilson-1.html,0,Donovan Wilson,RB,0.0,Bowling Green,2026-04-01T19:31:32.228Z,0,season_totals,0.0
2019,2019.csv,Donovan Wilson,3122135,S,Texas A&M,College Stats,6-0,199.0,,36.0,18.0,127.0,,,Dallas Cowboys / 6th / 213th pick / 2019,2023,6.0,dallas-cowboys,S,WilsDo01,15.0,88.0,55.0,33.0,0.0,1.0,2.0,0.0,2.0,0,0.0,0.0,0.0,3.0,5.5,9.0,0.0,,,,,,,,,,,,,,,,,,,,,,,,,,,,,,,,,,,,,,,,,,,,,,,,,,,,,,,,,,,,,,,,,,,,,,,,,,,,,,0,,SR,0,MAC,,2017,0,0,0,0,12,0,0,0,https://www.sports-reference.com/cfb/players/donovan-wilson-1.html,0,Donovan Wilson,RB,0.0,Bowling Green,2026-04-01T19:31:32.228Z,0,season_totals,0.0
2019,2019.csv,Donovan Wilson,3122135,S,Texas A&M,College Stats,6-0,199.0,,36.0,18.0,127.0,,,Dallas Cowboys / 6th / 213th pick / 2019,2024,6.0,dallas-cowboys,S,WilsDo01,17.0,82.0,44.0,38.0,4.5,2.0,1.0,0.0,1.0,0,0.0,0.0,0.0,5.0,5.0,2.0,0.0,,,,,,,,,,,,,,,,,,,,,,,,,,,,,,,,,,,,,,,,,,,,,,,,,,,,,,,,,,,,,,,,,,,,,,,,,,,,,,0,,SR,0,MAC,,2017,0,0,0,0,12,0,0,0,https://www.sports-reference.com/cfb/players/donovan-wilson-1.html,0,Donovan Wilson,RB,0.0,Bowling Green,2026-04-01T19:31:32.228Z,0,season_totals,0.0
2019,2019.csv,Donovan Wilson,3122135,S,Texas A&M,College Stats,6-0,199.0,,36.0,18.0,127.0,,,Dallas Cowboys / 6th / 213th pick / 2019,2025,6.0,dallas-cowboys,S,WilsDo01,15.0,71.0,39.0,32.0,0.0,1.0,0.0,0.0,2.0,21,10.5,0.0,21.0,5.0,3.5,5.0,0.0,,,,,,,,,,,,,,,,,,,,,,,,,,,,,,,,,,,,,,,,,,,,,,,,,,,,,,,,,,,,,,,,,,,,,,,,,,,,,,0,,SR,0,MAC,,2017,0,0,0,0,12,0,0,0,https://www.sports-reference.com/cfb/players/donovan-wilson-1.html,0,Donovan Wilson,RB,0.0,Bowling Green,2026-04-01T19:31:32.228Z,0,season_totals,0.0
2019,2019.csv,Donovan Wilson,3122135,S,Texas A&M,College Stats,6-0,199.0,,36.0,18.0,127.0,,,Dallas Cowboys / 6th / 213th pick / 2019,-1,,,,WilsDo01,98.0,444.0,281.0,163.0,13.0,9.0,6.0,0.0,8.0,21,2.6,0.0,21.0,19.0,23.5,21.0,0.0,,,,,,,,,,,,,,,,,,,,,,,,,,,,,,,,,,,,,,,,,,,,,,,,,,,,,,,,,,,,,,,,,,,,,,,,,,,,,,0,,SR,0,MAC,,2017,0,0,0,0,12,0,0,0,https://www.sports-reference.com/cfb/players/donovan-wilson-1.html,0,Donovan Wilson,RB,0.0,Bowling Green,2026-04-01T19:31:32.228Z,0,season_totals,0.0
2019,2019.csv,Rock Ya-Sin,3910229,CB,Temple,College Stats,6-0,192.0,4.51,39.5,18.0,120.0,7.31,4.31,Indianapolis Colts / 2nd / 34th pick / 2019,2019,11.0,indianapolis-colts,CB,Ya-SRo00,15.0,62.0,54.0,8.0,0.0,0.0,1.0,0.0,1.0,0,0.0,0.0,0.0,5.0,2.0,6.0,0.0,,,,,,,,,,,,,,,,,,,,,,,,,,,,,,,,,,,,,,,,,,,,,,,,,,,,,,,,,,,,,,,,,,,,,,,,,,,,,,11,,SR,47,American,,2018,0,0,0,0,12,0,-1,2,https://www.sports-reference.com/cfb/players/rock-ya-sin-1.html,12,Rock Ya-Sin,CB,0.0,Temple,2026-04-01T19:33:42.147Z,36,season_totals,2.0
2019,2019.csv,Rock Ya-Sin,3910229,CB,Temple,College Stats,6-0,192.0,4.51,39.5,18.0,120.0,7.31,4.31,Indianapolis Colts / 2nd / 34th pick / 2019,2020,11.0,indianapolis-colts,CB,Ya-SRo00,13.0,45.0,36.0,9.0,0.0,1.0,0.0,0.0,1.0,0,0.0,0.0,0.0,7.0,0.0,0.0,0.0,,,,,,,,,,,,,,,,,,,,,,,,,,,,,,,,,,,,,,,,,,,,,,,,,,,,,,,,,,,,,,,,,,,,,,,,,,,,,,11,,SR,47,American,,2018,0,0,0,0,12,0,-1,2,https://www.sports-reference.com/cfb/players/rock-ya-sin-1.html,12,Rock Ya-Sin,CB,0.0,Temple,2026-04-01T19:33:42.147Z,36,season_totals,2.0
2019,2019.csv,Rock Ya-Sin,3910229,CB,Temple,College Stats,6-0,192.0,4.51,39.5,18.0,120.0,7.31,4.31,Indianapolis Colts / 2nd / 34th pick / 2019,2021,11.0,indianapolis-colts,CB,Ya-SRo00,13.0,31.0,27.0,4.0,0.0,1.0,1.0,13.0,0.0,0,0.0,0.0,0.0,8.0,0.5,0.0,0.0,,,,,,,,,,,,,,,,,,,,,,,,,,,,,,,,,,,,,,,,,,,,,,,,,,,,,,,,,,,,,,,,,,,,,,,,,,,,,,11,,SR,47,American,,2018,0,0,0,0,12,0,-1,2,https://www.sports-reference.com/cfb/players/rock-ya-sin-1.html,12,Rock Ya-Sin,CB,0.0,Temple,2026-04-01T19:33:42.147Z,36,season_totals,2.0
2019,2019.csv,Rock Ya-Sin,3910229,CB,Temple,College Stats,6-0,192.0,4.51,39.5,18.0,120.0,7.31,4.31,Indianapolis Colts / 2nd / 34th pick / 2019,2022,13.0,las-vegas-raiders,CB,Ya-SRo00,11.0,45.0,37.0,8.0,0.0,0.0,0.0,0.0,0.0,0,0.0,0.0,0.0,7.0,1.0,0.0,0.0,,,,,,,,,,,,,,,,,,,,,,,,,,,,,,,,,,,,,,,,,,,,,,,,,,,,,,,,,,,,,,,,,,,,,,,,,,,,,,11,,SR,47,American,,2018,0,0,0,0,12,0,-1,2,https://www.sports-reference.com/cfb/players/rock-ya-sin-1.html,12,Rock Ya-Sin,CB,0.0,Temple,2026-04-01T19:33:42.147Z,36,season_totals,2.0
2019,2019.csv,Rock Ya-Sin,3910229,CB,Temple,College Stats,6-0,192.0,4.51,39.5,18.0,120.0,7.31,4.31,Indianapolis Colts / 2nd / 34th pick / 2019,2023,33.0,baltimore-ravens,CB,Ya-SRo00,14.0,13.0,9.0,4.0,0.0,0.0,0.0,0.0,0.0,0,0.0,0.0,0.0,2.0,0.5,0.0,0.0,,,,,,,,,,,,,,,,,,,,,,,,,,,,,,,,,,,,,,,,,,,,,,,,,,,,,,,,,,,,,,,,,,,,,,,,,,,,,,11,,SR,47,American,,2018,0,0,0,0,12,0,-1,2,https://www.sports-reference.com/cfb/players/rock-ya-sin-1.html,12,Rock Ya-Sin,CB,0.0,Temple,2026-04-01T19:33:42.147Z,36,season_totals,2.0
2019,2019.csv,Rock Ya-Sin,3910229,CB,Temple,College Stats,6-0,192.0,4.51,39.5,18.0,120.0,7.31,4.31,Indianapolis Colts / 2nd / 34th pick / 2019,2024,25.0,san-francisco-49ers,CB,Ya-SRo00,13.0,3.0,3.0,0.0,0.0,0.0,0.0,0.0,0.0,0,0.0,0.0,0.0,2.0,0.0,0.0,0.0,,,,,,,,,,,,,,,,,,,,,,,,,,,,,,,,,,,,,,,,,,,,,,,,,,,,,,,,,,,,,,,,,,,,,,,,,,,,,,11,,SR,47,American,,2018,0,0,0,0,12,0,-1,2,https://www.sports-reference.com/cfb/players/rock-ya-sin-1.html,12,Rock Ya-Sin,CB,0.0,Temple,2026-04-01T19:33:42.147Z,36,season_totals,2.0
2019,2019.csv,Rock Ya-Sin,3910229,CB,Temple,College Stats,6-0,192.0,4.51,39.5,18.0,120.0,7.31,4.31,Indianapolis Colts / 2nd / 34th pick / 2019,2025,8.0,detroit-lions,CB,Ya-SRo00,17.0,47.0,27.0,20.0,0.0,0.0,0.0,0.0,0.0,0,0.0,0.0,0.0,9.0,0.5,0.0,0.0,,,,,,,,,,,,,,,,,,,,,,,,,,,,,,,,,,,,,,,,,,,,,,,,,,,,,,,,,,,,,,,,,,,,,,,,,,,,,,11,,SR,47,American,,2018,0,0,0,0,12,0,-1,2,https://www.sports-reference.com/cfb/players/rock-ya-sin-1.html,12,Rock Ya-Sin,CB,0.0,Temple,2026-04-01T19:33:42.147Z,36,season_totals,2.0
2019,2019.csv,Rock Ya-Sin,3910229,CB,Temple,College Stats,6-0,192.0,4.51,39.5,18.0,120.0,7.31,4.31,Indianapolis Colts / 2nd / 34th pick / 2019,-1,,,,Ya-SRo00,96.0,246.0,193.0,53.0,0.0,2.0,2.0,13.0,2.0,0,0.0,0.0,0.0,40.0,4.5,6.0,0.0,,,,,,,,,,,,,,,,,,,,,,,,,,,,,,,,,,,,,,,,,,,,,,,,,,,,,,,,,,,,,,,,,,,,,,,,,,,,,,11,,SR,47,American,,2018,0,0,0,0,12,0,-1,2,https://www.sports-reference.com/cfb/players/rock-ya-sin-1.html,12,Rock Ya-Sin,CB,0.0,Temple,2026-04-01T19:33:42.147Z,36,season_totals,2.0
2020,2020.csv,Damon Arnette,3915506,CB,Ohio State,College Stats,6-0,195.0,4.56,,,,,,Las Vegas Raiders / 1st / 19th pick / 2020,2020,13.0,las-vegas-raiders,CB,ArneDa00,9.0,25.0,21.0,4.0,0.0,0.0,0.0,0.0,0.0,0,0.0,0.0,0.0,2.0,1.0,1.0,0.0,,,,,,,,,,,,,,,,,,,,,,,,,,,,,,,,,,,,,,,,,,,,,,,,,,,,,,,,,,,,,,,,,,,,,,,,,,,,,,8,,SR,35,Big Ten,,2019,1,0,0,0,13,1,96,1,https://www.sports-reference.com/cfb/players/damon-arnette-1.html,8,Damon Arnette,CB,0.0,Ohio State,2026-04-01T19:35:34.238Z,27,season_totals,1.0
2020,2020.csv,Damon Arnette,3915506,CB,Ohio State,College Stats,6-0,195.0,4.56,,,,,,Las Vegas Raiders / 1st / 19th pick / 2020,2021,13.0,las-vegas-raiders,CB,ArneDa00,4.0,4.0,2.0,2.0,0.0,0.0,0.0,0.0,0.0,0,0.0,0.0,0.0,1.0,0.0,0.0,0.0,,,,,,,,,,,,,,,,,,,,,,,,,,,,,,,,,,,,,,,,,,,,,,,,,,,,,,,,,,,,,,,,,,,,,,,,,,,,,,8,,SR,35,Big Ten,,2019,1,0,0,0,13,1,96,1,https://www.sports-reference.com/cfb/players/damon-arnette-1.html,8,Damon Arnette,CB,0.0,Ohio State,2026-04-01T19:35:34.238Z,27,season_totals,1.0
2020,2020.csv,Damon Arnette,3915506,CB,Ohio State,College Stats,6-0,195.0,4.56,,,,,,Las Vegas Raiders / 1st / 19th pick / 2020,2025,34.0,houston-texans,CB,ArneDa00,2.0,3.0,3.0,0.0,0.0,0.0,0.0,0.0,0.0,0,0.0,0.0,0.0,0.0,0.0,0.0,0.0,,,,,,,,,,,,,,,,,,,,,,,,,,,,,,,,,,,,,,,,,,,,,,,,,,,,,,,,,,,,,,,,,,,,,,,,,,,,,,8,,SR,35,Big Ten,,2019,1,0,0,0,13,1,96,1,https://www.sports-reference.com/cfb/players/damon-arnette-1.html,8,Damon Arnette,CB,0.0,Ohio State,2026-04-01T19:35:34.238Z,27,season_totals,1.0
2020,2020.csv,Damon Arnette,3915506,CB,Ohio State,College Stats,6-0,195.0,4.56,,,,,,Las Vegas Raiders / 1st / 19th pick / 2020,-1,,,,ArneDa00,15.0,32.0,26.0,6.0,0.0,0.0,0.0,0.0,0.0,0,0.0,0.0,0.0,3.0,1.0,1.0,0.0,,,,,,,,,,,,,,,,,,,,,,,,,,,,,,,,,,,,,,,,,,,,,,,,,,,,,,,,,,,,,,,,,,,,,,,,,,,,,,8,,SR,35,Big Ten,,2019,1,0,0,0,13,1,96,1,https://www.sports-reference.com/cfb/players/damon-arnette-1.html,8,Damon Arnette,CB,0.0,Ohio State,2026-04-01T19:35:34.238Z,27,season_totals,1.0
2020,2020.csv,Julian Blackmon,4035661,S,Utah,College Stats,6-0,187.0,,,,,,,Indianapolis Colts / 3rd / 85th pick / 2020,2020,11.0,indianapolis-colts,S,BlacJu01,15.0,42.0,35.0,7.0,0.0,1.0,0.0,0.0,2.0,19,9.5,0.0,15.0,6.0,4.0,8.0,0.0,,,,,,,,,,,,,,,,,,,,,,,,,,,,,,,,,,,,,,,,,,,,,,,,,,,,,,,,,,,,,,,,,,,,,,,,,,,,,,19,,SR,60,Pac-12,,2019,2,0,0,0,13,1,39,4,https://www.sports-reference.com/cfb/players/julian-blackmon-1.html,4,Julian Blackmon,DB,1.5,Utah,2026-04-01T19:37:01.947Z,41,season_totals,4.0
2020,2020.csv,Julian Blackmon,4035661,S,Utah,College Stats,6-0,187.0,,,,,,,Indianapolis Colts / 3rd / 85th pick / 2020,2021,11.0,indianapolis-colts,S,BlacJu01,6.0,34.0,27.0,7.0,0.0,1.0,0.0,0.0,0.0,0,0.0,0.0,0.0,1.0,3.0,6.0,0.0,,,,,,,,,,,,,,,,,,,,,,,,,,,,,,,,,,,,,,,,,,,,,,,,,,,,,,,,,,,,,,,,,,,,,,,,,,,,,,19,,SR,60,Pac-12,,2019,2,0,0,0,13,1,39,4,https://www.sports-reference.com/cfb/players/julian-blackmon-1.html,4,Julian Blackmon,DB,1.5,Utah,2026-04-01T19:37:01.947Z,41,season_totals,4.0
2020,2020.csv,Julian Blackmon,4035661,S,Utah,College Stats,6-0,187.0,,,,,,,Indianapolis Colts / 3rd / 85th pick / 2020,2022,11.0,indianapolis-colts,S,BlacJu01,14.0,50.0,36.0,14.0,1.0,0.0,1.0,34.0,1.0,17,17.0,1.0,1.0,2.0,2.5,3.0,0.0,14,0.0,0.0,0.0,1.0,1.0,0.0,0.0,0.0,6.0,,,,,,,,,,,,,,,,,,,,,,,,,,,,,,,,,,,,,,,,,,,,,,,,,,,,,,,,,,,,,,,,,,,,19,,SR,60,Pac-12,,2019,2,0,0,0,13,1,39,4,https://www.sports-reference.com/cfb/players/julian-blackmon-1.html,4,Julian Blackmon,DB,1.5,Utah,2026-04-01T19:37:01.947Z,41,season_totals,4.0
2020,2020.csv,Julian Blackmon,4035661,S,Utah,College Stats,6-0,187.0,,,,,,,Indianapolis Colts / 3rd / 85th pick / 2020,2023,11.0,indianapolis-colts,S,BlacJu01,15.0,88.0,65.0,23.0,0.0,0.0,2.0,2.0,4.0,39,9.8,0.0,25.0,8.0,5.0,9.0,0.0,,,,,,,,,,,,,,,,,,,,,,,,,,,,,,,,,,,,,,,,,15.0,0,0,0.0,0,0.0,0,0,0,0,39.6,-,,,,,,,,,,,,,,,,,,,,,,,,,,19,,SR,60,Pac-12,,2019,2,0,0,0,13,1,39,4,https://www.sports-reference.com/cfb/players/julian-blackmon-1.html,4,Julian Blackmon,DB,1.5,Utah,2026-04-01T19:37:01.947Z,41,season_totals,4.0
2020,2020.csv,Julian Blackmon,4035661,S,Utah,College Stats,6-0,187.0,,,,,,,Indianapolis Colts / 3rd / 85th pick / 2020,2024,11.0,indianapolis-colts,S,BlacJu01,16.0,86.0,62.0,24.0,0.5,0.0,1.0,0.0,3.0,27,9.0,0.0,17.0,4.0,3.0,6.0,0.0,,,,,,,,,,,,,,,,,,,,,,,,,,,,,,,,,,,,,,,,,,,,,,,,,,,,,,,,,,,,,,,,,,,,,,,,,,,,,,19,,SR,60,Pac-12,,2019,2,0,0,0,13,1,39,4,https://www.sports-reference.com/cfb/players/julian-blackmon-1.html,4,Julian Blackmon,DB,1.5,Utah,2026-04-01T19:37:01.947Z,41,season_totals,4.0
2020,2020.csv,Julian Blackmon,4035661,S,Utah,College Stats,6-0,187.0,,,,,,,Indianapolis Colts / 3rd / 85th pick / 2020,2025,18.0,new-orleans-saints,S,BlacJu01,1.0,7.0,4.0,3.0,0.0,0.0,0.0,0.0,0.0,0,0.0,0.0,0.0,1.0,0.0,0.0,0.0,,,,,,,,,,,,,,,,,,,,,,,,,,,,,,,,,,,,,,,,,,,,,,,,,,,,,,,,,,,,,,,,,,,,,,,,,,,,,,19,,SR,60,Pac-12,,2019,2,0,0,0,13,1,39,4,https://www.sports-reference.com/cfb/players/julian-blackmon-1.html,4,Julian Blackmon,DB,1.5,Utah,2026-04-01T19:37:01.947Z,41,season_totals,4.0
2020,2020.csv,Julian Blackmon,4035661,S,Utah,College Stats,6-0,187.0,,,,,,,Indianapolis Colts / 3rd / 85th pick / 2020,-1,,,,BlacJu01,67.0,307.0,229.0,78.0,1.5,2.0,4.0,36.0,10.0,102,10.2,1.0,25.0,22.0,17.5,32.0,0.0,67,0.0,0.0,0.0,1.0,1.0,0.0,0.0,0.0,6.0,,,,,,,,,,,,,,,,,,,,,,,,,,,,,,,67.0,0,0,0.0,0,0.0,0,0,0,0,0.0,-,,,,,,,,,,,,,,,,,,,,,,,,,,19,,SR,60,Pac-12,,2019,2,0,0,0,13,1,39,4,https://www.sports-reference.com/cfb/players/julian-blackmon-1.html,4,Julian Blackmon,DB,1.5,Utah,2026-04-01T19:37:01.947Z,41,season_totals,4.0
2020,2020.csv,Terrell Burgess,4035663,S,Utah,College Stats,5-11,202.0,4.46,33.5,20.0,122.0,,,Los Angeles Rams / 3rd / 104th pick / 2020,2020,14.0,los-angeles-rams,S,BurgTe00,7.0,8.0,7.0,1.0,0.0,0.0,0.0,0.0,0.0,0,0.0,0.0,0.0,1.0,0.0,0.0,0.0,,,,,,,,,,,,,,,,,,,,,,,,,,,,,,,,,,,,,,,,,,,,,,,,,,,,,,,,,,,,,,,,,,,,,,,,,,,,,,31,,SR,81,Pac-12,,2019,0,2,0,5,14,0,29,1,https://www.sports-reference.com/cfb/players/terrell-burgess-1.html,5,Terrell Burgess,DB,0.5,Utah,2026-04-01T19:37:59.590Z,50,season_totals,7.5
2020,2020.csv,Terrell Burgess,4035663,S,Utah,College Stats,5-11,202.0,4.46,33.5,20.0,122.0,,,Los Angeles Rams / 3rd / 104th pick / 2020,2021,14.0,los-angeles-rams,S,BurgTe00,16.0,10.0,4.0,6.0,0.0,0.0,0.0,0.0,0.0,0,0.0,0.0,0.0,0.0,0.5,0.0,0.0,,,,,,,,,,,,,,,,,,,,,,,,,,,,,,,,,,,,,,,,,,,,,,,,,,,,,,,,,,,,,,,,,,,,,,,,,,,,,,31,,SR,81,Pac-12,,2019,0,2,0,5,14,0,29,1,https://www.sports-reference.com/cfb/players/terrell-burgess-1.html,5,Terrell Burgess,DB,0.5,Utah,2026-04-01T19:37:59.590Z,50,season_totals,7.5
2020,2020.csv,Terrell Burgess,4035663,S,Utah,College Stats,5-11,202.0,4.46,33.5,20.0,122.0,,,Los Angeles Rams / 3rd / 104th pick / 2020,2022,14.0,los-angeles-rams,S,BurgTe00,7.0,11.0,7.0,4.0,0.0,0.0,0.0,0.0,0.0,0,0.0,0.0,0.0,0.0,1.0,0.0,0.0,,,,,,,,,,,,,,,,,,,,,,,,,,,,,,,,,,,,,,,,,,,,,,,,,,,,,,,,,,,,,,,,,,,,,,,,,,,,,,31,,SR,81,Pac-12,,2019,0,2,0,5,14,0,29,1,https://www.sports-reference.com/cfb/players/terrell-burgess-1.html,5,Terrell Burgess,DB,0.5,Utah,2026-04-01T19:37:59.590Z,50,season_totals,7.5
2020,2020.csv,Terrell Burgess,4035663,S,Utah,College Stats,5-11,202.0,4.46,33.5,20.0,122.0,,,Los Angeles Rams / 3rd / 104th pick / 2020,2023,28.0,washington-commanders,S,BurgTe00,12.0,25.0,17.0,8.0,0.0,0.0,0.0,0.0,0.0,0,0.0,0.0,0.0,0.0,0.0,0.0,0.0,,,,,,,,,,,,,,,,,,,,,,,,,,,,,,,,,,,,,,,,,,,,,,,,,,,,,,,,,,,,,,,,,,,,,,,,,,,,,,31,,SR,81,Pac-12,,2019,0,2,0,5,14,0,29,1,https://www.sports-reference.com/cfb/players/terrell-burgess-1.html,5,Terrell Burgess,DB,0.5,Utah,2026-04-01T19:37:59.590Z,50,season_totals,7.5
2020,2020.csv,Terrell Burgess,4035663,S,Utah,College Stats,5-11,202.0,4.46,33.5,20.0,122.0,,,Los Angeles Rams / 3rd / 104th pick / 2020,2025,18.0,new-orleans-saints,S,BurgTe00,16.0,22.0,10.0,12.0,0.0,0.0,0.0,0.0,0.0,0,0.0,0.0,0.0,3.0,0.0,0.0,0.0,,,,,,,,,,,,,,,,,,,,,,,,,,,,,,,,,,,,,,,,,,,,,,,,,,,,,,,,,,,,,,,,,,,,,,,,,,,,,,31,,SR,81,Pac-12,,2019,0,2,0,5,14,0,29,1,https://www.sports-reference.com/cfb/players/terrell-burgess-1.html,5,Terrell Burgess,DB,0.5,Utah,2026-04-01T19:37:59.590Z,50,season_totals,7.5
2020,2020.csv,Terrell Burgess,4035663,S,Utah,College Stats,5-11,202.0,4.46,33.5,20.0,122.0,,,Los Angeles Rams / 3rd / 104th pick / 2020,-1,,,,BurgTe00,58.0,76.0,45.0,31.0,0.0,0.0,0.0,0.0,0.0,0,0.0,0.0,0.0,4.0,1.5,0.0,0.0,,,,,,,,,,,,,,,,,,,,,,,,,,,,,,,,,,,,,,,,,,,,,,,,,,,,,,,,,,,,,,,,,,,,,,,,,,,,,,31,,SR,81,Pac-12,,2019,0,2,0,5,14,0,29,1,https://www.sports-reference.com/cfb/players/terrell-burgess-1.html,5,Terrell Burgess,DB,0.5,Utah,2026-04-01T19:37:59.590Z,50,season_totals,7.5
2020,2020.csv,Cameron Dantzler,4035385,CB,Mississippi State,College Stats,6-2,188.0,4.64,34.5,,,,,Minnesota Vikings / 3rd / 89th pick / 2020,2020,16.0,minnesota-vikings,CB,DantCa00,11.0,46.0,36.0,10.0,0.0,1.0,1.0,0.0,2.0,0,0.0,0.0,0.0,4.0,3.0,12.0,0.0,,,,,,,,,,,,,,,,,,,,,,,,,,,,,,,,,,,,,,,,,,,,,,,,,,,,,,,,,,,,,,,,,,,,,,,,,,,,,,9,,JR,40,SEC,,2019,1,1,0,0,9,0,0,2,https://www.sports-reference.com/cfb/players/cameron-dantzler-1.html,8,Cameron Dantzler,DB/CB,0.5,Mississippi State,2026-04-01T19:35:28.117Z,31,season_totals,2.0
2020,2020.csv,Cameron Dantzler,4035385,CB,Mississippi State,College Stats,6-2,188.0,4.64,34.5,,,,,Minnesota Vikings / 3rd / 89th pick / 2020,2021,16.0,minnesota-vikings,CB,DantCa00,14.0,53.0,44.0,9.0,0.0,1.0,0.0,0.0,1.0,0,0.0,0.0,1.0,8.0,1.0,0.0,0.0,,,,,,,,,,,,,,,,,,,,,,,,,,,,,,,,,,,,,,,,,,,,,,,,,,,,,,,,,,,,,,,,,,,,,,,,,,,,,,9,,JR,40,SEC,,2019,1,1,0,0,9,0,0,2,https://www.sports-reference.com/cfb/players/cameron-dantzler-1.html,8,Cameron Dantzler,DB/CB,0.5,Mississippi State,2026-04-01T19:35:28.117Z,31,season_totals,2.0
2020,2020.csv,Cameron Dantzler,4035385,CB,Mississippi State,College Stats,6-2,188.0,4.64,34.5,,,,,Minnesota Vikings / 3rd / 89th pick / 2020,2022,16.0,minnesota-vikings,CB,DantCa00,10.0,50.0,45.0,5.0,0.0,1.0,1.0,16.0,0.0,0,0.0,0.0,0.0,5.0,2.0,8.0,0.0,,,,,,,,,,,,,,,,,,,,,,,,,,,,,,,,,,,,,,,,,,,,,,,,,,,,,,,,,,,,,,,,,,,,,,,,,,,,,,9,,JR,40,SEC,,2019,1,1,0,0,9,0,0,2,https://www.sports-reference.com/cfb/players/cameron-dantzler-1.html,8,Cameron Dantzler,DB/CB,0.5,Mississippi State,2026-04-01T19:35:28.117Z,31,season_totals,2.0
2020,2020.csv,Cameron Dantzler,4035385,CB,Mississippi State,College Stats,6-2,188.0,4.64,34.5,,,,,Minnesota Vikings / 3rd / 89th pick / 2020,-1,,,,DantCa00,35.0,149.0,125.0,24.0,0.0,3.0,2.0,16.0,3.0,0,0.0,0.0,1.0,17.0,6.0,20.0,0.0,,,,,,,,,,,,,,,,,,,,,,,,,,,,,,,,,,,,,,,,,,,,,,,,,,,,,,,,,,,,,,,,,,,,,,,,,,,,,,9,,JR,40,SEC,,2019,1,1,0,0,9,0,0,2,https://www.sports-reference.com/cfb/players/cameron-dantzler-1.html,8,Cameron Dantzler,DB/CB,0.5,Mississippi State,2026-04-01T19:35:28.117Z,31,season_totals,2.0
2020,2020.csv,Ashtyn Davis,3858271,S,California,College Stats,6-1,202.0,,,14.0,,,,New York Jets / 3rd / 68th pick / 2020,2020,20.0,new-york-jets,S,DaviAs00,10.0,36.0,25.0,11.0,0.0,0.0,1.0,0.0,0.0,0,0.0,0.0,0.0,1.0,1.0,2.0,0.0,,,,,,,,,,,,,,,,,,,,,,,,,,,,,,10,0.0,0,0.0,0.0,0.0,2.0,43,0.0,0.0,27.0,,,,,,,,,,,,,,,,,,,,,,,,,,,,,,,,,,,,,,24,,SR,57,Pac-12,,2019,2,2,0,0,11,0,31,2,https://www.sports-reference.com/cfb/players/ashtyn-davis-1.html,4,Ashtyn Davis,CB/S,0.0,California,2026-04-01T19:34:59.506Z,33,season_totals,1.0
2020,2020.csv,Ashtyn Davis,3858271,S,California,College Stats,6-1,202.0,,,14.0,,,,New York Jets / 3rd / 68th pick / 2020,2021,20.0,new-york-jets,S,DaviAs00,13.0,62.0,43.0,19.0,0.5,3.0,0.0,0.0,2.0,18,9.0,0.0,1.0,3.0,1.0,0.0,0.0,,,,,,,,,,,,,,,,,,,,,,,,,,,,,,,,,,,,,,,,,,,,,,,,,,,,,,,,,,,,,,,,,,,,,,,,,,,,,,24,,SR,57,Pac-12,,2019,2,2,0,0,11,0,31,2,https://www.sports-reference.com/cfb/players/ashtyn-davis-1.html,4,Ashtyn Davis,CB/S,0.0,California,2026-04-01T19:34:59.506Z,33,season_totals,1.0
2020,2020.csv,Ashtyn Davis,3858271,S,California,College Stats,6-1,202.0,,,14.0,,,,New York Jets / 3rd / 68th pick / 2020,2022,20.0,new-york-jets,S,DaviAs00,14.0,5.0,3.0,2.0,0.0,0.0,0.0,0.0,1.0,14,14.0,0.0,1.0,1.0,0.0,0.0,0.0,,,,,,,,,,,14,1,2,2.0,0,2,1,0,0,,,,,,,,,,,,,,,,,,,,,,14.0,0,0,0.0,0,0.0,0,0,0,0,39.6,-,,,,,,,,,,,,,,,,,,,,,,,,,,24,,SR,57,Pac-12,,2019,2,2,0,0,11,0,31,2,https://www.sports-reference.com/cfb/players/ashtyn-davis-1.html,4,Ashtyn Davis,CB/S,0.0,California,2026-04-01T19:34:59.506Z,33,season_totals,1.0
2020,2020.csv,Ashtyn Davis,3858271,S,California,College Stats,6-1,202.0,,,14.0,,,,New York Jets / 3rd / 68th pick / 2020,2023,20.0,new-york-jets,S,DaviAs00,17.0,37.0,23.0,14.0,0.0,1.0,3.0,0.0,3.0,66,22.0,0.0,51.0,8.0,4.0,5.0,0.0,17,0.0,0.0,0.0,0.0,0.0,0.0,0.0,0.0,2.0,17,2,3,1.5,0,4,1,0,0,,,,,,,,,,,,,,,,,,,,,,17.0,0,0,0.0,0,0.0,0,0,0,0,39.6,-,,,,,,,,,,,,,,,,,,,,,,,,,,24,,SR,57,Pac-12,,2019,2,2,0,0,11,0,31,2,https://www.sports-reference.com/cfb/players/ashtyn-davis-1.html,4,Ashtyn Davis,CB/S,0.0,California,2026-04-01T19:34:59.506Z,33,season_totals,1.0
2020,2020.csv,Ashtyn Davis,3858271,S,California,College Stats,6-1,202.0,,,14.0,,,,New York Jets / 3rd / 68th pick / 2020,2024,20.0,new-york-jets,S,DaviAs00,15.0,35.0,25.0,10.0,0.0,0.0,0.0,0.0,2.0,18,9.0,0.0,18.0,2.0,3.0,10.0,0.0,,,,,,,,,,,15,1,21,21.0,0,21,1,0,0,,,,,,,,,,,,,,,,,,,,,,15.0,0,0,0.0,0,0.0,0,0,0,0,39.6,-,,,,,,,,,,,,,,,,,,,,,,,,,,24,,SR,57,Pac-12,,2019,2,2,0,0,11,0,31,2,https://www.sports-reference.com/cfb/players/ashtyn-davis-1.html,4,Ashtyn Davis,CB/S,0.0,California,2026-04-01T19:34:59.506Z,33,season_totals,1.0
2020,2020.csv,Ashtyn Davis,3858271,S,California,College Stats,6-1,202.0,,,14.0,,,,New York Jets / 3rd / 68th pick / 2020,2025,15.0,miami-dolphins,S,DaviAs00,15.0,65.0,43.0,22.0,0.0,1.0,0.0,0.0,1.0,21,21.0,0.0,21.0,4.0,3.5,4.0,0.0,,,,,,,,,,,,,,,,,,,,,,,,,,,,,,,,,,,,,,,,,,,,,,,,,,,,,,,,,,,,,,,,,,,,,,,,,,,,,,24,,SR,57,Pac-12,,2019,2,2,0,0,11,0,31,2,https://www.sports-reference.com/cfb/players/ashtyn-davis-1.html,4,Ashtyn Davis,CB/S,0.0,California,2026-04-01T19:34:59.506Z,33,season_totals,1.0
2020,2020.csv,Ashtyn Davis,3858271,S,California,College Stats,6-1,202.0,,,14.0,,,,New York Jets / 3rd / 68th pick / 2020,-1,,,,DaviAs00,84.0,240.0,162.0,78.0,0.5,5.0,4.0,0.0,9.0,137,15.2,0.0,51.0,19.0,12.5,21.0,0.0,84,0.0,0.0,0.0,0.0,0.0,0.0,0.0,0.0,2.0,84,4,26,6.5,0,21,3,0,0,,,,,,,,,,,84,0.0,0,0.0,0.0,0.0,2.0,43,0.0,0.0,27.0,84.0,0,0,0.0,0,0.0,0,0,0,0,0.0,-,,,,,,,,,,,,,,,,,,,,,,,,,,24,,SR,57,Pac-12,,2019,2,2,0,0,11,0,31,2,https://www.sports-reference.com/cfb/players/ashtyn-davis-1.html,4,Ashtyn Davis,CB/S,0.0,California,2026-04-01T19:34:59.506Z,33,season_totals,1.0
2020,2020.csv,Grant Delpit,4242208,S,LSU,College Stats,6-2,213.0,,,,,,,Cleveland Browns / 2nd / 44th pick / 2020,2021,5.0,cleveland-browns,S,DelpGr00,15.0,66.0,43.0,23.0,1.0,1.0,0.0,0.0,1.0,5,5.0,0.0,1.0,3.0,3.5,5.0,0.0,,,,,,,,,,,,,,,,,,,,,,,,,,,,,,,,,,,,,,,,,,,,,,,,,,,,,,,,,,,,,,,,,,,,,,,,,,,,,,27,AA,JR,65,SEC,,2019,1,1,0,0,14,0,0,2,https://www.sports-reference.com/cfb/players/grant-delpit-1.html,7,Grant Delpit,S,2.0,LSU,2026-04-01T19:36:04.405Z,38,season_totals,4.5
2020,2020.csv,Grant Delpit,4242208,S,LSU,College Stats,6-2,213.0,,,,,,,Cleveland Browns / 2nd / 44th pick / 2020,2022,5.0,cleveland-browns,S,DelpGr00,17.0,105.0,72.0,33.0,0.0,0.0,0.0,0.0,4.0,36,9.0,0.0,1.0,10.0,7.5,7.0,0.0,,,,,,,,,,,,,,,,,,,,,,,,,,,,,,,,,,,,,,,,,,,,,,,,,,,,,,,,,,,,,,,,,,,,,,,,,,,,,,27,AA,JR,65,SEC,,2019,1,1,0,0,14,0,0,2,https://www.sports-reference.com/cfb/players/grant-delpit-1.html,7,Grant Delpit,S,2.0,LSU,2026-04-01T19:36:04.405Z,38,season_totals,4.5
2020,2020.csv,Grant Delpit,4242208,S,LSU,College Stats,6-2,213.0,,,,,,,Cleveland Browns / 2nd / 44th pick / 2020,2023,5.0,cleveland-browns,S,DelpGr00,13.0,80.0,63.0,17.0,1.5,0.0,1.0,14.0,1.0,0,0.0,0.0,0.0,3.0,8.5,21.0,0.0,,,,,,,,,,,,,,,,,,,,13.0,0.0,0.0,0,0.0,0.0,0.0,0.0,1.0,0.0,,,,,,,,,,,,13.0,0,0,0.0,0,0.0,0,0,0,0,39.6,-,,,,,,,,,,,,,,13,0-0,0.0,0-0,0-0,0-0,0-0,0-0,0.0,0.0,0.0,0.0,27,AA,JR,65,SEC,,2019,1,1,0,0,14,0,0,2,https://www.sports-reference.com/cfb/players/grant-delpit-1.html,7,Grant Delpit,S,2.0,LSU,2026-04-01T19:36:04.405Z,38,season_totals,4.5
2020,2020.csv,Grant Delpit,4242208,S,LSU,College Stats,6-2,213.0,,,,,,,Cleveland Browns / 2nd / 44th pick / 2020,2024,5.0,cleveland-browns,S,DelpGr00,16.0,111.0,68.0,43.0,1.0,0.0,1.0,0.0,0.0,0,0.0,0.0,0.0,1.0,11.5,14.0,0.0,,,,,,,,,,,,,,,,,,,,,,,,,,,,,,,,,,,,,,,,,,,,,,,,,,,,,,,,,,,,,,,,,,,,,,,,,,,,,,27,AA,JR,65,SEC,,2019,1,1,0,0,14,0,0,2,https://www.sports-reference.com/cfb/players/grant-delpit-1.html,7,Grant Delpit,S,2.0,LSU,2026-04-01T19:36:04.405Z,38,season_totals,4.5
2020,2020.csv,Grant Delpit,4242208,S,LSU,College Stats,6-2,213.0,,,,,,,Cleveland Browns / 2nd / 44th pick / 2020,2025,5.0,cleveland-browns,S,DelpGr00,17.0,89.0,48.0,41.0,3.0,2.0,2.0,0.0,1.0,25,25.0,0.0,25.0,4.0,4.5,4.0,0.0,,,,,,,,,,,,,,,,,,,,,,,,,,,,,,,,,,,,,,,,,,,,,,,,,,,,,,,,,,,,,,,,,,,,,,,,,,,,,,27,AA,JR,65,SEC,,2019,1,1,0,0,14,0,0,2,https://www.sports-reference.com/cfb/players/grant-delpit-1.html,7,Grant Delpit,S,2.0,LSU,2026-04-01T19:36:04.405Z,38,season_totals,4.5
2020,2020.csv,Grant Delpit,4242208,S,LSU,College Stats,6-2,213.0,,,,,,,Cleveland Browns / 2nd / 44th pick / 2020,-1,,,,DelpGr00,78.0,451.0,294.0,157.0,6.5,3.0,4.0,14.0,7.0,66,9.4,0.0,25.0,21.0,35.5,51.0,0.0,,,,,,,,,,,,,,,,,,,,78.0,0.0,0.0,0,0.0,0.0,0.0,0.0,1.0,0.0,,,,,,,,,,,,78.0,0,0,0.0,0,0.0,0,0,0,0,0.0,-,,,,,,,,,,,,,,78,0-0,0.0,0-0,0-0,0-0,0-0,0-0,0.0,0.0,0.0,0.0,27,AA,JR,65,SEC,,2019,1,1,0,0,14,0,0,2,https://www.sports-reference.com/cfb/players/grant-delpit-1.html,7,Grant Delpit,S,2.0,LSU,2026-04-01T19:36:04.405Z,38,season_totals,4.5
2020,2020.csv,Trevon Diggs,4040966,CB,Alabama,College Stats,6-1,205.0,,,,,,,Dallas Cowboys / 2nd / 51st pick / 2020,2020,6.0,dallas-cowboys,CB,DiggTr00,12.0,58.0,49.0,9.0,1.0,1.0,0.0,0.0,3.0,43,14.3,0.0,33.0,14.0,1.0,1.0,0.0,,,,,,,,,,,,,,,,,,,,,,,,,,,,,,,,,,,,,,,,,,,,,,,,,,,,,,,,,,,,,,,,,,,,,,,,,,,,,,17,,SR,37,SEC,,2019,0,2,1,100,12,1,79,3,https://www.sports-reference.com/cfb/players/trevon-diggs-1.html,8,Trevon Diggs,WR/DB,0.0,Alabama,2026-04-01T19:38:06.319Z,20,season_totals,0.5
2020,2020.csv,Trevon Diggs,4040966,CB,Alabama,College Stats,6-1,205.0,,,,,,,Dallas Cowboys / 2nd / 51st pick / 2020,2021,6.0,dallas-cowboys,CB,DiggTr00,16.0,52.0,43.0,9.0,0.0,0.0,0.0,0.0,11.0,142,12.9,2.0,1.0,21.0,0.5,0.0,0.0,16,0.0,0.0,0.0,2.0,2.0,0.0,0.0,0.0,12.0,,,,,,,,,,,,,,,,,,,,16,2.0,10,0.0,0.0,9.0,0.0,0,0.0,0.0,0.0,,,,,,,,,,,,,,,,,,,,,,,,,,,,,,,,,,,,,,17,,SR,37,SEC,,2019,0,2,1,100,12,1,79,3,https://www.sports-reference.com/cfb/players/trevon-diggs-1.html,8,Trevon Diggs,WR/DB,0.0,Alabama,2026-04-01T19:38:06.319Z,20,season_totals,0.5
2020,2020.csv,Trevon Diggs,4040966,CB,Alabama,College Stats,6-1,205.0,,,,,,,Dallas Cowboys / 2nd / 51st pick / 2020,2022,6.0,dallas-cowboys,CB,DiggTr00,17.0,59.0,50.0,9.0,0.0,0.0,1.0,17.0,3.0,10,3.3,0.0,1.0,14.0,0.5,0.0,0.0,,,,,,,,,,,,,,,,,,,,,,,,,,,,,,,,,,,,,,,,,,,,,,,,,,,,,,,,,,,,,,,,,,,,,,,,,,,,,,17,,SR,37,SEC,,2019,0,2,1,100,12,1,79,3,https://www.sports-reference.com/cfb/players/trevon-diggs-1.html,8,Trevon Diggs,WR/DB,0.0,Alabama,2026-04-01T19:38:06.319Z,20,season_totals,0.5
2020,2020.csv,Trevon Diggs,4040966,CB,Alabama,College Stats,6-1,205.0,,,,,,,Dallas Cowboys / 2nd / 51st pick / 2020,2023,6.0,dallas-cowboys,CB,DiggTr00,2.0,4.0,4.0,0.0,0.0,1.0,0.0,0.0,1.0,8,8.0,0.0,8.0,3.0,0.0,0.0,0.0,,,,,,,,,,,,,,,,,,,,,,,,,,,,,,,,,,,,,,,,,,,,,,,,,,,,,,,,,,,,,,,,,,,,,,,,,,,,,,17,,SR,37,SEC,,2019,0,2,1,100,12,1,79,3,https://www.sports-reference.com/cfb/players/trevon-diggs-1.html,8,Trevon Diggs,WR/DB,0.0,Alabama,2026-04-01T19:38:06.319Z,20,season_totals,0.5
2020,2020.csv,Trevon Diggs,4040966,CB,Alabama,College Stats,6-1,205.0,,,,,,,Dallas Cowboys / 2nd / 51st pick / 2020,2024,6.0,dallas-cowboys,CB,DiggTr00,11.0,42.0,35.0,7.0,0.0,0.0,0.0,0.0,2.0,1,0.5,0.0,1.0,11.0,1.0,0.0,0.0,,,,,,,,,,,,,,,,,,,,,,,,,,,,,,,,,,,,,,,,,,,,,,,,,,,,,,,,,,,,,,,,,,,,,,,,,,,,,,17,,SR,37,SEC,,2019,0,2,1,100,12,1,79,3,https://www.sports-reference.com/cfb/players/trevon-diggs-1.html,8,Trevon Diggs,WR/DB,0.0,Alabama,2026-04-01T19:38:06.319Z,20,season_totals,0.5
2020,2020.csv,Trevon Diggs,4040966,CB,Alabama,College Stats,6-1,205.0,,,,,,,Dallas Cowboys / 2nd / 51st pick / 2020,2025,6.0,dallas-cowboys,CB,DiggTr00,8.0,25.0,18.0,7.0,0.0,0.0,0.0,0.0,0.0,0,0.0,0.0,0.0,0.0,0.0,3.0,0.0,,,,,,,,,,,,,,,,,,,,,,,,,,,,,,,,,,,,,,,,,,,,,,,,,,,,,,,,,,,,,,,,,,,,,,,,,,,,,,17,,SR,37,SEC,,2019,0,2,1,100,12,1,79,3,https://www.sports-reference.com/cfb/players/trevon-diggs-1.html,8,Trevon Diggs,WR/DB,0.0,Alabama,2026-04-01T19:38:06.319Z,20,season_totals,0.5
2020,2020.csv,Trevon Diggs,4040966,CB,Alabama,College Stats,6-1,205.0,,,,,,,Dallas Cowboys / 2nd / 51st pick / 2020,2025,9.0,green-bay-packers,CB,DiggTr00,1.0,2.0,2.0,0.0,0.0,0.0,0.0,0.0,0.0,0,0.0,0.0,0.0,0.0,0.0,0.0,0.0,,,,,,,,,,,,,,,,,,,,,,,,,,,,,,,,,,,,,,,,,,,,,,,,,,,,,,,,,,,,,,,,,,,,,,,,,,,,,,17,,SR,37,SEC,,2019,0,2,1,100,12,1,79,3,https://www.sports-reference.com/cfb/players/trevon-diggs-1.html,8,Trevon Diggs,WR/DB,0.0,Alabama,2026-04-01T19:38:06.319Z,20,season_totals,0.5
2020,2020.csv,Trevon Diggs,4040966,CB,Alabama,College Stats,6-1,205.0,,,,,,,Dallas Cowboys / 2nd / 51st pick / 2020,2025,,2025 Totals,CB,DiggTr00,9.0,27.0,20.0,7.0,0.0,0.0,0.0,0.0,0.0,0,0.0,0.0,0.0,0.0,0.0,3.0,0.0,,,,,,,,,,,,,,,,,,,,,,,,,,,,,,,,,,,,,,,,,,,,,,,,,,,,,,,,,,,,,,,,,,,,,,,,,,,,,,17,,SR,37,SEC,,2019,0,2,1,100,12,1,79,3,https://www.sports-reference.com/cfb/players/trevon-diggs-1.html,8,Trevon Diggs,WR/DB,0.0,Alabama,2026-04-01T19:38:06.319Z,20,season_totals,0.5
2020,2020.csv,Trevon Diggs,4040966,CB,Alabama,College Stats,6-1,205.0,,,,,,,Dallas Cowboys / 2nd / 51st pick / 2020,-1,,,,DiggTr00,67.0,242.0,201.0,41.0,1.0,2.0,1.0,17.0,20.0,204,10.2,2.0,33.0,63.0,3.0,4.0,0.0,67,0.0,0.0,0.0,2.0,2.0,0.0,0.0,0.0,12.0,,,,,,,,,,,,,,,,,,,,67,2.0,10,0.0,0.0,9.0,0.0,0,0.0,0.0,0.0,,,,,,,,,,,,,,,,,,,,,,,,,,,,,,,,,,,,,,17,,SR,37,SEC,,2019,0,2,1,100,12,1,79,3,https://www.sports-reference.com/cfb/players/trevon-diggs-1.html,8,Trevon Diggs,WR/DB,0.0,Alabama,2026-04-01T19:38:06.319Z,20,season_totals,0.5
2020,2020.csv,Jordan Fuller,4040613,S,Ohio State,College Stats,6-2,203.0,4.67,35.5,,122.0,,4.27,Los Angeles Rams / 6th / 199th pick / 2020,2020,14.0,los-angeles-rams,S,FullJo01,12.0,60.0,42.0,18.0,0.0,0.0,0.0,0.0,3.0,45,15.0,0.0,37.0,5.0,0.0,0.0,0.0,,,,,,,,,,,,,,,,,,,,,,,,,,,,,,,,,,,,,,,,,,,,,,,,,,,,,,,,,,,,,,,,,,,,,,,,,,,,,,20,,SR,62,Big Ten,,2019,0,1,0,0,14,0,26,2,https://www.sports-reference.com/cfb/players/jordan-fuller-1.html,4,Jordan Fuller,S,0.0,Ohio State,2026-04-01T19:36:44.014Z,42,season_totals,0.0
2020,2020.csv,Jordan Fuller,4040613,S,Ohio State,College Stats,6-2,203.0,4.67,35.5,,122.0,,4.27,Los Angeles Rams / 6th / 199th pick / 2020,2021,14.0,los-angeles-rams,S,FullJo01,16.0,113.0,63.0,50.0,0.0,0.0,0.0,0.0,1.0,34,34.0,0.0,1.0,4.0,2.5,1.0,0.0,,,,,,,,,,,,,,,,,,,,,,,,,,,,,,,,,,,,,,,,,,,,,,,,,,,,,,,,,,,,,,,,,,,,,,,,,,,,,,20,,SR,62,Big Ten,,2019,0,1,0,0,14,0,26,2,https://www.sports-reference.com/cfb/players/jordan-fuller-1.html,4,Jordan Fuller,S,0.0,Ohio State,2026-04-01T19:36:44.014Z,42,season_totals,0.0
2020,2020.csv,Jordan Fuller,4040613,S,Ohio State,College Stats,6-2,203.0,4.67,35.5,,122.0,,4.27,Los Angeles Rams / 6th / 199th pick / 2020,2022,14.0,los-angeles-rams,S,FullJo01,3.0,12.0,9.0,3.0,0.0,1.0,0.0,0.0,0.0,0,0.0,0.0,0.0,0.0,0.0,0.0,0.0,,,,,,,,,,,,,,,,,,,,,,,,,,,,,,,,,,,,,,,,,,,,,,,,,,,,,,,,,,,,,,,,,,,,,,,,,,,,,,20,,SR,62,Big Ten,,2019,0,1,0,0,14,0,26,2,https://www.sports-reference.com/cfb/players/jordan-fuller-1.html,4,Jordan Fuller,S,0.0,Ohio State,2026-04-01T19:36:44.014Z,42,season_totals,0.0
2020,2020.csv,Jordan Fuller,4040613,S,Ohio State,College Stats,6-2,203.0,4.67,35.5,,122.0,,4.27,Los Angeles Rams / 6th / 199th pick / 2020,2023,14.0,los-angeles-rams,S,FullJo01,17.0,94.0,61.0,33.0,0.0,3.0,0.0,0.0,3.0,39,13.0,0.0,21.0,8.0,2.0,5.0,0.0,,,,,,,,,,,,,,,,,,,,,,,,,,,,,,,,,,,,,,,,,,,,,,,,,,,,,,,,,,,,,,,,,,,,,,,,,,,,,,20,,SR,62,Big Ten,,2019,0,1,0,0,14,0,26,2,https://www.sports-reference.com/cfb/players/jordan-fuller-1.html,4,Jordan Fuller,S,0.0,Ohio State,2026-04-01T19:36:44.014Z,42,season_totals,0.0
2020,2020.csv,Jordan Fuller,4040613,S,Ohio State,College Stats,6-2,203.0,4.67,35.5,,122.0,,4.27,Los Angeles Rams / 6th / 199th pick / 2020,2024,29.0,carolina-panthers,S,FullJo01,9.0,54.0,28.0,26.0,0.0,1.0,0.0,0.0,0.0,0,0.0,0.0,0.0,1.0,0.5,0.0,0.0,,,,,,,,,,,,,,,,,,,,,,,,,,,,,,,,,,,,,,,,,,,,,,,,,,,,,,,,,,,,,,,,,,,,,,,,,,,,,,20,,SR,62,Big Ten,,2019,0,1,0,0,14,0,26,2,https://www.sports-reference.com/cfb/players/jordan-fuller-1.html,4,Jordan Fuller,S,0.0,Ohio State,2026-04-01T19:36:44.014Z,42,season_totals,0.0
2020,2020.csv,Jordan Fuller,4040613,S,Ohio State,College Stats,6-2,203.0,4.67,35.5,,122.0,,4.27,Los Angeles Rams / 6th / 199th pick / 2020,2025,1.0,atlanta-falcons,S,FullJo01,6.0,2.0,2.0,0.0,0.0,0.0,0.0,0.0,0.0,0,0.0,0.0,0.0,0.0,0.0,0.0,0.0,,,,,,,,,,,,,,,,,,,,,,,,,,,,,,,,,,,,,,,,,,,,,,,,,,,,,,,,,,,,,,,,,,,,,,,,,,,,,,20,,SR,62,Big Ten,,2019,0,1,0,0,14,0,26,2,https://www.sports-reference.com/cfb/players/jordan-fuller-1.html,4,Jordan Fuller,S,0.0,Ohio State,2026-04-01T19:36:44.014Z,42,season_totals,0.0
2020,2020.csv,Jordan Fuller,4040613,S,Ohio State,College Stats,6-2,203.0,4.67,35.5,,122.0,,4.27,Los Angeles Rams / 6th / 199th pick / 2020,-1,,,,FullJo01,63.0,335.0,205.0,130.0,0.0,5.0,0.0,0.0,7.0,118,16.9,0.0,37.0,18.0,5.0,6.0,0.0,,,,,,,,,,,,,,,,,,,,,,,,,,,,,,,,,,,,,,,,,,,,,,,,,,,,,,,,,,,,,,,,,,,,,,,,,,,,,,20,,SR,62,Big Ten,,2019,0,1,0,0,14,0,26,2,https://www.sports-reference.com/cfb/players/jordan-fuller-1.html,4,Jordan Fuller,S,0.0,Ohio State,2026-04-01T19:36:44.014Z,42,season_totals,0.0
2020,2020.csv,Kristian Fulton,4035433,CB,LSU,College Stats,6-0,197.0,4.46,35.5,,123.0,6.94,4.36,Tennessee Titans / 2nd / 61st pick / 2020,2020,10.0,tennessee-titans,CB,FultKr00,6.0,16.0,14.0,2.0,1.0,0.0,0.0,0.0,1.0,44,44.0,0.0,44.0,1.0,0.0,0.0,0.0,,,,,,,,,,,,,,,,,,,,,,,,,,,,,,,,,,,,,,,,,,,,,,,,,,,,,,,,,,,,,,,,,,,,,,,,,,,,,,10,,SR,38,SEC,,2019,0,0,0,0,15,0,0,1,https://www.sports-reference.com/cfb/players/kristian-fulton-1.html,14,Kristian Fulton,DB/CB,0.0,LSU,2026-04-01T19:37:19.930Z,28,season_totals,1.0
2020,2020.csv,Kristian Fulton,4035433,CB,LSU,College Stats,6-0,197.0,4.46,35.5,,123.0,6.94,4.36,Tennessee Titans / 2nd / 61st pick / 2020,2021,10.0,tennessee-titans,CB,FultKr00,13.0,40.0,30.0,10.0,0.0,0.0,0.0,0.0,2.0,13,6.5,0.0,1.0,14.0,0.0,0.0,0.0,,,,,,,,,,,,,,,,,,,,,,,,,,,,,,,,,,,,,,,,,,,,,,,,,,,,,,,,,,,,,,,,,,,,,,,,,,,,,,10,,SR,38,SEC,,2019,0,0,0,0,15,0,0,1,https://www.sports-reference.com/cfb/players/kristian-fulton-1.html,14,Kristian Fulton,DB/CB,0.0,LSU,2026-04-01T19:37:19.930Z,28,season_totals,1.0
2020,2020.csv,Kristian Fulton,4035433,CB,LSU,College Stats,6-0,197.0,4.46,35.5,,123.0,6.94,4.36,Tennessee Titans / 2nd / 61st pick / 2020,2022,10.0,tennessee-titans,CB,FultKr00,11.0,48.0,35.0,13.0,0.0,1.0,1.0,0.0,1.0,0,0.0,0.0,1.0,5.0,1.0,8.0,0.0,,,,,,,,,,,,,,,,,,,,,,,,,,,,,,,,,,,,,,,,,,,,,,,,,,,,,,,,,,,,,,,,,,,,,,,,,,,,,,10,,SR,38,SEC,,2019,0,0,0,0,15,0,0,1,https://www.sports-reference.com/cfb/players/kristian-fulton-1.html,14,Kristian Fulton,DB/CB,0.0,LSU,2026-04-01T19:37:19.930Z,28,season_totals,1.0
2020,2020.csv,Kristian Fulton,4035433,CB,LSU,College Stats,6-0,197.0,4.46,35.5,,123.0,6.94,4.36,Tennessee Titans / 2nd / 61st pick / 2020,2023,10.0,tennessee-titans,CB,FultKr00,11.0,46.0,37.0,9.0,0.0,0.0,0.0,0.0,0.0,0,0.0,0.0,0.0,5.0,1.5,7.0,0.0,,,,,,,,,,,,,,,,,,,,,,,,,,,,,,,,,,,,,,,,,,,,,,,,,,,,,,,,,,,,,,,,,,,,,,,,,,,,,,10,,SR,38,SEC,,2019,0,0,0,0,15,0,0,1,https://www.sports-reference.com/cfb/players/kristian-fulton-1.html,14,Kristian Fulton,DB/CB,0.0,LSU,2026-04-01T19:37:19.930Z,28,season_totals,1.0
2020,2020.csv,Kristian Fulton,4035433,CB,LSU,College Stats,6-0,197.0,4.46,35.5,,123.0,6.94,4.36,Tennessee Titans / 2nd / 61st pick / 2020,2024,24.0,los-angeles-chargers,CB,FultKr00,15.0,51.0,39.0,12.0,0.0,0.0,0.0,0.0,1.0,29,29.0,0.0,29.0,7.0,3.0,7.0,0.0,,,,,,,,,,,,,,,,,,,,,,,,,,,,,,,,,,,,,,,,,15.0,0,0,0.0,0,0.0,0,0,0,0,39.6,-,,,,,,,,,,,,,,15,0-0,0.0,0-0,0-0,0-0,0-0,0-0,0.0,0.0,0.0,0.0,10,,SR,38,SEC,,2019,0,0,0,0,15,0,0,1,https://www.sports-reference.com/cfb/players/kristian-fulton-1.html,14,Kristian Fulton,DB/CB,0.0,LSU,2026-04-01T19:37:19.930Z,28,season_totals,1.0
2020,2020.csv,Kristian Fulton,4035433,CB,LSU,College Stats,6-0,197.0,4.46,35.5,,123.0,6.94,4.36,Tennessee Titans / 2nd / 61st pick / 2020,2025,12.0,kansas-city-chiefs,CB,FultKr00,8.0,16.0,12.0,4.0,0.0,0.0,0.0,0.0,0.0,0,0.0,0.0,0.0,6.0,1.5,0.0,0.0,,,,,,,,,,,,,,,,,,,,,,,,,,,,,,,,,,,,,,,,,,,,,,,,,,,,,,,,,,,,,,,,,,,,,,,,,,,,,,10,,SR,38,SEC,,2019,0,0,0,0,15,0,0,1,https://www.sports-reference.com/cfb/players/kristian-fulton-1.html,14,Kristian Fulton,DB/CB,0.0,LSU,2026-04-01T19:37:19.930Z,28,season_totals,1.0
2020,2020.csv,Kristian Fulton,4035433,CB,LSU,College Stats,6-0,197.0,4.46,35.5,,123.0,6.94,4.36,Tennessee Titans / 2nd / 61st pick / 2020,-1,,,,FultKr00,64.0,217.0,167.0,50.0,1.0,1.0,1.0,0.0,5.0,86,17.2,0.0,44.0,38.0,7.0,22.0,0.0,,,,,,,,,,,,,,,,,,,,,,,,,,,,,,,,,,,,,,,,,64.0,0,0,0.0,0,0.0,0,0,0,0,0.0,-,,,,,,,,,,,,,,64,0-0,0.0,0-0,0-0,0-0,0-0,0-0,0.0,0.0,0.0,0.0,10,,SR,38,SEC,,2019,0,0,0,0,15,0,0,1,https://www.sports-reference.com/cfb/players/kristian-fulton-1.html,14,Kristian Fulton,DB/CB,0.0,LSU,2026-04-01T19:37:19.930Z,28,season_totals,1.0
2020,2020.csv,Alohi Gilman,4039413,S,Notre Dame,College Stats,5-10,201.0,4.6,32.0,17.0,119.0,6.81,4.08,Los Angeles Chargers / 6th / 186th pick / 2020,2020,24.0,los-angeles-chargers,S,GilmAl00,15.0,7.0,5.0,2.0,0.0,0.0,0.0,0.0,0.0,0,0.0,0.0,0.0,0.0,0.0,0.0,0.0,,,,,,,,,,,,,,,,,,,,,,,,,,,,,,,,,,,,,,,,,,,,,,,,,,,,,,,,,,,,,,,,,,,,,,,,,,,,,,42,,SR,74,Ind,,2019,3,1,0,0,13,0,0,1,https://www.sports-reference.com/cfb/players/alohi-gilman-1.html,2,Alohi Gilman,S,1.0,Notre Dame,2026-04-01T19:34:36.731Z,32,season_totals,3.0
2020,2020.csv,Alohi Gilman,4039413,S,Notre Dame,College Stats,5-10,201.0,4.6,32.0,17.0,119.0,6.81,4.08,Los Angeles Chargers / 6th / 186th pick / 2020,2021,24.0,los-angeles-chargers,S,GilmAl00,10.0,37.0,25.0,12.0,0.0,0.0,0.0,0.0,1.0,0,0.0,0.0,1.0,1.0,0.0,0.0,0.0,,,,,,,,,,,,,,,,,,,,,,,,,,,,,,,,,,,,,,,,,,,,,,,,,,,,,,,,,,,,,,,,,,,,,,,,,,,,,,42,,SR,74,Ind,,2019,3,1,0,0,13,0,0,1,https://www.sports-reference.com/cfb/players/alohi-gilman-1.html,2,Alohi Gilman,S,1.0,Notre Dame,2026-04-01T19:34:36.731Z,32,season_totals,3.0
2020,2020.csv,Alohi Gilman,4039413,S,Notre Dame,College Stats,5-10,201.0,4.6,32.0,17.0,119.0,6.81,4.08,Los Angeles Chargers / 6th / 186th pick / 2020,2022,24.0,los-angeles-chargers,S,GilmAl00,17.0,58.0,35.0,23.0,0.0,1.0,2.0,0.0,1.0,18,18.0,0.0,1.0,3.0,1.0,0.0,0.0,,,,,,,,,,,,,,,,,,,,,,,,,,,,,,,,,,,,,,,,,,,,,,,,,,,,,,,,,,,,,,,,,,,,,,,,,,,,,,42,,SR,74,Ind,,2019,3,1,0,0,13,0,0,1,https://www.sports-reference.com/cfb/players/alohi-gilman-1.html,2,Alohi Gilman,S,1.0,Notre Dame,2026-04-01T19:34:36.731Z,32,season_totals,3.0
2020,2020.csv,Alohi Gilman,4039413,S,Notre Dame,College Stats,5-10,201.0,4.6,32.0,17.0,119.0,6.81,4.08,Los Angeles Chargers / 6th / 186th pick / 2020,2023,24.0,los-angeles-chargers,S,GilmAl00,14.0,73.0,49.0,24.0,0.0,3.0,2.0,52.0,2.0,0,0.0,0.0,0.0,10.0,3.5,6.0,0.0,,,,,,,,,,,,,,,,,,,,,,,,,,,,,,,,,,,,,,,,,,,,,,,,,,,,,,,,,,,,,,,,,,,,,,,,,,,,,,42,,SR,74,Ind,,2019,3,1,0,0,13,0,0,1,https://www.sports-reference.com/cfb/players/alohi-gilman-1.html,2,Alohi Gilman,S,1.0,Notre Dame,2026-04-01T19:34:36.731Z,32,season_totals,3.0
2020,2020.csv,Alohi Gilman,4039413,S,Notre Dame,College Stats,5-10,201.0,4.6,32.0,17.0,119.0,6.81,4.08,Los Angeles Chargers / 6th / 186th pick / 2020,2024,24.0,los-angeles-chargers,S,GilmAl00,11.0,50.0,34.0,16.0,1.0,0.0,0.0,0.0,1.0,18,18.0,0.0,18.0,4.0,1.5,4.0,0.0,,,,,,,,,,,,,,,,,,,,,,,,,,,,,,,,,,,,,,,,,,,,,,,,,,,,,,,,,,,,,,,,,,,,,,,,,,,,,,42,,SR,74,Ind,,2019,3,1,0,0,13,0,0,1,https://www.sports-reference.com/cfb/players/alohi-gilman-1.html,2,Alohi Gilman,S,1.0,Notre Dame,2026-04-01T19:34:36.731Z,32,season_totals,3.0
2020,2020.csv,Alohi Gilman,4039413,S,Notre Dame,College Stats,5-10,201.0,4.6,32.0,17.0,119.0,6.81,4.08,Los Angeles Chargers / 6th / 186th pick / 2020,2025,24.0,los-angeles-chargers,S,GilmAl00,5.0,22.0,11.0,11.0,0.0,0.0,0.0,0.0,0.0,0,0.0,0.0,0.0,3.0,0.0,0.0,0.0,,,,,,,,,,,,,,,,,,,,,,,,,,,,,,,,,,,,,,,,,,,,,,,,,,,,,,,,,,,,,,,,,,,,,,,,,,,,,,42,,SR,74,Ind,,2019,3,1,0,0,13,0,0,1,https://www.sports-reference.com/cfb/players/alohi-gilman-1.html,2,Alohi Gilman,S,1.0,Notre Dame,2026-04-01T19:34:36.731Z,32,season_totals,3.0
2020,2020.csv,Alohi Gilman,4039413,S,Notre Dame,College Stats,5-10,201.0,4.6,32.0,17.0,119.0,6.81,4.08,Los Angeles Chargers / 6th / 186th pick / 2020,2025,33.0,baltimore-ravens,S,GilmAl00,12.0,68.0,39.0,29.0,0.0,1.0,2.0,11.0,0.0,84,0.0,1.0,0.0,6.0,2.0,1.0,0.0,,,,,,,,,,,,,,,,,,,,,,,,,,,,,,,,,,,,,,,,,,,,,,,,,,,,,,,,,,,,,,,,,,,,,,,,,,,,,,42,,SR,74,Ind,,2019,3,1,0,0,13,0,0,1,https://www.sports-reference.com/cfb/players/alohi-gilman-1.html,2,Alohi Gilman,S,1.0,Notre Dame,2026-04-01T19:34:36.731Z,32,season_totals,3.0
2020,2020.csv,Alohi Gilman,4039413,S,Notre Dame,College Stats,5-10,201.0,4.6,32.0,17.0,119.0,6.81,4.08,Los Angeles Chargers / 6th / 186th pick / 2020,2025,,2025 Totals,S,GilmAl00,17.0,90.0,50.0,40.0,0.0,1.0,2.0,11.0,0.0,84,0.0,1.0,0.0,9.0,2.0,1.0,0.0,,,,,,,,,,,,,,,,,,,,,,,,,,,,,,,,,,,,,,,,,,,,,,,,,,,,,,,,,,,,,,,,,,,,,,,,,,,,,,42,,SR,74,Ind,,2019,3,1,0,0,13,0,0,1,https://www.sports-reference.com/cfb/players/alohi-gilman-1.html,2,Alohi Gilman,S,1.0,Notre Dame,2026-04-01T19:34:36.731Z,32,season_totals,3.0
2020,2020.csv,Alohi Gilman,4039413,S,Notre Dame,College Stats,5-10,201.0,4.6,32.0,17.0,119.0,6.81,4.08,Los Angeles Chargers / 6th / 186th pick / 2020,-1,,,,GilmAl00,84.0,315.0,198.0,117.0,1.0,5.0,6.0,63.0,5.0,120,24.0,1.0,18.0,27.0,8.0,11.0,0.0,,,,,,,,,,,,,,,,,,,,,,,,,,,,,,,,,,,,,,,,,,,,,,,,,,,,,,,,,,,,,,,,,,,,,,,,,,,,,,42,,SR,74,Ind,,2019,3,1,0,0,13,0,0,1,https://www.sports-reference.com/cfb/players/alohi-gilman-1.html,2,Alohi Gilman,S,1.0,Notre Dame,2026-04-01T19:34:36.731Z,32,season_totals,3.0
2020,2020.csv,Jeff Gladney,3676819,CB,TCU,College Stats,5-10,191.0,4.48,37.5,17.0,124.0,7.26,,Minnesota Vikings / 1st / 31st pick / 2020,2020,16.0,minnesota-vikings,CB,GladJe00,16.0,81.0,63.0,18.0,0.0,1.0,0.0,0.0,0.0,0,0.0,0.0,0.0,3.0,7.0,10.0,0.0,,,,,,,,,,,,,,,,,,,,,,,,,,,,,,,,,,,,,,,,,,,,,,,,,,,,,,,,,,,,,,,,,,,,,,,,,,,,,,7,,SR,31,Big 12,,2019,0,0,0,0,12,0,0,1,https://www.sports-reference.com/cfb/players/jeff-gladney-1.html,14,Jeff Gladney,CB,0.5,Texas Christian,2026-04-01T19:36:29.318Z,24,season_totals,1.5
2020,2020.csv,Jeff Gladney,3676819,CB,TCU,College Stats,5-10,191.0,4.48,37.5,17.0,124.0,7.26,,Minnesota Vikings / 1st / 31st pick / 2020,-1,,,,GladJe00,16.0,81.0,63.0,18.0,0.0,1.0,0.0,0.0,0.0,0,0.0,0.0,0.0,3.0,7.0,10.0,0.0,,,,,,,,,,,,,,,,,,,,,,,,,,,,,,,,,,,,,,,,,,,,,,,,,,,,,,,,,,,,,,,,,,,,,,,,,,,,,,7,,SR,31,Big 12,,2019,0,0,0,0,12,0,0,1,https://www.sports-reference.com/cfb/players/jeff-gladney-1.html,14,Jeff Gladney,CB,0.5,Texas Christian,2026-04-01T19:36:29.318Z,24,season_totals,1.5
2020,2020.csv,Bryce Hall,4037584,CB,Virginia,College Stats,6-1,202.0,,,11.0,,,,New York Jets / 5th / 158th pick / 2020,2020,20.0,new-york-jets,CB,HallBr02,8.0,36.0,33.0,3.0,0.0,0.0,0.0,0.0,1.0,20,20.0,0.0,20.0,3.0,1.0,1.0,0.0,,,,,,,,,,,,,,,,,,,,,,,,,,,,,,,,,,,,,,,,,,,,,,,,,,,,,,,,,,,,,,,,,,,,,,,,,,,,,,7,,SR,20,ACC,,2019,0,0,0,0,6,0,0,0,https://www.sports-reference.com/cfb/players/bryce-hall-1.html,4,Bryce Hall,DB/CB,1.0,Virginia,2026-04-01T19:35:15.977Z,13,season_totals,3.0
2020,2020.csv,Bryce Hall,4037584,CB,Virginia,College Stats,6-1,202.0,,,11.0,,,,New York Jets / 5th / 158th pick / 2020,2021,20.0,new-york-jets,CB,HallBr02,17.0,79.0,66.0,13.0,0.5,0.0,0.0,0.0,0.0,0,0.0,0.0,0.0,16.0,3.0,10.0,0.0,,,,,,,,,,,,,,,,,,,,,,,,,,,,,,,,,,,,,,,,,,,,,,,,,,,,,,,,,,,,,,,,,,,,,,,,,,,,,,7,,SR,20,ACC,,2019,0,0,0,0,6,0,0,0,https://www.sports-reference.com/cfb/players/bryce-hall-1.html,4,Bryce Hall,DB/CB,1.0,Virginia,2026-04-01T19:35:15.977Z,13,season_totals,3.0
2020,2020.csv,Bryce Hall,4037584,CB,Virginia,College Stats,6-1,202.0,,,11.0,,,,New York Jets / 5th / 158th pick / 2020,2023,20.0,new-york-jets,CB,HallBr02,9.0,7.0,5.0,2.0,0.0,0.0,1.0,39.0,1.0,5,5.0,0.0,5.0,2.0,0.0,0.0,0.0,9,0.0,0.0,0.0,1.0,1.0,0.0,0.0,0.0,6.0,,,,,,,,,,,,,,,,,,,,,,,,,,,,,,,,,,,,,,,,,,,,,,,,,,,,,,,,,,,,,,,,,,,,7,,SR,20,ACC,,2019,0,0,0,0,6,0,0,0,https://www.sports-reference.com/cfb/players/bryce-hall-1.html,4,Bryce Hall,DB/CB,1.0,Virginia,2026-04-01T19:35:15.977Z,13,season_totals,3.0
2020,2020.csv,Bryce Hall,4037584,CB,Virginia,College Stats,6-1,202.0,,,11.0,,,,New York Jets / 5th / 158th pick / 2020,-1,,,,HallBr02,34.0,122.0,104.0,18.0,0.5,0.0,1.0,39.0,2.0,25,12.5,0.0,20.0,21.0,4.0,11.0,0.0,34,0.0,0.0,0.0,1.0,1.0,0.0,0.0,0.0,6.0,,,,,,,,,,,,,,,,,,,,,,,,,,,,,,,,,,,,,,,,,,,,,,,,,,,,,,,,,,,,,,,,,,,,7,,SR,20,ACC,,2019,0,0,0,0,6,0,0,0,https://www.sports-reference.com/cfb/players/bryce-hall-1.html,4,Bryce Hall,DB/CB,1.0,Virginia,2026-04-01T19:35:15.977Z,13,season_totals,3.0
2020,2020.csv,Harrison Hand,4259170,CB,Temple,College Stats,5-11,197.0,4.52,41.0,14.0,133.0,7.15,4.27,Minnesota Vikings / 5th / 169th pick / 2020,2020,16.0,minnesota-vikings,CB,HandHa00,14.0,17.0,14.0,3.0,0.0,0.0,0.0,0.0,1.0,4,4.0,0.0,4.0,3.0,0.0,0.0,0.0,,,,,,,,,,,,,,,,,,,,,,,,,,,,,,,,,,,,,,,,,,,,,,,,,,,,,,,,,,,,,,,,,,,,,,,,,,,,,,16,,JR,59,American,,2019,1,0,0,0,12,0,8,3,https://www.sports-reference.com/cfb/players/harrison-hand-2.html,5,Harrison Hand,CB,0.0,Temple,2026-04-01T20:03:13.520Z,43,season_totals,4.0
2020,2020.csv,Harrison Hand,4259170,CB,Temple,College Stats,5-11,197.0,4.52,41.0,14.0,133.0,7.15,4.27,Minnesota Vikings / 5th / 169th pick / 2020,2021,16.0,minnesota-vikings,CB,HandHa00,9.0,5.0,5.0,0.0,0.0,0.0,0.0,0.0,0.0,0,0.0,0.0,0.0,0.0,0.0,0.0,0.0,,,,,,,,,,,,,,,,,,,,,,,,,,,,,,,,,,,,,,,,,,,,,,,,,,,,,,,,,,,,,,,,,,,,,,,,,,,,,,16,,JR,59,American,,2019,1,0,0,0,12,0,8,3,https://www.sports-reference.com/cfb/players/harrison-hand-2.html,5,Harrison Hand,CB,0.0,Temple,2026-04-01T20:03:13.520Z,43,season_totals,4.0
2020,2020.csv,Harrison Hand,4259170,CB,Temple,College Stats,5-11,197.0,4.52,41.0,14.0,133.0,7.15,4.27,Minnesota Vikings / 5th / 169th pick / 2020,2022,3.0,chicago-bears,CB,HandHa00,4.0,12.0,9.0,3.0,0.0,1.0,0.0,0.0,0.0,0,0.0,0.0,0.0,1.0,0.0,0.0,0.0,,,,,,,,,,,,,,,,,,,,,,,,,,,,,,,,,,,,,,,,,,,,,,,,,,,,,,,,,,,,,,,,,,,,,,,,,,,,,,16,,JR,59,American,,2019,1,0,0,0,12,0,8,3,https://www.sports-reference.com/cfb/players/harrison-hand-2.html,5,Harrison Hand,CB,0.0,Temple,2026-04-01T20:03:13.520Z,43,season_totals,4.0
2020,2020.csv,Harrison Hand,4259170,CB,Temple,College Stats,5-11,197.0,4.52,41.0,14.0,133.0,7.15,4.27,Minnesota Vikings / 5th / 169th pick / 2020,-1,,,,HandHa00,27.0,34.0,28.0,6.0,0.0,1.0,0.0,0.0,1.0,4,4.0,0.0,4.0,4.0,0.0,0.0,0.0,,,,,,,,,,,,,,,,,,,,,,,,,,,,,,,,,,,,,,,,,,,,,,,,,,,,,,,,,,,,,,,,,,,,,,,,,,,,,,16,,JR,59,American,,2019,1,0,0,0,12,0,8,3,https://www.sports-reference.com/cfb/players/harrison-hand-2.html,5,Harrison Hand,CB,0.0,Temple,2026-04-01T20:03:13.520Z,43,season_totals,4.0
2020,2020.csv,Jaylinn Hawkins,3858276,S,California,College Stats,6-1,208.0,,35.5,,117.0,,,Atlanta Falcons / 4th / 134th pick / 2020,2020,1.0,atlanta-falcons,S,HawkJa00,12.0,13.0,8.0,5.0,0.5,0.0,0.0,0.0,0.0,0,0.0,0.0,0.0,0.0,0.0,0.0,0.0,,,,,,,,,,,,,,,,,,,,,,,,,,,,,,,,,,,,,,,,,,,,,,,,,,,,,,,,,,,,,,,,,,,,,,,,,,,,,,16,,SR,56,Pac-12,,2019,2,0,0,0,13,0,29,3,https://www.sports-reference.com/cfb/players/jaylinn-hawkins-1.html,2,Jaylinn Hawkins,CB/S,2.0,California,2026-04-01T19:36:15.337Z,40,season_totals,4.5
2020,2020.csv,Jaylinn Hawkins,3858276,S,California,College Stats,6-1,208.0,,35.5,,117.0,,,Atlanta Falcons / 4th / 134th pick / 2020,2021,1.0,atlanta-falcons,S,HawkJa00,14.0,24.0,13.0,11.0,0.0,0.0,0.0,0.0,2.0,11,5.5,0.0,1.0,3.0,1.0,3.0,0.0,,,,,,,,,,,,,,,,,,,,,,,,,,,,,,,,,,,,,,,,,,,,,,,,,,,,,,,,,,,,,,,,,,,,,,,,,,,,,,16,,SR,56,Pac-12,,2019,2,0,0,0,13,0,29,3,https://www.sports-reference.com/cfb/players/jaylinn-hawkins-1.html,2,Jaylinn Hawkins,CB/S,2.0,California,2026-04-01T19:36:15.337Z,40,season_totals,4.5
2020,2020.csv,Jaylinn Hawkins,3858276,S,California,College Stats,6-1,208.0,,35.5,,117.0,,,Atlanta Falcons / 4th / 134th pick / 2020,2022,1.0,atlanta-falcons,S,HawkJa00,16.0,84.0,45.0,39.0,0.0,1.0,0.0,0.0,2.0,14,7.0,0.0,1.0,6.0,0.5,0.0,0.0,16,0.0,0.0,0.0,1.0,1.0,0.0,0.0,0.0,6.0,,,,,,,,,,,,,,,,,,,,,,,,,,,,,,,16.0,0,0,0.0,0,0.0,0,0,0,0,39.6,-,,,,,,,,,,,,,,,,,,,,,,,,,,16,,SR,56,Pac-12,,2019,2,0,0,0,13,0,29,3,https://www.sports-reference.com/cfb/players/jaylinn-hawkins-1.html,2,Jaylinn Hawkins,CB/S,2.0,California,2026-04-01T19:36:15.337Z,40,season_totals,4.5
2020,2020.csv,Jaylinn Hawkins,3858276,S,California,College Stats,6-1,208.0,,35.5,,117.0,,,Atlanta Falcons / 4th / 134th pick / 2020,2023,1.0,atlanta-falcons,S,HawkJa00,6.0,3.0,2.0,1.0,0.0,0.0,0.0,0.0,0.0,0,0.0,0.0,0.0,0.0,0.0,0.0,0.0,,,,,,,,,,,,,,,,,,,,,,,,,,,,,,,,,,,,,,,,,,,,,,,,,,,,,,,,,,,,,,,,,,,,,,,,,,,,,,16,,SR,56,Pac-12,,2019,2,0,0,0,13,0,29,3,https://www.sports-reference.com/cfb/players/jaylinn-hawkins-1.html,2,Jaylinn Hawkins,CB/S,2.0,California,2026-04-01T19:36:15.337Z,40,season_totals,4.5
2020,2020.csv,Jaylinn Hawkins,3858276,S,California,College Stats,6-1,208.0,,35.5,,117.0,,,Atlanta Falcons / 4th / 134th pick / 2020,2023,24.0,los-angeles-chargers,S,HawkJa00,10.0,11.0,4.0,7.0,0.0,0.0,0.0,0.0,0.0,0,0.0,0.0,0.0,1.0,0.0,0.0,0.0,,,,,,,,,,,,,,,,,,,,,,,,,,,,,,,,,,,,,,,,,,,,,,,,,,,,,,,,,,,,,,,,,,,,,,,,,,,,,,16,,SR,56,Pac-12,,2019,2,0,0,0,13,0,29,3,https://www.sports-reference.com/cfb/players/jaylinn-hawkins-1.html,2,Jaylinn Hawkins,CB/S,2.0,California,2026-04-01T19:36:15.337Z,40,season_totals,4.5
2020,2020.csv,Jaylinn Hawkins,3858276,S,California,College Stats,6-1,208.0,,35.5,,117.0,,,Atlanta Falcons / 4th / 134th pick / 2020,2023,,2023 Totals,S,HawkJa00,16.0,14.0,6.0,8.0,0.0,0.0,0.0,0.0,0.0,0,0.0,0.0,0.0,1.0,0.0,0.0,0.0,,,,,,,,,,,,,,,,,,,,,,,,,,,,,,,,,,,,,,,,,,,,,,,,,,,,,,,,,,,,,,,,,,,,,,,,,,,,,,16,,SR,56,Pac-12,,2019,2,0,0,0,13,0,29,3,https://www.sports-reference.com/cfb/players/jaylinn-hawkins-1.html,2,Jaylinn Hawkins,CB/S,2.0,California,2026-04-01T19:36:15.337Z,40,season_totals,4.5
2020,2020.csv,Jaylinn Hawkins,3858276,S,California,College Stats,6-1,208.0,,35.5,,117.0,,,Atlanta Falcons / 4th / 134th pick / 2020,2024,17.0,new-england-patriots,S,HawkJa00,17.0,48.0,27.0,21.0,0.0,0.0,1.0,0.0,0.0,0,0.0,0.0,0.0,1.0,1.5,4.0,0.0,,,,,,,,,,,,,,,,,,,,,,,,,,,,,,,,,,,,,,,,,,,,,,,,,,,,,,,,,,,,,,,,,,,,,,,,,,,,,,16,,SR,56,Pac-12,,2019,2,0,0,0,13,0,29,3,https://www.sports-reference.com/cfb/players/jaylinn-hawkins-1.html,2,Jaylinn Hawkins,CB/S,2.0,California,2026-04-01T19:36:15.337Z,40,season_totals,4.5
2020,2020.csv,Jaylinn Hawkins,3858276,S,California,College Stats,6-1,208.0,,35.5,,117.0,,,Atlanta Falcons / 4th / 134th pick / 2020,2025,17.0,new-england-patriots,S,HawkJa00,15.0,71.0,45.0,26.0,1.5,1.0,1.0,0.0,4.0,1,0.3,0.0,1.0,6.0,1.5,4.0,0.0,,,,,,,,,,,,,,,,,,,,,,,,,,,,,,,,,,,,,,,,,,,,,,,,,,,,,,,,,,,,,,,,,,,,,,,,,,,,,,16,,SR,56,Pac-12,,2019,2,0,0,0,13,0,29,3,https://www.sports-reference.com/cfb/players/jaylinn-hawkins-1.html,2,Jaylinn Hawkins,CB/S,2.0,California,2026-04-01T19:36:15.337Z,40,season_totals,4.5
2020,2020.csv,Jaylinn Hawkins,3858276,S,California,College Stats,6-1,208.0,,35.5,,117.0,,,Atlanta Falcons / 4th / 134th pick / 2020,-1,,,,HawkJa00,90.0,254.0,144.0,110.0,2.0,2.0,2.0,0.0,8.0,26,3.3,0.0,1.0,17.0,4.5,11.0,0.0,90,0.0,0.0,0.0,1.0,1.0,0.0,0.0,0.0,6.0,,,,,,,,,,,,,,,,,,,,,,,,,,,,,,,90.0,0,0,0.0,0,0.0,0,0,0,0,0.0,-,,,,,,,,,,,,,,,,,,,,,,,,,,16,,SR,56,Pac-12,,2019,2,0,0,0,13,0,29,3,https://www.sports-reference.com/cfb/players/jaylinn-hawkins-1.html,2,Jaylinn Hawkins,CB/S,2.0,California,2026-04-01T19:36:15.337Z,40,season_totals,4.5
2020,2020.csv,C.J. Henderson,4240596,CB,Florida,College Stats,6-1,204.0,4.39,37.5,20.0,127.0,,,Jacksonville Jaguars / 1st / 9th pick / 2020,2020,30.0,jacksonville-jaguars,CB,HendCJ00,8.0,36.0,27.0,9.0,0.0,1.0,0.0,0.0,1.0,22,22.0,0.0,22.0,6.0,0.0,0.0,0.0,,,,,,,,,,,,,,,,,,,,,,,,,,,,,,,,,,,,,,,,,,,,,,,,,,,,,,,,,,,,,,,,,,,,,,,,,,,,,,7,,JR,33,SEC,,2019,0,0,0,0,9,0,0,0,https://www.sports-reference.com/cfb/players/cj-henderson-1.html,11,C.J. Henderson,CB/DB,1.0,Florida,2026-04-01T19:35:22.081Z,26,season_totals,3.0
2020,2020.csv,C.J. Henderson,4240596,CB,Florida,College Stats,6-1,204.0,4.39,37.5,20.0,127.0,,,Jacksonville Jaguars / 1st / 9th pick / 2020,2021,30.0,jacksonville-jaguars,CB,HendCJ00,2.0,8.0,6.0,2.0,0.0,0.0,0.0,0.0,0.0,0,0.0,0.0,0.0,0.0,1.0,6.0,0.0,,,,,,,,,,,,,,,,,,,,,,,,,,,,,,,,,,,,,,,,,,,,,,,,,,,,,,,,,,,,,,,,,,,,,,,,,,,,,,7,,JR,33,SEC,,2019,0,0,0,0,9,0,0,0,https://www.sports-reference.com/cfb/players/cj-henderson-1.html,11,C.J. Henderson,CB/DB,1.0,Florida,2026-04-01T19:35:22.081Z,26,season_totals,3.0
2020,2020.csv,C.J. Henderson,4240596,CB,Florida,College Stats,6-1,204.0,4.39,37.5,20.0,127.0,,,Jacksonville Jaguars / 1st / 9th pick / 2020,2021,29.0,carolina-panthers,CB,HendCJ00,10.0,31.0,25.0,6.0,0.0,0.0,0.0,0.0,0.0,0,0.0,0.0,0.0,2.0,1.0,0.0,0.0,,,,,,,,,,,,,,,,,,,,,,,,,,,,,,,,,,,,,,,,,,,,,,,,,,,,,,,,,,,,,,,,,,,,,,,,,,,,,,7,,JR,33,SEC,,2019,0,0,0,0,9,0,0,0,https://www.sports-reference.com/cfb/players/cj-henderson-1.html,11,C.J. Henderson,CB/DB,1.0,Florida,2026-04-01T19:35:22.081Z,26,season_totals,3.0
2020,2020.csv,C.J. Henderson,4240596,CB,Florida,College Stats,6-1,204.0,4.39,37.5,20.0,127.0,,,Jacksonville Jaguars / 1st / 9th pick / 2020,2021,,2021 Totals,CB,HendCJ00,12.0,39.0,31.0,8.0,0.0,0.0,0.0,0.0,0.0,0,0.0,0.0,0.0,2.0,2.0,6.0,0.0,,,,,,,,,,,,,,,,,,,,,,,,,,,,,,,,,,,,,,,,,,,,,,,,,,,,,,,,,,,,,,,,,,,,,,,,,,,,,,7,,JR,33,SEC,,2019,0,0,0,0,9,0,0,0,https://www.sports-reference.com/cfb/players/cj-henderson-1.html,11,C.J. Henderson,CB/DB,1.0,Florida,2026-04-01T19:35:22.081Z,26,season_totals,3.0
2020,2020.csv,C.J. Henderson,4240596,CB,Florida,College Stats,6-1,204.0,4.39,37.5,20.0,127.0,,,Jacksonville Jaguars / 1st / 9th pick / 2020,2022,29.0,carolina-panthers,CB,HendCJ00,17.0,58.0,50.0,8.0,0.0,1.0,0.0,0.0,2.0,74,37.0,0.0,1.0,6.0,2.5,3.0,2.0,,,,,,,,,,,,,,,,,,,,,,,,,,,,,,,,,,,,,,,,,,,,,,,,,,,,,,,,,,,,,,,,,,,,,,,,,,,,,,7,,JR,33,SEC,,2019,0,0,0,0,9,0,0,0,https://www.sports-reference.com/cfb/players/cj-henderson-1.html,11,C.J. Henderson,CB/DB,1.0,Florida,2026-04-01T19:35:22.081Z,26,season_totals,3.0
2020,2020.csv,C.J. Henderson,4240596,CB,Florida,College Stats,6-1,204.0,4.39,37.5,20.0,127.0,,,Jacksonville Jaguars / 1st / 9th pick / 2020,2023,29.0,carolina-panthers,CB,HendCJ00,12.0,39.0,31.0,8.0,1.0,0.0,0.0,0.0,0.0,0,0.0,0.0,0.0,2.0,0.0,4.0,0.0,,,,,,,,,,,,,,,,,,,,,,,,,,,,,,,,,,,,,,,,,,,,,,,,,,,,,,,,,,,,,,,,,,,,,,,,,,,,,,7,,JR,33,SEC,,2019,0,0,0,0,9,0,0,0,https://www.sports-reference.com/cfb/players/cj-henderson-1.html,11,C.J. Henderson,CB/DB,1.0,Florida,2026-04-01T19:35:22.081Z,26,season_totals,3.0
2020,2020.csv,C.J. Henderson,4240596,CB,Florida,College Stats,6-1,204.0,4.39,37.5,20.0,127.0,,,Jacksonville Jaguars / 1st / 9th pick / 2020,2025,1.0,atlanta-falcons,CB,HendCJ00,4.0,13.0,8.0,5.0,0.0,0.0,0.0,0.0,1.0,0,0.0,0.0,0.0,3.0,0.0,0.0,0.0,,,,,,,,,,,,,,,,,,,,,,,,,,,,,,,,,,,,,,,,,,,,,,,,,,,,,,,,,,,,,,,,,,,,,,,,,,,,,,7,,JR,33,SEC,,2019,0,0,0,0,9,0,0,0,https://www.sports-reference.com/cfb/players/cj-henderson-1.html,11,C.J. Henderson,CB/DB,1.0,Florida,2026-04-01T19:35:22.081Z,26,season_totals,3.0
2020,2020.csv,C.J. Henderson,4240596,CB,Florida,College Stats,6-1,204.0,4.39,37.5,20.0,127.0,,,Jacksonville Jaguars / 1st / 9th pick / 2020,-1,,,,HendCJ00,53.0,185.0,147.0,38.0,1.0,2.0,0.0,0.0,4.0,96,24.0,0.0,22.0,19.0,4.5,13.0,2.0,,,,,,,,,,,,,,,,,,,,,,,,,,,,,,,,,,,,,,,,,,,,,,,,,,,,,,,,,,,,,,,,,,,,,,,,,,,,,,7,,JR,33,SEC,,2019,0,0,0,0,9,0,0,0,https://www.sports-reference.com/cfb/players/cj-henderson-1.html,11,C.J. Henderson,CB/DB,1.0,Florida,2026-04-01T19:35:22.081Z,26,season_totals,3.0
2020,2020.csv,Darnay Holmes,4242973,CB,UCLA,College Stats,5-10,195.0,4.48,,12.0,,,,New York Giants / 4th / 110th pick / 2020,2020,19.0,new-york-giants,CB,HolmDa01,12.0,30.0,23.0,7.0,0.5,0.0,1.0,0.0,1.0,0,0.0,0.0,0.0,5.0,0.0,0.0,0.0,,,,,,,,,,,,,,,,,,,,,,,,,,,,,,,,,,,,,,,,,,,,,,,,,,,,,,,,,,,,,,,,,,,,,,,,,,,,,,10,,JR,34,Pac-12,,2019,0,1,0,0,10,0,0,2,https://www.sports-reference.com/cfb/players/darnay-holmes-1.html,6,Darnay Holmes,DB,0.0,UCLA,2026-04-01T19:35:52.290Z,24,season_totals,1.0
2020,2020.csv,Darnay Holmes,4242973,CB,UCLA,College Stats,5-10,195.0,4.48,,12.0,,,,New York Giants / 4th / 110th pick / 2020,2021,19.0,new-york-giants,CB,HolmDa01,11.0,29.0,21.0,8.0,0.0,0.0,0.0,0.0,1.0,15,15.0,0.0,1.0,2.0,0.0,0.0,0.0,,,,,,,,,,,,,,,,,,,,,,,,,,,,,,11,0.0,0,0.0,0.0,0.0,5.0,97,0.0,0.0,23.0,,,,,,,,,,,,,,,,,,,,,,,,,,,,,,,,,,,,,,10,,JR,34,Pac-12,,2019,0,1,0,0,10,0,0,2,https://www.sports-reference.com/cfb/players/darnay-holmes-1.html,6,Darnay Holmes,DB,0.0,UCLA,2026-04-01T19:35:52.290Z,24,season_totals,1.0
2020,2020.csv,Darnay Holmes,4242973,CB,UCLA,College Stats,5-10,195.0,4.48,,12.0,,,,New York Giants / 4th / 110th pick / 2020,2022,19.0,new-york-giants,CB,HolmDa01,15.0,38.0,28.0,10.0,0.0,1.0,0.0,0.0,0.0,0,0.0,0.0,0.0,8.0,2.5,3.0,0.0,,,,,,,,,,,,,,,,,,,,,,,,,,,,,,15,1.0,0,0.0,0.0,0.0,0.0,0,0.0,0.0,0.0,,,,,,,,,,,,,,,,,,,,,,,,,,,,,,,,,,,,,,10,,JR,34,Pac-12,,2019,0,1,0,0,10,0,0,2,https://www.sports-reference.com/cfb/players/darnay-holmes-1.html,6,Darnay Holmes,DB,0.0,UCLA,2026-04-01T19:35:52.290Z,24,season_totals,1.0
2020,2020.csv,Darnay Holmes,4242973,CB,UCLA,College Stats,5-10,195.0,4.48,,12.0,,,,New York Giants / 4th / 110th pick / 2020,2023,19.0,new-york-giants,CB,HolmDa01,16.0,18.0,17.0,1.0,0.0,1.0,0.0,0.0,2.0,13,6.5,0.0,11.0,3.0,0.0,5.0,0.0,,,,,,,,,,,,,,,,,,,,,,,,,,,,,,,,,,,,,,,,,,,,,,,,,,,,,,,,,,,,,,,,,,,,,,,,,,,,,,10,,JR,34,Pac-12,,2019,0,1,0,0,10,0,0,2,https://www.sports-reference.com/cfb/players/darnay-holmes-1.html,6,Darnay Holmes,DB,0.0,UCLA,2026-04-01T19:35:52.290Z,24,season_totals,1.0
2020,2020.csv,Darnay Holmes,4242973,CB,UCLA,College Stats,5-10,195.0,4.48,,12.0,,,,New York Giants / 4th / 110th pick / 2020,2024,13.0,las-vegas-raiders,CB,HolmDa01,16.0,30.0,14.0,16.0,1.0,0.0,0.0,0.0,0.0,0,0.0,0.0,0.0,3.0,2.5,2.0,0.0,,,,,,,,,,,,,,,,,,,,,,,,,,,,,,,,,,,,,,,,,,,,,,,,,,,,,,,,,,,,,,,,,,,,,,,,,,,,,,10,,JR,34,Pac-12,,2019,0,1,0,0,10,0,0,2,https://www.sports-reference.com/cfb/players/darnay-holmes-1.html,6,Darnay Holmes,DB,0.0,UCLA,2026-04-01T19:35:52.290Z,24,season_totals,1.0
2020,2020.csv,Darnay Holmes,4242973,CB,UCLA,College Stats,5-10,195.0,4.48,,12.0,,,,New York Giants / 4th / 110th pick / 2020,2025,13.0,las-vegas-raiders,CB,HolmDa01,13.0,19.0,13.0,6.0,0.0,0.0,0.0,0.0,0.0,0,0.0,0.0,0.0,0.0,0.0,0.0,0.0,,,,,,,,,,,,,,,,,,,,,,,,,,,,,,,,,,,,,,,,,,,,,,,,,,,,,,,,,,,,,,,,,,,,,,,,,,,,,,10,,JR,34,Pac-12,,2019,0,1,0,0,10,0,0,2,https://www.sports-reference.com/cfb/players/darnay-holmes-1.html,6,Darnay Holmes,DB,0.0,UCLA,2026-04-01T19:35:52.290Z,24,season_totals,1.0
2020,2020.csv,Darnay Holmes,4242973,CB,UCLA,College Stats,5-10,195.0,4.48,,12.0,,,,New York Giants / 4th / 110th pick / 2020,-1,,,,HolmDa01,83.0,164.0,116.0,48.0,1.5,2.0,1.0,0.0,4.0,28,7.0,0.0,11.0,21.0,5.0,10.0,0.0,,,,,,,,,,,,,,,,,,,,,,,,,,,,,,83,1.0,0,0.0,0.0,0.0,5.0,97,0.0,0.0,23.0,,,,,,,,,,,,,,,,,,,,,,,,,,,,,,,,,,,,,,10,,JR,34,Pac-12,,2019,0,1,0,0,10,0,0,2,https://www.sports-reference.com/cfb/players/darnay-holmes-1.html,6,Darnay Holmes,DB,0.0,UCLA,2026-04-01T19:35:52.290Z,24,season_totals,1.0
2020,2020.csv,Noah Igbinoghene,4242516,CB,Auburn,College Stats,5-10,198.0,4.48,37.0,15.0,128.0,,,Miami Dolphins / 1st / 30th pick / 2020,2020,15.0,miami-dolphins,CB,IgbiNo00,16.0,13.0,11.0,2.0,0.0,0.0,1.0,0.0,0.0,0,0.0,0.0,0.0,2.0,0.0,0.0,0.0,,,,,,,,,,,,,,,,,,,,,,,,,,,,,,16,0.0,0,0.0,0.0,0.0,4.0,68,0.0,0.0,22.0,,,,,,,,,,,,,,,,,,,,,,,,,,,,,,,,,,,,,,14,,JR,42,SEC,,2019,0,0,0,0,13,0,0,0,https://www.sports-reference.com/cfb/players/noah-igbinoghene-1.html,7,Noah Igbinoghene,WR/DB,0.0,Auburn,2026-04-01T19:37:37.987Z,28,season_totals,1.0
2020,2020.csv,Noah Igbinoghene,4242516,CB,Auburn,College Stats,5-10,198.0,4.48,37.0,15.0,128.0,,,Miami Dolphins / 1st / 30th pick / 2020,2021,15.0,miami-dolphins,CB,IgbiNo00,7.0,6.0,6.0,0.0,0.0,0.0,0.0,0.0,0.0,0,0.0,0.0,0.0,0.0,0.0,0.0,0.0,,,,,,,,,,,,,,,,,,,,,,,,,,,,,,,,,,,,,,,,,,,,,,,,,,,,,,,,,,,,,,,,,,,,,,,,,,,,,,14,,JR,42,SEC,,2019,0,0,0,0,13,0,0,0,https://www.sports-reference.com/cfb/players/noah-igbinoghene-1.html,7,Noah Igbinoghene,WR/DB,0.0,Auburn,2026-04-01T19:37:37.987Z,28,season_totals,1.0
2020,2020.csv,Noah Igbinoghene,4242516,CB,Auburn,College Stats,5-10,198.0,4.48,37.0,15.0,128.0,,,Miami Dolphins / 1st / 30th pick / 2020,2022,15.0,miami-dolphins,CB,IgbiNo00,9.0,10.0,8.0,2.0,0.0,0.0,0.0,0.0,1.0,0,0.0,0.0,1.0,3.0,0.0,0.0,0.0,,,,,,,,,,,,,,,,,,,,,,,,,,,,,,,,,,,,,,,,,,,,,,,,,,,,,,,,,,,,,,,,,,,,,,,,,,,,,,14,,JR,42,SEC,,2019,0,0,0,0,13,0,0,0,https://www.sports-reference.com/cfb/players/noah-igbinoghene-1.html,7,Noah Igbinoghene,WR/DB,0.0,Auburn,2026-04-01T19:37:37.987Z,28,season_totals,1.0
2020,2020.csv,Noah Igbinoghene,4242516,CB,Auburn,College Stats,5-10,198.0,4.48,37.0,15.0,128.0,,,Miami Dolphins / 1st / 30th pick / 2020,2024,28.0,washington-commanders,CB,IgbiNo00,17.0,55.0,33.0,22.0,0.0,0.0,0.0,0.0,0.0,0,0.0,0.0,0.0,7.0,1.5,1.0,0.0,,,,,,,,,,,,,,,,,,,,,,,,,,,,,,17,0.0,0,0.0,0.0,0.0,1.0,25,0.0,0.0,25.0,,,,,,,,,,,,,,,,,,,,,,,,,,,,,,,,,,,,,,14,,JR,42,SEC,,2019,0,0,0,0,13,0,0,0,https://www.sports-reference.com/cfb/players/noah-igbinoghene-1.html,7,Noah Igbinoghene,WR/DB,0.0,Auburn,2026-04-01T19:37:37.987Z,28,season_totals,1.0
2020,2020.csv,Noah Igbinoghene,4242516,CB,Auburn,College Stats,5-10,198.0,4.48,37.0,15.0,128.0,,,Miami Dolphins / 1st / 30th pick / 2020,2025,28.0,washington-commanders,CB,IgbiNo00,15.0,35.0,22.0,13.0,1.0,0.0,0.0,0.0,0.0,0,0.0,0.0,0.0,5.0,1.0,0.0,0.0,,,,,,,,,,,,,,,,,,,,,,,,,,,,,,15,0.0,0,0.0,0.0,0.0,7.0,191,0.0,0.0,46.0,,,,,,,,,,,,,,,,,,,,,,,,,,,,,,,,,,,,,,14,,JR,42,SEC,,2019,0,0,0,0,13,0,0,0,https://www.sports-reference.com/cfb/players/noah-igbinoghene-1.html,7,Noah Igbinoghene,WR/DB,0.0,Auburn,2026-04-01T19:37:37.987Z,28,season_totals,1.0
2020,2020.csv,Noah Igbinoghene,4242516,CB,Auburn,College Stats,5-10,198.0,4.48,37.0,15.0,128.0,,,Miami Dolphins / 1st / 30th pick / 2020,2023,6.0,dallas-cowboys,CB,IgbiNo00,,,,,,,,,,,,,,,,,,5,0.0,0.0,0.0,0.0,1.0,0.0,0.0,0.0,6.0,,,,,,,,,,,,,,,,,,,,,,,,,,,,,,,,,,,,,,,,,,,,,,,,,,,,,,,,,,,,,,,,,,,,14,,JR,42,SEC,,2019,0,0,0,0,13,0,0,0,https://www.sports-reference.com/cfb/players/noah-igbinoghene-1.html,7,Noah Igbinoghene,WR/DB,0.0,Auburn,2026-04-01T19:37:37.987Z,28,season_totals,1.0
2020,2020.csv,Noah Igbinoghene,4242516,CB,Auburn,College Stats,5-10,198.0,4.48,37.0,15.0,128.0,,,Miami Dolphins / 1st / 30th pick / 2020,-1,,,,IgbiNo00,69.0,119.0,80.0,39.0,1.0,0.0,1.0,0.0,1.0,0,0.0,0.0,1.0,17.0,2.5,1.0,0.0,69,0.0,0.0,0.0,0.0,1.0,0.0,0.0,0.0,6.0,,,,,,,,,,,,,,,,,,,,69,0.0,0,0.0,0.0,0.0,12.0,284,0.0,0.0,46.0,,,,,,,,,,,,,,,,,,,,,,,,,,,,,,,,,,,,,,14,,JR,42,SEC,,2019,0,0,0,0,13,0,0,0,https://www.sports-reference.com/cfb/players/noah-igbinoghene-1.html,7,Noah Igbinoghene,WR/DB,0.0,Auburn,2026-04-01T19:37:37.987Z,28,season_totals,1.0
2020,2020.csv,Dane Jackson,3895791,CB,Pittsburgh,College Stats,6-0,187.0,4.57,35.0,,122.0,7.07,4.27,Buffalo Bills / 7th / 239th pick / 2020,2020,2.0,buffalo-bills,CB,JackDa02,5.0,15.0,13.0,2.0,0.0,0.0,1.0,0.0,1.0,6,6.0,0.0,6.0,5.0,1.0,1.0,0.0,,,,,,,,,,,,,,,,,,,,,,,,,,,,,,,,,,,,,,,,,,,,,,,,,,,,,,,,,,,,,,,,,,,,,,,,,,,,,,13,,SR,43,ACC,,2019,0,0,0,0,13,0,21,1,https://www.sports-reference.com/cfb/players/dane-jackson-1.html,12,Dane Jackson,DB,0.5,Pitt,2026-04-01T19:35:40.175Z,30,season_totals,3.0
2020,2020.csv,Dane Jackson,3895791,CB,Pittsburgh,College Stats,6-0,187.0,4.57,35.0,,122.0,7.07,4.27,Buffalo Bills / 7th / 239th pick / 2020,2021,2.0,buffalo-bills,CB,JackDa02,17.0,41.0,33.0,8.0,0.0,0.0,0.0,0.0,0.0,0,0.0,0.0,0.0,6.0,1.0,0.0,0.0,,,,,,,,,,,,,,,,,,,,,,,,,,,,,,,,,,,,,,,,,,,,,,,,,,,,,,,,,,,,,,,,,,,,,,,,,,,,,,13,,SR,43,ACC,,2019,0,0,0,0,13,0,21,1,https://www.sports-reference.com/cfb/players/dane-jackson-1.html,12,Dane Jackson,DB,0.5,Pitt,2026-04-01T19:35:40.175Z,30,season_totals,3.0
2020,2020.csv,Dane Jackson,3895791,CB,Pittsburgh,College Stats,6-0,187.0,4.57,35.0,,122.0,7.07,4.27,Buffalo Bills / 7th / 239th pick / 2020,2022,2.0,buffalo-bills,CB,JackDa02,15.0,57.0,49.0,8.0,0.0,1.0,0.0,0.0,2.0,13,6.5,0.0,1.0,12.0,3.0,6.0,0.0,,,,,,,,,,,,,,,,,,,,,,,,,,,,,,,,,,,,,,,,,,,,,,,,,,,,,,,,,,,,,,,,,,,,,,,,,,,,,,13,,SR,43,ACC,,2019,0,0,0,0,13,0,21,1,https://www.sports-reference.com/cfb/players/dane-jackson-1.html,12,Dane Jackson,DB,0.5,Pitt,2026-04-01T19:35:40.175Z,30,season_totals,3.0
2020,2020.csv,Dane Jackson,3895791,CB,Pittsburgh,College Stats,6-0,187.0,4.57,35.0,,122.0,7.07,4.27,Buffalo Bills / 7th / 239th pick / 2020,2023,2.0,buffalo-bills,CB,JackDa02,15.0,39.0,34.0,5.0,0.0,1.0,0.0,0.0,0.0,0,0.0,0.0,0.0,5.0,2.0,0.0,0.0,,,,,,,,,,,,,,,,,,,,,,,,,,,,,,,,,,,,,,,,,,,,,,,,,,,,,,,,,,,,,,,,,,,,,,,,,,,,,,13,,SR,43,ACC,,2019,0,0,0,0,13,0,21,1,https://www.sports-reference.com/cfb/players/dane-jackson-1.html,12,Dane Jackson,DB,0.5,Pitt,2026-04-01T19:35:40.175Z,30,season_totals,3.0
2020,2020.csv,Dane Jackson,3895791,CB,Pittsburgh,College Stats,6-0,187.0,4.57,35.0,,122.0,7.07,4.27,Buffalo Bills / 7th / 239th pick / 2020,2024,29.0,carolina-panthers,CB,JackDa02,9.0,23.0,15.0,8.0,0.0,0.0,0.0,0.0,0.0,0,0.0,0.0,0.0,2.0,1.0,4.0,0.0,,,,,,,,,,,,,,,,,,,,,,,,,,,,,,,,,,,,,,,,,,,,,,,,,,,,,,,,,,,,,,,,,,,,,,,,,,,,,,13,,SR,43,ACC,,2019,0,0,0,0,13,0,21,1,https://www.sports-reference.com/cfb/players/dane-jackson-1.html,12,Dane Jackson,DB,0.5,Pitt,2026-04-01T19:35:40.175Z,30,season_totals,3.0
2020,2020.csv,Dane Jackson,3895791,CB,Pittsburgh,College Stats,6-0,187.0,4.57,35.0,,122.0,7.07,4.27,Buffalo Bills / 7th / 239th pick / 2020,2025,2.0,buffalo-bills,CB,JackDa02,3.0,3.0,0.0,3.0,0.0,0.0,0.0,0.0,0.0,0,0.0,0.0,0.0,0.0,0.0,0.0,0.0,,,,,,,,,,,,,,,,,,,,,,,,,,,,,,,,,,,,,,,,,,,,,,,,,,,,,,,,,,,,,,,,,,,,,,,,,,,,,,13,,SR,43,ACC,,2019,0,0,0,0,13,0,21,1,https://www.sports-reference.com/cfb/players/dane-jackson-1.html,12,Dane Jackson,DB,0.5,Pitt,2026-04-01T19:35:40.175Z,30,season_totals,3.0
2020,2020.csv,Dane Jackson,3895791,CB,Pittsburgh,College Stats,6-0,187.0,4.57,35.0,,122.0,7.07,4.27,Buffalo Bills / 7th / 239th pick / 2020,-1,,,,JackDa02,64.0,178.0,144.0,34.0,0.0,2.0,1.0,0.0,3.0,19,6.3,0.0,6.0,30.0,8.0,11.0,0.0,,,,,,,,,,,,,,,,,,,,,,,,,,,,,,,,,,,,,,,,,,,,,,,,,,,,,,,,,,,,,,,,,,,,,,,,,,,,,,13,,SR,43,ACC,,2019,0,0,0,0,13,0,21,1,https://www.sports-reference.com/cfb/players/dane-jackson-1.html,12,Dane Jackson,DB,0.5,Pitt,2026-04-01T19:35:40.175Z,30,season_totals,3.0
2020,2020.csv,Jaylon Johnson,4243253,CB,Utah,College Stats,6-0,193.0,4.5,36.5,15.0,124.0,7.01,4.13,Chicago Bears / 2nd / 50th pick / 2020,2020,3.0,chicago-bears,CB,JohnJa13,13.0,44.0,34.0,10.0,0.0,0.0,0.0,0.0,0.0,0,0.0,0.0,0.0,15.0,1.0,4.0,0.0,,,,,,,,,,,,,,,,,,,,,,,,,,,,,,,,,,,,,,,,,,,,,,,,,,,,,,,,,,,,,,,,,,,,,,,,,,,,,,2,,JR,36,Pac-12,,2019,0,0,0,0,13,1,39,2,https://www.sports-reference.com/cfb/players/jaylon-johnson-1.html,11,Jaylon Johnson,DB,0.0,Utah,2026-04-01T19:36:21.162Z,34,season_totals,1.0
2020,2020.csv,Jaylon Johnson,4243253,CB,Utah,College Stats,6-0,193.0,4.5,36.5,15.0,124.0,7.01,4.13,Chicago Bears / 2nd / 50th pick / 2020,2021,3.0,chicago-bears,CB,JohnJa13,15.0,46.0,37.0,9.0,0.0,1.0,0.0,0.0,1.0,3,3.0,0.0,1.0,9.0,3.0,1.0,0.0,,,,,,,,,,,,,,,,,,,,,,,,,,,,,,,,,,,,,,,,,,,,,,,,,,,,,,,,,,,,,,,,,,,,,,,,,,,,,,2,,JR,36,Pac-12,,2019,0,0,0,0,13,1,39,2,https://www.sports-reference.com/cfb/players/jaylon-johnson-1.html,11,Jaylon Johnson,DB,0.0,Utah,2026-04-01T19:36:21.162Z,34,season_totals,1.0
2020,2020.csv,Jaylon Johnson,4243253,CB,Utah,College Stats,6-0,193.0,4.5,36.5,15.0,124.0,7.01,4.13,Chicago Bears / 2nd / 50th pick / 2020,2022,3.0,chicago-bears,CB,JohnJa13,11.0,35.0,28.0,7.0,0.0,1.0,1.0,17.0,0.0,0,0.0,0.0,0.0,7.0,2.0,2.0,0.0,,,,,,,,,,,,,,,,,,,,,,,,,,,,,,,,,,,,,,,,,,,,,,,,,,,,,,,,,,,,,,,,,,,,,,,,,,,,,,2,,JR,36,Pac-12,,2019,0,0,0,0,13,1,39,2,https://www.sports-reference.com/cfb/players/jaylon-johnson-1.html,11,Jaylon Johnson,DB,0.0,Utah,2026-04-01T19:36:21.162Z,34,season_totals,1.0
2020,2020.csv,Jaylon Johnson,4243253,CB,Utah,College Stats,6-0,193.0,4.5,36.5,15.0,124.0,7.01,4.13,Chicago Bears / 2nd / 50th pick / 2020,2023,3.0,chicago-bears,CB,JohnJa13,14.0,36.0,31.0,5.0,0.0,1.0,0.0,0.0,4.0,65,16.3,1.0,39.0,10.0,0.5,12.0,0.0,14,0.0,0.0,0.0,1.0,1.0,0.0,0.0,0.0,6.0,,,,,,,,,,,,,,,,,,,,,,,,,,,,,,,14.0,0,0,0.0,0,0.0,0,0,0,0,39.6,-,,,,,,,,,,,,,,14,0-0,0.0,0-0,0-0,0-0,0-0,0-0,0.0,0.0,0.0,0.0,2,,JR,36,Pac-12,,2019,0,0,0,0,13,1,39,2,https://www.sports-reference.com/cfb/players/jaylon-johnson-1.html,11,Jaylon Johnson,DB,0.0,Utah,2026-04-01T19:36:21.162Z,34,season_totals,1.0
2020,2020.csv,Jaylon Johnson,4243253,CB,Utah,College Stats,6-0,193.0,4.5,36.5,15.0,124.0,7.01,4.13,Chicago Bears / 2nd / 50th pick / 2020,2024,3.0,chicago-bears,CB,JohnJa13,17.0,53.0,42.0,11.0,0.0,1.0,0.0,0.0,2.0,11,5.5,0.0,9.0,8.0,6.5,18.0,0.0,,,,,,,,,,,,,,,,,,,,,,,,,,,,,,,,,,,,,,,,,,,,,,,,,,,,,,,,,,,,,,,,,,,,,,,,,,,,,,2,,JR,36,Pac-12,,2019,0,0,0,0,13,1,39,2,https://www.sports-reference.com/cfb/players/jaylon-johnson-1.html,11,Jaylon Johnson,DB,0.0,Utah,2026-04-01T19:36:21.162Z,34,season_totals,1.0
2020,2020.csv,Jaylon Johnson,4243253,CB,Utah,College Stats,6-0,193.0,4.5,36.5,15.0,124.0,7.01,4.13,Chicago Bears / 2nd / 50th pick / 2020,2025,3.0,chicago-bears,CB,JohnJa13,7.0,17.0,15.0,2.0,0.0,0.0,0.0,0.0,1.0,0,0.0,0.0,0.0,2.0,2.0,0.0,0.0,,,,,,,,,,,,,,,,,,,,,,,,,,,,,,,,,,,,,,,,,,,,,,,,,,,,,,,,,,,,,,,,,,,,,,,,,,,,,,2,,JR,36,Pac-12,,2019,0,0,0,0,13,1,39,2,https://www.sports-reference.com/cfb/players/jaylon-johnson-1.html,11,Jaylon Johnson,DB,0.0,Utah,2026-04-01T19:36:21.162Z,34,season_totals,1.0
2020,2020.csv,Jaylon Johnson,4243253,CB,Utah,College Stats,6-0,193.0,4.5,36.5,15.0,124.0,7.01,4.13,Chicago Bears / 2nd / 50th pick / 2020,-1,,,,JohnJa13,77.0,231.0,187.0,44.0,0.0,4.0,1.0,17.0,8.0,79,9.9,1.0,39.0,51.0,15.0,37.0,0.0,77,0.0,0.0,0.0,1.0,1.0,0.0,0.0,0.0,6.0,,,,,,,,,,,,,,,,,,,,,,,,,,,,,,,77.0,0,0,0.0,0,0.0,0,0,0,0,0.0,-,,,,,,,,,,,,,,77,0-0,0.0,0-0,0-0,0-0,0-0,0-0,0.0,0.0,0.0,0.0,2,,JR,36,Pac-12,,2019,0,0,0,0,13,1,39,2,https://www.sports-reference.com/cfb/players/jaylon-johnson-1.html,11,Jaylon Johnson,DB,0.0,Utah,2026-04-01T19:36:21.162Z,34,season_totals,1.0
2020,2020.csv,Brandon Jones,4039059,S,Texas,College Stats,5-11,198.0,,,,,,,Miami Dolphins / 3rd / 70th pick / 2020,2020,15.0,miami-dolphins,S,JoneBr06,16.0,62.0,41.0,21.0,1.0,1.0,0.0,0.0,0.0,0,0.0,0.0,0.0,1.0,2.0,5.0,0.0,,,,,,,,,,,,,,,,,,,,,,,,,,,,,,,,,,,,,,,,,,,,,,,,,,,,,,,,,,,,,,,,,,,,,,,,,,,,,,3,,FR,9,Pac-10,,2007,0,0,0,0,12,0,0,0,https://www.sports-reference.com/cfb/players/brandon-jones-1.html,0,Brandon Jones,DB,0.0,California,2026-04-01T19:35:09.943Z,6,season_totals,0.0
2020,2020.csv,Brandon Jones,4039059,S,Texas,College Stats,5-11,198.0,,,,,,,Miami Dolphins / 3rd / 70th pick / 2020,2021,15.0,miami-dolphins,S,JoneBr06,15.0,79.0,48.0,31.0,5.0,1.0,2.0,3.0,1.0,8,8.0,0.0,1.0,1.0,2.0,2.0,0.0,,,,,,,,,,,,,,,,,,,,15.0,0.0,0.0,0,0.0,0.0,0.0,0.0,1.0,0.0,,,,,,,,,,,,15.0,0,0,0.0,0,0.0,0,0,0,0,39.6,-,,,,,,,,,,,,,,,,,,,,,,,,,,3,,FR,9,Pac-10,,2007,0,0,0,0,12,0,0,0,https://www.sports-reference.com/cfb/players/brandon-jones-1.html,0,Brandon Jones,DB,0.0,California,2026-04-01T19:35:09.943Z,6,season_totals,0.0
2020,2020.csv,Brandon Jones,4039059,S,Texas,College Stats,5-11,198.0,,,,,,,Miami Dolphins / 3rd / 70th pick / 2020,2022,15.0,miami-dolphins,S,JoneBr06,7.0,49.0,26.0,23.0,2.0,1.0,0.0,0.0,0.0,0,0.0,0.0,0.0,3.0,1.5,0.0,0.0,,,,,,,,,,,,,,,,,,,,,,,,,,,,,,,,,,,,,,,,,,,,,,,,,,,,,,,,,,,,,,,,,,,,,,,,,,,,,,3,,FR,9,Pac-10,,2007,0,0,0,0,12,0,0,0,https://www.sports-reference.com/cfb/players/brandon-jones-1.html,0,Brandon Jones,DB,0.0,California,2026-04-01T19:35:09.943Z,6,season_totals,0.0
2020,2020.csv,Brandon Jones,4039059,S,Texas,College Stats,5-11,198.0,,,,,,,Miami Dolphins / 3rd / 70th pick / 2020,2023,15.0,miami-dolphins,S,JoneBr06,16.0,48.0,36.0,12.0,0.0,1.0,1.0,0.0,2.0,40,20.0,0.0,40.0,4.0,2.5,5.0,0.0,,,,,,,,,,,,,,,,,,,,,,,,,,,,,,,,,,,,,,,,,,,,,,,,,,,,,,,,,,,,,,,,,,,,,,,,,,,,,,3,,FR,9,Pac-10,,2007,0,0,0,0,12,0,0,0,https://www.sports-reference.com/cfb/players/brandon-jones-1.html,0,Brandon Jones,DB,0.0,California,2026-04-01T19:35:09.943Z,6,season_totals,0.0
2020,2020.csv,Brandon Jones,4039059,S,Texas,College Stats,5-11,198.0,,,,,,,Miami Dolphins / 3rd / 70th pick / 2020,2024,7.0,denver-broncos,S,JoneBr06,16.0,115.0,79.0,36.0,0.0,1.0,1.0,34.0,3.0,74,24.7,0.0,37.0,10.0,2.0,7.0,0.0,,,,,,,,,,,,,,,,,,,,,,,,,,,,,,,,,,,,,,,,,,,,,,,,,,,,,,,,,,,,,,,,,,,,,,,,,,,,,,3,,FR,9,Pac-10,,2007,0,0,0,0,12,0,0,0,https://www.sports-reference.com/cfb/players/brandon-jones-1.html,0,Brandon Jones,DB,0.0,California,2026-04-01T19:35:09.943Z,6,season_totals,0.0
2020,2020.csv,Brandon Jones,4039059,S,Texas,College Stats,5-11,198.0,,,,,,,Miami Dolphins / 3rd / 70th pick / 2020,2025,7.0,denver-broncos,S,JoneBr06,14.0,78.0,43.0,35.0,0.5,0.0,1.0,0.0,1.0,0,0.0,0.0,0.0,7.0,1.0,0.0,0.0,,,,,,,,,,,,,,,,,,,,,,,,,,,,,,,,,,,,,,,,,,,,,,,,,,,,,,,,,,,,,,,,,,,,,,,,,,,,,,3,,FR,9,Pac-10,,2007,0,0,0,0,12,0,0,0,https://www.sports-reference.com/cfb/players/brandon-jones-1.html,0,Brandon Jones,DB,0.0,California,2026-04-01T19:35:09.943Z,6,season_totals,0.0
2020,2020.csv,Brandon Jones,4039059,S,Texas,College Stats,5-11,198.0,,,,,,,Miami Dolphins / 3rd / 70th pick / 2020,-1,,,,JoneBr06,84.0,431.0,273.0,158.0,8.5,5.0,5.0,37.0,7.0,122,17.4,0.0,40.0,26.0,11.0,19.0,0.0,,,,,,,,,,,,,,,,,,,,84.0,0.0,0.0,0,0.0,0.0,0.0,0.0,1.0,0.0,,,,,,,,,,,,84.0,0,0,0.0,0,0.0,0,0,0,0,0.0,-,,,,,,,,,,,,,,,,,,,,,,,,,,3,,FR,9,Pac-10,,2007,0,0,0,0,12,0,0,0,https://www.sports-reference.com/cfb/players/brandon-jones-1.html,0,Brandon Jones,DB,0.0,California,2026-04-01T19:35:09.943Z,6,season_totals,0.0
2020,2020.csv,Antoine Winfield Jr.,4034790,S,Minnesota,College Stats,5-9,203.0,4.45,36.0,,124.0,,,Tampa Bay Buccaneers / 2nd / 45th pick / 2020,2020,27.0,tampa-bay-buccaneers,S,WinfAn00,16.0,94.0,64.0,30.0,3.0,2.0,1.0,0.0,1.0,16,16.0,0.0,16.0,6.0,0.0,0.0,0.0,,,,,,,,,,,,,,,,,,,,,,,,,,,,,,,,,,,,,,,,,,,,,,,,,,,,,,,,,,,,,,,,,,,,,,,,,,,,,,26,AA,SO,88,Big Ten,,2019,2,0,0,0,13,1,111,7,https://www.sports-reference.com/cfb/players/antoine-winfield-jr-1.html,1,Antoine Winfield Jr.,DB,3.0,Minnesota,2026-04-01T19:34:53.293Z,62,season_totals,3.5
2020,2020.csv,Antoine Winfield Jr.,4034790,S,Minnesota,College Stats,5-9,203.0,4.45,36.0,,124.0,,,Tampa Bay Buccaneers / 2nd / 45th pick / 2020,2021,27.0,tampa-bay-buccaneers,S,WinfAn00,13.0,88.0,62.0,26.0,2.0,2.0,3.0,9.0,2.0,30,15.0,0.0,1.0,6.0,3.5,12.0,0.0,,,,,,,,,,,,,,,,,,,,,,,,,,,,,,,,,,,,,,,,,,,,,,,,,,,,,,,,,,,,,,,,,,,,,,,,,,,,,,26,AA,SO,88,Big Ten,,2019,2,0,0,0,13,1,111,7,https://www.sports-reference.com/cfb/players/antoine-winfield-jr-1.html,1,Antoine Winfield Jr.,DB,3.0,Minnesota,2026-04-01T19:34:53.293Z,62,season_totals,3.5
2020,2020.csv,Antoine Winfield Jr.,4034790,S,Minnesota,College Stats,5-9,203.0,4.45,36.0,,124.0,,,Tampa Bay Buccaneers / 2nd / 45th pick / 2020,2022,27.0,tampa-bay-buccaneers,S,WinfAn00,13.0,80.0,64.0,16.0,4.0,1.0,0.0,0.0,1.0,15,15.0,0.0,1.0,3.0,5.0,15.0,0.0,,,,,,,,,,,,,,,,,,,,,,,,,,,,,,,,,,,,,,,,,,,,,,,,,,,,,,,,,,,,,,,,,,,,,,,,,,,,,,26,AA,SO,88,Big Ten,,2019,2,0,0,0,13,1,111,7,https://www.sports-reference.com/cfb/players/antoine-winfield-jr-1.html,1,Antoine Winfield Jr.,DB,3.0,Minnesota,2026-04-01T19:34:53.293Z,62,season_totals,3.5
2020,2020.csv,Antoine Winfield Jr.,4034790,S,Minnesota,College Stats,5-9,203.0,4.45,36.0,,124.0,,,Tampa Bay Buccaneers / 2nd / 45th pick / 2020,2023,27.0,tampa-bay-buccaneers,S,WinfAn00,17.0,122.0,76.0,46.0,6.0,6.0,4.0,0.0,3.0,28,9.3,0.0,28.0,12.0,5.5,8.0,0.0,,,,,,,,,,,,,,,,,,,,,,,,,,,,,,,,,,,,,,,,,,,,,,,,,,,,,,,,,,,,,,,,,,,,,,,,,,,,,,26,AA,SO,88,Big Ten,,2019,2,0,0,0,13,1,111,7,https://www.sports-reference.com/cfb/players/antoine-winfield-jr-1.html,1,Antoine Winfield Jr.,DB,3.0,Minnesota,2026-04-01T19:34:53.293Z,62,season_totals,3.5
2020,2020.csv,Antoine Winfield Jr.,4034790,S,Minnesota,College Stats,5-9,203.0,4.45,36.0,,124.0,,,Tampa Bay Buccaneers / 2nd / 45th pick / 2020,2024,27.0,tampa-bay-buccaneers,S,WinfAn00,9.0,60.0,34.0,26.0,2.0,0.0,1.0,58.0,0.0,0,0.0,0.0,0.0,3.0,2.0,0.0,0.0,9,0.0,0.0,0.0,1.0,1.0,0.0,0.0,0.0,6.0,,,,,,,,,,,,,,,,,,,,,,,,,,,,,,,,,,,,,,,,,,,,,,,,,,,,,,,,,,,,,,,,,,,,26,AA,SO,88,Big Ten,,2019,2,0,0,0,13,1,111,7,https://www.sports-reference.com/cfb/players/antoine-winfield-jr-1.html,1,Antoine Winfield Jr.,DB,3.0,Minnesota,2026-04-01T19:34:53.293Z,62,season_totals,3.5
2020,2020.csv,Antoine Winfield Jr.,4034790,S,Minnesota,College Stats,5-9,203.0,4.45,36.0,,124.0,,,Tampa Bay Buccaneers / 2nd / 45th pick / 2020,2025,27.0,tampa-bay-buccaneers,S,WinfAn00,17.0,93.0,53.0,40.0,1.0,1.0,1.0,0.0,2.0,5,2.5,0.0,5.0,8.0,4.0,12.0,0.0,,,,,,,,,,,,,,,,,,,,,,,,,,,,,,,,,,,,,,,,,,,,,,,,,,,,,,,,,,,,,,,,,,,,,,,,,,,,,,26,AA,SO,88,Big Ten,,2019,2,0,0,0,13,1,111,7,https://www.sports-reference.com/cfb/players/antoine-winfield-jr-1.html,1,Antoine Winfield Jr.,DB,3.0,Minnesota,2026-04-01T19:34:53.293Z,62,season_totals,3.5
2020,2020.csv,Antoine Winfield Jr.,4034790,S,Minnesota,College Stats,5-9,203.0,4.45,36.0,,124.0,,,Tampa Bay Buccaneers / 2nd / 45th pick / 2020,-1,,,,WinfAn00,85.0,537.0,353.0,184.0,18.0,12.0,10.0,67.0,9.0,94,10.4,0.0,28.0,38.0,20.0,47.0,0.0,85,0.0,0.0,0.0,1.0,1.0,0.0,0.0,0.0,6.0,,,,,,,,,,,,,,,,,,,,,,,,,,,,,,,,,,,,,,,,,,,,,,,,,,,,,,,,,,,,,,,,,,,,26,AA,SO,88,Big Ten,,2019,2,0,0,0,13,1,111,7,https://www.sports-reference.com/cfb/players/antoine-winfield-jr-1.html,1,Antoine Winfield Jr.,DB,3.0,Minnesota,2026-04-01T19:34:53.293Z,62,season_totals,3.5
2020,2020.csv,Xavier McKinney,4241470,S,Alabama,College Stats,6-0,201.0,4.63,36.0,19.0,122.0,,,New York Giants / 2nd / 36th pick / 2020,2020,19.0,new-york-giants,S,McKiXa00,6.0,25.0,14.0,11.0,0.0,0.0,0.0,0.0,1.0,0,0.0,0.0,0.0,1.0,1.0,3.0,0.0,,,,,,,,,,,,,,,,,,,,,,,,,,,,,,,,,,,,,,,,,,,,,,,,,,,,,,,,,,,,,,,,,,,,,,,,,,,,,,36,,JR,95,SEC,,2019,4,1,0,0,13,1,78,3,https://www.sports-reference.com/cfb/players/xavier-mckinney-1.html,5,Xavier McKinney,DB,3.0,Alabama,2026-04-01T19:38:16.412Z,59,season_totals,5.5
2020,2020.csv,Xavier McKinney,4241470,S,Alabama,College Stats,6-0,201.0,4.63,36.0,19.0,122.0,,,New York Giants / 2nd / 36th pick / 2020,2021,19.0,new-york-giants,S,McKiXa00,17.0,93.0,59.0,34.0,0.0,0.0,0.0,0.0,5.0,64,12.8,1.0,1.0,10.0,2.0,2.0,0.0,17,0.0,0.0,0.0,1.0,1.0,0.0,0.0,0.0,6.0,,,,,,,,,,,,,,,,,,,,,,,,,,,,,,,,,,,,,,,,,,,,,,,,,,,,,,,,,,,,,,,,,,,,36,,JR,95,SEC,,2019,4,1,0,0,13,1,78,3,https://www.sports-reference.com/cfb/players/xavier-mckinney-1.html,5,Xavier McKinney,DB,3.0,Alabama,2026-04-01T19:38:16.412Z,59,season_totals,5.5
2020,2020.csv,Xavier McKinney,4241470,S,Alabama,College Stats,6-0,201.0,4.63,36.0,19.0,122.0,,,New York Giants / 2nd / 36th pick / 2020,2022,19.0,new-york-giants,S,McKiXa00,9.0,45.0,29.0,16.0,1.0,1.0,0.0,0.0,0.0,0,0.0,0.0,0.0,5.0,1.0,2.0,0.0,,,,,,,,,,,,,,,,,,,,,,,,,,,,,,,,,,,,,,,,,,,,,,,,,,,,,,,,,,,,,,,,,,,,,,,,,,,,,,36,,JR,95,SEC,,2019,4,1,0,0,13,1,78,3,https://www.sports-reference.com/cfb/players/xavier-mckinney-1.html,5,Xavier McKinney,DB,3.0,Alabama,2026-04-01T19:38:16.412Z,59,season_totals,5.5
2020,2020.csv,Xavier McKinney,4241470,S,Alabama,College Stats,6-0,201.0,4.63,36.0,19.0,122.0,,,New York Giants / 2nd / 36th pick / 2020,2023,19.0,new-york-giants,S,McKiXa00,17.0,116.0,78.0,38.0,0.5,1.0,2.0,0.0,3.0,22,7.3,0.0,18.0,11.0,2.0,3.0,0.0,,,,,,,,,,,,,,,,,,,,,,,,,,,,,,,,,,,,,,,,,,,,,,,,,,,,,,,,,,,,,,,,,,,,,,,,,,,,,,36,,JR,95,SEC,,2019,4,1,0,0,13,1,78,3,https://www.sports-reference.com/cfb/players/xavier-mckinney-1.html,5,Xavier McKinney,DB,3.0,Alabama,2026-04-01T19:38:16.412Z,59,season_totals,5.5
2020,2020.csv,Xavier McKinney,4241470,S,Alabama,College Stats,6-0,201.0,4.63,36.0,19.0,122.0,,,New York Giants / 2nd / 36th pick / 2020,2024,9.0,green-bay-packers,S,McKiXa00,17.0,88.0,60.0,28.0,1.0,0.0,1.0,7.0,8.0,128,16.0,0.0,48.0,11.0,1.0,4.0,0.0,,,,,,,,,,,,,,,,,,,,,,,,,,,,,,,,,,,,,,,,,17.0,0,0,0.0,0,0.0,0,0,0,0,39.6,-,,,,,,,,,,,,,,,,,,,,,,,,,,36,,JR,95,SEC,,2019,4,1,0,0,13,1,78,3,https://www.sports-reference.com/cfb/players/xavier-mckinney-1.html,5,Xavier McKinney,DB,3.0,Alabama,2026-04-01T19:38:16.412Z,59,season_totals,5.5
2020,2020.csv,Xavier McKinney,4241470,S,Alabama,College Stats,6-0,201.0,4.63,36.0,19.0,122.0,,,New York Giants / 2nd / 36th pick / 2020,2025,9.0,green-bay-packers,S,McKiXa00,16.0,107.0,54.0,53.0,1.0,1.0,0.0,0.0,2.0,0,0.0,0.0,0.0,10.0,0.5,0.0,0.0,,,,,,,,,,,,,,,,,,,,,,,,,,,,,,,,,,,,,,,,,,,,,,,,,,,,,,,,,,,,,,,,,,,,,,,,,,,,,,36,,JR,95,SEC,,2019,4,1,0,0,13,1,78,3,https://www.sports-reference.com/cfb/players/xavier-mckinney-1.html,5,Xavier McKinney,DB,3.0,Alabama,2026-04-01T19:38:16.412Z,59,season_totals,5.5
2020,2020.csv,Xavier McKinney,4241470,S,Alabama,College Stats,6-0,201.0,4.63,36.0,19.0,122.0,,,New York Giants / 2nd / 36th pick / 2020,-1,,,,McKiXa00,82.0,474.0,294.0,180.0,3.5,3.0,3.0,7.0,19.0,214,11.3,1.0,48.0,48.0,7.5,14.0,0.0,82,0.0,0.0,0.0,1.0,1.0,0.0,0.0,0.0,6.0,,,,,,,,,,,,,,,,,,,,,,,,,,,,,,,82.0,0,0,0.0,0,0.0,0,0,0,0,0.0,-,,,,,,,,,,,,,,,,,,,,,,,,,,36,,JR,95,SEC,,2019,4,1,0,0,13,1,78,3,https://www.sports-reference.com/cfb/players/xavier-mckinney-1.html,5,Xavier McKinney,DB,3.0,Alabama,2026-04-01T19:38:16.412Z,59,season_totals,5.5
2020,2020.csv,Josh Metellus,4046537,S,Michigan,College Stats,5-11,209.0,4.55,36.5,20.0,124.0,6.94,4.4,Minnesota Vikings / 6th / 205th pick / 2020,2020,16.0,minnesota-vikings,S,MeteJo00,15.0,9.0,8.0,1.0,0.0,0.0,1.0,0.0,0.0,0,0.0,0.0,0.0,0.0,0.0,0.0,0.0,,,,,,,,,,,,,,,,,,,,,,,,,,,,,,,,,,,,,,,,,,,,,,,,,,,,,,,,,,,,,,,,,,,,,,,,,,,,,,33,,SR,74,Big Ten,,2019,0,1,0,0,13,0,0,2,https://www.sports-reference.com/cfb/players/josh-metellus-1.html,5,Josh Metellus,S/DB,0.0,Michigan,2026-04-01T19:36:49.746Z,41,season_totals,4.0
2020,2020.csv,Josh Metellus,4046537,S,Michigan,College Stats,5-11,209.0,4.55,36.5,20.0,124.0,6.94,4.4,Minnesota Vikings / 6th / 205th pick / 2020,2021,16.0,minnesota-vikings,S,MeteJo00,16.0,13.0,8.0,5.0,0.0,0.0,0.0,0.0,0.0,0,0.0,0.0,0.0,1.0,0.0,0.0,0.0,,,,,,,,,,,,,,,,,,,,,,,,,,,,,,16,0.0,0,0.0,0.0,0.0,1.0,0,0.0,0.0,0.0,,,,,,,,,,,,,,,,,,,,,,,,,,,,,,,,,,,,,,33,,SR,74,Big Ten,,2019,0,1,0,0,13,0,0,2,https://www.sports-reference.com/cfb/players/josh-metellus-1.html,5,Josh Metellus,S/DB,0.0,Michigan,2026-04-01T19:36:49.746Z,41,season_totals,4.0
2020,2020.csv,Josh Metellus,4046537,S,Michigan,College Stats,5-11,209.0,4.55,36.5,20.0,124.0,6.94,4.4,Minnesota Vikings / 6th / 205th pick / 2020,2022,16.0,minnesota-vikings,S,MeteJo00,17.0,42.0,33.0,9.0,0.0,0.0,0.0,0.0,1.0,0,0.0,0.0,1.0,5.0,1.0,2.0,2.0,,,,,,,,,,,,,,,,,,,,,,,,,,,,,,,,,,,,,,,,,,,,,,,,,,,,,,,,,,,,,,,,,,,,,,,,,,,,,,33,,SR,74,Big Ten,,2019,0,1,0,0,13,0,0,2,https://www.sports-reference.com/cfb/players/josh-metellus-1.html,5,Josh Metellus,S/DB,0.0,Michigan,2026-04-01T19:36:49.746Z,41,season_totals,4.0
2020,2020.csv,Josh Metellus,4046537,S,Michigan,College Stats,5-11,209.0,4.55,36.5,20.0,124.0,6.94,4.4,Minnesota Vikings / 6th / 205th pick / 2020,2023,16.0,minnesota-vikings,S,MeteJo00,17.0,116.0,78.0,38.0,2.5,4.0,1.0,0.0,1.0,43,43.0,0.0,43.0,5.0,7.0,12.0,0.0,,,,,,,,,,,,,,,,,,,,,,,,,,,,,,,,,,,,,,,,,,,,,,,,,,,,,,,,,,,,,,,,,,,,,,,,,,,,,,33,,SR,74,Big Ten,,2019,0,1,0,0,13,0,0,2,https://www.sports-reference.com/cfb/players/josh-metellus-1.html,5,Josh Metellus,S/DB,0.0,Michigan,2026-04-01T19:36:49.746Z,41,season_totals,4.0
2020,2020.csv,Josh Metellus,4046537,S,Michigan,College Stats,5-11,209.0,4.55,36.5,20.0,124.0,6.94,4.4,Minnesota Vikings / 6th / 205th pick / 2020,2024,16.0,minnesota-vikings,S,MeteJo00,17.0,103.0,63.0,40.0,0.0,1.0,0.0,0.0,2.0,16,8.0,0.0,12.0,5.0,3.5,2.0,0.0,,,,,,,,,,,,,,,,,,,,,,,,,,,,,,,,,,,,,,,,,,,,,,,,,,,,,,,,,,,,,,,,,,,,,,,,,,,,,,33,,SR,74,Big Ten,,2019,0,1,0,0,13,0,0,2,https://www.sports-reference.com/cfb/players/josh-metellus-1.html,5,Josh Metellus,S/DB,0.0,Michigan,2026-04-01T19:36:49.746Z,41,season_totals,4.0
2020,2020.csv,Josh Metellus,4046537,S,Michigan,College Stats,5-11,209.0,4.55,36.5,20.0,124.0,6.94,4.4,Minnesota Vikings / 6th / 205th pick / 2020,2025,16.0,minnesota-vikings,S,MeteJo00,14.0,86.0,42.0,44.0,0.5,0.0,0.0,0.0,2.0,0,0.0,0.0,0.0,6.0,0.0,2.0,0.0,,,,,,,,,,,,,,,,,,,,,,,,,,,,,,,,,,,,,,,,,,,,,,,,,,,,,,,,,,,,,,,,,,,,,,,,,,,,,,33,,SR,74,Big Ten,,2019,0,1,0,0,13,0,0,2,https://www.sports-reference.com/cfb/players/josh-metellus-1.html,5,Josh Metellus,S/DB,0.0,Michigan,2026-04-01T19:36:49.746Z,41,season_totals,4.0
2020,2020.csv,Josh Metellus,4046537,S,Michigan,College Stats,5-11,209.0,4.55,36.5,20.0,124.0,6.94,4.4,Minnesota Vikings / 6th / 205th pick / 2020,-1,,,,MeteJo00,96.0,369.0,232.0,137.0,3.0,5.0,2.0,0.0,6.0,59,9.8,0.0,43.0,22.0,11.5,18.0,2.0,,,,,,,,,,,,,,,,,,,,,,,,,,,,,,96,0.0,0,0.0,0.0,0.0,1.0,0,0.0,0.0,0.0,,,,,,,,,,,,,,,,,,,,,,,,,,,,,,,,,,,,,,33,,SR,74,Big Ten,,2019,0,1,0,0,13,0,0,2,https://www.sports-reference.com/cfb/players/josh-metellus-1.html,5,Josh Metellus,S/DB,0.0,Michigan,2026-04-01T19:36:49.746Z,41,season_totals,4.0
2020,2020.csv,Tanner Muse,3728263,S,Clemson,College Stats,6-2,227.0,4.41,34.5,20.0,124.0,,,Las Vegas Raiders / 3rd / 100th pick / 2020,2021,26.0,seattle-seahawks,LB,MuseTa00,6.0,4.0,2.0,2.0,0.0,0.0,0.0,0.0,0.0,0,0.0,0.0,0.0,0.0,0.0,0.0,0.0,,,,,,,,,,,,,,,,,,,,,,,,,,,,,,,,,,,,,,,,,,,,,,,,,,,,,,,,,,,,,,,,,,,,,,,,,,,,,,18,,SR,55,ACC,,2019,0,0,0,0,15,0,13,4,https://www.sports-reference.com/cfb/players/tanner-muse-1.html,3,Tanner Muse,S,2.0,Clemson,2026-04-01T19:37:53.855Z,37,season_totals,6.0
2020,2020.csv,Tanner Muse,3728263,S,Clemson,College Stats,6-2,227.0,4.41,34.5,20.0,124.0,,,Las Vegas Raiders / 3rd / 100th pick / 2020,2022,26.0,seattle-seahawks,LB,MuseTa00,17.0,16.0,11.0,5.0,0.0,0.0,0.0,0.0,0.0,0,0.0,0.0,0.0,1.0,0.0,0.0,0.0,,,,,,,,,,,,,,,,,,,,,,,,,,,,,,,,,,,,,,,,,,,,,,,,,,,,,,,,,,,,,,,,,,,,,,,,,,,,,,18,,SR,55,ACC,,2019,0,0,0,0,15,0,13,4,https://www.sports-reference.com/cfb/players/tanner-muse-1.html,3,Tanner Muse,S,2.0,Clemson,2026-04-01T19:37:53.855Z,37,season_totals,6.0
2020,2020.csv,Tanner Muse,3728263,S,Clemson,College Stats,6-2,227.0,4.41,34.5,20.0,124.0,,,Las Vegas Raiders / 3rd / 100th pick / 2020,2023,24.0,los-angeles-chargers,LB,MuseTa00,10.0,1.0,1.0,0.0,0.0,0.0,0.0,0.0,0.0,0,0.0,0.0,0.0,0.0,0.0,0.0,0.0,,,,,,,,,,,,,,,,,,,,,,,,,,,,,,,,,,,,,,,,,,,,,,,,,,,,,,,,,,,,,,,,,,,,,,,,,,,,,,18,,SR,55,ACC,,2019,0,0,0,0,15,0,13,4,https://www.sports-reference.com/cfb/players/tanner-muse-1.html,3,Tanner Muse,S,2.0,Clemson,2026-04-01T19:37:53.855Z,37,season_totals,6.0
2020,2020.csv,Tanner Muse,3728263,S,Clemson,College Stats,6-2,227.0,4.41,34.5,20.0,124.0,,,Las Vegas Raiders / 3rd / 100th pick / 2020,2024,30.0,jacksonville-jaguars,LB,MuseTa00,3.0,1.0,0.0,1.0,0.0,0.0,0.0,0.0,0.0,0,0.0,0.0,0.0,0.0,0.0,0.0,0.0,,,,,,,,,,,,,,,,,,,,,,,,,,,,,,,,,,,,,,,,,,,,,,,,,,,,,,,,,,,,,,,,,,,,,,,,,,,,,,18,,SR,55,ACC,,2019,0,0,0,0,15,0,13,4,https://www.sports-reference.com/cfb/players/tanner-muse-1.html,3,Tanner Muse,S,2.0,Clemson,2026-04-01T19:37:53.855Z,37,season_totals,6.0
2020,2020.csv,Tanner Muse,3728263,S,Clemson,College Stats,6-2,227.0,4.41,34.5,20.0,124.0,,,Las Vegas Raiders / 3rd / 100th pick / 2020,-1,,,,MuseTa00,36.0,22.0,14.0,8.0,0.0,0.0,0.0,0.0,0.0,0,0.0,0.0,0.0,1.0,0.0,0.0,0.0,,,,,,,,,,,,,,,,,,,,,,,,,,,,,,,,,,,,,,,,,,,,,,,,,,,,,,,,,,,,,,,,,,,,,,,,,,,,,,18,,SR,55,ACC,,2019,0,0,0,0,15,0,13,4,https://www.sports-reference.com/cfb/players/tanner-muse-1.html,3,Tanner Muse,S,2.0,Clemson,2026-04-01T19:37:53.855Z,37,season_totals,6.0
2020,2020.csv,Michael Ojemudia,3894830,CB,Iowa,College Stats,6-1,200.0,4.45,36.0,,122.0,6.87,4.21,Denver Broncos / 3rd / 77th pick / 2020,2020,7.0,denver-broncos,CB,OjemMi00,16.0,62.0,55.0,7.0,0.0,4.0,0.0,0.0,0.0,0,0.0,0.0,0.0,6.0,1.0,3.0,0.0,,,,,,,,,,,,,,,,,,,,,,,,,,,,,,,,,,,,,,,,,,,,,,,,,,,,,,,,,,,,,,,,,,,,,,,,,,,,,,11,,SR,52,Big Ten,,2019,0,1,0,0,12,0,12,3,https://www.sports-reference.com/cfb/players/michael-ojemudia-1.html,9,Michael Ojemudia,DB,0.0,Iowa,2026-04-01T19:37:31.969Z,41,season_totals,1.0
2020,2020.csv,Michael Ojemudia,3894830,CB,Iowa,College Stats,6-1,200.0,4.45,36.0,,122.0,6.87,4.21,Denver Broncos / 3rd / 77th pick / 2020,2021,7.0,denver-broncos,CB,OjemMi00,2.0,11.0,8.0,3.0,0.0,0.0,0.0,0.0,0.0,0,0.0,0.0,0.0,2.0,0.0,0.0,0.0,,,,,,,,,,,,,,,,,,,,,,,,,,,,,,,,,,,,,,,,,,,,,,,,,,,,,,,,,,,,,,,,,,,,,,,,,,,,,,11,,SR,52,Big Ten,,2019,0,1,0,0,12,0,12,3,https://www.sports-reference.com/cfb/players/michael-ojemudia-1.html,9,Michael Ojemudia,DB,0.0,Iowa,2026-04-01T19:37:31.969Z,41,season_totals,1.0
2020,2020.csv,Michael Ojemudia,3894830,CB,Iowa,College Stats,6-1,200.0,4.45,36.0,,122.0,6.87,4.21,Denver Broncos / 3rd / 77th pick / 2020,-1,,,,OjemMi00,18.0,73.0,63.0,10.0,0.0,4.0,0.0,0.0,0.0,0,0.0,0.0,0.0,8.0,1.0,3.0,0.0,,,,,,,,,,,,,,,,,,,,,,,,,,,,,,,,,,,,,,,,,,,,,,,,,,,,,,,,,,,,,,,,,,,,,,,,,,,,,,11,,SR,52,Big Ten,,2019,0,1,0,0,12,0,12,3,https://www.sports-reference.com/cfb/players/michael-ojemudia-1.html,9,Michael Ojemudia,DB,0.0,Iowa,2026-04-01T19:37:31.969Z,41,season_totals,1.0
2020,2020.csv,John Reid,3929653,CB,Penn State,College Stats,5-10,187.0,4.49,36.5,20.0,129.0,6.95,3.97,Houston Texans / 4th / 141st pick / 2020,2020,34.0,houston-texans,CB,ReidJo00,13.0,13.0,11.0,2.0,0.0,0.0,0.0,0.0,0.0,0,0.0,0.0,0.0,1.0,0.0,0.0,0.0,,,,,,,,,,,,,,,,,,,,,,,,,,,,,,,,,,,,,,,,,,,,,,,,,,,,,,,,,,,,,,,,,,,,,,,,,,,,,,11,,SR,37,Big Ten,,2019,0,0,0,0,13,1,61,2,https://www.sports-reference.com/cfb/players/john-reid-1.html,8,John Reid,CB,1.0,Penn State,2026-04-01T19:36:37.970Z,26,season_totals,2.5
2020,2020.csv,John Reid,3929653,CB,Penn State,College Stats,5-10,187.0,4.49,36.5,20.0,129.0,6.95,3.97,Houston Texans / 4th / 141st pick / 2020,2021,26.0,seattle-seahawks,CB,ReidJo00,11.0,12.0,7.0,5.0,0.0,0.0,0.0,0.0,0.0,0,0.0,0.0,0.0,2.0,1.5,0.0,0.0,,,,,,,,,,,,,,,,,,,,,,,,,,,,,,,,,,,,,,,,,,,,,,,,,,,,,,,,,,,,,,,,,,,,,,,,,,,,,,11,,SR,37,Big Ten,,2019,0,0,0,0,13,1,61,2,https://www.sports-reference.com/cfb/players/john-reid-1.html,8,John Reid,CB,1.0,Penn State,2026-04-01T19:36:37.970Z,26,season_totals,2.5
2020,2020.csv,John Reid,3929653,CB,Penn State,College Stats,5-10,187.0,4.49,36.5,20.0,129.0,6.95,3.97,Houston Texans / 4th / 141st pick / 2020,2022,10.0,tennessee-titans,CB,ReidJo00,3.0,5.0,5.0,0.0,0.0,0.0,0.0,0.0,0.0,0,0.0,0.0,0.0,0.0,0.0,0.0,0.0,,,,,,,,,,,,,,,,,,,,,,,,,,,,,,,,,,,,,,,,,,,,,,,,,,,,,,,,,,,,,,,,,,,,,,,,,,,,,,11,,SR,37,Big Ten,,2019,0,0,0,0,13,1,61,2,https://www.sports-reference.com/cfb/players/john-reid-1.html,8,John Reid,CB,1.0,Penn State,2026-04-01T19:36:37.970Z,26,season_totals,2.5
2020,2020.csv,John Reid,3929653,CB,Penn State,College Stats,5-10,187.0,4.49,36.5,20.0,129.0,6.95,3.97,Houston Texans / 4th / 141st pick / 2020,-1,,,,ReidJo00,27.0,30.0,23.0,7.0,0.0,0.0,0.0,0.0,0.0,0,0.0,0.0,0.0,3.0,1.5,0.0,0.0,,,,,,,,,,,,,,,,,,,,,,,,,,,,,,,,,,,,,,,,,,,,,,,,,,,,,,,,,,,,,,,,,,,,,,,,,,,,,,11,,SR,37,Big Ten,,2019,0,0,0,0,13,1,61,2,https://www.sports-reference.com/cfb/players/john-reid-1.html,8,John Reid,CB,1.0,Penn State,2026-04-01T19:36:37.970Z,26,season_totals,2.5
2020,2020.csv,Amik Robertson,4239694,CB,Louisiana Tech,College Stats,5-8,187.0,,,,,,,Las Vegas Raiders / 4th / 139th pick / 2020,2020,13.0,las-vegas-raiders,CB,RobeAm00,8.0,4.0,3.0,1.0,0.0,0.0,0.0,0.0,0.0,0,0.0,0.0,0.0,0.0,0.0,0.0,0.0,,,,,,,,,,,,,,,,,,,,,,,,,,,,,,,,,,,,,,,,,,,,,,,,,,,,,,,,,,,,,,,,,,,,,,,,,,,,,,16,,JR,60,CUSA,,2019,1,1,0,0,12,2,97,5,https://www.sports-reference.com/cfb/players/amik-robertson-1.html,16,Amik Robertson,CB,1.0,Louisiana Tech,2026-04-01T19:34:42.471Z,44,season_totals,8.0
2020,2020.csv,Amik Robertson,4239694,CB,Louisiana Tech,College Stats,5-8,187.0,,,,,,,Las Vegas Raiders / 4th / 139th pick / 2020,2021,13.0,las-vegas-raiders,CB,RobeAm00,10.0,19.0,14.0,5.0,0.0,0.0,0.0,0.0,0.0,0,0.0,0.0,0.0,0.0,0.0,0.0,0.0,,,,,,,,,,,,,,,,,,,,,,,,,,,,,,,,,,,,,,,,,,,,,,,,,,,,,,,,,,,,,,,,,,,,,,,,,,,,,,16,,JR,60,CUSA,,2019,1,1,0,0,12,2,97,5,https://www.sports-reference.com/cfb/players/amik-robertson-1.html,16,Amik Robertson,CB,1.0,Louisiana Tech,2026-04-01T19:34:42.471Z,44,season_totals,8.0
2020,2020.csv,Amik Robertson,4239694,CB,Louisiana Tech,College Stats,5-8,187.0,,,,,,,Las Vegas Raiders / 4th / 139th pick / 2020,2022,13.0,las-vegas-raiders,CB,RobeAm00,17.0,38.0,29.0,9.0,1.0,1.0,1.0,68.0,2.0,7,3.5,0.0,1.0,9.0,1.0,1.0,0.0,17,0.0,0.0,0.0,1.0,1.0,0.0,0.0,0.0,6.0,,,,,,,,,,,,,,,,,,,,,,,,,,,,,,,,,,,,,,,,,,,,,,,,,,,,,,,,,,,,,,,,,,,,16,,JR,60,CUSA,,2019,1,1,0,0,12,2,97,5,https://www.sports-reference.com/cfb/players/amik-robertson-1.html,16,Amik Robertson,CB,1.0,Louisiana Tech,2026-04-01T19:34:42.471Z,44,season_totals,8.0
2020,2020.csv,Amik Robertson,4239694,CB,Louisiana Tech,College Stats,5-8,187.0,,,,,,,Las Vegas Raiders / 4th / 139th pick / 2020,2023,13.0,las-vegas-raiders,CB,RobeAm00,17.0,50.0,38.0,12.0,1.0,1.0,0.0,0.0,2.0,40,20.0,0.0,40.0,6.0,1.0,5.0,0.0,,,,,,,,,,,,,,,,,,,,,,,,,,,,,,,,,,,,,,,,,,,,,,,,,,,,,,,,,,,,,,,,,,,,,,,,,,,,,,16,,JR,60,CUSA,,2019,1,1,0,0,12,2,97,5,https://www.sports-reference.com/cfb/players/amik-robertson-1.html,16,Amik Robertson,CB,1.0,Louisiana Tech,2026-04-01T19:34:42.471Z,44,season_totals,8.0
2020,2020.csv,Amik Robertson,4239694,CB,Louisiana Tech,College Stats,5-8,187.0,,,,,,,Las Vegas Raiders / 4th / 139th pick / 2020,2024,8.0,detroit-lions,CB,RobeAm00,17.0,50.0,40.0,10.0,0.0,3.0,0.0,0.0,0.0,0,0.0,0.0,0.0,8.0,2.0,13.0,0.0,,,,,,,,,,,,,,,,,,,,,,,,,,,,,,,,,,,,,,,,,,,,,,,,,,,,,,,,,,,,,,,,,,,,,,,,,,,,,,16,,JR,60,CUSA,,2019,1,1,0,0,12,2,97,5,https://www.sports-reference.com/cfb/players/amik-robertson-1.html,16,Amik Robertson,CB,1.0,Louisiana Tech,2026-04-01T19:34:42.471Z,44,season_totals,8.0
2020,2020.csv,Amik Robertson,4239694,CB,Louisiana Tech,College Stats,5-8,187.0,,,,,,,Las Vegas Raiders / 4th / 139th pick / 2020,2025,8.0,detroit-lions,CB,RobeAm00,17.0,52.0,43.0,9.0,0.0,2.0,0.0,0.0,1.0,2,2.0,0.0,2.0,12.0,0.0,2.0,0.0,,,,,,,,,,,,,,,,,,,,,,,,,,,,,,,,,,,,,,,,,,,,,,,,,,,,,,,,,,,,,,,,,,,,,,,,,,,,,,16,,JR,60,CUSA,,2019,1,1,0,0,12,2,97,5,https://www.sports-reference.com/cfb/players/amik-robertson-1.html,16,Amik Robertson,CB,1.0,Louisiana Tech,2026-04-01T19:34:42.471Z,44,season_totals,8.0
2020,2020.csv,Amik Robertson,4239694,CB,Louisiana Tech,College Stats,5-8,187.0,,,,,,,Las Vegas Raiders / 4th / 139th pick / 2020,-1,,,,RobeAm00,86.0,213.0,167.0,46.0,2.0,7.0,1.0,68.0,5.0,49,9.8,0.0,40.0,35.0,4.0,21.0,0.0,86,0.0,0.0,0.0,1.0,1.0,0.0,0.0,0.0,6.0,,,,,,,,,,,,,,,,,,,,,,,,,,,,,,,,,,,,,,,,,,,,,,,,,,,,,,,,,,,,,,,,,,,,16,,JR,60,CUSA,,2019,1,1,0,0,12,2,97,5,https://www.sports-reference.com/cfb/players/amik-robertson-1.html,16,Amik Robertson,CB,1.0,Louisiana Tech,2026-04-01T19:34:42.471Z,44,season_totals,8.0
2020,2020.csv,Josiah Scott,4241977,CB,Michigan State,College Stats,5-9,185.0,4.42,,17.0,,,,Jacksonville Jaguars / 4th / 137th pick / 2020,2020,30.0,jacksonville-jaguars,CB,ScotJo00,6.0,11.0,10.0,1.0,0.0,0.0,0.0,0.0,0.0,0,0.0,0.0,0.0,0.0,1.0,2.0,0.0,,,,,,,,,,,,,,,,,,,,,,,,,,,,,,,,,,,,,,,,,,,,,,,,,,,,,,,,,,,,,,,,,,,,,,,,,,,,,,17,,JR,55,Big Ten,,2019,1,1,0,5,13,0,34,3,https://www.sports-reference.com/cfb/players/josiah-scott-1.html,7,Josiah Scott,CB,0.0,Michigan State,2026-04-01T19:36:55.903Z,38,season_totals,0.0
2020,2020.csv,Josiah Scott,4241977,CB,Michigan State,College Stats,5-9,185.0,4.42,,17.0,,,,Jacksonville Jaguars / 4th / 137th pick / 2020,2021,21.0,philadelphia-eagles,CB,ScotJo00,13.0,12.0,8.0,4.0,1.0,0.0,0.0,0.0,0.0,0,0.0,0.0,0.0,0.0,1.0,0.0,0.0,,,,,,,,,,,,,,,,,,,,,,,,,,,,,,,,,,,,,,,,,,,,,,,,,,,,,,,,,,,,,,,,,,,,,,,,,,,,,,17,,JR,55,Big Ten,,2019,1,1,0,5,13,0,34,3,https://www.sports-reference.com/cfb/players/josiah-scott-1.html,7,Josiah Scott,CB,0.0,Michigan State,2026-04-01T19:36:55.903Z,38,season_totals,0.0
2020,2020.csv,Josiah Scott,4241977,CB,Michigan State,College Stats,5-9,185.0,4.42,,17.0,,,,Jacksonville Jaguars / 4th / 137th pick / 2020,2022,21.0,philadelphia-eagles,CB,ScotJo00,16.0,26.0,19.0,7.0,0.0,0.0,0.0,0.0,2.0,13,6.5,0.0,1.0,8.0,3.0,4.0,0.0,,,,,,,,,,,,,,,,,,,,,,,,,,,,,,,,,,,,,,,,,,,,,,,,,,,,,,,,,,,,,,,,,,,,,,,,,,,,,,17,,JR,55,Big Ten,,2019,1,1,0,5,13,0,34,3,https://www.sports-reference.com/cfb/players/josiah-scott-1.html,7,Josiah Scott,CB,0.0,Michigan State,2026-04-01T19:36:55.903Z,38,season_totals,0.0
2020,2020.csv,Josiah Scott,4241977,CB,Michigan State,College Stats,5-9,185.0,4.42,,17.0,,,,Jacksonville Jaguars / 4th / 137th pick / 2020,2023,21.0,philadelphia-eagles,CB,ScotJo00,4.0,2.0,1.0,1.0,0.0,0.0,0.0,0.0,0.0,0,0.0,0.0,0.0,0.0,0.0,0.0,0.0,,,,,,,,,,,,,,,,,,,,,,,,,,,,,,,,,,,,,,,,,,,,,,,,,,,,,,,,,,,,,,,,,,,,,,,,,,,,,,17,,JR,55,Big Ten,,2019,1,1,0,5,13,0,34,3,https://www.sports-reference.com/cfb/players/josiah-scott-1.html,7,Josiah Scott,CB,0.0,Michigan State,2026-04-01T19:36:55.903Z,38,season_totals,0.0
2020,2020.csv,Josiah Scott,4241977,CB,Michigan State,College Stats,5-9,185.0,4.42,,17.0,,,,Jacksonville Jaguars / 4th / 137th pick / 2020,-1,,,,ScotJo00,39.0,51.0,38.0,13.0,1.0,0.0,0.0,0.0,2.0,13,6.5,0.0,1.0,8.0,5.0,6.0,0.0,,,,,,,,,,,,,,,,,,,,,,,,,,,,,,,,,,,,,,,,,,,,,,,,,,,,,,,,,,,,,,,,,,,,,,,,,,,,,,17,,JR,55,Big Ten,,2019,1,1,0,5,13,0,34,3,https://www.sports-reference.com/cfb/players/josiah-scott-1.html,7,Josiah Scott,CB,0.0,Michigan State,2026-04-01T19:36:55.903Z,38,season_totals,0.0
2020,2020.csv,L'Jarius Sneed,4040432,S,Louisiana Tech,College Stats,6-0,192.0,4.37,41.0,12.0,131.0,,,Kansas City Chiefs / 4th / 138th pick / 2020,2020,12.0,kansas-city-chiefs,CB,SneeLJ00,9.0,41.0,31.0,10.0,2.0,0.0,0.0,0.0,3.0,42,14.0,0.0,39.0,7.0,0.0,0.0,0.0,,,,,,,,,,,,,,,,,,,,,,,,,,,,,,,,,,,,,,,,,,,,,,,,,,,,,,,,,,,,,,,,,,,,,,,,,,,,,,30,,SR,73,CUSA,,2019,0,0,0,0,13,1,68,3,https://www.sports-reference.com/cfb/players/ljarius-sneed-1.html,6,L'Jarius Sneed,CB/S,0.0,Louisiana Tech,2026-04-01T19:37:25.984Z,43,season_totals,3.5
2020,2020.csv,L'Jarius Sneed,4040432,S,Louisiana Tech,College Stats,6-0,192.0,4.37,41.0,12.0,131.0,,,Kansas City Chiefs / 4th / 138th pick / 2020,2021,12.0,kansas-city-chiefs,CB,SneeLJ00,15.0,76.0,57.0,19.0,1.0,1.0,1.0,0.0,2.0,2,1.0,0.0,1.0,8.0,6.0,13.0,0.0,,,,,,,,,,,,,,,,,,,,,,,,,,,,,,,,,,,,,,,,,,,,,,,,,,,,,,,,,,,,,,,,,,,,,,,,,,,,,,30,,SR,73,CUSA,,2019,0,0,0,0,13,1,68,3,https://www.sports-reference.com/cfb/players/ljarius-sneed-1.html,6,L'Jarius Sneed,CB/S,0.0,Louisiana Tech,2026-04-01T19:37:25.984Z,43,season_totals,3.5
2020,2020.csv,L'Jarius Sneed,4040432,S,Louisiana Tech,College Stats,6-0,192.0,4.37,41.0,12.0,131.0,,,Kansas City Chiefs / 4th / 138th pick / 2020,2022,12.0,kansas-city-chiefs,CB,SneeLJ00,17.0,108.0,75.0,33.0,3.5,3.0,1.0,5.0,3.0,57,19.0,0.0,1.0,11.0,4.5,8.0,0.0,,,,,,,,,,,,,,,,,,,,,,,,,,,,,,,,,,,,,,,,,,,,,,,,,,,,,,,,,,,,,,,,,,,,,,,,,,,,,,30,,SR,73,CUSA,,2019,0,0,0,0,13,1,68,3,https://www.sports-reference.com/cfb/players/ljarius-sneed-1.html,6,L'Jarius Sneed,CB/S,0.0,Louisiana Tech,2026-04-01T19:37:25.984Z,43,season_totals,3.5
2020,2020.csv,L'Jarius Sneed,4040432,S,Louisiana Tech,College Stats,6-0,192.0,4.37,41.0,12.0,131.0,,,Kansas City Chiefs / 4th / 138th pick / 2020,2023,12.0,kansas-city-chiefs,CB,SneeLJ00,16.0,78.0,60.0,18.0,0.0,0.0,1.0,0.0,2.0,4,2.0,0.0,4.0,14.0,4.5,8.0,0.0,,,,,,,,,,,,,,,,,,,,,,,,,,,,,,,,,,,,,,,,,,,,,,,,,,,,,,,,,,,,,,,,,,,,,,,,,,,,,,30,,SR,73,CUSA,,2019,0,0,0,0,13,1,68,3,https://www.sports-reference.com/cfb/players/ljarius-sneed-1.html,6,L'Jarius Sneed,CB/S,0.0,Louisiana Tech,2026-04-01T19:37:25.984Z,43,season_totals,3.5
2020,2020.csv,L'Jarius Sneed,4040432,S,Louisiana Tech,College Stats,6-0,192.0,4.37,41.0,12.0,131.0,,,Kansas City Chiefs / 4th / 138th pick / 2020,2024,10.0,tennessee-titans,CB,SneeLJ00,5.0,23.0,19.0,4.0,0.0,0.0,0.0,0.0,0.0,0,0.0,0.0,0.0,0.0,2.5,3.0,0.0,,,,,,,,,,,,,,,,,,,,,,,,,,,,,,,,,,,,,,,,,,,,,,,,,,,,,,,,,,,,,,,,,,,,,,,,,,,,,,30,,SR,73,CUSA,,2019,0,0,0,0,13,1,68,3,https://www.sports-reference.com/cfb/players/ljarius-sneed-1.html,6,L'Jarius Sneed,CB/S,0.0,Louisiana Tech,2026-04-01T19:37:25.984Z,43,season_totals,3.5
2020,2020.csv,L'Jarius Sneed,4040432,S,Louisiana Tech,College Stats,6-0,192.0,4.37,41.0,12.0,131.0,,,Kansas City Chiefs / 4th / 138th pick / 2020,2025,10.0,tennessee-titans,CB,SneeLJ00,7.0,26.0,18.0,8.0,0.0,0.0,0.0,0.0,0.0,0,0.0,0.0,0.0,3.0,1.0,0.0,0.0,,,,,,,,,,,,,,,,,,,,,,,,,,,,,,,,,,,,,,,,,,,,,,,,,,,,,,,,,,,,,,,,,,,,,,,,,,,,,,30,,SR,73,CUSA,,2019,0,0,0,0,13,1,68,3,https://www.sports-reference.com/cfb/players/ljarius-sneed-1.html,6,L'Jarius Sneed,CB/S,0.0,Louisiana Tech,2026-04-01T19:37:25.984Z,43,season_totals,3.5
2020,2020.csv,L'Jarius Sneed,4040432,S,Louisiana Tech,College Stats,6-0,192.0,4.37,41.0,12.0,131.0,,,Kansas City Chiefs / 4th / 138th pick / 2020,-1,,,,SneeLJ00,69.0,352.0,260.0,92.0,6.5,4.0,3.0,5.0,10.0,105,10.5,0.0,39.0,43.0,18.5,32.0,0.0,,,,,,,,,,,,,,,,,,,,,,,,,,,,,,,,,,,,,,,,,,,,,,,,,,,,,,,,,,,,,,,,,,,,,,,,,,,,,,30,,SR,73,CUSA,,2019,0,0,0,0,13,1,68,3,https://www.sports-reference.com/cfb/players/ljarius-sneed-1.html,6,L'Jarius Sneed,CB/S,0.0,Louisiana Tech,2026-04-01T19:37:25.984Z,43,season_totals,3.5
2020,2020.csv,Geno Stone,4240575,S,Iowa,College Stats,5-10,207.0,4.62,33.5,12.0,116.0,,,Baltimore Ravens / 7th / 219th pick / 2020,2021,33.0,baltimore-ravens,S,StonGe00,15.0,21.0,15.0,6.0,0.0,0.0,0.0,0.0,1.0,0,0.0,0.0,1.0,1.0,0.0,6.0,0.0,,,,,,,,,,,,,,,,,,,,,,,,,,,,,,,,,,,,,,,,,,,,,,,,,,,,,,,,,,,,,,,,,,,,,,,,,,,,,,24,,JR,70,Big Ten,,2019,3,1,0,0,13,0,0,1,https://www.sports-reference.com/cfb/players/geno-stone-1.html,4,Geno Stone,DB,1.0,Iowa,2026-04-01T19:35:58.280Z,46,season_totals,3.0
2020,2020.csv,Geno Stone,4240575,S,Iowa,College Stats,5-10,207.0,4.62,33.5,12.0,116.0,,,Baltimore Ravens / 7th / 219th pick / 2020,2022,33.0,baltimore-ravens,S,StonGe00,17.0,38.0,34.0,4.0,0.0,1.0,1.0,0.0,0.0,0,0.0,0.0,0.0,1.0,0.5,0.0,0.0,,,,,,,,,,,,,,,,,,,,,,,,,,,,,,,,,,,,,,,,,,,,,,,,,,,,,,,,,,,,,,,,,,,,,,,,,,,,,,24,,JR,70,Big Ten,,2019,3,1,0,0,13,0,0,1,https://www.sports-reference.com/cfb/players/geno-stone-1.html,4,Geno Stone,DB,1.0,Iowa,2026-04-01T19:35:58.280Z,46,season_totals,3.0
2020,2020.csv,Geno Stone,4240575,S,Iowa,College Stats,5-10,207.0,4.62,33.5,12.0,116.0,,,Baltimore Ravens / 7th / 219th pick / 2020,2023,33.0,baltimore-ravens,S,StonGe00,17.0,68.0,44.0,24.0,0.0,0.0,0.0,0.0,7.0,101,14.4,0.0,36.0,9.0,0.5,0.0,0.0,,,,,,,,,,,,,,,,,,,,,,,,,,,,,,,,,,,,,,,,,,,,,,,,,,,,,,,,,,,,,,,,,,,,,,,,,,,,,,24,,JR,70,Big Ten,,2019,3,1,0,0,13,0,0,1,https://www.sports-reference.com/cfb/players/geno-stone-1.html,4,Geno Stone,DB,1.0,Iowa,2026-04-01T19:35:58.280Z,46,season_totals,3.0
2020,2020.csv,Geno Stone,4240575,S,Iowa,College Stats,5-10,207.0,4.62,33.5,12.0,116.0,,,Baltimore Ravens / 7th / 219th pick / 2020,2024,4.0,cincinnati-bengals,S,StonGe00,17.0,81.0,47.0,34.0,0.0,0.0,1.0,6.0,4.0,88,22.0,1.0,49.0,6.0,0.0,0.0,0.0,,,,,,,,,,,,,,,,,,,,,,,,,,,,,,,,,,,,,,,,,,,,,,,,,,,,,,,,,,,,,,,,,,,,,,,,,,,,,,24,,JR,70,Big Ten,,2019,3,1,0,0,13,0,0,1,https://www.sports-reference.com/cfb/players/geno-stone-1.html,4,Geno Stone,DB,1.0,Iowa,2026-04-01T19:35:58.280Z,46,season_totals,3.0
2020,2020.csv,Geno Stone,4240575,S,Iowa,College Stats,5-10,207.0,4.62,33.5,12.0,116.0,,,Baltimore Ravens / 7th / 219th pick / 2020,2025,4.0,cincinnati-bengals,S,StonGe00,17.0,104.0,65.0,39.0,2.0,0.0,0.0,0.0,2.0,57,28.5,1.0,32.0,4.0,1.5,3.0,0.0,,,,,,,,,,,,,,,,,,,,,,,,,,,,,,,,,,,,,,,,,,,,,,,,,,,,,,,,,,,,,,,,,,,,,,,,,,,,,,24,,JR,70,Big Ten,,2019,3,1,0,0,13,0,0,1,https://www.sports-reference.com/cfb/players/geno-stone-1.html,4,Geno Stone,DB,1.0,Iowa,2026-04-01T19:35:58.280Z,46,season_totals,3.0
2020,2020.csv,Geno Stone,4240575,S,Iowa,College Stats,5-10,207.0,4.62,33.5,12.0,116.0,,,Baltimore Ravens / 7th / 219th pick / 2020,-1,,,,StonGe00,83.0,312.0,205.0,107.0,2.0,1.0,2.0,6.0,14.0,246,17.6,2.0,49.0,21.0,2.5,9.0,0.0,,,,,,,,,,,,,,,,,,,,,,,,,,,,,,,,,,,,,,,,,,,,,,,,,,,,,,,,,,,,,,,,,,,,,,,,,,,,,,24,,JR,70,Big Ten,,2019,3,1,0,0,13,0,0,1,https://www.sports-reference.com/cfb/players/geno-stone-1.html,4,Geno Stone,DB,1.0,Iowa,2026-04-01T19:35:58.280Z,46,season_totals,3.0
2020,2020.csv,A.J. Terrell,4239995,CB,Clemson,College Stats,6-1,195.0,4.42,34.5,15.0,129.0,,,Atlanta Falcons / 1st / 16th pick / 2020,2020,1.0,atlanta-falcons,CB,TerrAJ00,14.0,74.0,61.0,13.0,0.0,3.0,0.0,0.0,1.0,0,0.0,0.0,0.0,7.0,4.0,5.0,0.0,,,,,,,,,,,,,,,,,,,,,,,,,,,,,,,,,,,,,,,,,,,,,,,,,,,,,,,,,,,,,,,,,,,,,,,,,,,,,,10,,JR,34,ACC,,2019,0,0,0,0,15,0,65,2,https://www.sports-reference.com/cfb/players/aj-terrell-1.html,4,A.J. Terrell,CB,0.5,Clemson,2026-04-01T19:34:30.498Z,24,season_totals,0.5
2020,2020.csv,A.J. Terrell,4239995,CB,Clemson,College Stats,6-1,195.0,4.42,34.5,15.0,129.0,,,Atlanta Falcons / 1st / 16th pick / 2020,2021,1.0,atlanta-falcons,CB,TerrAJ00,16.0,81.0,52.0,29.0,1.0,1.0,0.0,0.0,3.0,42,14.0,0.0,1.0,16.0,0.0,5.0,0.0,,,,,,,,,,,,,,,,,,,,,,,,,,,,,,,,,,,,,,,,,,,,,,,,,,,,,,,,,,,,,,,,,,,,,,,,,,,,,,10,,JR,34,ACC,,2019,0,0,0,0,15,0,65,2,https://www.sports-reference.com/cfb/players/aj-terrell-1.html,4,A.J. Terrell,CB,0.5,Clemson,2026-04-01T19:34:30.498Z,24,season_totals,0.5
2020,2020.csv,A.J. Terrell,4239995,CB,Clemson,College Stats,6-1,195.0,4.42,34.5,15.0,129.0,,,Atlanta Falcons / 1st / 16th pick / 2020,2022,1.0,atlanta-falcons,CB,TerrAJ00,14.0,47.0,36.0,11.0,0.0,0.0,1.0,21.0,0.0,0,0.0,0.0,0.0,9.0,1.0,3.0,0.0,,,,,,,,,,,14,0,0,0.0,0,0,0,1,0,,,,,,,,,,,,,,,,,,,,,,14.0,0,0,0.0,0,0.0,0,0,0,0,39.6,-,,,,,,,,,,,,,,,,,,,,,,,,,,10,,JR,34,ACC,,2019,0,0,0,0,15,0,65,2,https://www.sports-reference.com/cfb/players/aj-terrell-1.html,4,A.J. Terrell,CB,0.5,Clemson,2026-04-01T19:34:30.498Z,24,season_totals,0.5
2020,2020.csv,A.J. Terrell,4239995,CB,Clemson,College Stats,6-1,195.0,4.42,34.5,15.0,129.0,,,Atlanta Falcons / 1st / 16th pick / 2020,2023,1.0,atlanta-falcons,CB,TerrAJ00,17.0,45.0,34.0,11.0,0.0,0.0,0.0,0.0,0.0,0,0.0,0.0,0.0,11.0,3.0,6.0,0.0,,,,,,,,,,,,,,,,,,,,,,,,,,,,,,,,,,,,,,,,,,,,,,,,,,,,,,,,,,,,,,,,,,,,,,,,,,,,,,10,,JR,34,ACC,,2019,0,0,0,0,15,0,65,2,https://www.sports-reference.com/cfb/players/aj-terrell-1.html,4,A.J. Terrell,CB,0.5,Clemson,2026-04-01T19:34:30.498Z,24,season_totals,0.5
2020,2020.csv,A.J. Terrell,4239995,CB,Clemson,College Stats,6-1,195.0,4.42,34.5,15.0,129.0,,,Atlanta Falcons / 1st / 16th pick / 2020,2024,1.0,atlanta-falcons,CB,TerrAJ00,17.0,66.0,50.0,16.0,0.0,0.0,0.0,0.0,2.0,1,0.5,0.0,1.0,6.0,1.0,7.0,0.0,,,,,,,,,,,,,,,,,,,,,,,,,,,,,,,,,,,,,,,,,,,,,,,,,,,,,,,,,,,,,,,,,,,,,,,,,,,,,,10,,JR,34,ACC,,2019,0,0,0,0,15,0,65,2,https://www.sports-reference.com/cfb/players/aj-terrell-1.html,4,A.J. Terrell,CB,0.5,Clemson,2026-04-01T19:34:30.498Z,24,season_totals,0.5
2020,2020.csv,A.J. Terrell,4239995,CB,Clemson,College Stats,6-1,195.0,4.42,34.5,15.0,129.0,,,Atlanta Falcons / 1st / 16th pick / 2020,2025,1.0,atlanta-falcons,CB,TerrAJ00,15.0,68.0,49.0,19.0,0.0,2.0,0.0,0.0,0.0,0,0.0,0.0,0.0,12.0,3.5,1.0,0.0,,,,,,,,,,,,,,,,,,,,,,,,,,,,,,,,,,,,,,,,,,,,,,,,,,,,,,,,,,,,,,,,,,,,,,,,,,,,,,10,,JR,34,ACC,,2019,0,0,0,0,15,0,65,2,https://www.sports-reference.com/cfb/players/aj-terrell-1.html,4,A.J. Terrell,CB,0.5,Clemson,2026-04-01T19:34:30.498Z,24,season_totals,0.5
2020,2020.csv,A.J. Terrell,4239995,CB,Clemson,College Stats,6-1,195.0,4.42,34.5,15.0,129.0,,,Atlanta Falcons / 1st / 16th pick / 2020,-1,,,,TerrAJ00,93.0,381.0,282.0,99.0,1.0,6.0,1.0,21.0,6.0,43,7.2,0.0,1.0,61.0,12.5,27.0,0.0,,,,,,,,,,,93,0,0,0.0,0,0,0,1,0,,,,,,,,,,,,,,,,,,,,,,93.0,0,0,0.0,0,0.0,0,0,0,0,0.0,-,,,,,,,,,,,,,,,,,,,,,,,,,,10,,JR,34,ACC,,2019,0,0,0,0,15,0,65,2,https://www.sports-reference.com/cfb/players/aj-terrell-1.html,4,A.J. Terrell,CB,0.5,Clemson,2026-04-01T19:34:30.498Z,24,season_totals,0.5
2020,2020.csv,Daniel Thomas,4035505,S,Auburn,College Stats,5-10,215.0,4.51,37.0,24.0,125.0,,,Jacksonville Jaguars / 5th / 157th pick / 2020,2020,30.0,jacksonville-jaguars,S,ThomDa07,10.0,18.0,16.0,2.0,0.0,0.0,0.0,0.0,1.0,53,53.0,0.0,53.0,2.0,0.0,0.0,1.0,,,,,,,,,,,,,,,,,,,,,,,,,,,,,,,,,,,,,,,,,,,,,,,,,,,,,,,,,,,,,,,,,,,,,,,,,,,,,,0,,SR,1,Big 12,,2010,0,0,0,0,13,0,0,0,https://www.sports-reference.com/cfb/players/daniel-thomas-1.html,0,Daniel Thomas,RB,0.0,Kansas State,2026-04-01T19:35:46.348Z,1,season_totals,0.0
2020,2020.csv,Daniel Thomas,4035505,S,Auburn,College Stats,5-10,215.0,4.51,37.0,24.0,125.0,,,Jacksonville Jaguars / 5th / 157th pick / 2020,2021,30.0,jacksonville-jaguars,S,ThomDa07,16.0,27.0,17.0,10.0,0.0,0.0,0.0,0.0,0.0,0,0.0,0.0,0.0,0.0,0.5,0.0,0.0,,,,,,,,,,,,,,,,,,,,,,,,,,,,,,,,,,,,,,,,,,,,,,,,,,,,,,,,,,,,,,,,,,,,,,,,,,,,,,0,,SR,1,Big 12,,2010,0,0,0,0,13,0,0,0,https://www.sports-reference.com/cfb/players/daniel-thomas-1.html,0,Daniel Thomas,RB,0.0,Kansas State,2026-04-01T19:35:46.348Z,1,season_totals,0.0
2020,2020.csv,Daniel Thomas,4035505,S,Auburn,College Stats,5-10,215.0,4.51,37.0,24.0,125.0,,,Jacksonville Jaguars / 5th / 157th pick / 2020,2022,30.0,jacksonville-jaguars,S,ThomDa07,15.0,8.0,5.0,3.0,0.0,0.0,0.0,0.0,0.0,0,0.0,0.0,0.0,0.0,0.0,0.0,0.0,,,,,,,,,,,,,,,,,,,,,,,,,,,,,,,,,,,,,,,,,,,,,,,,,,,,,,,,,,,,,,,,,,,,,,,,,,,,,,0,,SR,1,Big 12,,2010,0,0,0,0,13,0,0,0,https://www.sports-reference.com/cfb/players/daniel-thomas-1.html,0,Daniel Thomas,RB,0.0,Kansas State,2026-04-01T19:35:46.348Z,1,season_totals,0.0
2020,2020.csv,Daniel Thomas,4035505,S,Auburn,College Stats,5-10,215.0,4.51,37.0,24.0,125.0,,,Jacksonville Jaguars / 5th / 157th pick / 2020,2023,30.0,jacksonville-jaguars,S,ThomDa07,15.0,8.0,7.0,1.0,0.0,0.0,0.0,0.0,0.0,0,0.0,0.0,0.0,0.0,0.0,0.0,0.0,,,,,,,,,,,,,,,,,,,,,,,,,,,,,,15,0.0,0,0.0,0.0,0.0,1.0,21,0.0,0.0,21.0,,,,,,,,,,,,,,,,,,,,,,,,,,,,,,,,,,,,,,0,,SR,1,Big 12,,2010,0,0,0,0,13,0,0,0,https://www.sports-reference.com/cfb/players/daniel-thomas-1.html,0,Daniel Thomas,RB,0.0,Kansas State,2026-04-01T19:35:46.348Z,1,season_totals,0.0
2020,2020.csv,Daniel Thomas,4035505,S,Auburn,College Stats,5-10,215.0,4.51,37.0,24.0,125.0,,,Jacksonville Jaguars / 5th / 157th pick / 2020,2024,30.0,jacksonville-jaguars,S,ThomDa07,15.0,10.0,5.0,5.0,0.0,0.0,1.0,0.0,0.0,0,0.0,0.0,0.0,0.0,0.0,0.0,0.0,,,,,,,,,,,,,,,,,,,,,,,,,,,,,,,,,,,,,,,,,,,,,,,,,,,,,,,,,,,,,,,,,,,,,,,,,,,,,,0,,SR,1,Big 12,,2010,0,0,0,0,13,0,0,0,https://www.sports-reference.com/cfb/players/daniel-thomas-1.html,0,Daniel Thomas,RB,0.0,Kansas State,2026-04-01T19:35:46.348Z,1,season_totals,0.0
2020,2020.csv,Daniel Thomas,4035505,S,Auburn,College Stats,5-10,215.0,4.51,37.0,24.0,125.0,,,Jacksonville Jaguars / 5th / 157th pick / 2020,2025,8.0,detroit-lions,S,ThomDa07,12.0,23.0,10.0,13.0,0.0,0.0,0.0,0.0,0.0,0,0.0,0.0,0.0,1.0,0.0,4.0,0.0,,,,,,,,,,,,,,,,,,,,,,,,,,,,,,,,,,,,,,,,,,,,,,,,,,,,,,,,,,,,,,,,,,,,,,,,,,,,,,0,,SR,1,Big 12,,2010,0,0,0,0,13,0,0,0,https://www.sports-reference.com/cfb/players/daniel-thomas-1.html,0,Daniel Thomas,RB,0.0,Kansas State,2026-04-01T19:35:46.348Z,1,season_totals,0.0
2020,2020.csv,Daniel Thomas,4035505,S,Auburn,College Stats,5-10,215.0,4.51,37.0,24.0,125.0,,,Jacksonville Jaguars / 5th / 157th pick / 2020,-1,,,,ThomDa07,83.0,94.0,60.0,34.0,0.0,0.0,1.0,0.0,1.0,53,53.0,0.0,53.0,3.0,0.5,4.0,1.0,,,,,,,,,,,,,,,,,,,,,,,,,,,,,,83,0.0,0,0.0,0.0,0.0,1.0,21,0.0,0.0,21.0,,,,,,,,,,,,,,,,,,,,,,,,,,,,,,,,,,,,,,0,,SR,1,Big 12,,2010,0,0,0,0,13,0,0,0,https://www.sports-reference.com/cfb/players/daniel-thomas-1.html,0,Daniel Thomas,RB,0.0,Kansas State,2026-04-01T19:35:46.348Z,1,season_totals,0.0
2020,2020.csv,Kindle Vildor,4036651,CB,Georgia Southern,College Stats,5-10,191.0,4.44,39.5,22.0,133.0,7.14,4.28,Chicago Bears / 5th / 163rd pick / 2020,2020,3.0,chicago-bears,CB,VildKi00,16.0,17.0,13.0,4.0,0.0,0.0,0.0,0.0,0.0,0,0.0,0.0,0.0,1.0,0.0,0.0,0.0,,,,,,,,,,,,,,,,,,,,,,,,,,,,,,,,,,,,,,,,,,,,,,,,,,,,,,,,,,,,,,,,,,,,,,,,,,,,,,4,,SR,27,Sun Belt,,2019,0,0,0,0,11,0,0,2,https://www.sports-reference.com/cfb/players/kindle-vildor-1.html,6,Kindle Vildor,CB,0.0,Georgia Southern,2026-04-01T19:37:13.788Z,23,season_totals,3.0
2020,2020.csv,Kindle Vildor,4036651,CB,Georgia Southern,College Stats,5-10,191.0,4.44,39.5,22.0,133.0,7.14,4.28,Chicago Bears / 5th / 163rd pick / 2020,2021,3.0,chicago-bears,CB,VildKi00,17.0,46.0,33.0,13.0,1.0,0.0,0.0,0.0,0.0,0,0.0,0.0,0.0,4.0,1.0,0.0,0.0,,,,,,,,,,,,,,,,,,,,,,,,,,,,,,,,,,,,,,,,,,,,,,,,,,,,,,,,,,,,,,,,,,,,,,,,,,,,,,4,,SR,27,Sun Belt,,2019,0,0,0,0,11,0,0,2,https://www.sports-reference.com/cfb/players/kindle-vildor-1.html,6,Kindle Vildor,CB,0.0,Georgia Southern,2026-04-01T19:37:13.788Z,23,season_totals,3.0
2020,2020.csv,Kindle Vildor,4036651,CB,Georgia Southern,College Stats,5-10,191.0,4.44,39.5,22.0,133.0,7.14,4.28,Chicago Bears / 5th / 163rd pick / 2020,2022,3.0,chicago-bears,CB,VildKi00,11.0,34.0,21.0,13.0,0.0,0.0,0.0,0.0,1.0,18,18.0,0.0,1.0,5.0,2.0,5.0,0.0,,,,,,,,,,,,,,,,,,,,,,,,,,,,,,,,,,,,,,,,,,,,,,,,,,,,,,,,,,,,,,,,,,,,,,,,,,,,,,4,,SR,27,Sun Belt,,2019,0,0,0,0,11,0,0,2,https://www.sports-reference.com/cfb/players/kindle-vildor-1.html,6,Kindle Vildor,CB,0.0,Georgia Southern,2026-04-01T19:37:13.788Z,23,season_totals,3.0
2020,2020.csv,Kindle Vildor,4036651,CB,Georgia Southern,College Stats,5-10,191.0,4.44,39.5,22.0,133.0,7.14,4.28,Chicago Bears / 5th / 163rd pick / 2020,2023,10.0,tennessee-titans,CB,VildKi00,2.0,1.0,1.0,0.0,0.0,0.0,0.0,0.0,0.0,0,0.0,0.0,0.0,0.0,0.0,0.0,0.0,,,,,,,,,,,,,,,,,,,,,,,,,,,,,,,,,,,,,,,,,,,,,,,,,,,,,,,,,,,,,,,,,,,,,,,,,,,,,,4,,SR,27,Sun Belt,,2019,0,0,0,0,11,0,0,2,https://www.sports-reference.com/cfb/players/kindle-vildor-1.html,6,Kindle Vildor,CB,0.0,Georgia Southern,2026-04-01T19:37:13.788Z,23,season_totals,3.0
2020,2020.csv,Kindle Vildor,4036651,CB,Georgia Southern,College Stats,5-10,191.0,4.44,39.5,22.0,133.0,7.14,4.28,Chicago Bears / 5th / 163rd pick / 2020,2023,8.0,detroit-lions,CB,VildKi00,5.0,10.0,9.0,1.0,0.0,1.0,0.0,0.0,0.0,0,0.0,0.0,0.0,2.0,2.0,5.0,0.0,,,,,,,,,,,,,,,,,,,,,,,,,,,,,,,,,,,,,,,,,,,,,,,,,,,,,,,,,,,,,,,,,,,,,,,,,,,,,,4,,SR,27,Sun Belt,,2019,0,0,0,0,11,0,0,2,https://www.sports-reference.com/cfb/players/kindle-vildor-1.html,6,Kindle Vildor,CB,0.0,Georgia Southern,2026-04-01T19:37:13.788Z,23,season_totals,3.0
2020,2020.csv,Kindle Vildor,4036651,CB,Georgia Southern,College Stats,5-10,191.0,4.44,39.5,22.0,133.0,7.14,4.28,Chicago Bears / 5th / 163rd pick / 2020,2023,,2023 Totals,CB,VildKi00,7.0,11.0,10.0,1.0,0.0,1.0,0.0,0.0,0.0,0,0.0,0.0,0.0,2.0,2.0,5.0,0.0,,,,,,,,,,,,,,,,,,,,,,,,,,,,,,,,,,,,,,,,,,,,,,,,,,,,,,,,,,,,,,,,,,,,,,,,,,,,,,4,,SR,27,Sun Belt,,2019,0,0,0,0,11,0,0,2,https://www.sports-reference.com/cfb/players/kindle-vildor-1.html,6,Kindle Vildor,CB,0.0,Georgia Southern,2026-04-01T19:37:13.788Z,23,season_totals,3.0
2020,2020.csv,Kindle Vildor,4036651,CB,Georgia Southern,College Stats,5-10,191.0,4.44,39.5,22.0,133.0,7.14,4.28,Chicago Bears / 5th / 163rd pick / 2020,2024,8.0,detroit-lions,CB,VildKi00,17.0,16.0,10.0,6.0,0.0,0.0,0.0,0.0,0.0,0,0.0,0.0,0.0,3.0,0.0,0.0,0.0,,,,,,,,,,,,,,,,,,,,,,,,,,,,,,,,,,,,,,,,,,,,,,,,,,,,,,,,,,,,,,,,,,,,,,,,,,,,,,4,,SR,27,Sun Belt,,2019,0,0,0,0,11,0,0,2,https://www.sports-reference.com/cfb/players/kindle-vildor-1.html,6,Kindle Vildor,CB,0.0,Georgia Southern,2026-04-01T19:37:13.788Z,23,season_totals,3.0
2020,2020.csv,Kindle Vildor,4036651,CB,Georgia Southern,College Stats,5-10,191.0,4.44,39.5,22.0,133.0,7.14,4.28,Chicago Bears / 5th / 163rd pick / 2020,2025,27.0,tampa-bay-buccaneers,CB,VildKi00,12.0,16.0,11.0,5.0,0.0,0.0,0.0,0.0,1.0,13,13.0,0.0,13.0,3.0,0.0,0.0,0.0,,,,,,,,,,,,,,,,,,,,,,,,,,,,,,,,,,,,,,,,,,,,,,,,,,,,,,,,,,,,,,,,,,,,,,,,,,,,,,4,,SR,27,Sun Belt,,2019,0,0,0,0,11,0,0,2,https://www.sports-reference.com/cfb/players/kindle-vildor-1.html,6,Kindle Vildor,CB,0.0,Georgia Southern,2026-04-01T19:37:13.788Z,23,season_totals,3.0
2020,2020.csv,Kindle Vildor,4036651,CB,Georgia Southern,College Stats,5-10,191.0,4.44,39.5,22.0,133.0,7.14,4.28,Chicago Bears / 5th / 163rd pick / 2020,-1,,,,VildKi00,80.0,140.0,98.0,42.0,1.0,1.0,0.0,0.0,2.0,31,15.5,0.0,13.0,18.0,5.0,10.0,0.0,,,,,,,,,,,,,,,,,,,,,,,,,,,,,,,,,,,,,,,,,,,,,,,,,,,,,,,,,,,,,,,,,,,,,,,,,,,,,,4,,SR,27,Sun Belt,,2019,0,0,0,0,11,0,0,2,https://www.sports-reference.com/cfb/players/kindle-vildor-1.html,6,Kindle Vildor,CB,0.0,Georgia Southern,2026-04-01T19:37:13.788Z,23,season_totals,3.0
2020,2020.csv,K'Von Wallace,4035463,S,Clemson,College Stats,5-11,206.0,4.53,38.0,18.0,133.0,6.76,4.15,Philadelphia Eagles / 4th / 127th pick / 2020,2020,21.0,philadelphia-eagles,S,WallKV00,15.0,21.0,15.0,6.0,0.0,0.0,1.0,0.0,0.0,0,0.0,0.0,0.0,0.0,0.0,0.0,0.0,,,,,,,,,,,,,,,,,,,,,,,,,,,,,,,,,,,,,,,,,,,,,,,,,,,,,,,,,,,,,,,,,,,,,,,,,,,,,,23,,SR,71,ACC,,2019,0,0,0,0,15,1,66,2,https://www.sports-reference.com/cfb/players/kvon-wallace-1.html,10,K'Von Wallace,DB/S,2.0,Clemson,2026-04-01T19:37:07.921Z,48,season_totals,3.0
2020,2020.csv,K'Von Wallace,4035463,S,Clemson,College Stats,5-11,206.0,4.53,38.0,18.0,133.0,6.76,4.15,Philadelphia Eagles / 4th / 127th pick / 2020,2021,21.0,philadelphia-eagles,S,WallKV00,13.0,15.0,12.0,3.0,0.0,0.0,0.0,0.0,0.0,0,0.0,0.0,0.0,0.0,1.0,0.0,1.0,,,,,,,,,,,,,,,,,,,,,,,,,,,,,,,,,,,,,,,,,,,,,,,,,,,,,,,,,,,,,,,,,,,,,,,,,,,,,,23,,SR,71,ACC,,2019,0,0,0,0,15,1,66,2,https://www.sports-reference.com/cfb/players/kvon-wallace-1.html,10,K'Von Wallace,DB/S,2.0,Clemson,2026-04-01T19:37:07.921Z,48,season_totals,3.0
2020,2020.csv,K'Von Wallace,4035463,S,Clemson,College Stats,5-11,206.0,4.53,38.0,18.0,133.0,6.76,4.15,Philadelphia Eagles / 4th / 127th pick / 2020,2022,21.0,philadelphia-eagles,S,WallKV00,17.0,28.0,21.0,7.0,0.0,0.0,0.0,0.0,0.0,0,0.0,0.0,0.0,2.0,1.0,2.0,0.0,,,,,,,,,,,,,,,,,,,,,,,,,,,,,,,,,,,,,,,,,,,,,,,,,,,,,,,,,,,,,,,,,,,,,,,,,,,,,,23,,SR,71,ACC,,2019,0,0,0,0,15,1,66,2,https://www.sports-reference.com/cfb/players/kvon-wallace-1.html,10,K'Von Wallace,DB/S,2.0,Clemson,2026-04-01T19:37:07.921Z,48,season_totals,3.0
2020,2020.csv,K'Von Wallace,4035463,S,Clemson,College Stats,5-11,206.0,4.53,38.0,18.0,133.0,6.76,4.15,Philadelphia Eagles / 4th / 127th pick / 2020,2023,22.0,arizona-cardinals,S,WallKV00,7.0,43.0,26.0,17.0,0.0,0.0,0.0,0.0,1.0,2,2.0,0.0,2.0,4.0,2.0,2.0,0.0,,,,,,,,,,,,,,,,,,,,,,,,,,,,,,,,,,,,,,,,,,,,,,,,,,,,,,,,,,,,,,,,,,,,,,,,,,,,,,23,,SR,71,ACC,,2019,0,0,0,0,15,1,66,2,https://www.sports-reference.com/cfb/players/kvon-wallace-1.html,10,K'Von Wallace,DB/S,2.0,Clemson,2026-04-01T19:37:07.921Z,48,season_totals,3.0
2020,2020.csv,K'Von Wallace,4035463,S,Clemson,College Stats,5-11,206.0,4.53,38.0,18.0,133.0,6.76,4.15,Philadelphia Eagles / 4th / 127th pick / 2020,2023,10.0,tennessee-titans,S,WallKV00,10.0,46.0,36.0,10.0,0.0,0.0,0.0,0.0,0.0,0,0.0,0.0,0.0,2.0,0.5,0.0,0.0,,,,,,,,,,,,,,,,,,,,,,,,,,,,,,,,,,,,,,,,,,,,,,,,,,,,,,,,,,,,,,,,,,,,,,,,,,,,,,23,,SR,71,ACC,,2019,0,0,0,0,15,1,66,2,https://www.sports-reference.com/cfb/players/kvon-wallace-1.html,10,K'Von Wallace,DB/S,2.0,Clemson,2026-04-01T19:37:07.921Z,48,season_totals,3.0
2020,2020.csv,K'Von Wallace,4035463,S,Clemson,College Stats,5-11,206.0,4.53,38.0,18.0,133.0,6.76,4.15,Philadelphia Eagles / 4th / 127th pick / 2020,2023,,2023 Totals,S,WallKV00,17.0,89.0,62.0,27.0,0.0,0.0,0.0,0.0,1.0,2,2.0,0.0,2.0,6.0,2.5,2.0,0.0,,,,,,,,,,,,,,,,,,,,,,,,,,,,,,,,,,,,,,,,,,,,,,,,,,,,,,,,,,,,,,,,,,,,,,,,,,,,,,23,,SR,71,ACC,,2019,0,0,0,0,15,1,66,2,https://www.sports-reference.com/cfb/players/kvon-wallace-1.html,10,K'Von Wallace,DB/S,2.0,Clemson,2026-04-01T19:37:07.921Z,48,season_totals,3.0
2020,2020.csv,K'Von Wallace,4035463,S,Clemson,College Stats,5-11,206.0,4.53,38.0,18.0,133.0,6.76,4.15,Philadelphia Eagles / 4th / 127th pick / 2020,2024,26.0,seattle-seahawks,S,WallKV00,9.0,15.0,9.0,6.0,0.0,1.0,0.0,0.0,0.0,0,0.0,0.0,0.0,0.0,0.0,0.0,0.0,,,,,,,,,,,,,,,,,,,,,,,,,,,,,,,,,,,,,,,,,,,,,,,,,,,,,,,,,,,,,,,,,,,,,,,,,,,,,,23,,SR,71,ACC,,2019,0,0,0,0,15,1,66,2,https://www.sports-reference.com/cfb/players/kvon-wallace-1.html,10,K'Von Wallace,DB/S,2.0,Clemson,2026-04-01T19:37:07.921Z,48,season_totals,3.0
2020,2020.csv,K'Von Wallace,4035463,S,Clemson,College Stats,5-11,206.0,4.53,38.0,18.0,133.0,6.76,4.15,Philadelphia Eagles / 4th / 127th pick / 2020,2025,34.0,houston-texans,S,WallKV00,3.0,9.0,7.0,2.0,0.0,0.0,0.0,0.0,0.0,0,0.0,0.0,0.0,0.0,2.0,6.0,0.0,,,,,,,,,,,,,,,,,,,,,,,,,,,,,,,,,,,,,,,,,,,,,,,,,,,,,,,,,,,,,,,,,,,,,,,,,,,,,,23,,SR,71,ACC,,2019,0,0,0,0,15,1,66,2,https://www.sports-reference.com/cfb/players/kvon-wallace-1.html,10,K'Von Wallace,DB/S,2.0,Clemson,2026-04-01T19:37:07.921Z,48,season_totals,3.0
2020,2020.csv,K'Von Wallace,4035463,S,Clemson,College Stats,5-11,206.0,4.53,38.0,18.0,133.0,6.76,4.15,Philadelphia Eagles / 4th / 127th pick / 2020,-1,,,,WallKV00,74.0,177.0,126.0,51.0,0.0,1.0,1.0,0.0,1.0,2,2.0,0.0,2.0,8.0,6.5,10.0,1.0,,,,,,,,,,,,,,,,,,,,,,,,,,,,,,,,,,,,,,,,,,,,,,,,,,,,,,,,,,,,,,,,,,,,,,,,,,,,,,23,,SR,71,ACC,,2019,0,0,0,0,15,1,66,2,https://www.sports-reference.com/cfb/players/kvon-wallace-1.html,10,K'Von Wallace,DB/S,2.0,Clemson,2026-04-01T19:37:07.921Z,48,season_totals,3.0
2021,2021.csv,Paulson Adebo,4242547,CB,Stanford,College Stats,6-1,198.0,4.45,36.5,18.0,121.0,6.69,4.13,New Orleans Saints / 3rd / 76th pick / 2021,2021,18.0,new-orleans-saints,CB,AdebPa00,17.0,66.0,55.0,11.0,0.0,0.0,0.0,0.0,3.0,50,16.7,0.0,1.0,8.0,2.0,7.0,0.0,,,,,,,,,,,,,,,,,,,,,,,,,,,,,,,,,,,,,,,,,,,,,,,,,,,,,,,,,,,,,,,,,,,,,,,,,,,,,,10,,JR,33,Pac-12,,2019,0,0,0,0,9,0,4,4,https://www.sports-reference.com/cfb/players/paulson-adebo-1.html,10,Paulson Adebo,CB,0.0,Stanford,2026-04-01T20:12:43.216Z,23,season_totals,0.0
2021,2021.csv,Paulson Adebo,4242547,CB,Stanford,College Stats,6-1,198.0,4.45,36.5,18.0,121.0,6.69,4.13,New Orleans Saints / 3rd / 76th pick / 2021,2022,18.0,new-orleans-saints,CB,AdebPa00,13.0,60.0,51.0,9.0,0.0,0.0,0.0,0.0,0.0,0,0.0,0.0,0.0,7.0,3.0,4.0,0.0,,,,,,,,,,,,,,,,,,,,,,,,,,,,,,,,,,,,,,,,,,,,,,,,,,,,,,,,,,,,,,,,,,,,,,,,,,,,,,10,,JR,33,Pac-12,,2019,0,0,0,0,9,0,4,4,https://www.sports-reference.com/cfb/players/paulson-adebo-1.html,10,Paulson Adebo,CB,0.0,Stanford,2026-04-01T20:12:43.216Z,23,season_totals,0.0
2021,2021.csv,Paulson Adebo,4242547,CB,Stanford,College Stats,6-1,198.0,4.45,36.5,18.0,121.0,6.69,4.13,New Orleans Saints / 3rd / 76th pick / 2021,2023,18.0,new-orleans-saints,CB,AdebPa00,15.0,76.0,60.0,16.0,0.0,2.0,2.0,0.0,4.0,32,8.0,0.0,27.0,18.0,3.0,0.0,0.0,,,,,,,,,,,,,,,,,,,,,,,,,,,,,,,,,,,,,,,,,,,,,,,,,,,,,,,,,,,,,,,,,,,,,,,,,,,,,,10,,JR,33,Pac-12,,2019,0,0,0,0,9,0,4,4,https://www.sports-reference.com/cfb/players/paulson-adebo-1.html,10,Paulson Adebo,CB,0.0,Stanford,2026-04-01T20:12:43.216Z,23,season_totals,0.0
2021,2021.csv,Paulson Adebo,4242547,CB,Stanford,College Stats,6-1,198.0,4.45,36.5,18.0,121.0,6.69,4.13,New Orleans Saints / 3rd / 76th pick / 2021,2024,18.0,new-orleans-saints,CB,AdebPa00,7.0,52.0,43.0,9.0,0.0,0.0,0.0,0.0,3.0,68,22.7,0.0,47.0,10.0,0.0,4.0,0.0,,,,,,,,,,,,,,,,,,,,,,,,,,,,,,,,,,,,,,,,,,,,,,,,,,,,,,,,,,,,,,,,,,,,,,,,,,,,,,10,,JR,33,Pac-12,,2019,0,0,0,0,9,0,4,4,https://www.sports-reference.com/cfb/players/paulson-adebo-1.html,10,Paulson Adebo,CB,0.0,Stanford,2026-04-01T20:12:43.216Z,23,season_totals,0.0
2021,2021.csv,Paulson Adebo,4242547,CB,Stanford,College Stats,6-1,198.0,4.45,36.5,18.0,121.0,6.69,4.13,New Orleans Saints / 3rd / 76th pick / 2021,2025,19.0,new-york-giants,CB,AdebPa00,12.0,73.0,56.0,17.0,0.0,0.0,0.0,0.0,1.0,0,0.0,0.0,0.0,8.0,0.0,1.0,0.0,,,,,,,,,,,,,,,,,,,,,,,,,,,,,,,,,,,,,,,,,,,,,,,,,,,,,,,,,,,,,,,,,,,,,,,,,,,,,,10,,JR,33,Pac-12,,2019,0,0,0,0,9,0,4,4,https://www.sports-reference.com/cfb/players/paulson-adebo-1.html,10,Paulson Adebo,CB,0.0,Stanford,2026-04-01T20:12:43.216Z,23,season_totals,0.0
2021,2021.csv,Paulson Adebo,4242547,CB,Stanford,College Stats,6-1,198.0,4.45,36.5,18.0,121.0,6.69,4.13,New Orleans Saints / 3rd / 76th pick / 2021,-1,,,,AdebPa00,64.0,327.0,265.0,62.0,0.0,2.0,2.0,0.0,11.0,150,13.6,0.0,47.0,51.0,8.0,16.0,0.0,,,,,,,,,,,,,,,,,,,,,,,,,,,,,,,,,,,,,,,,,,,,,,,,,,,,,,,,,,,,,,,,,,,,,,,,,,,,,,10,,JR,33,Pac-12,,2019,0,0,0,0,9,0,4,4,https://www.sports-reference.com/cfb/players/paulson-adebo-1.html,10,Paulson Adebo,CB,0.0,Stanford,2026-04-01T20:12:43.216Z,23,season_totals,0.0
2021,2021.csv,Joshuah Bledsoe,4241199,S,Missouri,College Stats,,,,,,,,,New England Patriots / 6th / 188th pick / 2021,2022,17.0,new-england-patriots,S,BledJo00,3.0,1.0,0.0,1.0,0.0,0.0,0.0,0.0,0.0,0,0.0,0.0,0.0,0.0,0.0,0.0,0.0,,,,,,,,,,,,,,,,,,,,,,,,,,,,,,,,,,,,,,,,,,,,,,,,,,,,,,,,,,,,,,,,,,,,,,,,,,,,,,13,,SR,41,SEC,,2020,1,1,0,0,10,0,0,1,https://www.sports-reference.com/cfb/players/joshuah-bledsoe-1.html,6,Joshuah Bledsoe,S,0.0,Missouri,2026-04-01T19:40:46.147Z,28,season_totals,2.5
2021,2021.csv,Joshuah Bledsoe,4241199,S,Missouri,College Stats,,,,,,,,,New England Patriots / 6th / 188th pick / 2021,-1,,,,BledJo00,3.0,1.0,0.0,1.0,0.0,0.0,0.0,0.0,0.0,0,0.0,0.0,0.0,0.0,0.0,0.0,0.0,,,,,,,,,,,,,,,,,,,,,,,,,,,,,,,,,,,,,,,,,,,,,,,,,,,,,,,,,,,,,,,,,,,,,,,,,,,,,,13,,SR,41,SEC,,2020,1,1,0,0,10,0,0,1,https://www.sports-reference.com/cfb/players/joshuah-bledsoe-1.html,6,Joshuah Bledsoe,S,0.0,Missouri,2026-04-01T19:40:46.147Z,28,season_totals,2.5
2021,2021.csv,Brady Breeze,4038944,S,Oregon,College Stats,5-11,197.0,4.55,38.0,20.0,120.0,7.05,4.22,Tennessee Titans / 6th / 215th pick / 2021,2021,8.0,detroit-lions,S,BreeBr00,4.0,6.0,5.0,1.0,0.0,0.0,0.0,0.0,0.0,0,0.0,0.0,0.0,0.0,0.0,0.0,0.0,,,,,,,,,,,,,,,,,,,,,,,,,,,,,,,,,,,,,,,,,,,,,,,,,,,,,,,,,,,,,,,,,,,,,,,,,,,,,,19,,JR,62,Pac-12,,2019,1,4,2,45,14,1,32,2,https://www.sports-reference.com/cfb/players/brady-breeze-1.html,3,Brady Breeze,DB/S,0.0,Oregon,2026-04-01T20:11:55.109Z,43,season_totals,0.0
2021,2021.csv,Brady Breeze,4038944,S,Oregon,College Stats,5-11,197.0,4.55,38.0,20.0,120.0,7.05,4.22,Tennessee Titans / 6th / 215th pick / 2021,-1,,,,BreeBr00,4.0,6.0,5.0,1.0,0.0,0.0,0.0,0.0,0.0,0,0.0,0.0,0.0,0.0,0.0,0.0,0.0,,,,,,,,,,,,,,,,,,,,,,,,,,,,,,,,,,,,,,,,,,,,,,,,,,,,,,,,,,,,,,,,,,,,,,,,,,,,,,19,,JR,62,Pac-12,,2019,1,4,2,45,14,1,32,2,https://www.sports-reference.com/cfb/players/brady-breeze-1.html,3,Brady Breeze,DB/S,0.0,Oregon,2026-04-01T20:11:55.109Z,43,season_totals,0.0
2021,2021.csv,Tre Brown,4241373,CB,Oklahoma,College Stats,5-9,185.0,4.42,38.0,13.0,123.0,7.11,4.27,Seattle Seahawks / 4th / 137th pick / 2021,2021,26.0,seattle-seahawks,CB,BrowTr03,5.0,10.0,9.0,1.0,0.0,0.0,0.0,0.0,0.0,0,0.0,0.0,0.0,1.0,0.0,0.0,0.0,,,,,,,,,,,,,,,,,,,,,,,,,,,,,,,,,,,,,,,,,,,,,,,,,,,,,,,,,,,,,,,,,,,,,,,,,,,,,,4,,SR,5,SEC,,2018,0,0,0,0,13,0,0,0,https://www.sports-reference.com/cfb/players/tre-brown-1.html,0,Tre Brown,DL/DT,0.0,Mississippi State,2026-04-01T19:42:15.034Z,1,season_totals,0.0
2021,2021.csv,Tre Brown,4241373,CB,Oklahoma,College Stats,5-9,185.0,4.42,38.0,13.0,123.0,7.11,4.27,Seattle Seahawks / 4th / 137th pick / 2021,2022,26.0,seattle-seahawks,CB,BrowTr03,6.0,4.0,4.0,0.0,0.0,0.0,0.0,0.0,0.0,0,0.0,0.0,0.0,0.0,0.0,0.0,0.0,,,,,,,,,,,,,,,,,,,,,,,,,,,,,,,,,,,,,,,,,,,,,,,,,,,,,,,,,,,,,,,,,,,,,,,,,,,,,,4,,SR,5,SEC,,2018,0,0,0,0,13,0,0,0,https://www.sports-reference.com/cfb/players/tre-brown-1.html,0,Tre Brown,DL/DT,0.0,Mississippi State,2026-04-01T19:42:15.034Z,1,season_totals,0.0
2021,2021.csv,Tre Brown,4241373,CB,Oklahoma,College Stats,5-9,185.0,4.42,38.0,13.0,123.0,7.11,4.27,Seattle Seahawks / 4th / 137th pick / 2021,2023,26.0,seattle-seahawks,CB,BrowTr03,15.0,34.0,29.0,5.0,1.0,2.0,0.0,0.0,2.0,40,20.0,1.0,40.0,6.0,1.0,3.0,0.0,15,0.0,0.0,0.0,1.0,1.0,0.0,0.0,0.0,6.0,,,,,,,,,,,,,,,,,,,,,,,,,,,,,,,,,,,,,,,,,,,,,,,,,,,,,,,,,,,,,,,,,,,,4,,SR,5,SEC,,2018,0,0,0,0,13,0,0,0,https://www.sports-reference.com/cfb/players/tre-brown-1.html,0,Tre Brown,DL/DT,0.0,Mississippi State,2026-04-01T19:42:15.034Z,1,season_totals,0.0
2021,2021.csv,Tre Brown,4241373,CB,Oklahoma,College Stats,5-9,185.0,4.42,38.0,13.0,123.0,7.11,4.27,Seattle Seahawks / 4th / 137th pick / 2021,2024,26.0,seattle-seahawks,CB,BrowTr03,13.0,26.0,21.0,5.0,0.0,0.0,0.0,0.0,0.0,0,0.0,0.0,0.0,1.0,1.0,0.0,0.0,,,,,,,,,,,,,,,,,,,,,,,,,,,,,,,,,,,,,,,,,,,,,,,,,,,,,,,,,,,,,,,,,,,,,,,,,,,,,,4,,SR,5,SEC,,2018,0,0,0,0,13,0,0,0,https://www.sports-reference.com/cfb/players/tre-brown-1.html,0,Tre Brown,DL/DT,0.0,Mississippi State,2026-04-01T19:42:15.034Z,1,season_totals,0.0
2021,2021.csv,Tre Brown,4241373,CB,Oklahoma,College Stats,5-9,185.0,4.42,38.0,13.0,123.0,7.11,4.27,Seattle Seahawks / 4th / 137th pick / 2021,2025,20.0,new-york-jets,CB,BrowTr03,5.0,8.0,4.0,4.0,0.0,0.0,0.0,0.0,0.0,0,0.0,0.0,0.0,0.0,0.5,0.0,0.0,,,,,,,,,,,,,,,,,,,,,,,,,,,,,,,,,,,,,,,,,,,,,,,,,,,,,,,,,,,,,,,,,,,,,,,,,,,,,,4,,SR,5,SEC,,2018,0,0,0,0,13,0,0,0,https://www.sports-reference.com/cfb/players/tre-brown-1.html,0,Tre Brown,DL/DT,0.0,Mississippi State,2026-04-01T19:42:15.034Z,1,season_totals,0.0
2021,2021.csv,Tre Brown,4241373,CB,Oklahoma,College Stats,5-9,185.0,4.42,38.0,13.0,123.0,7.11,4.27,Seattle Seahawks / 4th / 137th pick / 2021,-1,,,,BrowTr03,44.0,82.0,67.0,15.0,1.0,2.0,0.0,0.0,2.0,40,20.0,1.0,40.0,8.0,2.5,3.0,0.0,44,0.0,0.0,0.0,1.0,1.0,0.0,0.0,0.0,6.0,,,,,,,,,,,,,,,,,,,,,,,,,,,,,,,,,,,,,,,,,,,,,,,,,,,,,,,,,,,,,,,,,,,,4,,SR,5,SEC,,2018,0,0,0,0,13,0,0,0,https://www.sports-reference.com/cfb/players/tre-brown-1.html,0,Tre Brown,DL/DT,0.0,Mississippi State,2026-04-01T19:42:15.034Z,1,season_totals,0.0
2021,2021.csv,Tyson Campbell,4379397,DB,Georgia,College Stats,6-1,193.0,4.4,34.5,12.0,124.0,7.15,4.45,Jacksonville Jaguars / 2nd / 33rd pick / 2021,2021,30.0,jacksonville-jaguars,CB,CampTy01,15.0,73.0,49.0,24.0,0.0,0.0,0.0,0.0,2.0,3,1.5,0.0,1.0,10.0,3.0,4.0,0.0,,,,,,,,,,,,,,,,,,,,,,,,,,,,,,,,,,,,,,,,,,,,,,,,,,,,,,,,,,,,,,,,,,,,,,,,,,,,,,8,,JR,29,SEC,,2020,0,0,0,0,10,0,40,1,https://www.sports-reference.com/cfb/players/tyson-campbell-1.html,5,Tyson Campbell,DB,0.0,Georgia,2026-04-01T19:42:37.938Z,21,season_totals,3.0
2021,2021.csv,Tyson Campbell,4379397,DB,Georgia,College Stats,6-1,193.0,4.4,34.5,12.0,124.0,7.15,4.45,Jacksonville Jaguars / 2nd / 33rd pick / 2021,2022,30.0,jacksonville-jaguars,CB,CampTy01,17.0,70.0,55.0,15.0,0.0,1.0,2.0,12.0,3.0,32,10.7,0.0,1.0,15.0,3.0,15.0,0.0,17,0.0,0.0,0.0,1.0,1.0,0.0,0.0,0.0,6.0,,,,,,,,,,,,,,,,,,,,,,,,,,,,,,,,,,,,,,,,,,,,,,,,,,,,,,,,,,,,,,,,,,,,8,,JR,29,SEC,,2020,0,0,0,0,10,0,40,1,https://www.sports-reference.com/cfb/players/tyson-campbell-1.html,5,Tyson Campbell,DB,0.0,Georgia,2026-04-01T19:42:37.938Z,21,season_totals,3.0
2021,2021.csv,Tyson Campbell,4379397,DB,Georgia,College Stats,6-1,193.0,4.4,34.5,12.0,124.0,7.15,4.45,Jacksonville Jaguars / 2nd / 33rd pick / 2021,2023,30.0,jacksonville-jaguars,CB,CampTy01,11.0,61.0,42.0,19.0,0.0,1.0,0.0,0.0,1.0,0,0.0,0.0,0.0,5.0,3.0,7.0,0.0,,,,,,,,,,,,,,,,,,,,,,,,,,,,,,,,,,,,,,,,,,,,,,,,,,,,,,,,,,,,,,,,,,,,,,,,,,,,,,8,,JR,29,SEC,,2020,0,0,0,0,10,0,40,1,https://www.sports-reference.com/cfb/players/tyson-campbell-1.html,5,Tyson Campbell,DB,0.0,Georgia,2026-04-01T19:42:37.938Z,21,season_totals,3.0
2021,2021.csv,Tyson Campbell,4379397,DB,Georgia,College Stats,6-1,193.0,4.4,34.5,12.0,124.0,7.15,4.45,Jacksonville Jaguars / 2nd / 33rd pick / 2021,2024,30.0,jacksonville-jaguars,CB,CampTy01,12.0,59.0,42.0,17.0,0.0,0.0,0.0,0.0,0.0,0,0.0,0.0,0.0,6.0,3.5,6.0,0.0,,,,,,,,,,,,,,,,,,,,,,,,,,,,,,,,,,,,,,,,,,,,,,,,,,,,,,,,,,,,,,,,,,,,,,,,,,,,,,8,,JR,29,SEC,,2020,0,0,0,0,10,0,40,1,https://www.sports-reference.com/cfb/players/tyson-campbell-1.html,5,Tyson Campbell,DB,0.0,Georgia,2026-04-01T19:42:37.938Z,21,season_totals,3.0
2021,2021.csv,Tyson Campbell,4379397,DB,Georgia,College Stats,6-1,193.0,4.4,34.5,12.0,124.0,7.15,4.45,Jacksonville Jaguars / 2nd / 33rd pick / 2021,2025,30.0,jacksonville-jaguars,CB,CampTy01,5.0,34.0,22.0,12.0,0.0,1.0,0.0,0.0,0.0,0,0.0,0.0,0.0,6.0,1.5,1.0,0.0,,,,,,,,,,,,,,,,,,,,,,,,,,,,,,,,,,,,,,,,,,,,,,,,,,,,,,,,,,,,,,,,,,,,,,,,,,,,,,8,,JR,29,SEC,,2020,0,0,0,0,10,0,40,1,https://www.sports-reference.com/cfb/players/tyson-campbell-1.html,5,Tyson Campbell,DB,0.0,Georgia,2026-04-01T19:42:37.938Z,21,season_totals,3.0
2021,2021.csv,Tyson Campbell,4379397,DB,Georgia,College Stats,6-1,193.0,4.4,34.5,12.0,124.0,7.15,4.45,Jacksonville Jaguars / 2nd / 33rd pick / 2021,2025,5.0,cleveland-browns,CB,CampTy01,12.0,53.0,32.0,21.0,0.0,1.0,0.0,0.0,1.0,34,34.0,1.0,34.0,12.0,0.5,4.0,0.0,,,,,,,,,,,,,,,,,,,,,,,,,,,,,,,,,,,,,,,,,,,,,,,,,,,,,,,,,,,,,,,,,,,,,,,,,,,,,,8,,JR,29,SEC,,2020,0,0,0,0,10,0,40,1,https://www.sports-reference.com/cfb/players/tyson-campbell-1.html,5,Tyson Campbell,DB,0.0,Georgia,2026-04-01T19:42:37.938Z,21,season_totals,3.0
2021,2021.csv,Tyson Campbell,4379397,DB,Georgia,College Stats,6-1,193.0,4.4,34.5,12.0,124.0,7.15,4.45,Jacksonville Jaguars / 2nd / 33rd pick / 2021,2025,,2025 Totals,CB,CampTy01,17.0,87.0,54.0,33.0,0.0,2.0,0.0,0.0,1.0,34,34.0,1.0,34.0,18.0,2.0,5.0,0.0,,,,,,,,,,,,,,,,,,,,,,,,,,,,,,,,,,,,,,,,,,,,,,,,,,,,,,,,,,,,,,,,,,,,,,,,,,,,,,8,,JR,29,SEC,,2020,0,0,0,0,10,0,40,1,https://www.sports-reference.com/cfb/players/tyson-campbell-1.html,5,Tyson Campbell,DB,0.0,Georgia,2026-04-01T19:42:37.938Z,21,season_totals,3.0
2021,2021.csv,Tyson Campbell,4379397,DB,Georgia,College Stats,6-1,193.0,4.4,34.5,12.0,124.0,7.15,4.45,Jacksonville Jaguars / 2nd / 33rd pick / 2021,-1,,,,CampTy01,72.0,350.0,242.0,108.0,0.0,4.0,2.0,12.0,7.0,69,9.9,1.0,34.0,54.0,14.5,37.0,0.0,72,0.0,0.0,0.0,1.0,1.0,0.0,0.0,0.0,6.0,,,,,,,,,,,,,,,,,,,,,,,,,,,,,,,,,,,,,,,,,,,,,,,,,,,,,,,,,,,,,,,,,,,,8,,JR,29,SEC,,2020,0,0,0,0,10,0,40,1,https://www.sports-reference.com/cfb/players/tyson-campbell-1.html,5,Tyson Campbell,DB,0.0,Georgia,2026-04-01T19:42:37.938Z,21,season_totals,3.0
2021,2021.csv,Andre Cisco,4361939,DB,Syracuse,College Stats,,,,,17.0,,,,Jacksonville Jaguars / 3rd / 65th pick / 2021,2021,30.0,jacksonville-jaguars,S,CiscAn00,17.0,26.0,19.0,7.0,0.0,2.0,0.0,0.0,0.0,0,0.0,0.0,0.0,2.0,0.0,0.0,0.0,,,,,,,,,,,,,,,,,,,,,,,,,,,,,,,,,,,,,,,,,,,,,,,,,,,,,,,,,,,,,,,,,,,,,,,,,,,,,,4,,JR,11,ACC,,2020,0,0,0,0,2,0,29,1,https://www.sports-reference.com/cfb/players/andre-cisco-1.html,0,Andre Cisco,DB,0.0,Syracuse,2026-04-01T19:38:34.748Z,7,season_totals,0.5
2021,2021.csv,Andre Cisco,4361939,DB,Syracuse,College Stats,,,,,17.0,,,,Jacksonville Jaguars / 3rd / 65th pick / 2021,2022,30.0,jacksonville-jaguars,S,CiscAn00,15.0,73.0,49.0,24.0,1.0,0.0,0.0,0.0,3.0,72,24.0,1.0,1.0,10.0,0.5,0.0,0.0,15,0.0,0.0,0.0,1.0,1.0,0.0,0.0,0.0,6.0,,,,,,,,,,,,,,,,,,,,,,,,,,,,,,,,,,,,,,,,,,,,,,,,,,,,,,,,,,,,,,,,,,,,4,,JR,11,ACC,,2020,0,0,0,0,2,0,29,1,https://www.sports-reference.com/cfb/players/andre-cisco-1.html,0,Andre Cisco,DB,0.0,Syracuse,2026-04-01T19:38:34.748Z,7,season_totals,0.5
2021,2021.csv,Andre Cisco,4361939,DB,Syracuse,College Stats,,,,,17.0,,,,Jacksonville Jaguars / 3rd / 65th pick / 2021,2023,30.0,jacksonville-jaguars,S,CiscAn00,15.0,62.0,42.0,20.0,0.5,1.0,0.0,0.0,4.0,68,17.0,0.0,29.0,5.0,1.5,1.0,0.0,,,,,,,,,,,,,,,,,,,,,,,,,,,,,,,,,,,,,,,,,15.0,0,0,0.0,0,0.0,0,0,0,0,39.6,-,,,,,,,,,,,,,,,,,,,,,,,,,,4,,JR,11,ACC,,2020,0,0,0,0,2,0,29,1,https://www.sports-reference.com/cfb/players/andre-cisco-1.html,0,Andre Cisco,DB,0.0,Syracuse,2026-04-01T19:38:34.748Z,7,season_totals,0.5
2021,2021.csv,Andre Cisco,4361939,DB,Syracuse,College Stats,,,,,17.0,,,,Jacksonville Jaguars / 3rd / 65th pick / 2021,2024,30.0,jacksonville-jaguars,S,CiscAn00,16.0,68.0,44.0,24.0,0.0,0.0,0.0,0.0,1.0,22,22.0,0.0,22.0,7.0,2.0,3.0,0.0,,,,,,,,,,,,,,,,,,,,,,,,,,,,,,,,,,,,,,,,,,,,,,,,,,,,,,,,,,,,,,,,,,,,,,,,,,,,,,4,,JR,11,ACC,,2020,0,0,0,0,2,0,29,1,https://www.sports-reference.com/cfb/players/andre-cisco-1.html,0,Andre Cisco,DB,0.0,Syracuse,2026-04-01T19:38:34.748Z,7,season_totals,0.5
2021,2021.csv,Andre Cisco,4361939,DB,Syracuse,College Stats,,,,,17.0,,,,Jacksonville Jaguars / 3rd / 65th pick / 2021,2025,20.0,new-york-jets,S,CiscAn00,8.0,41.0,26.0,15.0,0.0,0.0,1.0,0.0,0.0,0,0.0,0.0,0.0,1.0,2.5,1.0,0.0,,,,,,,,,,,,,,,,,,,,,,,,,,,,,,,,,,,,,,,,,,,,,,,,,,,,,,,,,,,,,,,,,,,,,,,,,,,,,,4,,JR,11,ACC,,2020,0,0,0,0,2,0,29,1,https://www.sports-reference.com/cfb/players/andre-cisco-1.html,0,Andre Cisco,DB,0.0,Syracuse,2026-04-01T19:38:34.748Z,7,season_totals,0.5
2021,2021.csv,Andre Cisco,4361939,DB,Syracuse,College Stats,,,,,17.0,,,,Jacksonville Jaguars / 3rd / 65th pick / 2021,-1,,,,CiscAn00,71.0,270.0,180.0,90.0,1.5,3.0,1.0,0.0,8.0,162,20.3,1.0,29.0,25.0,6.5,5.0,0.0,71,0.0,0.0,0.0,1.0,1.0,0.0,0.0,0.0,6.0,,,,,,,,,,,,,,,,,,,,,,,,,,,,,,,71.0,0,0,0.0,0,0.0,0,0,0,0,0.0,-,,,,,,,,,,,,,,,,,,,,,,,,,,4,,JR,11,ACC,,2020,0,0,0,0,2,0,29,1,https://www.sports-reference.com/cfb/players/andre-cisco-1.html,0,Andre Cisco,DB,0.0,Syracuse,2026-04-01T19:38:34.748Z,7,season_totals,0.5
2021,2021.csv,Shawn Davis,4240602,DB,Florida,College Stats,5-10,202.0,,39.5,17.0,128.0,,,Indianapolis Colts / 5th / 165th pick / 2021,2021,9.0,green-bay-packers,S,DaviSh02,1.0,1.0,0.0,1.0,0.0,0.0,0.0,0.0,0.0,0,0.0,0.0,0.0,0.0,0.0,0.0,0.0,,,,,,,,,,,,,,,,,,,,,,,,,,,,,,,,,,,,,,,,,,,,,,,,,,,,,,,,,,,,,,,,,,,,,,,,,,,,,,16,,SR,40,SEC,,2020,1,0,0,0,7,0,45,2,https://www.sports-reference.com/cfb/players/shawn-davis-3.html,1,Shawn Davis,DB,0.0,Florida,2026-04-01T20:04:52.310Z,24,season_totals,2.0
2021,2021.csv,Shawn Davis,4240602,DB,Florida,College Stats,5-10,202.0,,39.5,17.0,128.0,,,Indianapolis Colts / 5th / 165th pick / 2021,-1,,,,DaviSh02,1.0,1.0,0.0,1.0,0.0,0.0,0.0,0.0,0.0,0,0.0,0.0,0.0,0.0,0.0,0.0,0.0,,,,,,,,,,,,,,,,,,,,,,,,,,,,,,,,,,,,,,,,,,,,,,,,,,,,,,,,,,,,,,,,,,,,,,,,,,,,,,16,,SR,40,SEC,,2020,1,0,0,0,7,0,45,2,https://www.sports-reference.com/cfb/players/shawn-davis-3.html,1,Shawn Davis,DB,0.0,Florida,2026-04-01T20:04:52.310Z,24,season_totals,2.0
2021,2021.csv,Divine Deablo,4037626,DB,Virginia Tech,College Stats,6-3,226.0,4.42,34.0,19.0,126.0,7.12,4.4,Las Vegas Raiders / 3rd / 80th pick / 2021,2021,13.0,las-vegas-raiders,LB,DeabDi00,17.0,45.0,28.0,17.0,0.0,0.0,1.0,0.0,0.0,0,0.0,0.0,0.0,1.0,3.0,1.0,0.0,,,,,,,,,,,,,,,,,,,,,,,,,,,,,,,,,,,,,,,,,,,,,,,,,,,,,,,,,,,,,,,,,,,,,,,,,,,,,,23,,SR,55,ACC,,2020,1,0,0,0,9,0,5,4,https://www.sports-reference.com/cfb/players/divine-deablo-1.html,4,Divine Deablo,WR/DB,0.0,Virginia Tech,2026-04-01T19:39:29.154Z,32,season_totals,2.0
2021,2021.csv,Divine Deablo,4037626,DB,Virginia Tech,College Stats,6-3,226.0,4.42,34.0,19.0,126.0,7.12,4.4,Las Vegas Raiders / 3rd / 80th pick / 2021,2022,13.0,las-vegas-raiders,LB,DeabDi00,8.0,74.0,38.0,36.0,0.0,0.0,0.0,0.0,0.0,0,0.0,0.0,0.0,1.0,4.0,4.0,0.0,,,,,,,,,,,,,,,,,,,,,,,,,,,,,,,,,,,,,,,,,,,,,,,,,,,,,,,,,,,,,,,,,,,,,,,,,,,,,,23,,SR,55,ACC,,2020,1,0,0,0,9,0,5,4,https://www.sports-reference.com/cfb/players/divine-deablo-1.html,4,Divine Deablo,WR/DB,0.0,Virginia Tech,2026-04-01T19:39:29.154Z,32,season_totals,2.0
2021,2021.csv,Divine Deablo,4037626,DB,Virginia Tech,College Stats,6-3,226.0,4.42,34.0,19.0,126.0,7.12,4.4,Las Vegas Raiders / 3rd / 80th pick / 2021,2023,13.0,las-vegas-raiders,LB,DeabDi00,15.0,106.0,65.0,41.0,1.0,0.0,1.0,0.0,0.0,0,0.0,0.0,0.0,2.0,6.0,13.0,0.0,,,,,,,,,,,,,,,,,,,,,,,,,,,,,,,,,,,,,,,,,,,,,,,,,,,,,,,,,,,,,,,,,,,,,,,,,,,,,,23,,SR,55,ACC,,2020,1,0,0,0,9,0,5,4,https://www.sports-reference.com/cfb/players/divine-deablo-1.html,4,Divine Deablo,WR/DB,0.0,Virginia Tech,2026-04-01T19:39:29.154Z,32,season_totals,2.0
2021,2021.csv,Divine Deablo,4037626,DB,Virginia Tech,College Stats,6-3,226.0,4.42,34.0,19.0,126.0,7.12,4.4,Las Vegas Raiders / 3rd / 80th pick / 2021,2024,13.0,las-vegas-raiders,LB,DeabDi00,14.0,63.0,35.0,28.0,1.0,0.0,0.0,0.0,0.0,0,0.0,0.0,0.0,2.0,2.0,7.0,0.0,,,,,,,,,,,,,,,,,,,,14.0,1.0,1.0,34,34.0,0.0,34.0,1.0,0.0,0.0,,,,,,,,,,,,14.0,0,0,0.0,0,0.0,0,0,0,0,39.6,-,,,,,,,,,,,,,,,,,,,,,,,,,,23,,SR,55,ACC,,2020,1,0,0,0,9,0,5,4,https://www.sports-reference.com/cfb/players/divine-deablo-1.html,4,Divine Deablo,WR/DB,0.0,Virginia Tech,2026-04-01T19:39:29.154Z,32,season_totals,2.0
2021,2021.csv,Divine Deablo,4037626,DB,Virginia Tech,College Stats,6-3,226.0,4.42,34.0,19.0,126.0,7.12,4.4,Las Vegas Raiders / 3rd / 80th pick / 2021,2025,1.0,atlanta-falcons,LB,DeabDi00,13.0,73.0,38.0,35.0,1.0,0.0,1.0,0.0,0.0,0,0.0,0.0,0.0,7.0,6.5,8.0,0.0,,,,,,,,,,,,,,,,,,,,,,,,,,,,,,,,,,,,,,,,,,,,,,,,,,,,,,,,,,,,,,,,,,,,,,,,,,,,,,23,,SR,55,ACC,,2020,1,0,0,0,9,0,5,4,https://www.sports-reference.com/cfb/players/divine-deablo-1.html,4,Divine Deablo,WR/DB,0.0,Virginia Tech,2026-04-01T19:39:29.154Z,32,season_totals,2.0
2021,2021.csv,Divine Deablo,4037626,DB,Virginia Tech,College Stats,6-3,226.0,4.42,34.0,19.0,126.0,7.12,4.4,Las Vegas Raiders / 3rd / 80th pick / 2021,-1,,,,DeabDi00,67.0,361.0,204.0,157.0,3.0,0.0,3.0,0.0,0.0,0,0.0,0.0,0.0,13.0,21.5,33.0,0.0,,,,,,,,,,,,,,,,,,,,67.0,1.0,1.0,34,34.0,0.0,34.0,1.0,0.0,0.0,,,,,,,,,,,,67.0,0,0,0.0,0,0.0,0,0,0,0,0.0,-,,,,,,,,,,,,,,,,,,,,,,,,,,23,,SR,55,ACC,,2020,1,0,0,0,9,0,5,4,https://www.sports-reference.com/cfb/players/divine-deablo-1.html,4,Divine Deablo,WR/DB,0.0,Virginia Tech,2026-04-01T19:39:29.154Z,32,season_totals,2.0
2021,2021.csv,Darrick Forrest,4239088,S,Cincinnati,College Stats,5-11,206.0,4.42,39.0,21.0,132.0,6.91,4.23,Washington Football Team / 5th / 163rd pick / 2021,2021,28.0,washington,S,ForrDa00,8.0,7.0,4.0,3.0,0.0,0.0,0.0,0.0,0.0,0,0.0,0.0,0.0,0.0,0.0,0.0,0.0,,,,,,,,,,,,,,,,,,,,,,,,,,,,,,,,,,,,,,,,,,,,,,,,,,,,,,,,,,,,,,,,,,,,,,,,,,,,,,9,,SR,40,American,,2020,0,0,0,0,10,0,22,2,https://www.sports-reference.com/cfb/players/darrick-forrest-1.html,1,Darrick Forrest,S,0.0,Cincinnati,2026-04-01T19:39:16.785Z,31,season_totals,1.0
2021,2021.csv,Darrick Forrest,4239088,S,Cincinnati,College Stats,5-11,206.0,4.42,39.0,21.0,132.0,6.91,4.23,Washington Football Team / 5th / 163rd pick / 2021,2022,28.0,washington-commanders,S,ForrDa00,17.0,88.0,56.0,32.0,0.0,2.0,1.0,12.0,4.0,1,0.3,0.0,1.0,9.0,0.0,7.0,0.0,,,,,,,,,,,,,,,,,,,,,,,,,,,,,,,,,,,,,,,,,,,,,,,,,,,,,,,,,,,,,,,,,,,,,,,,,,,,,,9,,SR,40,American,,2020,0,0,0,0,10,0,22,2,https://www.sports-reference.com/cfb/players/darrick-forrest-1.html,1,Darrick Forrest,S,0.0,Cincinnati,2026-04-01T19:39:16.785Z,31,season_totals,1.0
2021,2021.csv,Darrick Forrest,4239088,S,Cincinnati,College Stats,5-11,206.0,4.42,39.0,21.0,132.0,6.91,4.23,Washington Football Team / 5th / 163rd pick / 2021,2023,28.0,washington-commanders,S,ForrDa00,5.0,29.0,18.0,11.0,0.0,0.0,0.0,0.0,0.0,0,0.0,0.0,0.0,0.0,0.0,0.0,0.0,,,,,,,,,,,,,,,,,,,,,,,,,,,,,,,,,,,,,,,,,,,,,,,,,,,,,,,,,,,,,,,,,,,,,,,,,,,,,,9,,SR,40,American,,2020,0,0,0,0,10,0,22,2,https://www.sports-reference.com/cfb/players/darrick-forrest-1.html,1,Darrick Forrest,S,0.0,Cincinnati,2026-04-01T19:39:16.785Z,31,season_totals,1.0
2021,2021.csv,Darrick Forrest,4239088,S,Cincinnati,College Stats,5-11,206.0,4.42,39.0,21.0,132.0,6.91,4.23,Washington Football Team / 5th / 163rd pick / 2021,2024,28.0,washington-commanders,S,ForrDa00,10.0,13.0,6.0,7.0,0.0,0.0,0.0,0.0,0.0,0,0.0,0.0,0.0,0.0,0.0,0.0,0.0,,,,,,,,,,,,,,,,,,,,,,,,,,,,,,,,,,,,,,,,,,,,,,,,,,,,,,,,,,,,,,,,,,,,,,,,,,,,,,9,,SR,40,American,,2020,0,0,0,0,10,0,22,2,https://www.sports-reference.com/cfb/players/darrick-forrest-1.html,1,Darrick Forrest,S,0.0,Cincinnati,2026-04-01T19:39:16.785Z,31,season_totals,1.0
2021,2021.csv,Darrick Forrest,4239088,S,Cincinnati,College Stats,5-11,206.0,4.42,39.0,21.0,132.0,6.91,4.23,Washington Football Team / 5th / 163rd pick / 2021,-1,,,,ForrDa00,40.0,137.0,84.0,53.0,0.0,2.0,1.0,12.0,4.0,1,0.3,0.0,1.0,9.0,0.0,7.0,0.0,,,,,,,,,,,,,,,,,,,,,,,,,,,,,,,,,,,,,,,,,,,,,,,,,,,,,,,,,,,,,,,,,,,,,,,,,,,,,,9,,SR,40,American,,2020,0,0,0,0,10,0,22,2,https://www.sports-reference.com/cfb/players/darrick-forrest-1.html,1,Darrick Forrest,S,0.0,Cincinnati,2026-04-01T19:39:16.785Z,31,season_totals,1.0
2021,2021.csv,Tyree Gillespie,4241195,S,Missouri,College Stats,,,4.38,,15.0,,7.06,,Las Vegas Raiders / 4th / 143rd pick / 2021,2021,13.0,las-vegas-raiders,S,GillTy00,11.0,8.0,1.0,7.0,0.0,0.0,0.0,0.0,0.0,0,0.0,0.0,0.0,0.0,1.0,0.0,0.0,,,,,,,,,,,,,,,,,,,,,,,,,,,,,,,,,,,,,,,,,,,,,,,,,,,,,,,,,,,,,,,,,,,,,,,,,,,,,,15,,SR,46,SEC,,2020,0,0,0,0,9,0,0,0,https://www.sports-reference.com/cfb/players/tyree-gillespie-1.html,4,Tyree Gillespie,S,0.0,Missouri,2026-04-01T19:42:31.904Z,31,season_totals,0.5
2021,2021.csv,Tyree Gillespie,4241195,S,Missouri,College Stats,,,4.38,,15.0,,7.06,,Las Vegas Raiders / 4th / 143rd pick / 2021,-1,,,,GillTy00,11.0,8.0,1.0,7.0,0.0,0.0,0.0,0.0,0.0,0,0.0,0.0,0.0,0.0,1.0,0.0,0.0,,,,,,,,,,,,,,,,,,,,,,,,,,,,,,,,,,,,,,,,,,,,,,,,,,,,,,,,,,,,,,,,,,,,,,,,,,,,,,15,,SR,46,SEC,,2020,0,0,0,0,9,0,0,0,https://www.sports-reference.com/cfb/players/tyree-gillespie-1.html,4,Tyree Gillespie,S,0.0,Missouri,2026-04-01T19:42:31.904Z,31,season_totals,0.5
2021,2021.csv,Richie Grant,4042119,DB,Central Florida,College Stats,5-11,197.0,4.49,34.5,12.0,129.0,6.78,4.27,Atlanta Falcons / 2nd / 40th pick / 2021,2021,1.0,atlanta-falcons,S,GranRi00,16.0,35.0,28.0,7.0,0.0,1.0,1.0,2.0,0.0,0,0.0,0.0,0.0,2.0,1.5,2.0,0.0,,,,,,,,,,,,,,,,,,,,,,,,,,,,,,,,,,,,,,,,,,,,,,,,,,,,,,,,,,,,,,,,,,,,,,,,,,,,,,23,,SR,72,American,,2020,2,2,0,0,9,0,25,3,https://www.sports-reference.com/cfb/players/richie-grant-1.html,5,Richie Grant,DB,1.0,UCF,2026-04-01T19:41:44.972Z,49,season_totals,3.5
2021,2021.csv,Richie Grant,4042119,DB,Central Florida,College Stats,5-11,197.0,4.49,34.5,12.0,129.0,6.78,4.27,Atlanta Falcons / 2nd / 40th pick / 2021,2022,1.0,atlanta-falcons,S,GranRi00,17.0,123.0,70.0,53.0,0.0,1.0,1.0,0.0,2.0,22,11.0,0.0,1.0,7.0,6.0,9.0,1.0,,,,,,,,,,,,,,,,,,,,,,,,,,,,,,,,,,,,,,,,,,,,,,,,,,,,,,,,,,,,,,,,,,,,,,,,,,,,,,23,,SR,72,American,,2020,2,2,0,0,9,0,25,3,https://www.sports-reference.com/cfb/players/richie-grant-1.html,5,Richie Grant,DB,1.0,UCF,2026-04-01T19:41:44.972Z,49,season_totals,3.5
2021,2021.csv,Richie Grant,4042119,DB,Central Florida,College Stats,5-11,197.0,4.49,34.5,12.0,129.0,6.78,4.27,Atlanta Falcons / 2nd / 40th pick / 2021,2023,1.0,atlanta-falcons,S,GranRi00,17.0,103.0,66.0,37.0,3.0,2.0,0.0,0.0,1.0,4,4.0,0.0,4.0,6.0,3.5,3.0,0.0,,,,,,,,,,,,,,,,,,,,,,,,,,,,,,,,,,,,,,,,,,,,,,,,,,,,,,,,,,,,,,,,,,,,,,,,,,,,,,23,,SR,72,American,,2020,2,2,0,0,9,0,25,3,https://www.sports-reference.com/cfb/players/richie-grant-1.html,5,Richie Grant,DB,1.0,UCF,2026-04-01T19:41:44.972Z,49,season_totals,3.5
2021,2021.csv,Richie Grant,4042119,DB,Central Florida,College Stats,5-11,197.0,4.49,34.5,12.0,129.0,6.78,4.27,Atlanta Falcons / 2nd / 40th pick / 2021,2024,1.0,atlanta-falcons,S,GranRi00,17.0,14.0,13.0,1.0,0.0,0.0,0.0,0.0,0.0,0,0.0,0.0,0.0,2.0,2.0,4.0,0.0,,,,,,,,,,,,,,,,,,,,,,,,,,,,,,,,,,,,,,,,,,,,,,,,,,,,,,,,,,,,,,,,,,,,,,,,,,,,,,23,,SR,72,American,,2020,2,2,0,0,9,0,25,3,https://www.sports-reference.com/cfb/players/richie-grant-1.html,5,Richie Grant,DB,1.0,UCF,2026-04-01T19:41:44.972Z,49,season_totals,3.5
2021,2021.csv,Richie Grant,4042119,DB,Central Florida,College Stats,5-11,197.0,4.49,34.5,12.0,129.0,6.78,4.27,Atlanta Falcons / 2nd / 40th pick / 2021,2025,17.0,new-england-patriots,S,GranRi00,1.0,1.0,1.0,0.0,0.0,0.0,0.0,0.0,0.0,0,0.0,0.0,0.0,0.0,0.0,0.0,0.0,,,,,,,,,,,,,,,,,,,,,,,,,,,,,,,,,,,,,,,,,,,,,,,,,,,,,,,,,,,,,,,,,,,,,,,,,,,,,,23,,SR,72,American,,2020,2,2,0,0,9,0,25,3,https://www.sports-reference.com/cfb/players/richie-grant-1.html,5,Richie Grant,DB,1.0,UCF,2026-04-01T19:41:44.972Z,49,season_totals,3.5
2021,2021.csv,Richie Grant,4042119,DB,Central Florida,College Stats,5-11,197.0,4.49,34.5,12.0,129.0,6.78,4.27,Atlanta Falcons / 2nd / 40th pick / 2021,-1,,,,GranRi00,68.0,276.0,178.0,98.0,3.0,4.0,2.0,2.0,3.0,26,8.7,0.0,4.0,17.0,13.0,18.0,1.0,,,,,,,,,,,,,,,,,,,,,,,,,,,,,,,,,,,,,,,,,,,,,,,,,,,,,,,,,,,,,,,,,,,,,,,,,,,,,,23,,SR,72,American,,2020,2,2,0,0,9,0,25,3,https://www.sports-reference.com/cfb/players/richie-grant-1.html,5,Richie Grant,DB,1.0,UCF,2026-04-01T19:41:44.972Z,49,season_totals,3.5
2021,2021.csv,Darren Hall,4261606,CB,San Diego St.,College Stats,5-11,188.0,4.47,38.5,16.0,132.0,7.07,4.28,Atlanta Falcons / 4th / 108th pick / 2021,2021,1.0,atlanta-falcons,CB,HallDa03,14.0,27.0,21.0,6.0,1.0,0.0,0.0,0.0,0.0,0,0.0,0.0,0.0,3.0,0.0,2.0,0.0,,,,,,,,,,,,,,,,,,,,,,,,,,,,,,,,,,,,,,,,,,,,,,,,,,,,,,,,,,,,,,,,,,,,,,,,,,,,,,7,,JR,38,MWC,,2020,0,0,0,0,8,1,72,3,https://www.sports-reference.com/cfb/players/darren-hall-1.html,6,Darren Hall,S/CB,0.0,San Diego State,2026-04-01T19:39:10.725Z,31,season_totals,2.0
2021,2021.csv,Darren Hall,4261606,CB,San Diego St.,College Stats,5-11,188.0,4.47,38.5,16.0,132.0,7.07,4.28,Atlanta Falcons / 4th / 108th pick / 2021,2022,1.0,atlanta-falcons,CB,HallDa03,17.0,45.0,29.0,16.0,0.0,1.0,1.0,3.0,0.0,0,0.0,0.0,0.0,3.0,1.0,1.0,0.0,,,,,,,,,,,,,,,,,,,,,,,,,,,,,,,,,,,,,,,,,,,,,,,,,,,,,,,,,,,,,,,,,,,,,,,,,,,,,,7,,JR,38,MWC,,2020,0,0,0,0,8,1,72,3,https://www.sports-reference.com/cfb/players/darren-hall-1.html,6,Darren Hall,S/CB,0.0,San Diego State,2026-04-01T19:39:10.725Z,31,season_totals,2.0
2021,2021.csv,Darren Hall,4261606,CB,San Diego St.,College Stats,5-11,188.0,4.47,38.5,16.0,132.0,7.07,4.28,Atlanta Falcons / 4th / 108th pick / 2021,2024,22.0,arizona-cardinals,CB,HallDa03,4.0,1.0,1.0,0.0,0.0,0.0,0.0,0.0,0.0,0,0.0,0.0,0.0,0.0,0.0,0.0,0.0,,,,,,,,,,,,,,,,,,,,,,,,,,,,,,,,,,,,,,,,,,,,,,,,,,,,,,,,,,,,,,,,,,,,,,,,,,,,,,7,,JR,38,MWC,,2020,0,0,0,0,8,1,72,3,https://www.sports-reference.com/cfb/players/darren-hall-1.html,6,Darren Hall,S/CB,0.0,San Diego State,2026-04-01T19:39:10.725Z,31,season_totals,2.0
2021,2021.csv,Darren Hall,4261606,CB,San Diego St.,College Stats,5-11,188.0,4.47,38.5,16.0,132.0,7.07,4.28,Atlanta Falcons / 4th / 108th pick / 2021,2025,22.0,arizona-cardinals,CB,HallDa03,13.0,21.0,8.0,13.0,0.0,0.0,0.0,0.0,0.0,0,0.0,0.0,0.0,0.0,0.5,0.0,0.0,,,,,,,,,,,,,,,,,,,,,,,,,,,,,,,,,,,,,,,,,,,,,,,,,,,,,,,,,,,,,,,,,,,,,,,,,,,,,,7,,JR,38,MWC,,2020,0,0,0,0,8,1,72,3,https://www.sports-reference.com/cfb/players/darren-hall-1.html,6,Darren Hall,S/CB,0.0,San Diego State,2026-04-01T19:39:10.725Z,31,season_totals,2.0
2021,2021.csv,Darren Hall,4261606,CB,San Diego St.,College Stats,5-11,188.0,4.47,38.5,16.0,132.0,7.07,4.28,Atlanta Falcons / 4th / 108th pick / 2021,-1,,,,HallDa03,48.0,94.0,59.0,35.0,1.0,1.0,1.0,3.0,0.0,0,0.0,0.0,0.0,6.0,1.5,3.0,0.0,,,,,,,,,,,,,,,,,,,,,,,,,,,,,,,,,,,,,,,,,,,,,,,,,,,,,,,,,,,,,,,,,,,,,,,,,,,,,,7,,JR,38,MWC,,2020,0,0,0,0,8,1,72,3,https://www.sports-reference.com/cfb/players/darren-hall-1.html,6,Darren Hall,S/CB,0.0,San Diego State,2026-04-01T19:39:10.725Z,31,season_totals,2.0
2021,2021.csv,Damar Hamlin,4036060,DB,Pittsburgh,College Stats,6-0,200.0,4.6,35.0,18.0,118.0,6.93,4.4,Buffalo Bills / 6th / 212th pick / 2021,2021,2.0,buffalo-bills,S,HamlDa00,14.0,2.0,2.0,0.0,0.0,0.0,0.0,0.0,0.0,0,0.0,0.0,0.0,2.0,0.0,0.0,0.0,,,,,,,,,,,,,,,,,,,,,,,,,,,,,,,,,,,,,,,,,,,,,,,,,,,,,,,,,,,,,,,,,,,,,,,,,,,,,,30,,SR,66,ACC,,2020,0,0,0,0,10,0,4,2,https://www.sports-reference.com/cfb/players/damar-hamlin-1.html,7,Damar Hamlin,DB,0.0,Pitt,2026-04-01T19:39:05.194Z,36,season_totals,3.5
2021,2021.csv,Damar Hamlin,4036060,DB,Pittsburgh,College Stats,6-0,200.0,4.6,35.0,18.0,118.0,6.93,4.4,Buffalo Bills / 6th / 212th pick / 2021,2022,2.0,buffalo-bills,S,HamlDa00,15.0,91.0,63.0,28.0,1.5,1.0,0.0,0.0,0.0,0,0.0,0.0,0.0,2.0,5.5,13.0,0.0,,,,,,,,,,,,,,,,,,,,,,,,,,,,,,,,,,,,,,,,,,,,,,,,,,,,,,,,,,,,,,,,,,,,,,,,,,,,,,30,,SR,66,ACC,,2020,0,0,0,0,10,0,4,2,https://www.sports-reference.com/cfb/players/damar-hamlin-1.html,7,Damar Hamlin,DB,0.0,Pitt,2026-04-01T19:39:05.194Z,36,season_totals,3.5
2021,2021.csv,Damar Hamlin,4036060,DB,Pittsburgh,College Stats,6-0,200.0,4.6,35.0,18.0,118.0,6.93,4.4,Buffalo Bills / 6th / 212th pick / 2021,2023,2.0,buffalo-bills,S,HamlDa00,5.0,2.0,2.0,0.0,0.0,0.0,0.0,0.0,0.0,0,0.0,0.0,0.0,0.0,0.0,0.0,0.0,,,,,,,,,,,,,,,,,,,,,,,,,,,,,,,,,,,,,,,,,,,,,,,,,,,,,,,,,,,,,,,,,,,,,,,,,,,,,,30,,SR,66,ACC,,2020,0,0,0,0,10,0,4,2,https://www.sports-reference.com/cfb/players/damar-hamlin-1.html,7,Damar Hamlin,DB,0.0,Pitt,2026-04-01T19:39:05.194Z,36,season_totals,3.5
2021,2021.csv,Damar Hamlin,4036060,DB,Pittsburgh,College Stats,6-0,200.0,4.6,35.0,18.0,118.0,6.93,4.4,Buffalo Bills / 6th / 212th pick / 2021,2024,2.0,buffalo-bills,S,HamlDa00,14.0,89.0,62.0,27.0,0.0,0.0,1.0,0.0,2.0,19,9.5,0.0,19.0,5.0,4.0,2.0,0.0,,,,,,,,,,,,,,,,,,,,,,,,,,,,,,,,,,,,,,,,,,,,,,,,,,,,,,,,,,,,,,,,,,,,,,,,,,,,,,30,,SR,66,ACC,,2020,0,0,0,0,10,0,4,2,https://www.sports-reference.com/cfb/players/damar-hamlin-1.html,7,Damar Hamlin,DB,0.0,Pitt,2026-04-01T19:39:05.194Z,36,season_totals,3.5
2021,2021.csv,Damar Hamlin,4036060,DB,Pittsburgh,College Stats,6-0,200.0,4.6,35.0,18.0,118.0,6.93,4.4,Buffalo Bills / 6th / 212th pick / 2021,2025,2.0,buffalo-bills,S,HamlDa00,5.0,1.0,1.0,0.0,0.0,0.0,0.0,0.0,0.0,0,0.0,0.0,0.0,0.0,0.0,0.0,0.0,,,,,,,,,,,,,,,,,,,,,,,,,,,,,,,,,,,,,,,,,,,,,,,,,,,,,,,,,,,,,,,,,,,,,,,,,,,,,,30,,SR,66,ACC,,2020,0,0,0,0,10,0,4,2,https://www.sports-reference.com/cfb/players/damar-hamlin-1.html,7,Damar Hamlin,DB,0.0,Pitt,2026-04-01T19:39:05.194Z,36,season_totals,3.5
2021,2021.csv,Damar Hamlin,4036060,DB,Pittsburgh,College Stats,6-0,200.0,4.6,35.0,18.0,118.0,6.93,4.4,Buffalo Bills / 6th / 212th pick / 2021,-1,,,,HamlDa00,53.0,185.0,130.0,55.0,1.5,1.0,1.0,0.0,2.0,19,9.5,0.0,19.0,9.0,9.5,15.0,0.0,,,,,,,,,,,,,,,,,,,,,,,,,,,,,,,,,,,,,,,,,,,,,,,,,,,,,,,,,,,,,,,,,,,,,,,,,,,,,,30,,SR,66,ACC,,2020,0,0,0,0,10,0,4,2,https://www.sports-reference.com/cfb/players/damar-hamlin-1.html,7,Damar Hamlin,DB,0.0,Pitt,2026-04-01T19:39:05.194Z,36,season_totals,3.5
2021,2021.csv,Jevon Holland,4373809,S,Oregon,College Stats,6-0,207.0,4.48,35.5,19.0,126.0,,4.14,Miami Dolphins / 2nd / 36th pick / 2021,2021,15.0,miami-dolphins,S,HollJe02,16.0,69.0,48.0,21.0,2.5,0.0,0.0,0.0,2.0,0,0.0,0.0,1.0,10.0,2.0,1.0,0.0,,,,,,,,,,,,,,,,,,,,,,,,,,,,,,16,12.0,92,0.0,14.0,16.0,0.0,0,0.0,0.0,0.0,16.0,0,0,0.0,0,0.0,0,0,0,0,39.6,-,,,,,,,,,,,,,,,,,,,,,,,,,,26,,SO,66,Pac-12,,2019,0,0,0,0,14,1,64,4,https://www.sports-reference.com/cfb/players/jevon-holland-1.html,4,Jevon Holland,S,0.0,Oregon,2026-04-01T20:12:06.481Z,40,season_totals,4.5
2021,2021.csv,Jevon Holland,4373809,S,Oregon,College Stats,6-0,207.0,4.48,35.5,19.0,126.0,,4.14,Miami Dolphins / 2nd / 36th pick / 2021,2022,15.0,miami-dolphins,S,HollJe02,17.0,96.0,77.0,19.0,1.5,1.0,0.0,0.0,2.0,64,32.0,0.0,1.0,7.0,0.5,2.0,0.0,,,,,,,,,,,,,,,,,,,,,,,,,,,,,,17,4.0,18,0.0,10.0,8.0,0.0,0,0.0,0.0,0.0,17.0,0,0,0.0,0,0.0,0,0,0,0,39.6,-,,,,,,,,,,,,,,,,,,,,,,,,,,26,,SO,66,Pac-12,,2019,0,0,0,0,14,1,64,4,https://www.sports-reference.com/cfb/players/jevon-holland-1.html,4,Jevon Holland,S,0.0,Oregon,2026-04-01T20:12:06.481Z,40,season_totals,4.5
2021,2021.csv,Jevon Holland,4373809,S,Oregon,College Stats,6-0,207.0,4.48,35.5,19.0,126.0,,4.14,Miami Dolphins / 2nd / 36th pick / 2021,2023,15.0,miami-dolphins,S,HollJe02,12.0,74.0,52.0,22.0,0.0,3.0,1.0,4.0,1.0,99,99.0,1.0,99.0,4.0,4.0,11.0,0.0,12,0.0,0.0,0.0,1.0,1.0,0.0,0.0,0.0,6.0,,,,,,,,,,,,,,,,,,,,,,,,,,,,,,,,,,,,,,,,,,,,,,,,,,,,,,,,,,,,,,,,,,,,26,,SO,66,Pac-12,,2019,0,0,0,0,14,1,64,4,https://www.sports-reference.com/cfb/players/jevon-holland-1.html,4,Jevon Holland,S,0.0,Oregon,2026-04-01T20:12:06.481Z,40,season_totals,4.5
2021,2021.csv,Jevon Holland,4373809,S,Oregon,College Stats,6-0,207.0,4.48,35.5,19.0,126.0,,4.14,Miami Dolphins / 2nd / 36th pick / 2021,2024,15.0,miami-dolphins,S,HollJe02,15.0,62.0,42.0,20.0,1.0,1.0,0.0,0.0,0.0,0,0.0,0.0,0.0,4.0,0.5,1.0,0.0,,,,,,,,,,,,,,,,,,,,,,,,,,,,,,,,,,,,,,,,,,,,,,,,,,,,,,,,,,,,,,,,,,,,,,,,,,,,,,26,,SO,66,Pac-12,,2019,0,0,0,0,14,1,64,4,https://www.sports-reference.com/cfb/players/jevon-holland-1.html,4,Jevon Holland,S,0.0,Oregon,2026-04-01T20:12:06.481Z,40,season_totals,4.5
2021,2021.csv,Jevon Holland,4373809,S,Oregon,College Stats,6-0,207.0,4.48,35.5,19.0,126.0,,4.14,Miami Dolphins / 2nd / 36th pick / 2021,2025,19.0,new-york-giants,S,HollJe02,14.0,63.0,38.0,25.0,0.0,0.0,0.0,0.0,1.0,3,3.0,0.0,3.0,5.0,0.5,0.0,0.0,,,,,,,,,,,,,,,,,,,,,,,,,,,,,,14,2.0,7,0.0,3.0,10.0,0.0,0,0.0,0.0,0.0,,,,,,,,,,,,,,,,,,,,,,,,,,,,,,,,,,,,,,26,,SO,66,Pac-12,,2019,0,0,0,0,14,1,64,4,https://www.sports-reference.com/cfb/players/jevon-holland-1.html,4,Jevon Holland,S,0.0,Oregon,2026-04-01T20:12:06.481Z,40,season_totals,4.5
2021,2021.csv,Jevon Holland,4373809,S,Oregon,College Stats,6-0,207.0,4.48,35.5,19.0,126.0,,4.14,Miami Dolphins / 2nd / 36th pick / 2021,-1,,,,HollJe02,74.0,364.0,257.0,107.0,5.0,5.0,1.0,4.0,6.0,166,27.7,1.0,99.0,30.0,7.5,15.0,0.0,74,0.0,0.0,0.0,1.0,1.0,0.0,0.0,0.0,6.0,,,,,,,,,,,,,,,,,,,,74,18.0,117,0.0,27.0,16.0,0.0,0,0.0,0.0,0.0,74.0,0,0,0.0,0,0.0,0,0,0,0,0.0,-,,,,,,,,,,,,,,,,,,,,,,,,,,26,,SO,66,Pac-12,,2019,0,0,0,0,14,1,64,4,https://www.sports-reference.com/cfb/players/jevon-holland-1.html,4,Jevon Holland,S,0.0,Oregon,2026-04-01T20:12:06.481Z,40,season_totals,4.5
2021,2021.csv,Jaycee Horn,4362847,DB,South Carolina,College Stats,6-0,205.0,4.39,41.5,19.0,133.0,,,Carolina Panthers / 1st / 8th pick / 2021,2021,29.0,carolina-panthers,CB,HornJa00,3.0,5.0,3.0,2.0,0.0,0.0,0.0,0.0,1.0,13,13.0,0.0,1.0,1.0,0.0,0.0,0.0,,,,,,,,,,,,,,,,,,,,,,,,,,,,,,,,,,,,,,,,,,,,,,,,,,,,,,,,,,,,,,,,,,,,,,,,,,,,,,6,,JR,16,SEC,,2020,0,0,0,0,7,0,34,2,https://www.sports-reference.com/cfb/players/jaycee-horn-1.html,6,Jaycee Horn,DB,0.0,South Carolina,2026-04-01T19:40:33.956Z,10,season_totals,1.0
2021,2021.csv,Jaycee Horn,4362847,DB,South Carolina,College Stats,6-0,205.0,4.39,41.5,19.0,133.0,,,Carolina Panthers / 1st / 8th pick / 2021,2022,29.0,carolina-panthers,CB,HornJa00,13.0,53.0,37.0,16.0,0.0,0.0,0.0,0.0,3.0,49,16.3,0.0,1.0,7.0,2.0,2.0,0.0,,,,,,,,,,,,,,,,,,,,,,,,,,,,,,,,,,,,,,,,,,,,,,,,,,,,,,,,,,,,,,,,,,,,,,,,,,,,,,6,,JR,16,SEC,,2020,0,0,0,0,7,0,34,2,https://www.sports-reference.com/cfb/players/jaycee-horn-1.html,6,Jaycee Horn,DB,0.0,South Carolina,2026-04-01T19:40:33.956Z,10,season_totals,1.0
2021,2021.csv,Jaycee Horn,4362847,DB,South Carolina,College Stats,6-0,205.0,4.39,41.5,19.0,133.0,,,Carolina Panthers / 1st / 8th pick / 2021,2023,29.0,carolina-panthers,CB,HornJa00,6.0,27.0,20.0,7.0,0.0,0.0,0.0,0.0,0.0,0,0.0,0.0,0.0,5.0,2.0,5.0,0.0,,,,,,,,,,,,,,,,,,,,,,,,,,,,,,,,,,,,,,,,,,,,,,,,,,,,,,,,,,,,,,,,,,,,,,,,,,,,,,6,,JR,16,SEC,,2020,0,0,0,0,7,0,34,2,https://www.sports-reference.com/cfb/players/jaycee-horn-1.html,6,Jaycee Horn,DB,0.0,South Carolina,2026-04-01T19:40:33.956Z,10,season_totals,1.0
2021,2021.csv,Jaycee Horn,4362847,DB,South Carolina,College Stats,6-0,205.0,4.39,41.5,19.0,133.0,,,Carolina Panthers / 1st / 8th pick / 2021,2024,29.0,carolina-panthers,CB,HornJa00,15.0,68.0,49.0,19.0,2.0,0.0,0.0,0.0,1.0,0,0.0,0.0,0.0,13.0,5.0,14.0,0.0,,,,,,,,,,,,,,,,,,,,,,,,,,,,,,,,,,,,,,,,,,,,,,,,,,,,,,,,,,,,,,,,,,,,,,,,,,,,,,6,,JR,16,SEC,,2020,0,0,0,0,7,0,34,2,https://www.sports-reference.com/cfb/players/jaycee-horn-1.html,6,Jaycee Horn,DB,0.0,South Carolina,2026-04-01T19:40:33.956Z,10,season_totals,1.0
2021,2021.csv,Jaycee Horn,4362847,DB,South Carolina,College Stats,6-0,205.0,4.39,41.5,19.0,133.0,,,Carolina Panthers / 1st / 8th pick / 2021,2025,29.0,carolina-panthers,CB,HornJa00,16.0,37.0,26.0,11.0,0.0,0.0,0.0,0.0,5.0,46,9.2,0.0,22.0,8.0,1.5,3.0,0.0,,,,,,,,,,,,,,,,,,,,,,,,,,,,,,,,,,,,,,,,,,,,,,,,,,,,,,,,,,,,,,,,,,,,,,,,,,,,,,6,,JR,16,SEC,,2020,0,0,0,0,7,0,34,2,https://www.sports-reference.com/cfb/players/jaycee-horn-1.html,6,Jaycee Horn,DB,0.0,South Carolina,2026-04-01T19:40:33.956Z,10,season_totals,1.0
2021,2021.csv,Jaycee Horn,4362847,DB,South Carolina,College Stats,6-0,205.0,4.39,41.5,19.0,133.0,,,Carolina Panthers / 1st / 8th pick / 2021,-1,,,,HornJa00,53.0,190.0,135.0,55.0,2.0,0.0,0.0,0.0,10.0,108,10.8,0.0,22.0,34.0,10.5,24.0,0.0,,,,,,,,,,,,,,,,,,,,,,,,,,,,,,,,,,,,,,,,,,,,,,,,,,,,,,,,,,,,,,,,,,,,,,,,,,,,,,6,,JR,16,SEC,,2020,0,0,0,0,7,0,34,2,https://www.sports-reference.com/cfb/players/jaycee-horn-1.html,6,Jaycee Horn,DB,0.0,South Carolina,2026-04-01T19:40:33.956Z,10,season_totals,1.0
2021,2021.csv,Talanoa Hufanga,4360853,S,USC,College Stats,,,4.65,,,,,,San Francisco 49ers / 5th / 180th pick / 2021,2021,25.0,san-francisco-49ers,S,HufaTa00,15.0,32.0,24.0,8.0,0.0,0.0,0.0,0.0,0.0,0,0.0,0.0,0.0,2.0,1.0,2.0,0.0,,,,,,,,,,,,,,,,,,,,,,,,,,,,,,,,,,,,,,,,,,,,,,,,,,,,,,,,,,,,,,,,,,,,,,,,,,,,,,22,AA,JR,62,Pac-12,,2020,2,0,0,0,6,0,90,4,https://www.sports-reference.com/cfb/players/talanoa-hufanga-1.html,1,Talanoa Hufanga,S,3.0,USC,2026-04-01T19:42:08.885Z,40,season_totals,5.5
2021,2021.csv,Talanoa Hufanga,4360853,S,USC,College Stats,,,4.65,,,,,,San Francisco 49ers / 5th / 180th pick / 2021,2022,25.0,san-francisco-49ers,S,HufaTa00,17.0,97.0,66.0,31.0,2.0,2.0,0.0,0.0,4.0,61,15.3,1.0,1.0,9.0,8.0,12.0,0.0,17,0.0,0.0,0.0,1.0,1.0,0.0,0.0,0.0,6.0,,,,,,,,,,,,,,,,,,,,,,,,,,,,,,,,,,,,,,,,,,,,,,,,,,,,,,,,,,,,,,,,,,,,22,AA,JR,62,Pac-12,,2020,2,0,0,0,6,0,90,4,https://www.sports-reference.com/cfb/players/talanoa-hufanga-1.html,1,Talanoa Hufanga,S,3.0,USC,2026-04-01T19:42:08.885Z,40,season_totals,5.5
2021,2021.csv,Talanoa Hufanga,4360853,S,USC,College Stats,,,4.65,,,,,,San Francisco 49ers / 5th / 180th pick / 2021,2023,25.0,san-francisco-49ers,S,HufaTa00,10.0,52.0,39.0,13.0,0.0,0.0,0.0,0.0,3.0,48,16.0,0.0,28.0,3.0,1.5,5.0,0.0,,,,,,,,,,,,,,,,,,,,,,,,,,,,,,,,,,,,,,,,,,,,,,,,,,,,,,,,,,,,,,,,,,,,,,,,,,,,,,22,AA,JR,62,Pac-12,,2020,2,0,0,0,6,0,90,4,https://www.sports-reference.com/cfb/players/talanoa-hufanga-1.html,1,Talanoa Hufanga,S,3.0,USC,2026-04-01T19:42:08.885Z,40,season_totals,5.5
2021,2021.csv,Talanoa Hufanga,4360853,S,USC,College Stats,,,4.65,,,,,,San Francisco 49ers / 5th / 180th pick / 2021,2024,25.0,san-francisco-49ers,S,HufaTa00,7.0,38.0,20.0,18.0,0.0,0.0,0.0,0.0,0.0,0,0.0,0.0,0.0,0.0,2.5,3.0,0.0,,,,,,,,,,,,,,,,,,,,,,,,,,,,,,,,,,,,,,,,,,,,,,,,,,,,,,,,,,,,,,,,,,,,,,,,,,,,,,22,AA,JR,62,Pac-12,,2020,2,0,0,0,6,0,90,4,https://www.sports-reference.com/cfb/players/talanoa-hufanga-1.html,1,Talanoa Hufanga,S,3.0,USC,2026-04-01T19:42:08.885Z,40,season_totals,5.5
2021,2021.csv,Talanoa Hufanga,4360853,S,USC,College Stats,,,4.65,,,,,,San Francisco 49ers / 5th / 180th pick / 2021,2025,7.0,denver-broncos,S,HufaTa00,17.0,106.0,67.0,39.0,2.0,1.0,0.0,0.0,0.0,0,0.0,0.0,0.0,11.0,9.5,7.0,0.0,,,,,,,,,,,,,,,,,,,,,,,,,,,,,,,,,,,,,,,,,,,,,,,,,,,,,,,,,,,,,,,,,,,,,,,,,,,,,,22,AA,JR,62,Pac-12,,2020,2,0,0,0,6,0,90,4,https://www.sports-reference.com/cfb/players/talanoa-hufanga-1.html,1,Talanoa Hufanga,S,3.0,USC,2026-04-01T19:42:08.885Z,40,season_totals,5.5
2021,2021.csv,Talanoa Hufanga,4360853,S,USC,College Stats,,,4.65,,,,,,San Francisco 49ers / 5th / 180th pick / 2021,-1,,,,HufaTa00,66.0,325.0,216.0,109.0,4.0,3.0,0.0,0.0,7.0,109,15.6,1.0,28.0,25.0,22.5,29.0,0.0,66,0.0,0.0,0.0,1.0,1.0,0.0,0.0,0.0,6.0,,,,,,,,,,,,,,,,,,,,,,,,,,,,,,,,,,,,,,,,,,,,,,,,,,,,,,,,,,,,,,,,,,,,22,AA,JR,62,Pac-12,,2020,2,0,0,0,6,0,90,4,https://www.sports-reference.com/cfb/players/talanoa-hufanga-1.html,1,Talanoa Hufanga,S,3.0,USC,2026-04-01T19:42:08.885Z,40,season_totals,5.5
2021,2021.csv,Jamar Johnson,4878878,DB,Indiana,College Stats,6-2,205.0,4.58,35.0,17.0,122.0,7.22,4.41,Denver Broncos / 5th / 164th pick / 2021,2025,24.0,los-angeles-chargers,RB,JohnJa15,,,,,,,,,,,,,,,,,,,,,,,,,,,,2,2,8,4.0,0,6,0,0,0,2.0,0.0,1.0,0,0.0,0.0,0.0,0.0,0.0,0.0,,,,,,,,,,,,2.0,0,0,0.0,0,0.0,0,0,0,0,39.6,-,,,,,,,,,,,,,,,,,,,,,,,,,,10,,JR,43,Big Ten,,2020,1,0,0,0,8,0,94,4,https://www.sports-reference.com/cfb/players/jamar-johnson-1.html,4,Jamar Johnson,DB,1.0,Indiana,2026-04-01T19:40:15.889Z,33,season_totals,3.5
2021,2021.csv,Jamar Johnson,4878878,DB,Indiana,College Stats,6-2,205.0,4.58,35.0,17.0,122.0,7.22,4.41,Denver Broncos / 5th / 164th pick / 2021,-1,,,,JohnJa15,,,,,,,,,,,,,,,,,,,,,,,,,,,,2,2,8,4.0,0,6,0,0,0,2.0,0.0,1.0,0,0.0,0.0,0.0,0.0,0.0,0.0,,,,,,,,,,,,2.0,0,0,0.0,0,0.0,0,0,0,0,0.0,-,,,,,,,,,,,,,,,,,,,,,,,,,,10,,JR,43,Big Ten,,2020,1,0,0,0,8,0,94,4,https://www.sports-reference.com/cfb/players/jamar-johnson-1.html,4,Jamar Johnson,DB,1.0,Indiana,2026-04-01T19:40:15.889Z,33,season_totals,3.5
2021,2021.csv,Kelvin Joseph,4362629,DB,Kentucky,College Stats,5-11,197.0,4.34,35.0,,128.0,7.21,4.22,Dallas Cowboys / 2nd / 44th pick / 2021,2021,6.0,dallas-cowboys,CB,JoseKe02,10.0,16.0,13.0,3.0,0.0,0.0,0.0,0.0,0.0,0,0.0,0.0,0.0,2.0,1.0,2.0,0.0,,,,,,,,,,,,,,,,,,,,,,,,,,,,,,,,,,,,,,,,,,,,,,,,,,,,,,,,,,,,,,,,,,,,,,,,,,,,,,11,,SO,25,SEC,,2020,0,0,0,0,9,1,62,4,https://www.sports-reference.com/cfb/players/kelvin-joseph-1.html,1,Kelvin Joseph,CB/DB,0.0,Kentucky,2026-04-01T19:41:03.965Z,14,season_totals,0.5
2021,2021.csv,Kelvin Joseph,4362629,DB,Kentucky,College Stats,5-11,197.0,4.34,35.0,,128.0,7.21,4.22,Dallas Cowboys / 2nd / 44th pick / 2021,2022,6.0,dallas-cowboys,CB,JoseKe02,16.0,20.0,17.0,3.0,0.0,1.0,0.0,0.0,0.0,0,0.0,0.0,0.0,2.0,0.0,0.0,0.0,,,,,,,,,,,,,,,,,,,,,,,,,,,,,,,,,,,,,,,,,,,,,,,,,,,,,,,,,,,,,,,,,,,,,,,,,,,,,,11,,SO,25,SEC,,2020,0,0,0,0,9,1,62,4,https://www.sports-reference.com/cfb/players/kelvin-joseph-1.html,1,Kelvin Joseph,CB/DB,0.0,Kentucky,2026-04-01T19:41:03.965Z,14,season_totals,0.5
2021,2021.csv,Kelvin Joseph,4362629,DB,Kentucky,College Stats,5-11,197.0,4.34,35.0,,128.0,7.21,4.22,Dallas Cowboys / 2nd / 44th pick / 2021,2023,15.0,miami-dolphins,CB,JoseKe02,4.0,2.0,2.0,0.0,0.0,0.0,0.0,0.0,0.0,0,0.0,0.0,0.0,0.0,0.0,0.0,0.0,,,,,,,,,,,,,,,,,,,,,,,,,,,,,,,,,,,,,,,,,,,,,,,,,,,,,,,,,,,,,,,,,,,,,,,,,,,,,,11,,SO,25,SEC,,2020,0,0,0,0,9,1,62,4,https://www.sports-reference.com/cfb/players/kelvin-joseph-1.html,1,Kelvin Joseph,CB/DB,0.0,Kentucky,2026-04-01T19:41:03.965Z,14,season_totals,0.5
2021,2021.csv,Kelvin Joseph,4362629,DB,Kentucky,College Stats,5-11,197.0,4.34,35.0,,128.0,7.21,4.22,Dallas Cowboys / 2nd / 44th pick / 2021,2023,26.0,seattle-seahawks,CB,JoseKe02,1.0,1.0,1.0,0.0,0.0,0.0,0.0,0.0,0.0,0,0.0,0.0,0.0,0.0,0.0,0.0,0.0,,,,,,,,,,,,,,,,,,,,,,,,,,,,,,,,,,,,,,,,,,,,,,,,,,,,,,,,,,,,,,,,,,,,,,,,,,,,,,11,,SO,25,SEC,,2020,0,0,0,0,9,1,62,4,https://www.sports-reference.com/cfb/players/kelvin-joseph-1.html,1,Kelvin Joseph,CB/DB,0.0,Kentucky,2026-04-01T19:41:03.965Z,14,season_totals,0.5
2021,2021.csv,Kelvin Joseph,4362629,DB,Kentucky,College Stats,5-11,197.0,4.34,35.0,,128.0,7.21,4.22,Dallas Cowboys / 2nd / 44th pick / 2021,2023,,2023 Totals,CB,JoseKe02,5.0,3.0,3.0,0.0,0.0,0.0,0.0,0.0,0.0,0,0.0,0.0,0.0,0.0,0.0,0.0,0.0,,,,,,,,,,,,,,,,,,,,,,,,,,,,,,,,,,,,,,,,,,,,,,,,,,,,,,,,,,,,,,,,,,,,,,,,,,,,,,11,,SO,25,SEC,,2020,0,0,0,0,9,1,62,4,https://www.sports-reference.com/cfb/players/kelvin-joseph-1.html,1,Kelvin Joseph,CB/DB,0.0,Kentucky,2026-04-01T19:41:03.965Z,14,season_totals,0.5
2021,2021.csv,Kelvin Joseph,4362629,DB,Kentucky,College Stats,5-11,197.0,4.34,35.0,,128.0,7.21,4.22,Dallas Cowboys / 2nd / 44th pick / 2021,2024,11.0,indianapolis-colts,CB,JoseKe02,2.0,1.0,1.0,0.0,0.0,0.0,0.0,0.0,0.0,0,0.0,0.0,0.0,0.0,0.0,0.0,0.0,,,,,,,,,,,,,,,,,,,,,,,,,,,,,,,,,,,,,,,,,,,,,,,,,,,,,,,,,,,,,,,,,,,,,,,,,,,,,,11,,SO,25,SEC,,2020,0,0,0,0,9,1,62,4,https://www.sports-reference.com/cfb/players/kelvin-joseph-1.html,1,Kelvin Joseph,CB/DB,0.0,Kentucky,2026-04-01T19:41:03.965Z,14,season_totals,0.5
2021,2021.csv,Kelvin Joseph,4362629,DB,Kentucky,College Stats,5-11,197.0,4.34,35.0,,128.0,7.21,4.22,Dallas Cowboys / 2nd / 44th pick / 2021,-1,,,,JoseKe02,33.0,40.0,34.0,6.0,0.0,1.0,0.0,0.0,0.0,0,0.0,0.0,0.0,4.0,1.0,2.0,0.0,,,,,,,,,,,,,,,,,,,,,,,,,,,,,,,,,,,,,,,,,,,,,,,,,,,,,,,,,,,,,,,,,,,,,,,,,,,,,,11,,SO,25,SEC,,2020,0,0,0,0,9,1,62,4,https://www.sports-reference.com/cfb/players/kelvin-joseph-1.html,1,Kelvin Joseph,CB/DB,0.0,Kentucky,2026-04-01T19:41:03.965Z,14,season_totals,0.5
2021,2021.csv,Kary Vincent Jr.,4242211,CB,LSU,College Stats,5-9,185.0,4.36,35.5,8.0,117.0,,,Denver Broncos / 7th / 237th pick / 2021,2021,21.0,philadelphia-eagles,CB,VincKa00,2.0,2.0,2.0,0.0,0.0,0.0,0.0,0.0,0.0,0,0.0,0.0,0.0,0.0,0.0,0.0,0.0,,,,,,,,,,,,,,,,,,,,,,,,,,,,,,,,,,,,,,,,,,,,,,,,,,,,,,,,,,,,,,,,,,,,,,,,,,,,,,11,,JR,47,SEC,,2019,0,0,0,0,15,0,45,4,https://www.sports-reference.com/cfb/players/kary-vincent-jr-1.html,9,Kary Vincent Jr.,CB,0.0,LSU,2026-04-01T20:12:38.018Z,36,season_totals,2.0
2021,2021.csv,Kary Vincent Jr.,4242211,CB,LSU,College Stats,5-9,185.0,4.36,35.5,8.0,117.0,,,Denver Broncos / 7th / 237th pick / 2021,-1,,,,VincKa00,2.0,2.0,2.0,0.0,0.0,0.0,0.0,0.0,0.0,0,0.0,0.0,0.0,0.0,0.0,0.0,0.0,,,,,,,,,,,,,,,,,,,,,,,,,,,,,,,,,,,,,,,,,,,,,,,,,,,,,,,,,,,,,,,,,,,,,,,,,,,,,,11,,JR,47,SEC,,2019,0,0,0,0,15,0,45,4,https://www.sports-reference.com/cfb/players/kary-vincent-jr-1.html,9,Kary Vincent Jr.,CB,0.0,LSU,2026-04-01T20:12:38.018Z,36,season_totals,2.0
2021,2021.csv,Deommodore Lenoir,4242488,CB,Oregon,College Stats,5-10,199.0,4.48,34.5,15.0,121.0,7.02,4.35,San Francisco 49ers / 5th / 172nd pick / 2021,2021,25.0,san-francisco-49ers,CB,LenoDe00,13.0,17.0,12.0,5.0,0.0,0.0,0.0,0.0,0.0,0,0.0,0.0,0.0,2.0,0.0,1.0,0.0,,,,,,,,,,,,,,,,,,,,,,,,,,,,,,,,,,,,,,,,,,,,,,,,,,,,,,,,,,,,,,,,,,,,,,,,,,,,,,10,,SR,35,Pac-12,,2020,1,0,0,0,7,0,24,1,https://www.sports-reference.com/cfb/players/deommodore-lenoir-1.html,0,Deommodore Lenoir,CB,0.0,Oregon,2026-04-01T19:39:22.881Z,25,season_totals,0.0
2021,2021.csv,Deommodore Lenoir,4242488,CB,Oregon,College Stats,5-10,199.0,4.48,34.5,15.0,121.0,7.02,4.35,San Francisco 49ers / 5th / 172nd pick / 2021,2022,25.0,san-francisco-49ers,CB,LenoDe00,17.0,79.0,54.0,25.0,1.0,0.0,0.0,0.0,1.0,8,8.0,0.0,1.0,5.0,2.5,13.0,0.0,,,,,,,,,,,,,,,,,,,,,,,,,,,,,,,,,,,,,,,,,,,,,,,,,,,,,,,,,,,,,,,,,,,,,,,,,,,,,,10,,SR,35,Pac-12,,2020,1,0,0,0,7,0,24,1,https://www.sports-reference.com/cfb/players/deommodore-lenoir-1.html,0,Deommodore Lenoir,CB,0.0,Oregon,2026-04-01T19:39:22.881Z,25,season_totals,0.0
2021,2021.csv,Deommodore Lenoir,4242488,CB,Oregon,College Stats,5-10,199.0,4.48,34.5,15.0,121.0,7.02,4.35,San Francisco 49ers / 5th / 172nd pick / 2021,2023,25.0,san-francisco-49ers,CB,LenoDe00,17.0,84.0,58.0,26.0,0.0,0.0,0.0,0.0,3.0,49,16.3,0.0,28.0,10.0,2.5,3.0,0.0,,,,,,,,,,,,,,,,,,,,,,,,,,,,,,,,,,,,,,,,,,,,,,,,,,,,,,,,,,,,,,,,,,,,,,,,,,,,,,10,,SR,35,Pac-12,,2020,1,0,0,0,7,0,24,1,https://www.sports-reference.com/cfb/players/deommodore-lenoir-1.html,0,Deommodore Lenoir,CB,0.0,Oregon,2026-04-01T19:39:22.881Z,25,season_totals,0.0
2021,2021.csv,Deommodore Lenoir,4242488,CB,Oregon,College Stats,5-10,199.0,4.48,34.5,15.0,121.0,7.02,4.35,San Francisco 49ers / 5th / 172nd pick / 2021,2024,25.0,san-francisco-49ers,CB,LenoDe00,15.0,85.0,53.0,32.0,0.0,1.0,0.0,0.0,2.0,33,16.5,0.0,33.0,9.0,7.5,2.0,0.0,15,0.0,0.0,0.0,0.0,1.0,0.0,0.0,0.0,6.0,,,,,,,,,,,,,,,,,,,,,,,,,,,,,,,,,,,,,,,,,,,,,,,,,,,,,,,,,,,,,,,,,,,,10,,SR,35,Pac-12,,2020,1,0,0,0,7,0,24,1,https://www.sports-reference.com/cfb/players/deommodore-lenoir-1.html,0,Deommodore Lenoir,CB,0.0,Oregon,2026-04-01T19:39:22.881Z,25,season_totals,0.0
2021,2021.csv,Deommodore Lenoir,4242488,CB,Oregon,College Stats,5-10,199.0,4.48,34.5,15.0,121.0,7.02,4.35,San Francisco 49ers / 5th / 172nd pick / 2021,2025,25.0,san-francisco-49ers,CB,LenoDe00,17.0,61.0,39.0,22.0,0.0,0.0,0.0,0.0,2.0,90,45.0,0.0,64.0,5.0,5.5,8.0,0.0,,,,,,,,,,,,,,,,,,,,,,,,,,,,,,,,,,,,,,,,,17.0,0,0,0.0,0,0.0,0,0,0,0,39.6,-,,,,,,,,,,,,,,,,,,,,,,,,,,10,,SR,35,Pac-12,,2020,1,0,0,0,7,0,24,1,https://www.sports-reference.com/cfb/players/deommodore-lenoir-1.html,0,Deommodore Lenoir,CB,0.0,Oregon,2026-04-01T19:39:22.881Z,25,season_totals,0.0
2021,2021.csv,Deommodore Lenoir,4242488,CB,Oregon,College Stats,5-10,199.0,4.48,34.5,15.0,121.0,7.02,4.35,San Francisco 49ers / 5th / 172nd pick / 2021,-1,,,,LenoDe00,79.0,326.0,216.0,110.0,1.0,1.0,0.0,0.0,8.0,180,22.5,0.0,64.0,31.0,18.0,27.0,0.0,79,0.0,0.0,0.0,0.0,1.0,0.0,0.0,0.0,6.0,,,,,,,,,,,,,,,,,,,,,,,,,,,,,,,79.0,0,0,0.0,0,0.0,0,0,0,0,0.0,-,,,,,,,,,,,,,,,,,,,,,,,,,,10,,SR,35,Pac-12,,2020,1,0,0,0,7,0,24,1,https://www.sports-reference.com/cfb/players/deommodore-lenoir-1.html,0,Deommodore Lenoir,CB,0.0,Oregon,2026-04-01T19:39:22.881Z,25,season_totals,0.0
2021,2021.csv,Ifeatu Melifonwu,4240401,DB,Syracuse,College Stats,6-2,205.0,4.48,41.5,16.0,134.0,7.01,4.34,Detroit Lions / 3rd / 101st pick / 2021,2021,8.0,detroit-lions,S,MeliIf00,7.0,15.0,12.0,3.0,0.0,0.0,2.0,0.0,0.0,0,0.0,0.0,0.0,3.0,1.0,0.0,0.0,,,,,,,,,,,,,,,,,,,,,,,,,,,,,,,,,,,,,,,,,,,,,,,,,,,,,,,,,,,,,,,,,,,,,,,,,,,,,,13,,JR,55,ACC,,2020,0,0,0,0,11,0,0,1,https://www.sports-reference.com/cfb/players/ifeatu-melifonwu-1.html,9,Ifeatu Melifonwu,DB,1.0,Syracuse,2026-04-01T19:39:57.844Z,42,season_totals,3.0
2021,2021.csv,Ifeatu Melifonwu,4240401,DB,Syracuse,College Stats,6-2,205.0,4.48,41.5,16.0,134.0,7.01,4.34,Detroit Lions / 3rd / 101st pick / 2021,2022,8.0,detroit-lions,S,MeliIf00,10.0,14.0,9.0,5.0,0.5,0.0,0.0,0.0,0.0,0,0.0,0.0,0.0,2.0,1.0,3.0,0.0,,,,,,,,,,,,,,,,,,,,,,,,,,,,,,,,,,,,,,,,,,,,,,,,,,,,,,,,,,,,,,,,,,,,,,,,,,,,,,13,,JR,55,ACC,,2020,0,0,0,0,11,0,0,1,https://www.sports-reference.com/cfb/players/ifeatu-melifonwu-1.html,9,Ifeatu Melifonwu,DB,1.0,Syracuse,2026-04-01T19:39:57.844Z,42,season_totals,3.0
2021,2021.csv,Ifeatu Melifonwu,4240401,DB,Syracuse,College Stats,6-2,205.0,4.48,41.5,16.0,134.0,7.01,4.34,Detroit Lions / 3rd / 101st pick / 2021,2023,8.0,detroit-lions,S,MeliIf00,17.0,33.0,24.0,9.0,3.0,1.0,0.0,0.0,2.0,35,17.5,0.0,24.0,8.0,2.5,6.0,0.0,,,,,,,,,,,,,,,,,,,,,,,,,,,,,,,,,,,,,,,,,,,,,,,,,,,,,,,,,,,,,,,,,,,,,,,,,,,,,,13,,JR,55,ACC,,2020,0,0,0,0,11,0,0,1,https://www.sports-reference.com/cfb/players/ifeatu-melifonwu-1.html,9,Ifeatu Melifonwu,DB,1.0,Syracuse,2026-04-01T19:39:57.844Z,42,season_totals,3.0
2021,2021.csv,Ifeatu Melifonwu,4240401,DB,Syracuse,College Stats,6-2,205.0,4.48,41.5,16.0,134.0,7.01,4.34,Detroit Lions / 3rd / 101st pick / 2021,2024,8.0,detroit-lions,S,MeliIf00,3.0,10.0,8.0,2.0,1.0,0.0,0.0,0.0,0.0,0,0.0,0.0,0.0,0.0,1.0,0.0,0.0,,,,,,,,,,,,,,,,,,,,,,,,,,,,,,,,,,,,,,,,,,,,,,,,,,,,,,,,,,,,,,,,,,,,,,,,,,,,,,13,,JR,55,ACC,,2020,0,0,0,0,11,0,0,1,https://www.sports-reference.com/cfb/players/ifeatu-melifonwu-1.html,9,Ifeatu Melifonwu,DB,1.0,Syracuse,2026-04-01T19:39:57.844Z,42,season_totals,3.0
2021,2021.csv,Ifeatu Melifonwu,4240401,DB,Syracuse,College Stats,6-2,205.0,4.48,41.5,16.0,134.0,7.01,4.34,Detroit Lions / 3rd / 101st pick / 2021,2025,15.0,miami-dolphins,S,MeliIf00,16.0,53.0,31.0,22.0,1.0,0.0,0.0,0.0,1.0,0,0.0,0.0,0.0,1.0,0.0,0.0,0.0,,,,,,,,,,,,,,,,,,,,,,,,,,,,,,,,,,,,,,,,,,,,,,,,,,,,,,,,,,,,,,,,,,,,,,,,,,,,,,13,,JR,55,ACC,,2020,0,0,0,0,11,0,0,1,https://www.sports-reference.com/cfb/players/ifeatu-melifonwu-1.html,9,Ifeatu Melifonwu,DB,1.0,Syracuse,2026-04-01T19:39:57.844Z,42,season_totals,3.0
2021,2021.csv,Ifeatu Melifonwu,4240401,DB,Syracuse,College Stats,6-2,205.0,4.48,41.5,16.0,134.0,7.01,4.34,Detroit Lions / 3rd / 101st pick / 2021,-1,,,,MeliIf00,53.0,125.0,84.0,41.0,5.5,1.0,2.0,0.0,3.0,35,11.7,0.0,24.0,14.0,5.5,9.0,0.0,,,,,,,,,,,,,,,,,,,,,,,,,,,,,,,,,,,,,,,,,,,,,,,,,,,,,,,,,,,,,,,,,,,,,,,,,,,,,,13,,JR,55,ACC,,2020,0,0,0,0,11,0,0,1,https://www.sports-reference.com/cfb/players/ifeatu-melifonwu-1.html,9,Ifeatu Melifonwu,DB,1.0,Syracuse,2026-04-01T19:39:57.844Z,42,season_totals,3.0
2021,2021.csv,Elijah Molden,4243328,DB,Washington,College Stats,5-9,192.0,4.62,36.5,13.0,125.0,,,Tennessee Titans / 3rd / 100th pick / 2021,2021,10.0,tennessee-titans,CB,MoldEl00,16.0,62.0,43.0,19.0,0.0,1.0,1.0,0.0,1.0,2,2.0,1.0,1.0,4.0,3.0,11.0,0.0,16,0.0,0.0,0.0,1.0,1.0,0.0,0.0,0.0,6.0,,,,,,,,,,,,,,,,,,,,,,,,,,,,,,,,,,,,,,,,,,,,,,,,,,,,,,,,,,,,,,,,,,,,5,,SR,26,Pac-12,,2020,0,0,0,0,4,0,24,1,https://www.sports-reference.com/cfb/players/elijah-molden-1.html,1,Elijah Molden,DB,0.0,Washington,2026-04-01T19:39:35.220Z,21,season_totals,1.0
2021,2021.csv,Elijah Molden,4243328,DB,Washington,College Stats,5-9,192.0,4.62,36.5,13.0,125.0,,,Tennessee Titans / 3rd / 100th pick / 2021,2022,10.0,tennessee-titans,CB,MoldEl00,2.0,5.0,4.0,1.0,0.0,0.0,0.0,0.0,0.0,0,0.0,0.0,0.0,0.0,0.0,0.0,0.0,,,,,,,,,,,,,,,,,,,,,,,,,,,,,,,,,,,,,,,,,,,,,,,,,,,,,,,,,,,,,,,,,,,,,,,,,,,,,,5,,SR,26,Pac-12,,2020,0,0,0,0,4,0,24,1,https://www.sports-reference.com/cfb/players/elijah-molden-1.html,1,Elijah Molden,DB,0.0,Washington,2026-04-01T19:39:35.220Z,21,season_totals,1.0
2021,2021.csv,Elijah Molden,4243328,DB,Washington,College Stats,5-9,192.0,4.62,36.5,13.0,125.0,,,Tennessee Titans / 3rd / 100th pick / 2021,2023,10.0,tennessee-titans,CB,MoldEl00,15.0,73.0,47.0,26.0,0.0,1.0,1.0,1.0,1.0,44,44.0,1.0,44.0,4.0,2.0,0.0,0.0,15,0.0,0.0,0.0,1.0,1.0,0.0,0.0,0.0,6.0,,,,,,,,,,,,,,,,,,,,,,,,,,,,,,,,,,,,,,,,,,,,,,,,,,,,,,,,,,,,,,,,,,,,5,,SR,26,Pac-12,,2020,0,0,0,0,4,0,24,1,https://www.sports-reference.com/cfb/players/elijah-molden-1.html,1,Elijah Molden,DB,0.0,Washington,2026-04-01T19:39:35.220Z,21,season_totals,1.0
2021,2021.csv,Elijah Molden,4243328,DB,Washington,College Stats,5-9,192.0,4.62,36.5,13.0,125.0,,,Tennessee Titans / 3rd / 100th pick / 2021,2024,24.0,los-angeles-chargers,CB,MoldEl00,15.0,75.0,43.0,32.0,0.0,0.0,2.0,0.0,3.0,28,9.3,0.0,25.0,7.0,5.0,3.0,0.0,,,,,,,,,,,,,,,,,,,,,,,,,,,,,,,,,,,,,,,,,,,,,,,,,,,,,,,,,,,,,,,,,,,,,,,,,,,,,,5,,SR,26,Pac-12,,2020,0,0,0,0,4,0,24,1,https://www.sports-reference.com/cfb/players/elijah-molden-1.html,1,Elijah Molden,DB,0.0,Washington,2026-04-01T19:39:35.220Z,21,season_totals,1.0
2021,2021.csv,Elijah Molden,4243328,DB,Washington,College Stats,5-9,192.0,4.62,36.5,13.0,125.0,,,Tennessee Titans / 3rd / 100th pick / 2021,2025,24.0,los-angeles-chargers,CB,MoldEl00,12.0,52.0,28.0,24.0,0.0,0.0,0.0,0.0,1.0,0,0.0,0.0,0.0,1.0,1.0,0.0,0.0,,,,,,,,,,,,,,,,,,,,,,,,,,,,,,,,,,,,,,,,,,,,,,,,,,,,,,,,,,,,,,,,,,,,,,,,,,,,,,5,,SR,26,Pac-12,,2020,0,0,0,0,4,0,24,1,https://www.sports-reference.com/cfb/players/elijah-molden-1.html,1,Elijah Molden,DB,0.0,Washington,2026-04-01T19:39:35.220Z,21,season_totals,1.0
2021,2021.csv,Elijah Molden,4243328,DB,Washington,College Stats,5-9,192.0,4.62,36.5,13.0,125.0,,,Tennessee Titans / 3rd / 100th pick / 2021,-1,,,,MoldEl00,60.0,267.0,165.0,102.0,0.0,2.0,4.0,1.0,6.0,74,12.3,2.0,44.0,16.0,11.0,14.0,0.0,60,0.0,0.0,0.0,2.0,2.0,0.0,0.0,0.0,12.0,,,,,,,,,,,,,,,,,,,,,,,,,,,,,,,,,,,,,,,,,,,,,,,,,,,,,,,,,,,,,,,,,,,,5,,SR,26,Pac-12,,2020,0,0,0,0,4,0,24,1,https://www.sports-reference.com/cfb/players/elijah-molden-1.html,1,Elijah Molden,DB,0.0,Washington,2026-04-01T19:39:35.220Z,21,season_totals,1.0
2021,2021.csv,Israel Mukuamu,4362855,DB,South Carolina,College Stats,,,,36.0,34.0,,,,Dallas Cowboys / 6th / 227th pick / 2021,2022,6.0,dallas-cowboys,S,MukuIs00,15.0,17.0,12.0,5.0,0.0,0.0,0.0,0.0,1.0,0,0.0,0.0,1.0,1.0,0.0,0.0,0.0,,,,,,,,,,,,,,,,,,,,,,,,,,,,,,,,,,,,,,,,,,,,,,,,,,,,,,,,,,,,,,,,,,,,,,,,,,,,,,4,,JR,10,SEC,,2020,0,0,0,0,6,0,56,2,https://www.sports-reference.com/cfb/players/israel-mukuamu-1.html,0,Israel Mukuamu,DB,0.0,South Carolina,2026-04-01T19:40:04.015Z,6,season_totals,0.0
2021,2021.csv,Israel Mukuamu,4362855,DB,South Carolina,College Stats,,,,36.0,34.0,,,,Dallas Cowboys / 6th / 227th pick / 2021,2023,6.0,dallas-cowboys,S,MukuIs00,14.0,6.0,4.0,2.0,0.0,0.0,1.0,-3.0,0.0,0,0.0,0.0,0.0,1.0,0.0,0.0,0.0,,,,,,,,,,,,,,,,,,,,,,,,,,,,,,,,,,,,,,,,,,,,,,,,,,,,,,,,,,,,,,,,,,,,,,,,,,,,,,4,,JR,10,SEC,,2020,0,0,0,0,6,0,56,2,https://www.sports-reference.com/cfb/players/israel-mukuamu-1.html,0,Israel Mukuamu,DB,0.0,South Carolina,2026-04-01T19:40:04.015Z,6,season_totals,0.0
2021,2021.csv,Israel Mukuamu,4362855,DB,South Carolina,College Stats,,,,36.0,34.0,,,,Dallas Cowboys / 6th / 227th pick / 2021,2024,6.0,dallas-cowboys,S,MukuIs00,17.0,19.0,13.0,6.0,0.0,0.0,0.0,0.0,2.0,20,10.0,0.0,15.0,2.0,0.5,0.0,0.0,,,,,,,,,,,,,,,,,,,,,,,,,,,,,,,,,,,,,,,,,,,,,,,,,,,,,,,,,,,,,,,,,,,,,,,,,,,,,,4,,JR,10,SEC,,2020,0,0,0,0,6,0,56,2,https://www.sports-reference.com/cfb/players/israel-mukuamu-1.html,0,Israel Mukuamu,DB,0.0,South Carolina,2026-04-01T19:40:04.015Z,6,season_totals,0.0
2021,2021.csv,Israel Mukuamu,4362855,DB,South Carolina,College Stats,,,,36.0,34.0,,,,Dallas Cowboys / 6th / 227th pick / 2021,-1,,,,MukuIs00,46.0,42.0,29.0,13.0,0.0,0.0,1.0,-3.0,3.0,20,6.7,0.0,15.0,4.0,0.5,0.0,0.0,,,,,,,,,,,,,,,,,,,,,,,,,,,,,,,,,,,,,,,,,,,,,,,,,,,,,,,,,,,,,,,,,,,,,,,,,,,,,,4,,JR,10,SEC,,2020,0,0,0,0,6,0,56,2,https://www.sports-reference.com/cfb/players/israel-mukuamu-1.html,0,Israel Mukuamu,DB,0.0,South Carolina,2026-04-01T19:40:04.015Z,6,season_totals,0.0
2021,2021.csv,Hamsah Nasirildeen,4240030,DB,Florida St.,College Stats,6-3,215.0,,32.0,17.0,,7.05,4.31,New York Jets / 6th / 186th pick / 2021,2021,20.0,new-york-jets,LB,NasiHa00,12.0,10.0,3.0,7.0,0.0,0.0,0.0,0.0,0.0,0,0.0,0.0,0.0,0.0,0.0,0.0,0.0,,,,,,,,,,,,,,,,,,,,,,,,,,,,,,,,,,,,,,,,,,,,,,,,,,,,,,,,,,,,,,,,,,,,,,,,,,,,,,8,,SR,13,ACC,,2020,0,0,0,0,2,0,25,1,https://www.sports-reference.com/cfb/players/hamsah-nasirildeen-1.html,1,Hamsah Nasirildeen,DB,0.0,Florida State,2026-04-01T19:39:51.699Z,5,season_totals,1.5
2021,2021.csv,Hamsah Nasirildeen,4240030,DB,Florida St.,College Stats,6-3,215.0,,32.0,17.0,,7.05,4.31,New York Jets / 6th / 186th pick / 2021,2022,20.0,new-york-jets,LB,NasiHa00,7.0,4.0,2.0,2.0,0.0,0.0,0.0,0.0,0.0,0,0.0,0.0,0.0,0.0,0.0,0.0,0.0,,,,,,,,,,,,,,,,,,,,,,,,,,,,,,,,,,,,,,,,,,,,,,,,,,,,,,,,,,,,,,,,,,,,,,,,,,,,,,8,,SR,13,ACC,,2020,0,0,0,0,2,0,25,1,https://www.sports-reference.com/cfb/players/hamsah-nasirildeen-1.html,1,Hamsah Nasirildeen,DB,0.0,Florida State,2026-04-01T19:39:51.699Z,5,season_totals,1.5
2021,2021.csv,Hamsah Nasirildeen,4240030,DB,Florida St.,College Stats,6-3,215.0,,32.0,17.0,,7.05,4.31,New York Jets / 6th / 186th pick / 2021,-1,,,,NasiHa00,19.0,14.0,5.0,9.0,0.0,0.0,0.0,0.0,0.0,0,0.0,0.0,0.0,0.0,0.0,0.0,0.0,,,,,,,,,,,,,,,,,,,,,,,,,,,,,,,,,,,,,,,,,,,,,,,,,,,,,,,,,,,,,,,,,,,,,,,,,,,,,,8,,SR,13,ACC,,2020,0,0,0,0,2,0,25,1,https://www.sports-reference.com/cfb/players/hamsah-nasirildeen-1.html,1,Hamsah Nasirildeen,DB,0.0,Florida State,2026-04-01T19:39:51.699Z,5,season_totals,1.5
2021,2021.csv,Tre Norwood,4241396,DB,Oklahoma,College Stats,5-11,192.0,4.58,33.5,12.0,123.0,7.65,4.45,Pittsburgh Steelers / 7th / 245th pick / 2021,2021,23.0,pittsburgh-steelers,CB,NorwTr00,17.0,38.0,32.0,6.0,0.0,0.0,0.0,0.0,1.0,0,0.0,0.0,1.0,4.0,1.0,6.0,0.0,,,,,,,,,,,,,,,,,,,,,,,,,,,,,,,,,,,,,,,,,,,,,,,,,,,,,,,,,,,,,,,,,,,,,,,,,,,,,,11,,JR,23,Big 12,,2020,0,0,0,0,11,1,98,5,https://www.sports-reference.com/cfb/players/tre-norwood-1.html,2,Tre Norwood,CB/DB,0.0,Oklahoma,2026-04-01T19:42:21.151Z,12,season_totals,0.0
2021,2021.csv,Tre Norwood,4241396,DB,Oklahoma,College Stats,5-11,192.0,4.58,33.5,12.0,123.0,7.65,4.45,Pittsburgh Steelers / 7th / 245th pick / 2021,2022,23.0,pittsburgh-steelers,CB,NorwTr00,15.0,23.0,17.0,6.0,0.0,0.0,0.0,0.0,0.0,0,0.0,0.0,0.0,0.0,2.0,3.0,0.0,,,,,,,,,,,,,,,,,,,,,,,,,,,,,,,,,,,,,,,,,,,,,,,,,,,,,,,,,,,,,,,,,,,,,,,,,,,,,,11,,JR,23,Big 12,,2020,0,0,0,0,11,1,98,5,https://www.sports-reference.com/cfb/players/tre-norwood-1.html,2,Tre Norwood,CB/DB,0.0,Oklahoma,2026-04-01T19:42:21.151Z,12,season_totals,0.0
2021,2021.csv,Tre Norwood,4241396,DB,Oklahoma,College Stats,5-11,192.0,4.58,33.5,12.0,123.0,7.65,4.45,Pittsburgh Steelers / 7th / 245th pick / 2021,-1,,,,NorwTr00,32.0,61.0,49.0,12.0,0.0,0.0,0.0,0.0,1.0,0,0.0,0.0,1.0,4.0,3.0,9.0,0.0,,,,,,,,,,,,,,,,,,,,,,,,,,,,,,,,,,,,,,,,,,,,,,,,,,,,,,,,,,,,,,,,,,,,,,,,,,,,,,11,,JR,23,Big 12,,2020,0,0,0,0,11,1,98,5,https://www.sports-reference.com/cfb/players/tre-norwood-1.html,2,Tre Norwood,CB/DB,0.0,Oklahoma,2026-04-01T19:42:21.151Z,12,season_totals,0.0
2021,2021.csv,Aaron Robinson,4040979,DB,Central Florida,College Stats,5-11,186.0,4.39,37.0,15.0,123.0,6.89,4.29,New York Giants / 3rd / 71st pick / 2021,2021,19.0,new-york-giants,CB,RobiAa00,9.0,26.0,16.0,10.0,0.0,0.0,0.0,0.0,0.0,0,0.0,0.0,0.0,3.0,0.0,0.0,0.0,,,,,,,,,,,,,,,,,,,,,,,,,,,,,,,,,,,,,,,,,,,,,,,,,,,,,,,,,,,,,,,,,,,,,,,,,,,,,,10,,SR,41,American,,2020,1,1,0,0,9,0,0,0,https://www.sports-reference.com/cfb/players/aaron-robinson-2.html,6,Aaron Robinson,DB,0.0,UCF,2026-04-01T20:04:15.785Z,31,season_totals,1.0
2021,2021.csv,Aaron Robinson,4040979,DB,Central Florida,College Stats,5-11,186.0,4.39,37.0,15.0,123.0,6.89,4.29,New York Giants / 3rd / 71st pick / 2021,2022,19.0,new-york-giants,CB,RobiAa00,2.0,6.0,5.0,1.0,0.0,0.0,0.0,0.0,0.0,0,0.0,0.0,0.0,1.0,0.0,0.0,0.0,,,,,,,,,,,,,,,,,,,,,,,,,,,,,,,,,,,,,,,,,,,,,,,,,,,,,,,,,,,,,,,,,,,,,,,,,,,,,,10,,SR,41,American,,2020,1,1,0,0,9,0,0,0,https://www.sports-reference.com/cfb/players/aaron-robinson-2.html,6,Aaron Robinson,DB,0.0,UCF,2026-04-01T20:04:15.785Z,31,season_totals,1.0
2021,2021.csv,Aaron Robinson,4040979,DB,Central Florida,College Stats,5-11,186.0,4.39,37.0,15.0,123.0,6.89,4.29,New York Giants / 3rd / 71st pick / 2021,-1,,,,RobiAa00,11.0,32.0,21.0,11.0,0.0,0.0,0.0,0.0,0.0,0,0.0,0.0,0.0,4.0,0.0,0.0,0.0,,,,,,,,,,,,,,,,,,,,,,,,,,,,,,,,,,,,,,,,,,,,,,,,,,,,,,,,,,,,,,,,,,,,,,,,,,,,,,10,,SR,41,American,,2020,1,1,0,0,9,0,0,0,https://www.sports-reference.com/cfb/players/aaron-robinson-2.html,6,Aaron Robinson,DB,0.0,UCF,2026-04-01T20:04:15.785Z,31,season_totals,1.0
2021,2021.csv,Jamien Sherwood,4361331,DB,Auburn,College Stats,6-1,216.0,4.76,36.0,15.0,123.0,7.15,4.36,New York Jets / 5th / 146th pick / 2021,2021,20.0,new-york-jets,LB,SherJa00,5.0,15.0,8.0,7.0,0.0,0.0,0.0,0.0,0.0,0,0.0,0.0,0.0,0.0,0.0,0.0,0.0,,,,,,,,,,,,,,,,,,,,,,,,,,,,,,,,,,,,,,,,,,,,,,,,,,,,,,,,,,,,,,,,,,,,,,,,,,,,,,31,,JR,75,SEC,,2020,0,2,0,7,11,0,0,0,https://www.sports-reference.com/cfb/players/jamien-sherwood-1.html,3,Jamien Sherwood,DB,1.0,Auburn,2026-04-01T19:40:27.700Z,44,season_totals,3.0
2021,2021.csv,Jamien Sherwood,4361331,DB,Auburn,College Stats,6-1,216.0,4.76,36.0,15.0,123.0,7.15,4.36,New York Jets / 5th / 146th pick / 2021,2022,20.0,new-york-jets,LB,SherJa00,17.0,16.0,12.0,4.0,0.5,0.0,0.0,0.0,0.0,0,0.0,0.0,0.0,0.0,1.5,3.0,0.0,,,,,,,,,,,,,,,,,,,,,,,,,,,,,,,,,,,,,,,,,,,,,,,,,,,,,,,,,,,,,,,,,,,,,,,,,,,,,,31,,JR,75,SEC,,2020,0,2,0,7,11,0,0,0,https://www.sports-reference.com/cfb/players/jamien-sherwood-1.html,3,Jamien Sherwood,DB,1.0,Auburn,2026-04-01T19:40:27.700Z,44,season_totals,3.0
2021,2021.csv,Jamien Sherwood,4361331,DB,Auburn,College Stats,6-1,216.0,4.76,36.0,15.0,123.0,7.15,4.36,New York Jets / 5th / 146th pick / 2021,2023,20.0,new-york-jets,LB,SherJa00,17.0,46.0,28.0,18.0,0.0,1.0,0.0,0.0,0.0,0,0.0,0.0,0.0,1.0,4.0,12.0,0.0,,,,,,,,,,,,,,,,,,,,,,,,,,,,,,,,,,,,,,,,,,,,,,,,,,,,,,,,,,,,,,,,,,,,,,,,,,,,,,31,,JR,75,SEC,,2020,0,2,0,7,11,0,0,0,https://www.sports-reference.com/cfb/players/jamien-sherwood-1.html,3,Jamien Sherwood,DB,1.0,Auburn,2026-04-01T19:40:27.700Z,44,season_totals,3.0
2021,2021.csv,Jamien Sherwood,4361331,DB,Auburn,College Stats,6-1,216.0,4.76,36.0,15.0,123.0,7.15,4.36,New York Jets / 5th / 146th pick / 2021,2024,20.0,new-york-jets,LB,SherJa00,17.0,158.0,98.0,60.0,2.0,0.0,0.0,0.0,0.0,0,0.0,0.0,0.0,3.0,12.0,12.0,0.0,,,,,,,,,,,,,,,,,,,,,,,,,,,,,,,,,,,,,,,,,,,,,,,,,,,,,,,,,,,,,,,,,,,,,,,,,,,,,,31,,JR,75,SEC,,2020,0,2,0,7,11,0,0,0,https://www.sports-reference.com/cfb/players/jamien-sherwood-1.html,3,Jamien Sherwood,DB,1.0,Auburn,2026-04-01T19:40:27.700Z,44,season_totals,3.0
2021,2021.csv,Jamien Sherwood,4361331,DB,Auburn,College Stats,6-1,216.0,4.76,36.0,15.0,123.0,7.15,4.36,New York Jets / 5th / 146th pick / 2021,2025,20.0,new-york-jets,LB,SherJa00,17.0,154.0,71.0,83.0,2.0,0.0,0.0,0.0,0.0,0,0.0,0.0,0.0,8.0,14.5,13.0,0.0,,,,,,,,,,,,,,,,,,,,,,,,,,,,,,,,,,,,,,,,,,,,,,,,,,,,,,,,,,,,,,,,,,,,,,,,,,,,,,31,,JR,75,SEC,,2020,0,2,0,7,11,0,0,0,https://www.sports-reference.com/cfb/players/jamien-sherwood-1.html,3,Jamien Sherwood,DB,1.0,Auburn,2026-04-01T19:40:27.700Z,44,season_totals,3.0
2021,2021.csv,Jamien Sherwood,4361331,DB,Auburn,College Stats,6-1,216.0,4.76,36.0,15.0,123.0,7.15,4.36,New York Jets / 5th / 146th pick / 2021,-1,,,,SherJa00,73.0,389.0,217.0,172.0,4.5,1.0,0.0,0.0,0.0,0,0.0,0.0,0.0,12.0,32.0,40.0,0.0,,,,,,,,,,,,,,,,,,,,,,,,,,,,,,,,,,,,,,,,,,,,,,,,,,,,,,,,,,,,,,,,,,,,,,,,,,,,,,31,,JR,75,SEC,,2020,0,2,0,7,11,0,0,0,https://www.sports-reference.com/cfb/players/jamien-sherwood-1.html,3,Jamien Sherwood,DB,1.0,Auburn,2026-04-01T19:40:27.700Z,44,season_totals,3.0
2021,2021.csv,Benjamin St-Juste,4258206,DB,Minnesota,College Stats,6-3,202.0,4.51,34.5,11.0,119.0,6.63,3.96,Washington Football Team / 3rd / 74th pick / 2021,2021,28.0,washington,CB,StJuBe00,9.0,26.0,20.0,6.0,0.0,0.0,0.0,0.0,0.0,0,0.0,0.0,0.0,3.0,1.0,1.0,0.0,,,,,,,,,,,,,,,,,,,,,,,,,,,,,,,,,,,,,,,,,,,,,,,,,,,,,,,,,,,,,,,,,,,,,,,,,,,,,,3,,JR,14,Big Ten,,2020,0,0,0,0,5,0,0,0,https://www.sports-reference.com/cfb/players/benjamin-st-juste-1.html,3,Benjamin St-Juste,DB,0.0,Minnesota,2026-04-01T19:38:47.088Z,11,season_totals,0.0
2021,2021.csv,Benjamin St-Juste,4258206,DB,Minnesota,College Stats,6-3,202.0,4.51,34.5,11.0,119.0,6.63,3.96,Washington Football Team / 3rd / 74th pick / 2021,2022,28.0,washington-commanders,CB,StJuBe00,12.0,42.0,34.0,8.0,2.0,1.0,0.0,0.0,0.0,0,0.0,0.0,0.0,7.0,0.0,0.0,0.0,,,,,,,,,,,,,,,,,,,,,,,,,,,,,,,,,,,,,,,,,,,,,,,,,,,,,,,,,,,,,,,,,,,,,,,,,,,,,,3,,JR,14,Big Ten,,2020,0,0,0,0,5,0,0,0,https://www.sports-reference.com/cfb/players/benjamin-st-juste-1.html,3,Benjamin St-Juste,DB,0.0,Minnesota,2026-04-01T19:38:47.088Z,11,season_totals,0.0
2021,2021.csv,Benjamin St-Juste,4258206,DB,Minnesota,College Stats,6-3,202.0,4.51,34.5,11.0,119.0,6.63,3.96,Washington Football Team / 3rd / 74th pick / 2021,2023,28.0,washington-commanders,CB,StJuBe00,16.0,67.0,52.0,15.0,1.0,2.0,0.0,0.0,1.0,0,0.0,0.0,0.0,17.0,0.5,0.0,0.0,,,,,,,,,,,,,,,,,,,,,,,,,,,,,,,,,,,,,,,,,,,,,,,,,,,,,,,,,,,,,,,,,,,,,,,,,,,,,,3,,JR,14,Big Ten,,2020,0,0,0,0,5,0,0,0,https://www.sports-reference.com/cfb/players/benjamin-st-juste-1.html,3,Benjamin St-Juste,DB,0.0,Minnesota,2026-04-01T19:38:47.088Z,11,season_totals,0.0
2021,2021.csv,Benjamin St-Juste,4258206,DB,Minnesota,College Stats,6-3,202.0,4.51,34.5,11.0,119.0,6.63,3.96,Washington Football Team / 3rd / 74th pick / 2021,2024,28.0,washington-commanders,CB,StJuBe00,17.0,71.0,56.0,15.0,0.0,1.0,1.0,0.0,0.0,0,0.0,0.0,0.0,7.0,0.0,0.0,0.0,,,,,,,,,,,,,,,,,,,,,,,,,,,,,,,,,,,,,,,,,,,,,,,,,,,,,,,,,,,,,,,,,,,,,,,,,,,,,,3,,JR,14,Big Ten,,2020,0,0,0,0,5,0,0,0,https://www.sports-reference.com/cfb/players/benjamin-st-juste-1.html,3,Benjamin St-Juste,DB,0.0,Minnesota,2026-04-01T19:38:47.088Z,11,season_totals,0.0
2021,2021.csv,Benjamin St-Juste,4258206,DB,Minnesota,College Stats,6-3,202.0,4.51,34.5,11.0,119.0,6.63,3.96,Washington Football Team / 3rd / 74th pick / 2021,2025,24.0,los-angeles-chargers,CB,StJuBe00,16.0,37.0,22.0,15.0,0.0,0.0,0.0,0.0,1.0,0,0.0,0.0,0.0,7.0,0.0,0.0,0.0,,,,,,,,,,,,,,,,,,,,,,,,,,,,,,,,,,,,,,,,,,,,,,,,,,,,,,,,,,,,,,,,,,,,,,,,,,,,,,3,,JR,14,Big Ten,,2020,0,0,0,0,5,0,0,0,https://www.sports-reference.com/cfb/players/benjamin-st-juste-1.html,3,Benjamin St-Juste,DB,0.0,Minnesota,2026-04-01T19:38:47.088Z,11,season_totals,0.0
2021,2021.csv,Benjamin St-Juste,4258206,DB,Minnesota,College Stats,6-3,202.0,4.51,34.5,11.0,119.0,6.63,3.96,Washington Football Team / 3rd / 74th pick / 2021,-1,,,,StJuBe00,70.0,243.0,184.0,59.0,3.0,4.0,1.0,0.0,2.0,0,0.0,0.0,0.0,41.0,1.5,1.0,0.0,,,,,,,,,,,,,,,,,,,,,,,,,,,,,,,,,,,,,,,,,,,,,,,,,,,,,,,,,,,,,,,,,,,,,,,,,,,,,,3,,JR,14,Big Ten,,2020,0,0,0,0,5,0,0,0,https://www.sports-reference.com/cfb/players/benjamin-st-juste-1.html,3,Benjamin St-Juste,DB,0.0,Minnesota,2026-04-01T19:38:47.088Z,11,season_totals,0.0
2021,2021.csv,Caden Sterns,4362077,DB,Texas,College Stats,5-11,202.0,4.41,42.0,14.0,128.0,6.96,4.13,Denver Broncos / 5th / 152nd pick / 2021,2021,7.0,denver-broncos,S,SterCa00,15.0,28.0,22.0,6.0,2.0,0.0,0.0,0.0,2.0,47,23.5,0.0,1.0,5.0,0.5,0.0,0.0,,,,,,,,,,,,,,,,,,,,,,,,,,,,,,,,,,,,,,,,,,,,,,,,,,,,,,,,,,,,,,,,,,,,,,,,,,,,,,22,,JR,52,Big 12,,2020,0,0,0,0,7,0,0,1,https://www.sports-reference.com/cfb/players/caden-sterns-1.html,3,Caden Sterns,DB,0.0,Texas,2026-04-01T19:38:58.658Z,30,season_totals,1.5
2021,2021.csv,Caden Sterns,4362077,DB,Texas,College Stats,5-11,202.0,4.41,42.0,14.0,128.0,6.96,4.13,Denver Broncos / 5th / 152nd pick / 2021,2022,7.0,denver-broncos,S,SterCa00,5.0,21.0,14.0,7.0,0.0,0.0,0.0,0.0,2.0,25,12.5,0.0,1.0,4.0,0.0,0.0,0.0,,,,,,,,,,,,,,,,,,,,,,,,,,,,,,,,,,,,,,,,,,,,,,,,,,,,,,,,,,,,,,,,,,,,,,,,,,,,,,22,,JR,52,Big 12,,2020,0,0,0,0,7,0,0,1,https://www.sports-reference.com/cfb/players/caden-sterns-1.html,3,Caden Sterns,DB,0.0,Texas,2026-04-01T19:38:58.658Z,30,season_totals,1.5
2021,2021.csv,Caden Sterns,4362077,DB,Texas,College Stats,5-11,202.0,4.41,42.0,14.0,128.0,6.96,4.13,Denver Broncos / 5th / 152nd pick / 2021,-1,,,,SterCa00,20.0,49.0,36.0,13.0,2.0,0.0,0.0,0.0,4.0,72,18.0,0.0,1.0,9.0,0.5,0.0,0.0,,,,,,,,,,,,,,,,,,,,,,,,,,,,,,,,,,,,,,,,,,,,,,,,,,,,,,,,,,,,,,,,,,,,,,,,,,,,,,22,,JR,52,Big 12,,2020,0,0,0,0,7,0,0,1,https://www.sports-reference.com/cfb/players/caden-sterns-1.html,3,Caden Sterns,DB,0.0,Texas,2026-04-01T19:38:58.658Z,30,season_totals,1.5
2021,2021.csv,Jacoby Stevens,4242204,S,LSU,College Stats,6-1,212.0,4.63,42.0,,130.0,,,Philadelphia Eagles / 6th / 224th pick / 2021,2021,21.0,philadelphia-eagles,LB,StevJa00,2.0,3.0,1.0,2.0,0.0,0.0,0.0,0.0,0.0,0,0.0,0.0,0.0,0.0,0.0,0.0,0.0,,,,,,,,,,,,,,,,,,,,,,,,,,,,,,,,,,,,,,,,,,,,,,,,,,,,,,,,,,,,,,,,,,,,,,,,,,,,,,30,,SR,63,SEC,,2020,1,3,0,0,10,0,0,0,https://www.sports-reference.com/cfb/players/jacoby-stevens-1.html,4,JaCoby Stevens,WR/S,3.0,LSU,2026-04-01T19:40:09.981Z,33,season_totals,6.0
2021,2021.csv,Jacoby Stevens,4242204,S,LSU,College Stats,6-1,212.0,4.63,42.0,,130.0,,,Philadelphia Eagles / 6th / 224th pick / 2021,-1,,,,StevJa00,2.0,3.0,1.0,2.0,0.0,0.0,0.0,0.0,0.0,0,0.0,0.0,0.0,0.0,0.0,0.0,0.0,,,,,,,,,,,,,,,,,,,,,,,,,,,,,,,,,,,,,,,,,,,,,,,,,,,,,,,,,,,,,,,,,,,,,,,,,,,,,,30,,SR,63,SEC,,2020,1,3,0,0,10,0,0,0,https://www.sports-reference.com/cfb/players/jacoby-stevens-1.html,4,JaCoby Stevens,WR/S,3.0,LSU,2026-04-01T19:40:09.981Z,33,season_totals,6.0
2021,2021.csv,Eric Stokes,4259561,DB,Georgia,College Stats,6-0,194.0,4.31,38.5,14.0,128.0,6.96,4.36,Green Bay Packers / 1st / 29th pick / 2021,2021,9.0,green-bay-packers,CB,StokEr00,16.0,55.0,43.0,12.0,0.0,0.0,0.0,0.0,1.0,0,0.0,0.0,1.0,14.0,0.0,0.0,0.0,,,,,,,,,,,,,,,,,,,,,,,,,,,,,,,,,,,,,,,,,,,,,,,,,,,,,,,,,,,,,,,,,,,,,,,,,,,,,,6,,JR,20,SEC,,2020,0,0,0,0,9,2,94,4,https://www.sports-reference.com/cfb/players/eric-stokes-2.html,4,Eric Stokes,DB,0.0,Georgia,2026-04-01T20:04:23.526Z,14,season_totals,0.0
2021,2021.csv,Eric Stokes,4259561,DB,Georgia,College Stats,6-0,194.0,4.31,38.5,14.0,128.0,6.96,4.36,Green Bay Packers / 1st / 29th pick / 2021,2022,9.0,green-bay-packers,CB,StokEr00,9.0,26.0,21.0,5.0,0.0,0.0,0.0,0.0,0.0,0,0.0,0.0,0.0,0.0,0.0,0.0,0.0,,,,,,,,,,,,,,,,,,,,,,,,,,,,,,,,,,,,,,,,,,,,,,,,,,,,,,,,,,,,,,,,,,,,,,,,,,,,,,6,,JR,20,SEC,,2020,0,0,0,0,9,2,94,4,https://www.sports-reference.com/cfb/players/eric-stokes-2.html,4,Eric Stokes,DB,0.0,Georgia,2026-04-01T20:04:23.526Z,14,season_totals,0.0
2021,2021.csv,Eric Stokes,4259561,DB,Georgia,College Stats,6-0,194.0,4.31,38.5,14.0,128.0,6.96,4.36,Green Bay Packers / 1st / 29th pick / 2021,2023,9.0,green-bay-packers,CB,StokEr00,3.0,6.0,5.0,1.0,0.0,0.0,0.0,0.0,0.0,0,0.0,0.0,0.0,0.0,1.0,1.0,0.0,,,,,,,,,,,,,,,,,,,,,,,,,,,,,,,,,,,,,,,,,,,,,,,,,,,,,,,,,,,,,,,,,,,,,,,,,,,,,,6,,JR,20,SEC,,2020,0,0,0,0,9,2,94,4,https://www.sports-reference.com/cfb/players/eric-stokes-2.html,4,Eric Stokes,DB,0.0,Georgia,2026-04-01T20:04:23.526Z,14,season_totals,0.0
2021,2021.csv,Eric Stokes,4259561,DB,Georgia,College Stats,6-0,194.0,4.31,38.5,14.0,128.0,6.96,4.36,Green Bay Packers / 1st / 29th pick / 2021,2024,9.0,green-bay-packers,CB,StokEr00,17.0,41.0,29.0,12.0,0.0,0.0,0.0,0.0,0.0,0,0.0,0.0,0.0,0.0,1.0,0.0,0.0,,,,,,,,,,,,,,,,,,,,,,,,,,,,,,,,,,,,,,,,,,,,,,,,,,,,,,,,,,,,,,,,,,,,,,,,,,,,,,6,,JR,20,SEC,,2020,0,0,0,0,9,2,94,4,https://www.sports-reference.com/cfb/players/eric-stokes-2.html,4,Eric Stokes,DB,0.0,Georgia,2026-04-01T20:04:23.526Z,14,season_totals,0.0
2021,2021.csv,Eric Stokes,4259561,DB,Georgia,College Stats,6-0,194.0,4.31,38.5,14.0,128.0,6.96,4.36,Green Bay Packers / 1st / 29th pick / 2021,2025,13.0,las-vegas-raiders,CB,StokEr00,16.0,53.0,35.0,18.0,0.0,0.0,0.0,0.0,0.0,0,0.0,0.0,0.0,5.0,1.5,8.0,0.0,,,,,,,,,,,,,,,,,,,,,,,,,,,,,,,,,,,,,,,,,,,,,,,,,,,,,,,,,,,,,,,,,,,,,,,,,,,,,,6,,JR,20,SEC,,2020,0,0,0,0,9,2,94,4,https://www.sports-reference.com/cfb/players/eric-stokes-2.html,4,Eric Stokes,DB,0.0,Georgia,2026-04-01T20:04:23.526Z,14,season_totals,0.0
2021,2021.csv,Eric Stokes,4259561,DB,Georgia,College Stats,6-0,194.0,4.31,38.5,14.0,128.0,6.96,4.36,Green Bay Packers / 1st / 29th pick / 2021,-1,,,,StokEr00,61.0,181.0,133.0,48.0,0.0,0.0,0.0,0.0,1.0,0,0.0,0.0,1.0,19.0,3.5,9.0,0.0,,,,,,,,,,,,,,,,,,,,,,,,,,,,,,,,,,,,,,,,,,,,,,,,,,,,,,,,,,,,,,,,,,,,,,,,,,,,,,6,,JR,20,SEC,,2020,0,0,0,0,9,2,94,4,https://www.sports-reference.com/cfb/players/eric-stokes-2.html,4,Eric Stokes,DB,0.0,Georgia,2026-04-01T20:04:23.526Z,14,season_totals,0.0
2021,2021.csv,Keith Taylor,4243332,DB,Washington,College Stats,6-2,187.0,4.54,33.5,12.0,127.0,6.85,4.26,Carolina Panthers / 5th / 166th pick / 2021,2021,29.0,carolina-panthers,CB,TaylKe03,17.0,38.0,31.0,7.0,0.0,1.0,0.0,0.0,0.0,0,0.0,0.0,0.0,3.0,0.0,5.0,0.0,,,,,,,,,,,,,,,,,,,,,,,,,,,,,,,,,,,,,,,,,,,,,,,,,,,,,,,,,,,,,,,,,,,,,,,,,,,,,,2,,SR,9,Pac-12,,2020,0,0,0,0,4,0,0,0,https://www.sports-reference.com/cfb/players/keith-taylor-3.html,1,Keith Taylor,DB,0.0,Washington,2026-04-01T20:04:36.661Z,7,season_totals,0.0
2021,2021.csv,Keith Taylor,4243332,DB,Washington,College Stats,6-2,187.0,4.54,33.5,12.0,127.0,6.85,4.26,Carolina Panthers / 5th / 166th pick / 2021,2022,29.0,carolina-panthers,CB,TaylKe03,17.0,29.0,24.0,5.0,0.0,0.0,0.0,0.0,0.0,0,0.0,0.0,0.0,3.0,0.0,0.0,0.0,,,,,,,,,,,,,,,,,,,,,,,,,,,,,,17,1.0,0,0.0,0.0,0.0,0.0,0,0.0,0.0,0.0,17.0,0,0,0.0,0,0.0,0,0,0,0,39.6,-,,,,,,,,,,,,,,,,,,,,,,,,,,2,,SR,9,Pac-12,,2020,0,0,0,0,4,0,0,0,https://www.sports-reference.com/cfb/players/keith-taylor-3.html,1,Keith Taylor,DB,0.0,Washington,2026-04-01T20:04:36.661Z,7,season_totals,0.0
2021,2021.csv,Keith Taylor,4243332,DB,Washington,College Stats,6-2,187.0,4.54,33.5,12.0,127.0,6.85,4.26,Carolina Panthers / 5th / 166th pick / 2021,2024,12.0,kansas-city-chiefs,CB,TaylKe03,11.0,5.0,3.0,2.0,0.0,0.0,0.0,0.0,0.0,0,0.0,0.0,0.0,0.0,0.0,0.0,0.0,,,,,,,,,,,,,,,,,,,,,,,,,,,,,,,,,,,,,,,,,,,,,,,,,,,,,,,,,,,,,,,,,,,,,,,,,,,,,,2,,SR,9,Pac-12,,2020,0,0,0,0,4,0,0,0,https://www.sports-reference.com/cfb/players/keith-taylor-3.html,1,Keith Taylor,DB,0.0,Washington,2026-04-01T20:04:36.661Z,7,season_totals,0.0
2021,2021.csv,Keith Taylor,4243332,DB,Washington,College Stats,6-2,187.0,4.54,33.5,12.0,127.0,6.85,4.26,Carolina Panthers / 5th / 166th pick / 2021,2025,1.0,atlanta-falcons,CB,TaylKe03,2.0,6.0,4.0,2.0,0.0,0.0,0.0,0.0,0.0,0,0.0,0.0,0.0,0.0,0.0,0.0,0.0,,,,,,,,,,,,,,,,,,,,,,,,,,,,,,,,,,,,,,,,,,,,,,,,,,,,,,,,,,,,,,,,,,,,,,,,,,,,,,2,,SR,9,Pac-12,,2020,0,0,0,0,4,0,0,0,https://www.sports-reference.com/cfb/players/keith-taylor-3.html,1,Keith Taylor,DB,0.0,Washington,2026-04-01T20:04:36.661Z,7,season_totals,0.0
2021,2021.csv,Keith Taylor,4243332,DB,Washington,College Stats,6-2,187.0,4.54,33.5,12.0,127.0,6.85,4.26,Carolina Panthers / 5th / 166th pick / 2021,-1,,,,TaylKe03,47.0,78.0,62.0,16.0,0.0,1.0,0.0,0.0,0.0,0,0.0,0.0,0.0,6.0,0.0,5.0,0.0,,,,,,,,,,,,,,,,,,,,,,,,,,,,,,47,1.0,0,0.0,0.0,0.0,0.0,0,0.0,0.0,0.0,47.0,0,0,0.0,0,0.0,0,0,0,0,0.0,-,,,,,,,,,,,,,,,,,,,,,,,,,,2,,SR,9,Pac-12,,2020,0,0,0,0,4,0,0,0,https://www.sports-reference.com/cfb/players/keith-taylor-3.html,1,Keith Taylor,DB,0.0,Washington,2026-04-01T20:04:36.661Z,7,season_totals,0.0
2021,2021.csv,Ambry Thomas,4258209,DB,Michigan,College Stats,5-11,191.0,4.37,38.0,15.0,122.0,,,San Francisco 49ers / 3rd / 102nd pick / 2021,2021,25.0,san-francisco-49ers,CB,ThomAm00,12.0,23.0,17.0,6.0,0.0,0.0,0.0,0.0,1.0,0,0.0,0.0,1.0,5.0,1.0,1.0,0.0,,,,,,,,,,,,,,,,,,,,,,,,,,,,,,12,0.0,0,0.0,0.0,0.0,4.0,70,0.0,0.0,19.0,,,,,,,,,,,,,,,,,,,,,,,,,,,,,,,,,,,,,,8,,JR,38,Big Ten,,2019,0,2,0,0,13,0,6,3,https://www.sports-reference.com/cfb/players/ambry-thomas-1.html,4,Ambry Thomas,DB,0.0,Michigan,2026-04-01T20:11:38.962Z,30,season_totals,3.0
2021,2021.csv,Ambry Thomas,4258209,DB,Michigan,College Stats,5-11,191.0,4.37,38.0,15.0,122.0,,,San Francisco 49ers / 3rd / 102nd pick / 2021,2022,25.0,san-francisco-49ers,CB,ThomAm00,15.0,13.0,9.0,4.0,0.0,0.0,0.0,0.0,0.0,0,0.0,0.0,0.0,0.0,0.0,0.0,0.0,,,,,,,,,,,,,,,,,,,,,,,,,,,,,,,,,,,,,,,,,,,,,,,,,,,,,,,,,,,,,,,,,,,,,,,,,,,,,,8,,JR,38,Big Ten,,2019,0,2,0,0,13,0,6,3,https://www.sports-reference.com/cfb/players/ambry-thomas-1.html,4,Ambry Thomas,DB,0.0,Michigan,2026-04-01T20:11:38.962Z,30,season_totals,3.0
2021,2021.csv,Ambry Thomas,4258209,DB,Michigan,College Stats,5-11,191.0,4.37,38.0,15.0,122.0,,,San Francisco 49ers / 3rd / 102nd pick / 2021,2023,25.0,san-francisco-49ers,CB,ThomAm00,15.0,43.0,35.0,8.0,0.0,1.0,1.0,26.0,1.0,2,2.0,0.0,2.0,7.0,0.0,0.0,0.0,,,,,,,,,,,,,,,,,,,,,,,,,,,,,,,,,,,,,,,,,,,,,,,,,,,,,,,,,,,,,,,,,,,,,,,,,,,,,,8,,JR,38,Big Ten,,2019,0,2,0,0,13,0,6,3,https://www.sports-reference.com/cfb/players/ambry-thomas-1.html,4,Ambry Thomas,DB,0.0,Michigan,2026-04-01T20:11:38.962Z,30,season_totals,3.0
2021,2021.csv,Ambry Thomas,4258209,DB,Michigan,College Stats,5-11,191.0,4.37,38.0,15.0,122.0,,,San Francisco 49ers / 3rd / 102nd pick / 2021,-1,,,,ThomAm00,42.0,79.0,61.0,18.0,0.0,1.0,1.0,26.0,2.0,2,1.0,0.0,2.0,12.0,1.0,1.0,0.0,,,,,,,,,,,,,,,,,,,,,,,,,,,,,,42,0.0,0,0.0,0.0,0.0,4.0,70,0.0,0.0,19.0,,,,,,,,,,,,,,,,,,,,,,,,,,,,,,,,,,,,,,8,,JR,38,Big Ten,,2019,0,2,0,0,13,0,6,3,https://www.sports-reference.com/cfb/players/ambry-thomas-1.html,4,Ambry Thomas,DB,0.0,Michigan,2026-04-01T20:11:38.962Z,30,season_totals,3.0
2021,2021.csv,Shaun Wade,4241995,CB,Ohio St.,College Stats,6-0,196.0,,,,,,,Baltimore Ravens / 5th / 160th pick / 2021,2021,17.0,new-england-patriots,CB,WadeSh00,3.0,1.0,0.0,1.0,0.0,0.0,0.0,0.0,0.0,0,0.0,0.0,0.0,0.0,0.0,0.0,0.0,,,,,,,,,,,,,,,,,,,,,,,,,,,,,,,,,,,,,,,,,,,,,,,,,,,,,,,,,,,,,,,,,,,,,,,,,,,,,,11,AA,JR,35,Big Ten,,2020,0,0,0,0,8,1,36,2,https://www.sports-reference.com/cfb/players/shaun-wade-1.html,4,Shaun Wade,CB,0.0,Ohio State,2026-04-01T19:41:56.744Z,24,season_totals,1.0
2021,2021.csv,Shaun Wade,4241995,CB,Ohio St.,College Stats,6-0,196.0,,,,,,,Baltimore Ravens / 5th / 160th pick / 2021,2022,17.0,new-england-patriots,CB,WadeSh00,3.0,2.0,2.0,0.0,0.0,0.0,0.0,0.0,0.0,0,0.0,0.0,0.0,0.0,0.0,0.0,0.0,,,,,,,,,,,,,,,,,,,,,,,,,,,,,,,,,,,,,,,,,,,,,,,,,,,,,,,,,,,,,,,,,,,,,,,,,,,,,,11,AA,JR,35,Big Ten,,2020,0,0,0,0,8,1,36,2,https://www.sports-reference.com/cfb/players/shaun-wade-1.html,4,Shaun Wade,CB,0.0,Ohio State,2026-04-01T19:41:56.744Z,24,season_totals,1.0
2021,2021.csv,Shaun Wade,4241995,CB,Ohio St.,College Stats,6-0,196.0,,,,,,,Baltimore Ravens / 5th / 160th pick / 2021,2023,17.0,new-england-patriots,CB,WadeSh00,14.0,23.0,21.0,2.0,0.0,0.0,0.0,0.0,0.0,0,0.0,0.0,0.0,1.0,2.0,6.0,0.0,,,,,,,,,,,,,,,,,,,,,,,,,,,,,,,,,,,,,,,,,,,,,,,,,,,,,,,,,,,,,,,,,,,,,,,,,,,,,,11,AA,JR,35,Big Ten,,2020,0,0,0,0,8,1,36,2,https://www.sports-reference.com/cfb/players/shaun-wade-1.html,4,Shaun Wade,CB,0.0,Ohio State,2026-04-01T19:41:56.744Z,24,season_totals,1.0
2021,2021.csv,Shaun Wade,4241995,CB,Ohio St.,College Stats,6-0,196.0,,,,,,,Baltimore Ravens / 5th / 160th pick / 2021,-1,,,,WadeSh00,20.0,26.0,23.0,3.0,0.0,0.0,0.0,0.0,0.0,0,0.0,0.0,0.0,1.0,2.0,6.0,0.0,,,,,,,,,,,,,,,,,,,,,,,,,,,,,,,,,,,,,,,,,,,,,,,,,,,,,,,,,,,,,,,,,,,,,,,,,,,,,,11,AA,JR,35,Big Ten,,2020,0,0,0,0,8,1,36,2,https://www.sports-reference.com/cfb/players/shaun-wade-1.html,4,Shaun Wade,CB,0.0,Ohio State,2026-04-01T19:41:56.744Z,24,season_totals,1.0
2021,2021.csv,Mark Webb,4259570,DB,Georgia,College Stats,6-1,207.0,4.61,36.5,,136.0,7.3,4.52,Los Angeles Chargers / 7th / 241st pick / 2021,2021,24.0,los-angeles-chargers,S,WebbMa01,7.0,3.0,3.0,0.0,0.0,0.0,0.0,0.0,0.0,0,0.0,0.0,0.0,0.0,0.0,0.0,0.0,,,,,,,,,,,,,,,,,,,,,,,,,,,,,,,,,,,,,,,,,,,,,,,,,,,,,,,,,,,,,,,,,,,,,,,,,,,,,,11,,SR,21,SEC,,2020,0,0,0,0,8,0,13,1,https://www.sports-reference.com/cfb/players/mark-webb-1.html,2,Mark Webb,DB,0.0,Georgia,2026-04-01T19:41:16.051Z,10,season_totals,0.0
2021,2021.csv,Mark Webb,4259570,DB,Georgia,College Stats,6-1,207.0,4.61,36.5,,136.0,7.3,4.52,Los Angeles Chargers / 7th / 241st pick / 2021,-1,,,,WebbMa01,7.0,3.0,3.0,0.0,0.0,0.0,0.0,0.0,0.0,0,0.0,0.0,0.0,0.0,0.0,0.0,0.0,,,,,,,,,,,,,,,,,,,,,,,,,,,,,,,,,,,,,,,,,,,,,,,,,,,,,,,,,,,,,,,,,,,,,,,,,,,,,,11,,SR,21,SEC,,2020,0,0,0,0,8,0,13,1,https://www.sports-reference.com/cfb/players/mark-webb-1.html,2,Mark Webb,DB,0.0,Georgia,2026-04-01T19:41:16.051Z,10,season_totals,0.0
2021,2021.csv,James Wiggins,4044064,S,Cincinnati,College Stats,5-11,209.0,4.4,38.0,22.0,127.0,,,Arizona Cardinals / 7th / 243rd pick / 2021,2021,22.0,arizona-cardinals,S,WiggJa00,3.0,1.0,0.0,1.0,0.0,0.0,0.0,0.0,0.0,0,0.0,0.0,0.0,0.0,0.0,0.0,0.0,,,,,,,,,,,,,,,,,,,,,,,,,,,,,,,,,,,,,,,,,,,,,,,,,,,,,,,,,,,,,,,,,,,,,,,,,,,,,,7,,SR,32,American,,2020,1,0,0,0,9,0,0,1,https://www.sports-reference.com/cfb/players/james-wiggins-1.html,6,James Wiggins,S,1.0,Cincinnati,2026-04-01T19:40:21.907Z,25,season_totals,1.0
2021,2021.csv,James Wiggins,4044064,S,Cincinnati,College Stats,5-11,209.0,4.4,38.0,22.0,127.0,,,Arizona Cardinals / 7th / 243rd pick / 2021,-1,,,,WiggJa00,2.0,1.0,0.0,1.0,0.0,0.0,0.0,0.0,0.0,0,0.0,0.0,0.0,0.0,0.0,0.0,0.0,,,,,,,,,,,,,,,,,,,,,,,,,,,,,,,,,,,,,,,,,,,,,,,,,,,,,,,,,,,,,,,,,,,,,,,,,,,,,,7,,SR,32,American,,2020,1,0,0,0,9,0,0,1,https://www.sports-reference.com/cfb/players/james-wiggins-1.html,6,James Wiggins,S,1.0,Cincinnati,2026-04-01T19:40:21.907Z,25,season_totals,1.0
2021,2021.csv,Rachad Wildgoose,4372560,CB,Wisconsin,College Stats,5-11,197.0,4.53,36.0,11.0,120.0,7.09,4.18,Buffalo Bills / 6th / 213th pick / 2021,2021,20.0,new-york-jets,CB,WildRa00,5.0,3.0,1.0,2.0,0.0,0.0,0.0,0.0,0.0,0,0.0,0.0,0.0,0.0,0.0,0.0,0.0,,,,,,,,,,,,,,,,,,,,,,,,,,,,,,,,,,,,,,,,,,,,,,,,,,,,,,,,,,,,,,,,,,,,,,,,,,,,,,0,,JR,6,Big Ten,,2020,0,0,0,0,2,0,0,0,https://www.sports-reference.com/cfb/players/rachad-wildgoose-1.html,1,Rachad Wildgoose,CB,0.0,Wisconsin,2026-04-01T19:41:34.069Z,6,season_totals,2.0
2021,2021.csv,Rachad Wildgoose,4372560,CB,Wisconsin,College Stats,5-11,197.0,4.53,36.0,11.0,120.0,7.09,4.18,Buffalo Bills / 6th / 213th pick / 2021,2022,28.0,washington-commanders,CB,WildRa00,15.0,16.0,12.0,4.0,0.0,0.0,0.0,0.0,0.0,0,0.0,0.0,0.0,3.0,0.0,0.0,0.0,,,,,,,,,,,,,,,,,,,,,,,,,,,,,,,,,,,,,,,,,,,,,,,,,,,,,,,,,,,,,,,,,,,,,,,,,,,,,,0,,JR,6,Big Ten,,2020,0,0,0,0,2,0,0,0,https://www.sports-reference.com/cfb/players/rachad-wildgoose-1.html,1,Rachad Wildgoose,CB,0.0,Wisconsin,2026-04-01T19:41:34.069Z,6,season_totals,2.0
2021,2021.csv,Rachad Wildgoose,4372560,CB,Wisconsin,College Stats,5-11,197.0,4.53,36.0,11.0,120.0,7.09,4.18,Buffalo Bills / 6th / 213th pick / 2021,-1,,,,WildRa00,20.0,19.0,13.0,6.0,0.0,0.0,0.0,0.0,0.0,0,0.0,0.0,0.0,3.0,0.0,0.0,0.0,,,,,,,,,,,,,,,,,,,,,,,,,,,,,,,,,,,,,,,,,,,,,,,,,,,,,,,,,,,,,,,,,,,,,,,,,,,,,,0,,JR,6,Big Ten,,2020,0,0,0,0,2,0,0,0,https://www.sports-reference.com/cfb/players/rachad-wildgoose-1.html,1,Rachad Wildgoose,CB,0.0,Wisconsin,2026-04-01T19:41:34.069Z,6,season_totals,2.0
2021,2021.csv,Avery Williams,4048259,CB,Boise St.,College Stats,5-8,187.0,4.43,33.5,19.0,121.0,6.88,4.0,Atlanta Falcons / 5th / 183rd pick / 2021,2021,1.0,atlanta-falcons,CB,WillAv02,15.0,22.0,11.0,11.0,0.0,1.0,0.0,0.0,0.0,0,0.0,0.0,0.0,1.0,0.0,0.0,0.0,,,,,,,,,,,,,,,,,,,,,,,,,,,,,,15,20.0,153,0.0,12.0,23.0,23.0,490,0.0,0.0,38.0,15.0,0,0,0.0,0,0.0,0,0,0,0,39.6,-,,,,,,,,,,,,,,,,,,,,,,,,,,19,,SR,45,CUSA,,2007,0,0,0,0,12,0,0,0,https://www.sports-reference.com/cfb/players/avery-williams-1.html,0,Avery Williams,DL,4.0,Tulane,2026-04-01T19:38:40.766Z,26,season_totals,11.0
2021,2021.csv,Avery Williams,4048259,CB,Boise St.,College Stats,5-8,187.0,4.43,33.5,19.0,121.0,6.88,4.0,Atlanta Falcons / 5th / 183rd pick / 2021,2022,1.0,atlanta-falcons,CB,WillAv02,17.0,3.0,0.0,3.0,0.0,0.0,0.0,0.0,0.0,0,0.0,0.0,0.0,0.0,0.0,0.0,0.0,17,0.0,1.0,0.0,0.0,1.0,0.0,0.0,0.0,6.0,17,22,109,5.0,1,21,6,0,0,17.0,13.0,14.0,61,4.7,0.0,10.0,3.0,0.0,0.0,17,18.0,292,0.0,19.0,56.0,16.0,313,0.0,0.0,30.0,17.0,0,0,0.0,0,0.0,0,0,0,0,39.6,-,,,,,,,,,,,,,,,,,,,,,,,,,,19,,SR,45,CUSA,,2007,0,0,0,0,12,0,0,0,https://www.sports-reference.com/cfb/players/avery-williams-1.html,0,Avery Williams,DL,4.0,Tulane,2026-04-01T19:38:40.766Z,26,season_totals,11.0
2021,2021.csv,Avery Williams,4048259,CB,Boise St.,College Stats,5-8,187.0,4.43,33.5,19.0,121.0,6.88,4.0,Atlanta Falcons / 5th / 183rd pick / 2021,2024,1.0,atlanta-falcons,CB,WillAv02,17.0,6.0,2.0,4.0,0.0,0.0,0.0,0.0,0.0,0,0.0,0.0,0.0,0.0,0.0,0.0,0.0,,,,,,,,,,,,,,,,,,,,,,,,,,,,,,17,20.0,185,0.0,18.0,28.0,15.0,408,0.0,0.0,38.0,,,,,,,,,,,,,,,,,,,,,,,,,,,,,,,,,,,,,,19,,SR,45,CUSA,,2007,0,0,0,0,12,0,0,0,https://www.sports-reference.com/cfb/players/avery-williams-1.html,0,Avery Williams,DL,4.0,Tulane,2026-04-01T19:38:40.766Z,26,season_totals,11.0
2021,2021.csv,Avery Williams,4048259,CB,Boise St.,College Stats,5-8,187.0,4.43,33.5,19.0,121.0,6.88,4.0,Atlanta Falcons / 5th / 183rd pick / 2021,2025,20.0,new-york-jets,CB,WillAv02,,,,,,,,,,,,,,,,,,,,,,,,,,,,,,,,,,,,,,,,,,,,,,,1,4.0,41,0.0,0.0,17.0,5.0,133,0.0,0.0,29.0,,,,,,,,,,,,,,,,,,,,,,,,,,,,,,,,,,,,,,19,,SR,45,CUSA,,2007,0,0,0,0,12,0,0,0,https://www.sports-reference.com/cfb/players/avery-williams-1.html,0,Avery Williams,DL,4.0,Tulane,2026-04-01T19:38:40.766Z,26,season_totals,11.0
2021,2021.csv,Avery Williams,4048259,CB,Boise St.,College Stats,5-8,187.0,4.43,33.5,19.0,121.0,6.88,4.0,Atlanta Falcons / 5th / 183rd pick / 2021,-1,,,,WillAv02,49.0,31.0,13.0,18.0,0.0,1.0,0.0,0.0,0.0,0,0.0,0.0,0.0,1.0,0.0,0.0,0.0,49,0.0,1.0,0.0,0.0,1.0,0.0,0.0,0.0,6.0,49,22,109,5.0,1,21,6,0,0,49.0,13.0,14.0,61,4.7,0.0,10.0,3.0,0.0,0.0,49,62.0,671,0.0,49.0,56.0,59.0,"1,344",0.0,0.0,38.0,49.0,0,0,0.0,0,0.0,0,0,0,0,0.0,-,,,,,,,,,,,,,,,,,,,,,,,,,,19,,SR,45,CUSA,,2007,0,0,0,0,12,0,0,0,https://www.sports-reference.com/cfb/players/avery-williams-1.html,0,Avery Williams,DL,4.0,Tulane,2026-04-01T19:38:40.766Z,26,season_totals,11.0
2021,2021.csv,Rodarius Williams,4038430,CB,Oklahoma St.,College Stats,5-11,189.0,4.5,36.5,14.0,123.0,6.98,4.15,New York Giants / 6th / 201st pick / 2021,2021,19.0,new-york-giants,CB,WillRo07,5.0,1.0,1.0,0.0,0.0,0.0,0.0,0.0,0.0,0,0.0,0.0,0.0,0.0,0.0,0.0,0.0,,,,,,,,,,,,,,,,,,,,,,,,,,,,,,,,,,,,,,,,,,,,,,,,,,,,,,,,,,,,,,,,,,,,,,,,,,,,,,5,,SR,18,Big 12,,2020,1,0,0,0,9,0,0,0,https://www.sports-reference.com/cfb/players/rodarius-williams-1.html,7,Rodarius Williams,CB,0.0,Oklahoma State,2026-04-01T19:41:50.863Z,13,season_totals,1.0
2021,2021.csv,Rodarius Williams,4038430,CB,Oklahoma St.,College Stats,5-11,189.0,4.5,36.5,14.0,123.0,6.98,4.15,New York Giants / 6th / 201st pick / 2021,2022,19.0,new-york-giants,CB,WillRo07,3.0,15.0,15.0,0.0,0.0,0.0,0.0,0.0,1.0,1,1.0,0.0,1.0,2.0,0.0,0.0,0.0,,,,,,,,,,,,,,,,,,,,,,,,,,,,,,,,,,,,,,,,,,,,,,,,,,,,,,,,,,,,,,,,,,,,,,,,,,,,,,5,,SR,18,Big 12,,2020,1,0,0,0,9,0,0,0,https://www.sports-reference.com/cfb/players/rodarius-williams-1.html,7,Rodarius Williams,CB,0.0,Oklahoma State,2026-04-01T19:41:50.863Z,13,season_totals,1.0
2021,2021.csv,Rodarius Williams,4038430,CB,Oklahoma St.,College Stats,5-11,189.0,4.5,36.5,14.0,123.0,6.98,4.15,New York Giants / 6th / 201st pick / 2021,-1,,,,WillRo07,8.0,16.0,16.0,0.0,0.0,0.0,0.0,0.0,1.0,1,1.0,0.0,1.0,2.0,0.0,0.0,0.0,,,,,,,,,,,,,,,,,,,,,,,,,,,,,,,,,,,,,,,,,,,,,,,,,,,,,,,,,,,,,,,,,,,,,,,,,,,,,,5,,SR,18,Big 12,,2020,1,0,0,0,9,0,0,0,https://www.sports-reference.com/cfb/players/rodarius-williams-1.html,7,Rodarius Williams,CB,0.0,Oklahoma State,2026-04-01T19:41:50.863Z,13,season_totals,1.0
2021,2021.csv,Marco Wilson,4240595,CB,Florida,College Stats,5-11,191.0,4.37,43.5,26.0,136.0,6.8,4.13,Arizona Cardinals / 4th / 136th pick / 2021,2021,22.0,arizona-cardinals,CB,WilsMa04,14.0,48.0,40.0,8.0,0.0,2.0,0.0,0.0,0.0,0,0.0,0.0,0.0,4.0,1.0,1.0,0.0,,,,,,,,,,,,,,,,,,,,,,,,,,,,,,,,,,,,,,,,,,,,,,,,,,,,,,,,,,,,,,,,,,,,,,,,,,,,,,9,,JR,33,SEC,,2020,0,1,0,4,10,0,0,0,https://www.sports-reference.com/cfb/players/marco-wilson-1.html,4,Marco Wilson,CB/DB,0.0,Florida,2026-04-01T19:41:09.912Z,24,season_totals,0.0
2021,2021.csv,Marco Wilson,4240595,CB,Florida,College Stats,5-11,191.0,4.37,43.5,26.0,136.0,6.8,4.13,Arizona Cardinals / 4th / 136th pick / 2021,2022,22.0,arizona-cardinals,CB,WilsMa04,14.0,58.0,44.0,14.0,0.0,1.0,0.0,0.0,3.0,77,25.7,1.0,1.0,10.0,2.0,2.0,0.0,14,0.0,0.0,0.0,1.0,1.0,0.0,0.0,0.0,6.0,,,,,,,,,,,,,,,,,,,,,,,,,,,,,,,,,,,,,,,,,,,,,,,,,,,,,,,,,,,,,,,,,,,,9,,JR,33,SEC,,2020,0,1,0,4,10,0,0,0,https://www.sports-reference.com/cfb/players/marco-wilson-1.html,4,Marco Wilson,CB/DB,0.0,Florida,2026-04-01T19:41:09.912Z,24,season_totals,0.0
2021,2021.csv,Marco Wilson,4240595,CB,Florida,College Stats,5-11,191.0,4.37,43.5,26.0,136.0,6.8,4.13,Arizona Cardinals / 4th / 136th pick / 2021,2023,22.0,arizona-cardinals,CB,WilsMa04,15.0,52.0,41.0,11.0,0.0,0.0,0.0,0.0,0.0,0,0.0,0.0,0.0,4.0,0.0,0.0,0.0,,,,,,,,,,,,,,,,,,,,,,,,,,,,,,,,,,,,,,,,,,,,,,,,,,,,,,,,,,,,,,,,,,,,,,,,,,,,,,9,,JR,33,SEC,,2020,0,1,0,4,10,0,0,0,https://www.sports-reference.com/cfb/players/marco-wilson-1.html,4,Marco Wilson,CB/DB,0.0,Florida,2026-04-01T19:41:09.912Z,24,season_totals,0.0
2021,2021.csv,Marco Wilson,4240595,CB,Florida,College Stats,5-11,191.0,4.37,43.5,26.0,136.0,6.8,4.13,Arizona Cardinals / 4th / 136th pick / 2021,2023,17.0,new-england-patriots,CB,WilsMa04,1.0,1.0,0.0,1.0,0.0,0.0,0.0,0.0,0.0,0,0.0,0.0,0.0,0.0,0.0,0.0,0.0,,,,,,,,,,,,,,,,,,,,,,,,,,,,,,,,,,,,,,,,,,,,,,,,,,,,,,,,,,,,,,,,,,,,,,,,,,,,,,9,,JR,33,SEC,,2020,0,1,0,4,10,0,0,0,https://www.sports-reference.com/cfb/players/marco-wilson-1.html,4,Marco Wilson,CB/DB,0.0,Florida,2026-04-01T19:41:09.912Z,24,season_totals,0.0
2021,2021.csv,Marco Wilson,4240595,CB,Florida,College Stats,5-11,191.0,4.37,43.5,26.0,136.0,6.8,4.13,Arizona Cardinals / 4th / 136th pick / 2021,2023,,2023 Totals,CB,WilsMa04,16.0,53.0,41.0,12.0,0.0,0.0,0.0,0.0,0.0,0,0.0,0.0,0.0,4.0,0.0,0.0,0.0,,,,,,,,,,,,,,,,,,,,,,,,,,,,,,,,,,,,,,,,,,,,,,,,,,,,,,,,,,,,,,,,,,,,,,,,,,,,,,9,,JR,33,SEC,,2020,0,1,0,4,10,0,0,0,https://www.sports-reference.com/cfb/players/marco-wilson-1.html,4,Marco Wilson,CB/DB,0.0,Florida,2026-04-01T19:41:09.912Z,24,season_totals,0.0
2021,2021.csv,Marco Wilson,4240595,CB,Florida,College Stats,5-11,191.0,4.37,43.5,26.0,136.0,6.8,4.13,Arizona Cardinals / 4th / 136th pick / 2021,2024,17.0,new-england-patriots,CB,WilsMa04,10.0,15.0,8.0,7.0,0.0,0.0,0.0,0.0,0.0,0,0.0,0.0,0.0,1.0,0.0,0.0,0.0,,,,,,,,,,,,,,,,,,,,,,,,,,,,,,,,,,,,,,,,,,,,,,,,,,,,,,,,,,,,,,,,,,,,,,,,,,,,,,9,,JR,33,SEC,,2020,0,1,0,4,10,0,0,0,https://www.sports-reference.com/cfb/players/marco-wilson-1.html,4,Marco Wilson,CB/DB,0.0,Florida,2026-04-01T19:41:09.912Z,24,season_totals,0.0
2021,2021.csv,Marco Wilson,4240595,CB,Florida,College Stats,5-11,191.0,4.37,43.5,26.0,136.0,6.8,4.13,Arizona Cardinals / 4th / 136th pick / 2021,2024,4.0,cincinnati-bengals,CB,WilsMa04,6.0,2.0,2.0,0.0,0.0,0.0,0.0,0.0,0.0,0,0.0,0.0,0.0,1.0,0.0,0.0,0.0,,,,,,,,,,,,,,,,,,,,,,,,,,,,,,,,,,,,,,,,,,,,,,,,,,,,,,,,,,,,,,,,,,,,,,,,,,,,,,9,,JR,33,SEC,,2020,0,1,0,4,10,0,0,0,https://www.sports-reference.com/cfb/players/marco-wilson-1.html,4,Marco Wilson,CB/DB,0.0,Florida,2026-04-01T19:41:09.912Z,24,season_totals,0.0
2021,2021.csv,Marco Wilson,4240595,CB,Florida,College Stats,5-11,191.0,4.37,43.5,26.0,136.0,6.8,4.13,Arizona Cardinals / 4th / 136th pick / 2021,2024,,2024 Totals,CB,WilsMa04,16.0,17.0,10.0,7.0,0.0,0.0,0.0,0.0,0.0,0,0.0,0.0,0.0,2.0,0.0,0.0,0.0,,,,,,,,,,,,,,,,,,,,,,,,,,,,,,,,,,,,,,,,,,,,,,,,,,,,,,,,,,,,,,,,,,,,,,,,,,,,,,9,,JR,33,SEC,,2020,0,1,0,4,10,0,0,0,https://www.sports-reference.com/cfb/players/marco-wilson-1.html,4,Marco Wilson,CB/DB,0.0,Florida,2026-04-01T19:41:09.912Z,24,season_totals,0.0
2021,2021.csv,Marco Wilson,4240595,CB,Florida,College Stats,5-11,191.0,4.37,43.5,26.0,136.0,6.8,4.13,Arizona Cardinals / 4th / 136th pick / 2021,2025,4.0,cincinnati-bengals,CB,WilsMa04,4.0,3.0,3.0,0.0,0.0,0.0,0.0,0.0,0.0,0,0.0,0.0,0.0,0.0,0.0,0.0,0.0,,,,,,,,,,,,,,,,,,,,,,,,,,,,,,,,,,,,,,,,,,,,,,,,,,,,,,,,,,,,,,,,,,,,,,,,,,,,,,9,,JR,33,SEC,,2020,0,1,0,4,10,0,0,0,https://www.sports-reference.com/cfb/players/marco-wilson-1.html,4,Marco Wilson,CB/DB,0.0,Florida,2026-04-01T19:41:09.912Z,24,season_totals,0.0
2021,2021.csv,Marco Wilson,4240595,CB,Florida,College Stats,5-11,191.0,4.37,43.5,26.0,136.0,6.8,4.13,Arizona Cardinals / 4th / 136th pick / 2021,-1,,,,WilsMa04,64.0,179.0,138.0,41.0,0.0,3.0,0.0,0.0,3.0,77,25.7,1.0,1.0,20.0,3.0,3.0,0.0,64,0.0,0.0,0.0,1.0,1.0,0.0,0.0,0.0,6.0,,,,,,,,,,,,,,,,,,,,,,,,,,,,,,,,,,,,,,,,,,,,,,,,,,,,,,,,,,,,,,,,,,,,9,,JR,33,SEC,,2020,0,1,0,4,10,0,0,0,https://www.sports-reference.com/cfb/players/marco-wilson-1.html,4,Marco Wilson,CB/DB,0.0,Florida,2026-04-01T19:41:09.912Z,24,season_totals,0.0
2021,2021.csv,Nahshon Wright,4570470,DB,Oregon St.,College Stats,6-4,183.0,4.46,31.0,6.0,126.0,7.24,4.57,Dallas Cowboys / 3rd / 99th pick / 2021,2021,6.0,dallas-cowboys,CB,WrigNa00,13.0,9.0,7.0,2.0,0.0,0.0,0.0,0.0,0.0,0,0.0,0.0,0.0,0.0,0.0,0.0,0.0,13,0.0,0.0,0.0,0.0,1.0,0.0,0.0,0.0,6.0,,,,,,,,,,,,,,,,,,,,13,1.0,0,0.0,0.0,0.0,0.0,0,0.0,0.0,0.0,13.0,0,0,0.0,0,0.0,0,0,0,0,39.6,-,,,,,,,,,,,,,,,,,,,,,,,,,,7,,JR,30,Pac-12,,2020,1,0,0,0,6,0,0,2,https://www.sports-reference.com/cfb/players/nahshon-wright-1.html,4,Nahshon Wright,DB,1.0,Oregon State,2026-04-01T19:41:21.897Z,23,season_totals,1.0
2021,2021.csv,Nahshon Wright,4570470,DB,Oregon St.,College Stats,6-4,183.0,4.46,31.0,6.0,126.0,7.24,4.57,Dallas Cowboys / 3rd / 99th pick / 2021,2022,6.0,dallas-cowboys,CB,WrigNa00,7.0,23.0,17.0,6.0,0.0,0.0,0.0,0.0,1.0,0,0.0,0.0,1.0,4.0,1.0,1.0,0.0,,,,,,,,,,,,,,,,,,,,,,,,,,,,,,,,,,,,,,,,,,,,,,,,,,,,,,,,,,,,,,,,,,,,,,,,,,,,,,7,,JR,30,Pac-12,,2020,1,0,0,0,6,0,0,2,https://www.sports-reference.com/cfb/players/nahshon-wright-1.html,4,Nahshon Wright,DB,1.0,Oregon State,2026-04-01T19:41:21.897Z,23,season_totals,1.0
2021,2021.csv,Nahshon Wright,4570470,DB,Oregon St.,College Stats,6-4,183.0,4.46,31.0,6.0,126.0,7.24,4.57,Dallas Cowboys / 3rd / 99th pick / 2021,2023,6.0,dallas-cowboys,CB,WrigNa00,12.0,5.0,3.0,2.0,0.0,0.0,0.0,0.0,0.0,0,0.0,0.0,0.0,1.0,0.0,0.0,0.0,,,,,,,,,,,,,,,,,,,,,,,,,,,,,,,,,,,,,,,,,,,,,,,,,,,,,,,,,,,,,,,,,,,,,,,,,,,,,,7,,JR,30,Pac-12,,2020,1,0,0,0,6,0,0,2,https://www.sports-reference.com/cfb/players/nahshon-wright-1.html,4,Nahshon Wright,DB,1.0,Oregon State,2026-04-01T19:41:21.897Z,23,season_totals,1.0
2021,2021.csv,Nahshon Wright,4570470,DB,Oregon St.,College Stats,6-4,183.0,4.46,31.0,6.0,126.0,7.24,4.57,Dallas Cowboys / 3rd / 99th pick / 2021,2025,3.0,chicago-bears,CB,WrigNa00,17.0,80.0,54.0,26.0,0.0,2.0,3.0,-1.0,5.0,118,23.6,1.0,74.0,11.0,4.5,7.0,0.0,,,,,,,,,,,,,,,,,,,,,,,,,,,,,,,,,,,,,,,,,,,,,,,,,,,,,,,,,,,,,,,,,,,,,,,,,,,,,,7,,JR,30,Pac-12,,2020,1,0,0,0,6,0,0,2,https://www.sports-reference.com/cfb/players/nahshon-wright-1.html,4,Nahshon Wright,DB,1.0,Oregon State,2026-04-01T19:41:21.897Z,23,season_totals,1.0
2021,2021.csv,Nahshon Wright,4570470,DB,Oregon St.,College Stats,6-4,183.0,4.46,31.0,6.0,126.0,7.24,4.57,Dallas Cowboys / 3rd / 99th pick / 2021,-1,,,,WrigNa00,49.0,117.0,81.0,36.0,0.0,2.0,3.0,-1.0,6.0,118,19.7,1.0,74.0,16.0,5.5,8.0,0.0,49,0.0,0.0,0.0,0.0,1.0,0.0,0.0,0.0,6.0,,,,,,,,,,,,,,,,,,,,49,1.0,0,0.0,0.0,0.0,0.0,0,0.0,0.0,0.0,49.0,0,0,0.0,0,0.0,0,0,0,0,0.0,-,,,,,,,,,,,,,,,,,,,,,,,,,,7,,JR,30,Pac-12,,2020,1,0,0,0,6,0,0,2,https://www.sports-reference.com/cfb/players/nahshon-wright-1.html,4,Nahshon Wright,DB,1.0,Oregon State,2026-04-01T19:41:21.897Z,23,season_totals,1.0
2022,2022.csv,Tycen Anderson,4257240,S,Toledo,College Stats,6-2,209.0,4.36,35.5,,123.0,6.64,4.28,Cincinnati Bengals / 5th / 166th pick / 2022,2023,4.0,cincinnati-bengals,S,AndeTy00,7.0,8.0,5.0,3.0,0.0,0.0,0.0,0.0,0.0,0,0.0,0.0,0.0,0.0,0.0,0.0,0.0,,,,,,,,,,,,,,,,,,,,,,,,,,,,,,,,,,,,,,,,,,,,,,,,,,,,,,,,,,,,,,,,,,,,,,,,,,,,,,18,,SR,44,MAC,,2021,1,0,0,0,10,0,0,0,https://www.sports-reference.com/cfb/players/tycen-anderson-1.html,2,Tycen Anderson,DB/S,1.0,Toledo,2026-04-01T19:46:10.609Z,26,season_totals,2.0
2022,2022.csv,Tycen Anderson,4257240,S,Toledo,College Stats,6-2,209.0,4.36,35.5,,123.0,6.64,4.28,Cincinnati Bengals / 5th / 166th pick / 2022,2024,4.0,cincinnati-bengals,S,AndeTy00,17.0,11.0,10.0,1.0,0.0,0.0,0.0,0.0,0.0,0,0.0,0.0,0.0,0.0,0.0,0.0,0.0,,,,,,,,,,,,,,,,,,,,,,,,,,,,,,,,,,,,,,,,,,,,,,,,,,,,,,,,,,,,,,,,,,,,,,,,,,,,,,18,,SR,44,MAC,,2021,1,0,0,0,10,0,0,0,https://www.sports-reference.com/cfb/players/tycen-anderson-1.html,2,Tycen Anderson,DB/S,1.0,Toledo,2026-04-01T19:46:10.609Z,26,season_totals,2.0
2022,2022.csv,Tycen Anderson,4257240,S,Toledo,College Stats,6-2,209.0,4.36,35.5,,123.0,6.64,4.28,Cincinnati Bengals / 5th / 166th pick / 2022,2025,4.0,cincinnati-bengals,S,AndeTy00,17.0,23.0,10.0,13.0,0.0,0.0,0.0,0.0,0.0,0,0.0,0.0,0.0,1.0,0.0,0.0,0.0,,,,,,,,,,,,,,,,,,,,,,,,,,,,,,,,,,,,,,,,,,,,,,,,,,,,,,,,,,,,,,,,,,,,,,,,,,,,,,18,,SR,44,MAC,,2021,1,0,0,0,10,0,0,0,https://www.sports-reference.com/cfb/players/tycen-anderson-1.html,2,Tycen Anderson,DB/S,1.0,Toledo,2026-04-01T19:46:10.609Z,26,season_totals,2.0
2022,2022.csv,Tycen Anderson,4257240,S,Toledo,College Stats,6-2,209.0,4.36,35.5,,123.0,6.64,4.28,Cincinnati Bengals / 5th / 166th pick / 2022,-1,,,,AndeTy00,41.0,42.0,25.0,17.0,0.0,0.0,0.0,0.0,0.0,0,0.0,0.0,0.0,1.0,0.0,0.0,0.0,,,,,,,,,,,,,,,,,,,,,,,,,,,,,,,,,,,,,,,,,,,,,,,,,,,,,,,,,,,,,,,,,,,,,,,,,,,,,,18,,SR,44,MAC,,2021,1,0,0,0,10,0,0,0,https://www.sports-reference.com/cfb/players/tycen-anderson-1.html,2,Tycen Anderson,DB/S,1.0,Toledo,2026-04-01T19:46:10.609Z,26,season_totals,2.0
2022,2022.csv,Jalyn Armour-Davis,4372017,CB,Alabama,College Stats,6-1,197.0,4.39,34.5,14.0,,,,Baltimore Ravens / 4th / 119th pick / 2022,2022,33.0,baltimore-ravens,CB,ArmoJa00,4.0,6.0,4.0,2.0,0.0,0.0,0.0,0.0,0.0,0,0.0,0.0,0.0,1.0,0.0,3.0,0.0,,,,,,,,,,,,,,,,,,,,,,,,,,,,,,,,,,,,,,,,,,,,,,,,,,,,,,,,,,,,,,,,,,,,,,,,,,,,,,10,,JR,32,SEC,,2021,0,0,0,0,11,0,51,3,https://www.sports-reference.com/cfb/players/jalyn-armour-davis-1.html,4,Jalyn Armour-Davis,DB,0.0,Alabama,2026-04-01T19:44:27.735Z,22,season_totals,1.0
2022,2022.csv,Jalyn Armour-Davis,4372017,CB,Alabama,College Stats,6-1,197.0,4.39,34.5,14.0,,,,Baltimore Ravens / 4th / 119th pick / 2022,2023,33.0,baltimore-ravens,CB,ArmoJa00,8.0,6.0,2.0,4.0,0.0,0.0,0.0,0.0,0.0,0,0.0,0.0,0.0,0.0,0.0,0.0,0.0,,,,,,,,,,,,,,,,,,,,,,,,,,,,,,,,,,,,,,,,,,,,,,,,,,,,,,,,,,,,,,,,,,,,,,,,,,,,,,10,,JR,32,SEC,,2021,0,0,0,0,11,0,51,3,https://www.sports-reference.com/cfb/players/jalyn-armour-davis-1.html,4,Jalyn Armour-Davis,DB,0.0,Alabama,2026-04-01T19:44:27.735Z,22,season_totals,1.0
2022,2022.csv,Jalyn Armour-Davis,4372017,CB,Alabama,College Stats,6-1,197.0,4.39,34.5,14.0,,,,Baltimore Ravens / 4th / 119th pick / 2022,2024,33.0,baltimore-ravens,CB,ArmoJa00,7.0,8.0,6.0,2.0,0.0,0.0,0.0,0.0,0.0,0,0.0,0.0,0.0,1.0,0.0,0.0,0.0,,,,,,,,,,,,,,,,,,,,,,,,,,,,,,,,,,,,,,,,,,,,,,,,,,,,,,,,,,,,,,,,,,,,,,,,,,,,,,10,,JR,32,SEC,,2021,0,0,0,0,11,0,51,3,https://www.sports-reference.com/cfb/players/jalyn-armour-davis-1.html,4,Jalyn Armour-Davis,DB,0.0,Alabama,2026-04-01T19:44:27.735Z,22,season_totals,1.0
2022,2022.csv,Jalyn Armour-Davis,4372017,CB,Alabama,College Stats,6-1,197.0,4.39,34.5,14.0,,,,Baltimore Ravens / 4th / 119th pick / 2022,2025,10.0,tennessee-titans,CB,ArmoJa00,11.0,34.0,18.0,16.0,0.0,0.0,0.0,0.0,0.0,0,0.0,0.0,0.0,2.0,2.0,1.0,0.0,,,,,,,,,,,,,,,,,,,,,,,,,,,,,,,,,,,,,,,,,,,,,,,,,,,,,,,,,,,,,,,,,,,,,,,,,,,,,,10,,JR,32,SEC,,2021,0,0,0,0,11,0,51,3,https://www.sports-reference.com/cfb/players/jalyn-armour-davis-1.html,4,Jalyn Armour-Davis,DB,0.0,Alabama,2026-04-01T19:44:27.735Z,22,season_totals,1.0
2022,2022.csv,Jalyn Armour-Davis,4372017,CB,Alabama,College Stats,6-1,197.0,4.39,34.5,14.0,,,,Baltimore Ravens / 4th / 119th pick / 2022,-1,,,,ArmoJa00,30.0,54.0,30.0,24.0,0.0,0.0,0.0,0.0,0.0,0,0.0,0.0,0.0,4.0,2.0,4.0,0.0,,,,,,,,,,,,,,,,,,,,,,,,,,,,,,,,,,,,,,,,,,,,,,,,,,,,,,,,,,,,,,,,,,,,,,,,,,,,,,10,,JR,32,SEC,,2021,0,0,0,0,11,0,51,3,https://www.sports-reference.com/cfb/players/jalyn-armour-davis-1.html,4,Jalyn Armour-Davis,DB,0.0,Alabama,2026-04-01T19:44:27.735Z,22,season_totals,1.0
2022,2022.csv,Dane Belton,4426686,S,Iowa,College Stats,6-1,205.0,4.43,36.5,,123.0,7.01,4.24,New York Giants / 4th / 114th pick / 2022,2022,19.0,new-york-giants,S,BeltDa00,15.0,31.0,24.0,7.0,0.0,0.0,2.0,3.0,2.0,0,0.0,0.0,1.0,3.0,1.0,2.0,0.0,,,,,,,,,,,,,,,,,,,,,,,,,,,,,,,,,,,,,,,,,,,,,,,,,,,,,,,,,,,,,,,,,,,,,,,,,,,,,,17,,JR,46,Big Ten,,2021,0,0,0,0,14,0,0,5,https://www.sports-reference.com/cfb/players/dane-belton-1.html,7,Dane Belton,DB,0.0,Iowa,2026-04-01T19:43:46.667Z,29,season_totals,3.0
2022,2022.csv,Dane Belton,4426686,S,Iowa,College Stats,6-1,205.0,4.43,36.5,,123.0,7.01,4.24,New York Giants / 4th / 114th pick / 2022,2023,19.0,new-york-giants,S,BeltDa00,17.0,33.0,22.0,11.0,1.0,0.0,1.0,2.0,2.0,22,11.0,0.0,20.0,2.0,2.0,6.0,0.0,,,,,,,,,,,,,,,,,,,,,,,,,,,,,,,,,,,,,,,,,,,,,,,,,,,,,,,,,,,,,,,,,,,,,,,,,,,,,,17,,JR,46,Big Ten,,2021,0,0,0,0,14,0,0,5,https://www.sports-reference.com/cfb/players/dane-belton-1.html,7,Dane Belton,DB,0.0,Iowa,2026-04-01T19:43:46.667Z,29,season_totals,3.0
2022,2022.csv,Dane Belton,4426686,S,Iowa,College Stats,6-1,205.0,4.43,36.5,,123.0,7.01,4.24,New York Giants / 4th / 114th pick / 2022,2024,19.0,new-york-giants,S,BeltDa00,17.0,56.0,28.0,28.0,1.0,1.0,0.0,0.0,1.0,0,0.0,0.0,0.0,6.0,0.5,0.0,0.0,,,,,,,,,,,17,1,10,10.0,0,10,1,0,0,,,,,,,,,,,,,,,,,,,,,,17.0,0,0,0.0,0,0.0,0,0,0,0,39.6,-,,,,,,,,,,,,,,,,,,,,,,,,,,17,,JR,46,Big Ten,,2021,0,0,0,0,14,0,0,5,https://www.sports-reference.com/cfb/players/dane-belton-1.html,7,Dane Belton,DB,0.0,Iowa,2026-04-01T19:43:46.667Z,29,season_totals,3.0
2022,2022.csv,Dane Belton,4426686,S,Iowa,College Stats,6-1,205.0,4.43,36.5,,123.0,7.01,4.24,New York Giants / 4th / 114th pick / 2022,2025,19.0,new-york-giants,S,BeltDa00,17.0,120.0,60.0,60.0,2.0,3.0,0.0,0.0,1.0,8,8.0,0.0,8.0,5.0,3.5,5.0,0.0,,,,,,,,,,,,,,,,,,,,,,,,,,,,,,,,,,,,,,,,,,,,,,,,,,,,,,,,,,,,,,,,,,,,,,,,,,,,,,17,,JR,46,Big Ten,,2021,0,0,0,0,14,0,0,5,https://www.sports-reference.com/cfb/players/dane-belton-1.html,7,Dane Belton,DB,0.0,Iowa,2026-04-01T19:43:46.667Z,29,season_totals,3.0
2022,2022.csv,Dane Belton,4426686,S,Iowa,College Stats,6-1,205.0,4.43,36.5,,123.0,7.01,4.24,New York Giants / 4th / 114th pick / 2022,-1,,,,BeltDa00,66.0,240.0,134.0,106.0,4.0,4.0,3.0,5.0,6.0,30,5.0,0.0,20.0,16.0,7.0,13.0,0.0,,,,,,,,,,,66,1,10,10.0,0,10,1,0,0,,,,,,,,,,,,,,,,,,,,,,66.0,0,0,0.0,0,0.0,0,0,0,0,0.0,-,,,,,,,,,,,,,,,,,,,,,,,,,,17,,JR,46,Big Ten,,2021,0,0,0,0,14,0,0,5,https://www.sports-reference.com/cfb/players/dane-belton-1.html,7,Dane Belton,DB,0.0,Iowa,2026-04-01T19:43:46.667Z,29,season_totals,3.0
2022,2022.csv,Jaquan Brisker,4570044,S,Penn St.,College Stats,6-1,199.0,4.49,34.5,22.0,124.0,,,Chicago Bears / 2nd / 48th pick / 2022,2022,3.0,chicago-bears,S,BrisJa01,15.0,104.0,73.0,31.0,4.0,1.0,1.0,0.0,1.0,6,6.0,0.0,1.0,2.0,6.5,3.0,0.0,,,,,,,,,,,,,,,,,,,,,,,,,,,,,,,,,,,,,,,,,,,,,,,,,,,,,,,,,,,,,,,,,,,,,,,,,,,,,,26,,SR,64,Big Ten,,2021,0,1,0,12,12,0,39,2,https://www.sports-reference.com/cfb/players/jaquan-brisker-1.html,5,Jaquan Brisker,S,0.0,Penn State,2026-04-01T19:44:33.941Z,38,season_totals,6.0
2022,2022.csv,Jaquan Brisker,4570044,S,Penn St.,College Stats,6-1,199.0,4.49,34.5,22.0,124.0,,,Chicago Bears / 2nd / 48th pick / 2022,2023,3.0,chicago-bears,S,BrisJa01,15.0,105.0,66.0,39.0,1.0,2.0,1.0,0.0,1.0,0,0.0,0.0,0.0,9.0,5.0,4.0,0.0,,,,,,,,,,,,,,,,,,,,,,,,,,,,,,,,,,,,,,,,,,,,,,,,,,,,,,,,,,,,,,,,,,,,,,,,,,,,,,26,,SR,64,Big Ten,,2021,0,1,0,12,12,0,39,2,https://www.sports-reference.com/cfb/players/jaquan-brisker-1.html,5,Jaquan Brisker,S,0.0,Penn State,2026-04-01T19:44:33.941Z,38,season_totals,6.0
2022,2022.csv,Jaquan Brisker,4570044,S,Penn St.,College Stats,6-1,199.0,4.49,34.5,22.0,124.0,,,Chicago Bears / 2nd / 48th pick / 2022,2024,3.0,chicago-bears,S,BrisJa01,5.0,40.0,23.0,17.0,1.0,1.0,0.0,0.0,1.0,0,0.0,0.0,0.0,2.0,3.0,3.0,0.0,,,,,,,,,,,,,,,,,,,,,,,,,,,,,,,,,,,,,,,,,,,,,,,,,,,,,,,,,,,,,,,,,,,,,,,,,,,,,,26,,SR,64,Big Ten,,2021,0,1,0,12,12,0,39,2,https://www.sports-reference.com/cfb/players/jaquan-brisker-1.html,5,Jaquan Brisker,S,0.0,Penn State,2026-04-01T19:44:33.941Z,38,season_totals,6.0
2022,2022.csv,Jaquan Brisker,4570044,S,Penn St.,College Stats,6-1,199.0,4.49,34.5,22.0,124.0,,,Chicago Bears / 2nd / 48th pick / 2022,2025,3.0,chicago-bears,S,BrisJa01,17.0,93.0,52.0,41.0,1.0,0.0,0.0,0.0,1.0,32,32.0,0.0,32.0,8.0,3.0,0.0,0.0,,,,,,,,,,,,,,,,,,,,,,,,,,,,,,,,,,,,,,,,,,,,,,,,,,,,,,,,,,,,,,,,,,,,,,,,,,,,,,26,,SR,64,Big Ten,,2021,0,1,0,12,12,0,39,2,https://www.sports-reference.com/cfb/players/jaquan-brisker-1.html,5,Jaquan Brisker,S,0.0,Penn State,2026-04-01T19:44:33.941Z,38,season_totals,6.0
2022,2022.csv,Jaquan Brisker,4570044,S,Penn St.,College Stats,6-1,199.0,4.49,34.5,22.0,124.0,,,Chicago Bears / 2nd / 48th pick / 2022,-1,,,,BrisJa01,52.0,342.0,214.0,128.0,7.0,4.0,2.0,0.0,4.0,38,9.5,0.0,32.0,21.0,17.5,10.0,0.0,,,,,,,,,,,,,,,,,,,,,,,,,,,,,,,,,,,,,,,,,,,,,,,,,,,,,,,,,,,,,,,,,,,,,,,,,,,,,,26,,SR,64,Big Ten,,2021,0,1,0,12,12,0,39,2,https://www.sports-reference.com/cfb/players/jaquan-brisker-1.html,5,Jaquan Brisker,S,0.0,Penn State,2026-04-01T19:44:33.941Z,38,season_totals,6.0
2022,2022.csv,Montaric Brown,4242149,CB,Arkansas,College Stats,6-0,196.0,4.55,,,,,,Jacksonville Jaguars / 7th / 222nd pick / 2022,2022,30.0,jacksonville-jaguars,CB,BrowMo00,8.0,6.0,4.0,2.0,0.0,0.0,0.0,0.0,0.0,0,0.0,0.0,0.0,0.0,0.0,0.0,0.0,,,,,,,,,,,,,,,,,,,,,,,,,,,,,,,,,,,,,,,,,,,,,,,,,,,,,,,,,,,,,,,,,,,,,,,,,,,,,,30,,SR,54,SEC,,2021,1,1,0,0,13,0,0,5,https://www.sports-reference.com/cfb/players/montaric-brown-1.html,6,Montaric Brown,DB,0.0,Arkansas,2026-04-01T19:45:27.874Z,24,season_totals,1.0
2022,2022.csv,Montaric Brown,4242149,CB,Arkansas,College Stats,6-0,196.0,4.55,,,,,,Jacksonville Jaguars / 7th / 222nd pick / 2022,2023,30.0,jacksonville-jaguars,CB,BrowMo00,12.0,34.0,25.0,9.0,0.0,0.0,0.0,0.0,0.0,0,0.0,0.0,0.0,4.0,0.0,0.0,0.0,,,,,,,,,,,,,,,,,,,,,,,,,,,,,,,,,,,,,,,,,,,,,,,,,,,,,,,,,,,,,,,,,,,,,,,,,,,,,,30,,SR,54,SEC,,2021,1,1,0,0,13,0,0,5,https://www.sports-reference.com/cfb/players/montaric-brown-1.html,6,Montaric Brown,DB,0.0,Arkansas,2026-04-01T19:45:27.874Z,24,season_totals,1.0
2022,2022.csv,Montaric Brown,4242149,CB,Arkansas,College Stats,6-0,196.0,4.55,,,,,,Jacksonville Jaguars / 7th / 222nd pick / 2022,2024,30.0,jacksonville-jaguars,CB,BrowMo00,17.0,75.0,55.0,20.0,0.0,0.0,0.0,0.0,1.0,0,0.0,0.0,0.0,8.0,5.0,13.0,0.0,,,,,,,,,,,,,,,,,,,,,,,,,,,,,,,,,,,,,,,,,,,,,,,,,,,,,,,,,,,,,,,,,,,,,,,,,,,,,,30,,SR,54,SEC,,2021,1,1,0,0,13,0,0,5,https://www.sports-reference.com/cfb/players/montaric-brown-1.html,6,Montaric Brown,DB,0.0,Arkansas,2026-04-01T19:45:27.874Z,24,season_totals,1.0
2022,2022.csv,Montaric Brown,4242149,CB,Arkansas,College Stats,6-0,196.0,4.55,,,,,,Jacksonville Jaguars / 7th / 222nd pick / 2022,2025,30.0,jacksonville-jaguars,CB,BrowMo00,15.0,51.0,43.0,8.0,0.0,0.0,0.0,0.0,2.0,0,0.0,0.0,0.0,12.0,0.0,0.0,0.0,,,,,,,,,,,,,,,,,,,,,,,,,,,,,,,,,,,,,,,,,,,,,,,,,,,,,,,,,,,,,,,,,,,,,,,,,,,,,,30,,SR,54,SEC,,2021,1,1,0,0,13,0,0,5,https://www.sports-reference.com/cfb/players/montaric-brown-1.html,6,Montaric Brown,DB,0.0,Arkansas,2026-04-01T19:45:27.874Z,24,season_totals,1.0
2022,2022.csv,Montaric Brown,4242149,CB,Arkansas,College Stats,6-0,196.0,4.55,,,,,,Jacksonville Jaguars / 7th / 222nd pick / 2022,-1,,,,BrowMo00,52.0,166.0,127.0,39.0,0.0,0.0,0.0,0.0,3.0,0,0.0,0.0,0.0,24.0,5.0,13.0,0.0,,,,,,,,,,,,,,,,,,,,,,,,,,,,,,,,,,,,,,,,,,,,,,,,,,,,,,,,,,,,,,,,,,,,,,,,,,,,,,30,,SR,54,SEC,,2021,1,1,0,0,13,0,0,5,https://www.sports-reference.com/cfb/players/montaric-brown-1.html,6,Montaric Brown,DB,0.0,Arkansas,2026-04-01T19:45:27.874Z,24,season_totals,1.0
2022,2022.csv,Coby Bryant,4239094,CB,Cincinnati,College Stats,6-1,193.0,4.54,,17.0,,,,Seattle Seahawks / 4th / 109th pick / 2022,2022,26.0,seattle-seahawks,S,BryaCo01,17.0,70.0,52.0,18.0,2.0,4.0,0.0,0.0,0.0,0,0.0,0.0,0.0,4.0,2.0,6.0,0.0,,,,,,,,,,,,,,,,,,,,,,,,,,,,,,,,,,,,,,,,,,,,,,,,,,,,,,,,,,,,,,,,,,,,,,,,,,,,,,11,,SR,46,American,,2021,3,0,0,0,14,1,95,3,https://www.sports-reference.com/cfb/players/coby-bryant-1.html,11,Coby Bryant,S/CB,0.0,Cincinnati,2026-04-01T19:43:22.554Z,35,season_totals,1.0
2022,2022.csv,Coby Bryant,4239094,CB,Cincinnati,College Stats,6-1,193.0,4.54,,17.0,,,,Seattle Seahawks / 4th / 109th pick / 2022,2023,26.0,seattle-seahawks,S,BryaCo01,9.0,18.0,14.0,4.0,0.0,1.0,0.0,0.0,0.0,0,0.0,0.0,0.0,0.0,0.0,0.0,0.0,,,,,,,,,,,,,,,,,,,,,,,,,,,,,,,,,,,,,,,,,,,,,,,,,,,,,,,,,,,,,,,,,,,,,,,,,,,,,,11,,SR,46,American,,2021,3,0,0,0,14,1,95,3,https://www.sports-reference.com/cfb/players/coby-bryant-1.html,11,Coby Bryant,S/CB,0.0,Cincinnati,2026-04-01T19:43:22.554Z,35,season_totals,1.0
2022,2022.csv,Coby Bryant,4239094,CB,Cincinnati,College Stats,6-1,193.0,4.54,,17.0,,,,Seattle Seahawks / 4th / 109th pick / 2022,2024,26.0,seattle-seahawks,S,BryaCo01,17.0,73.0,48.0,25.0,0.0,1.0,0.0,0.0,3.0,87,29.0,1.0,69.0,6.0,1.0,1.0,0.0,,,,,,,,,,,,,,,,,,,,,,,,,,,,,,,,,,,,,,,,,,,,,,,,,,,,,,,,,,,,,,,,,,,,,,,,,,,,,,11,,SR,46,American,,2021,3,0,0,0,14,1,95,3,https://www.sports-reference.com/cfb/players/coby-bryant-1.html,11,Coby Bryant,S/CB,0.0,Cincinnati,2026-04-01T19:43:22.554Z,35,season_totals,1.0
2022,2022.csv,Coby Bryant,4239094,CB,Cincinnati,College Stats,6-1,193.0,4.54,,17.0,,,,Seattle Seahawks / 4th / 109th pick / 2022,2025,26.0,seattle-seahawks,S,BryaCo01,15.0,66.0,39.0,27.0,0.0,1.0,0.0,0.0,4.0,43,10.8,0.0,28.0,7.0,4.5,6.0,0.0,,,,,,,,,,,,,,,,,,,,,,,,,,,,,,,,,,,,,,,,,15.0,0,0,0.0,0,0.0,0,0,0,0,39.6,-,,,,,,,,,,,,,,,,,,,,,,,,,,11,,SR,46,American,,2021,3,0,0,0,14,1,95,3,https://www.sports-reference.com/cfb/players/coby-bryant-1.html,11,Coby Bryant,S/CB,0.0,Cincinnati,2026-04-01T19:43:22.554Z,35,season_totals,1.0
2022,2022.csv,Coby Bryant,4239094,CB,Cincinnati,College Stats,6-1,193.0,4.54,,17.0,,,,Seattle Seahawks / 4th / 109th pick / 2022,-1,,,,BryaCo01,58.0,227.0,153.0,74.0,2.0,7.0,0.0,0.0,7.0,130,18.6,1.0,69.0,17.0,7.5,13.0,0.0,,,,,,,,,,,,,,,,,,,,,,,,,,,,,,,,,,,,,,,,,58.0,0,0,0.0,0,0.0,0,0,0,0,0.0,-,,,,,,,,,,,,,,,,,,,,,,,,,,11,,SR,46,American,,2021,3,0,0,0,14,1,95,3,https://www.sports-reference.com/cfb/players/coby-bryant-1.html,11,Coby Bryant,S/CB,0.0,Cincinnati,2026-04-01T19:43:22.554Z,35,season_totals,1.0
2022,2022.csv,Percy Butler,4363097,S,Louisiana,College Stats,6-0,194.0,4.36,31.5,,123.0,,,Washington Commanders / 4th / 113th pick / 2022,2022,28.0,washington-commanders,S,ButlPe00,15.0,11.0,9.0,2.0,0.0,0.0,1.0,0.0,0.0,0,0.0,0.0,0.0,1.0,2.0,0.0,0.0,,,,,,,,,,,,,,,,,,,,,,,,,,,,,,,,,,,,,,,,,,,,,,,,,,,,,,,,,,,,,,,,,,,,,,,,,,,,,,24,,JR,61,Sun Belt,,2021,0,2,0,0,13,0,0,1,https://www.sports-reference.com/cfb/players/percy-butler-1.html,4,Percy Butler,DB/S,0.0,Louisiana,2026-04-01T19:45:39.941Z,37,season_totals,6.0
2022,2022.csv,Percy Butler,4363097,S,Louisiana,College Stats,6-0,194.0,4.36,31.5,,123.0,,,Washington Commanders / 4th / 113th pick / 2022,2023,28.0,washington-commanders,S,ButlPe00,15.0,64.0,35.0,29.0,0.0,1.0,0.0,0.0,0.0,0,0.0,0.0,0.0,8.0,2.0,3.0,0.0,,,,,,,,,,,,,,,,,,,,,,,,,,,,,,,,,,,,,,,,,,,,,,,,,,,,,,,,,,,,,,,,,,,,,,,,,,,,,,24,,JR,61,Sun Belt,,2021,0,2,0,0,13,0,0,1,https://www.sports-reference.com/cfb/players/percy-butler-1.html,4,Percy Butler,DB/S,0.0,Louisiana,2026-04-01T19:45:39.941Z,37,season_totals,6.0
2022,2022.csv,Percy Butler,4363097,S,Louisiana,College Stats,6-0,194.0,4.36,31.5,,123.0,,,Washington Commanders / 4th / 113th pick / 2022,2024,28.0,washington-commanders,S,ButlPe00,17.0,47.0,29.0,18.0,0.0,0.0,0.0,0.0,0.0,0,0.0,0.0,0.0,1.0,2.5,5.0,0.0,,,,,,,,,,,,,,,,,,,,,,,,,,,,,,,,,,,,,,,,,,,,,,,,,,,,,,,,,,,,,,,,,,,,,,,,,,,,,,24,,JR,61,Sun Belt,,2021,0,2,0,0,13,0,0,1,https://www.sports-reference.com/cfb/players/percy-butler-1.html,4,Percy Butler,DB/S,0.0,Louisiana,2026-04-01T19:45:39.941Z,37,season_totals,6.0
2022,2022.csv,Percy Butler,4363097,S,Louisiana,College Stats,6-0,194.0,4.36,31.5,,123.0,,,Washington Commanders / 4th / 113th pick / 2022,2025,28.0,washington-commanders,S,ButlPe00,16.0,14.0,8.0,6.0,0.0,0.0,0.0,0.0,0.0,0,0.0,0.0,0.0,0.0,0.0,0.0,0.0,,,,,,,,,,,,,,,,,,,,,,,,,,,,,,,,,,,,,,,,,,,,,,,,,,,,,,,,,,,,,,,,,,,,,,,,,,,,,,24,,JR,61,Sun Belt,,2021,0,2,0,0,13,0,0,1,https://www.sports-reference.com/cfb/players/percy-butler-1.html,4,Percy Butler,DB/S,0.0,Louisiana,2026-04-01T19:45:39.941Z,37,season_totals,6.0
2022,2022.csv,Percy Butler,4363097,S,Louisiana,College Stats,6-0,194.0,4.36,31.5,,123.0,,,Washington Commanders / 4th / 113th pick / 2022,-1,,,,ButlPe00,63.0,136.0,81.0,55.0,0.0,1.0,1.0,0.0,0.0,0,0.0,0.0,0.0,10.0,6.5,8.0,0.0,,,,,,,,,,,,,,,,,,,,,,,,,,,,,,,,,,,,,,,,,,,,,,,,,,,,,,,,,,,,,,,,,,,,,,,,,,,,,,24,,JR,61,Sun Belt,,2021,0,2,0,0,13,0,0,1,https://www.sports-reference.com/cfb/players/percy-butler-1.html,4,Percy Butler,DB/S,0.0,Louisiana,2026-04-01T19:45:39.941Z,37,season_totals,6.0
2022,2022.csv,Tariq Castro-Fields,4259590,CB,Penn St.,College Stats,6-1,197.0,4.38,,,,,,San Francisco 49ers / 6th / 221st pick / 2022,2023,28.0,washington-commanders,CB,CastTa00,8.0,4.0,3.0,1.0,0.0,0.0,0.0,0.0,0.0,0,0.0,0.0,0.0,0.0,0.5,0.0,0.0,,,,,,,,,,,,,,,,,,,,,,,,,,,,,,,,,,,,,,,,,,,,,,,,,,,,,,,,,,,,,,,,,,,,,,,,,,,,,,7,,SR,33,Big Ten,,2021,0,0,0,0,13,0,0,0,https://www.sports-reference.com/cfb/players/tariq-castro-fields-1.html,6,Tariq Castro-Fields,CB,0.0,Penn State,2026-04-01T19:45:58.043Z,26,season_totals,0.0
2022,2022.csv,Tariq Castro-Fields,4259590,CB,Penn St.,College Stats,6-1,197.0,4.38,,,,,,San Francisco 49ers / 6th / 221st pick / 2022,-1,,,,CastTa00,8.0,4.0,3.0,1.0,0.0,0.0,0.0,0.0,0.0,0,0.0,0.0,0.0,0.0,0.5,0.0,0.0,,,,,,,,,,,,,,,,,,,,,,,,,,,,,,,,,,,,,,,,,,,,,,,,,,,,,,,,,,,,,,,,,,,,,,,,,,,,,,7,,SR,33,Big Ten,,2021,0,0,0,0,13,0,0,0,https://www.sports-reference.com/cfb/players/tariq-castro-fields-1.html,6,Tariq Castro-Fields,CB,0.0,Penn State,2026-04-01T19:45:58.043Z,26,season_totals,0.0
2022,2022.csv,Lewis Cine,4426536,S,Georgia,College Stats,6-2,199.0,4.37,36.5,,133.0,,,Minnesota Vikings / 1st / 32nd pick / 2022,2023,16.0,minnesota-vikings,S,CineLe00,7.0,1.0,0.0,1.0,0.0,0.0,0.0,0.0,0.0,0,0.0,0.0,0.0,0.0,0.0,0.0,0.0,,,,,,,,,,,,,,,,,,,,,,,,,,,,,,,,,,,,,,,,,,,,,,,,,,,,,,,,,,,,,,,,,,,,,,,,,,,,,,30,,JR,73,SEC,,2021,0,0,0,0,15,0,8,1,https://www.sports-reference.com/cfb/players/lewis-cine-1.html,9,Lewis Cine,DB,0.0,Georgia,2026-04-01T19:45:09.761Z,43,season_totals,2.0
2022,2022.csv,Lewis Cine,4426536,S,Georgia,College Stats,6-2,199.0,4.37,36.5,,133.0,,,Minnesota Vikings / 1st / 32nd pick / 2022,-1,,,,CineLe00,7.0,1.0,0.0,1.0,0.0,0.0,0.0,0.0,0.0,0,0.0,0.0,0.0,0.0,0.0,0.0,0.0,,,,,,,,,,,,,,,,,,,,,,,,,,,,,,,,,,,,,,,,,,,,,,,,,,,,,,,,,,,,,,,,,,,,,,,,,,,,,,30,,JR,73,SEC,,2021,0,0,0,0,15,0,8,1,https://www.sports-reference.com/cfb/players/lewis-cine-1.html,9,Lewis Cine,DB,0.0,Georgia,2026-04-01T19:45:09.761Z,43,season_totals,2.0
2022,2022.csv,Bryan Cook,4247726,S,Cincinnati,College Stats,6-1,206.0,,,,,,,Kansas City Chiefs / 2nd / 62nd pick / 2022,2022,12.0,kansas-city-chiefs,S,CookBr02,16.0,33.0,22.0,11.0,1.0,0.0,0.0,0.0,0.0,0,0.0,0.0,0.0,2.0,0.0,0.0,0.0,,,,,,,,,,,,,,,,,,,,,,,,,,,,,,,,,,,,,,,,,,,,,,,,,,,,,,,,,,,,,,,,,,,,,,,,,,,,,,38,,SR,93,American,,2021,0,0,0,0,14,0,0,2,https://www.sports-reference.com/cfb/players/bryan-cook-2.html,9,Bryan Cook,S,1.0,Cincinnati,2026-04-01T20:05:14.367Z,55,season_totals,5.5
2022,2022.csv,Bryan Cook,4247726,S,Cincinnati,College Stats,6-1,206.0,,,,,,,Kansas City Chiefs / 2nd / 62nd pick / 2022,2023,12.0,kansas-city-chiefs,S,CookBr02,12.0,42.0,26.0,16.0,0.0,0.0,2.0,59.0,1.0,9,9.0,0.0,9.0,2.0,1.0,1.0,0.0,12,0.0,0.0,0.0,1.0,1.0,0.0,0.0,0.0,6.0,,,,,,,,,,,,,,,,,,,,,,,,,,,,,,,,,,,,,,,,,,,,,,,,,,,,,,,,,,,,,,,,,,,,38,,SR,93,American,,2021,0,0,0,0,14,0,0,2,https://www.sports-reference.com/cfb/players/bryan-cook-2.html,9,Bryan Cook,S,1.0,Cincinnati,2026-04-01T20:05:14.367Z,55,season_totals,5.5
2022,2022.csv,Bryan Cook,4247726,S,Cincinnati,College Stats,6-1,206.0,,,,,,,Kansas City Chiefs / 2nd / 62nd pick / 2022,2024,12.0,kansas-city-chiefs,S,CookBr02,17.0,78.0,55.0,23.0,0.0,0.0,0.0,0.0,2.0,0,0.0,0.0,0.0,5.0,1.5,3.0,0.0,,,,,,,,,,,,,,,,,,,,,,,,,,,,,,,,,,,,,,,,,,,,,,,,,,,,,,,,,,,,,,,,,,,,,,,,,,,,,,38,,SR,93,American,,2021,0,0,0,0,14,0,0,2,https://www.sports-reference.com/cfb/players/bryan-cook-2.html,9,Bryan Cook,S,1.0,Cincinnati,2026-04-01T20:05:14.367Z,55,season_totals,5.5
2022,2022.csv,Bryan Cook,4247726,S,Cincinnati,College Stats,6-1,206.0,,,,,,,Kansas City Chiefs / 2nd / 62nd pick / 2022,2025,12.0,kansas-city-chiefs,S,CookBr02,17.0,85.0,50.0,35.0,0.0,0.0,0.0,0.0,0.0,0,0.0,0.0,0.0,6.0,1.5,1.0,0.0,,,,,,,,,,,,,,,,,,,,,,,,,,,,,,,,,,,,,,,,,,,,,,,,,,,,,,,,,,,,,,,,,,,,,,,,,,,,,,38,,SR,93,American,,2021,0,0,0,0,14,0,0,2,https://www.sports-reference.com/cfb/players/bryan-cook-2.html,9,Bryan Cook,S,1.0,Cincinnati,2026-04-01T20:05:14.367Z,55,season_totals,5.5
2022,2022.csv,Bryan Cook,4247726,S,Cincinnati,College Stats,6-1,206.0,,,,,,,Kansas City Chiefs / 2nd / 62nd pick / 2022,-1,,,,CookBr02,62.0,238.0,153.0,85.0,1.0,0.0,2.0,59.0,3.0,9,3.0,0.0,9.0,15.0,4.0,5.0,0.0,62,0.0,0.0,0.0,1.0,1.0,0.0,0.0,0.0,6.0,,,,,,,,,,,,,,,,,,,,,,,,,,,,,,,,,,,,,,,,,,,,,,,,,,,,,,,,,,,,,,,,,,,,38,,SR,93,American,,2021,0,0,0,0,14,0,0,2,https://www.sports-reference.com/cfb/players/bryan-cook-2.html,9,Bryan Cook,S,1.0,Cincinnati,2026-04-01T20:05:14.367Z,55,season_totals,5.5
2022,2022.csv,Nick Cross,4426403,S,Maryland,College Stats,6-0,212.0,4.34,37.0,,130.0,,,Indianapolis Colts / 3rd / 96th pick / 2022,2022,11.0,indianapolis-colts,S,CrosNi00,16.0,17.0,11.0,6.0,0.0,0.0,1.0,0.0,0.0,0,0.0,0.0,0.0,0.0,1.0,0.0,0.0,,,,,,,,,,,,,,,,,,,,,,,,,,,,,,16,1.0,0,0.0,0.0,0.0,0.0,0,0.0,0.0,0.0,16.0,0,0,0.0,0,0.0,0,0,0,0,39.6,-,,,,,,,,,,,,,,,,,,,,,,,,,,22,,JR,67,Big Ten,,2021,2,0,0,0,13,0,55,3,https://www.sports-reference.com/cfb/players/nick-cross-1.html,4,Nick Cross,DB,3.0,Maryland,2026-04-01T19:45:33.926Z,45,season_totals,3.5
2022,2022.csv,Nick Cross,4426403,S,Maryland,College Stats,6-0,212.0,4.34,37.0,,130.0,,,Indianapolis Colts / 3rd / 96th pick / 2022,2023,11.0,indianapolis-colts,S,CrosNi00,17.0,39.0,24.0,15.0,0.0,0.0,0.0,0.0,1.0,18,18.0,0.0,18.0,2.0,2.0,2.0,1.0,,,,,,,,,,,,,,,,,,,,,,,,,,,,,,,,,,,,,,,,,,,,,,,,,,,,,,,,,,,,,,,,,,,,,,,,,,,,,,22,,JR,67,Big Ten,,2021,2,0,0,0,13,0,55,3,https://www.sports-reference.com/cfb/players/nick-cross-1.html,4,Nick Cross,DB,3.0,Maryland,2026-04-01T19:45:33.926Z,45,season_totals,3.5
2022,2022.csv,Nick Cross,4426403,S,Maryland,College Stats,6-0,212.0,4.34,37.0,,130.0,,,Indianapolis Colts / 3rd / 96th pick / 2022,2024,11.0,indianapolis-colts,S,CrosNi00,17.0,146.0,87.0,59.0,1.0,1.0,0.0,0.0,3.0,25,8.3,0.0,20.0,5.0,4.0,19.0,0.0,,,,,,,,,,,,,,,,,,,,,,,,,,,,,,,,,,,,,,,,,,,,,,,,,,,,,,,,,,,,,,,,,,,,,,,,,,,,,,22,,JR,67,Big Ten,,2021,2,0,0,0,13,0,55,3,https://www.sports-reference.com/cfb/players/nick-cross-1.html,4,Nick Cross,DB,3.0,Maryland,2026-04-01T19:45:33.926Z,45,season_totals,3.5
2022,2022.csv,Nick Cross,4426403,S,Maryland,College Stats,6-0,212.0,4.34,37.0,,130.0,,,Indianapolis Colts / 3rd / 96th pick / 2022,2025,11.0,indianapolis-colts,S,CrosNi00,17.0,120.0,72.0,48.0,2.5,1.0,0.0,0.0,1.0,0,0.0,0.0,0.0,5.0,10.0,9.0,0.0,,,,,,,,,,,,,,,,,,,,,,,,,,,,,,,,,,,,,,,,,,,,,,,,,,,,,,,,,,,,,,,,,,,,,,,,,,,,,,22,,JR,67,Big Ten,,2021,2,0,0,0,13,0,55,3,https://www.sports-reference.com/cfb/players/nick-cross-1.html,4,Nick Cross,DB,3.0,Maryland,2026-04-01T19:45:33.926Z,45,season_totals,3.5
2022,2022.csv,Nick Cross,4426403,S,Maryland,College Stats,6-0,212.0,4.34,37.0,,130.0,,,Indianapolis Colts / 3rd / 96th pick / 2022,-1,,,,CrosNi00,67.0,322.0,194.0,128.0,3.5,2.0,1.0,0.0,5.0,43,8.6,0.0,20.0,12.0,17.0,30.0,1.0,,,,,,,,,,,,,,,,,,,,,,,,,,,,,,67,1.0,0,0.0,0.0,0.0,0.0,0,0.0,0.0,0.0,67.0,0,0,0.0,0,0.0,0,0,0,0,0.0,-,,,,,,,,,,,,,,,,,,,,,,,,,,22,,JR,67,Big Ten,,2021,2,0,0,0,13,0,55,3,https://www.sports-reference.com/cfb/players/nick-cross-1.html,4,Nick Cross,DB,3.0,Maryland,2026-04-01T19:45:33.926Z,45,season_totals,3.5
2022,2022.csv,Kaiir Elam,4567399,CB,Florida,College Stats,6-2,191.0,4.39,,,,,,Buffalo Bills / 1st / 23rd pick / 2022,2022,2.0,buffalo-bills,CB,ElamKa00,13.0,41.0,29.0,12.0,0.0,0.0,0.0,0.0,2.0,0,0.0,0.0,1.0,4.0,0.0,3.0,0.0,,,,,,,,,,,,,,,,,,,,,,,,,,,,,,,,,,,,,,,,,,,,,,,,,,,,,,,,,,,,,,,,,,,,,,,,,,,,,,13,,JR,29,SEC,,2021,0,0,0,0,10,0,0,1,https://www.sports-reference.com/cfb/players/kaiir-elam-1.html,5,Kaiir Elam,DB/CB,0.0,Florida,2026-04-01T19:44:45.820Z,16,season_totals,1.5
2022,2022.csv,Kaiir Elam,4567399,CB,Florida,College Stats,6-2,191.0,4.39,,,,,,Buffalo Bills / 1st / 23rd pick / 2022,2023,2.0,buffalo-bills,CB,ElamKa00,3.0,14.0,10.0,4.0,0.0,0.0,0.0,0.0,0.0,0,0.0,0.0,0.0,0.0,0.5,0.0,0.0,,,,,,,,,,,,,,,,,,,,,,,,,,,,,,,,,,,,,,,,,,,,,,,,,,,,,,,,,,,,,,,,,,,,,,,,,,,,,,13,,JR,29,SEC,,2021,0,0,0,0,10,0,0,1,https://www.sports-reference.com/cfb/players/kaiir-elam-1.html,5,Kaiir Elam,DB/CB,0.0,Florida,2026-04-01T19:44:45.820Z,16,season_totals,1.5
2022,2022.csv,Kaiir Elam,4567399,CB,Florida,College Stats,6-2,191.0,4.39,,,,,,Buffalo Bills / 1st / 23rd pick / 2022,2024,2.0,buffalo-bills,CB,ElamKa00,13.0,26.0,17.0,9.0,0.0,0.0,1.0,0.0,0.0,0,0.0,0.0,0.0,2.0,1.0,2.0,0.0,,,,,,,,,,,,,,,,,,,,,,,,,,,,,,,,,,,,,,,,,,,,,,,,,,,,,,,,,,,,,,,,,,,,,,,,,,,,,,13,,JR,29,SEC,,2021,0,0,0,0,10,0,0,1,https://www.sports-reference.com/cfb/players/kaiir-elam-1.html,5,Kaiir Elam,DB/CB,0.0,Florida,2026-04-01T19:44:45.820Z,16,season_totals,1.5
2022,2022.csv,Kaiir Elam,4567399,CB,Florida,College Stats,6-2,191.0,4.39,,,,,,Buffalo Bills / 1st / 23rd pick / 2022,2025,6.0,dallas-cowboys,CB,ElamKa00,10.0,29.0,19.0,10.0,0.0,0.0,0.0,0.0,0.0,0,0.0,0.0,0.0,1.0,0.0,0.0,0.0,,,,,,,,,,,,,,,,,,,,,,,,,,,,,,,,,,,,,,,,,,,,,,,,,,,,,,,,,,,,,,,,,,,,,,,,,,,,,,13,,JR,29,SEC,,2021,0,0,0,0,10,0,0,1,https://www.sports-reference.com/cfb/players/kaiir-elam-1.html,5,Kaiir Elam,DB/CB,0.0,Florida,2026-04-01T19:44:45.820Z,16,season_totals,1.5
2022,2022.csv,Kaiir Elam,4567399,CB,Florida,College Stats,6-2,191.0,4.39,,,,,,Buffalo Bills / 1st / 23rd pick / 2022,2025,10.0,tennessee-titans,CB,ElamKa00,4.0,4.0,3.0,1.0,0.0,0.0,2.0,9.0,0.0,0,0.0,0.0,0.0,1.0,1.0,2.0,0.0,,,,,,,,,,,,,,,,,,,,,,,,,,,,,,,,,,,,,,,,,,,,,,,,,,,,,,,,,,,,,,,,,,,,,,,,,,,,,,13,,JR,29,SEC,,2021,0,0,0,0,10,0,0,1,https://www.sports-reference.com/cfb/players/kaiir-elam-1.html,5,Kaiir Elam,DB/CB,0.0,Florida,2026-04-01T19:44:45.820Z,16,season_totals,1.5
2022,2022.csv,Kaiir Elam,4567399,CB,Florida,College Stats,6-2,191.0,4.39,,,,,,Buffalo Bills / 1st / 23rd pick / 2022,2025,,2025 Totals,CB,ElamKa00,14.0,33.0,22.0,11.0,0.0,0.0,2.0,9.0,0.0,0,0.0,0.0,0.0,2.0,1.0,2.0,0.0,,,,,,,,,,,,,,,,,,,,,,,,,,,,,,,,,,,,,,,,,,,,,,,,,,,,,,,,,,,,,,,,,,,,,,,,,,,,,,13,,JR,29,SEC,,2021,0,0,0,0,10,0,0,1,https://www.sports-reference.com/cfb/players/kaiir-elam-1.html,5,Kaiir Elam,DB/CB,0.0,Florida,2026-04-01T19:44:45.820Z,16,season_totals,1.5
2022,2022.csv,Kaiir Elam,4567399,CB,Florida,College Stats,6-2,191.0,4.39,,,,,,Buffalo Bills / 1st / 23rd pick / 2022,-1,,,,ElamKa00,43.0,114.0,78.0,36.0,0.0,0.0,3.0,9.0,2.0,0,0.0,0.0,1.0,8.0,2.5,7.0,0.0,,,,,,,,,,,,,,,,,,,,,,,,,,,,,,,,,,,,,,,,,,,,,,,,,,,,,,,,,,,,,,,,,,,,,,,,,,,,,,13,,JR,29,SEC,,2021,0,0,0,0,10,0,0,1,https://www.sports-reference.com/cfb/players/kaiir-elam-1.html,5,Kaiir Elam,DB/CB,0.0,Florida,2026-04-01T19:44:45.820Z,16,season_totals,1.5
2022,2022.csv,Martin Emerson,4429568,CB,Mississippi St.,College Stats,6-2,201.0,4.53,,,,,,Cleveland Browns / 3rd / 68th pick / 2022,2022,5.0,cleveland-browns,CB,EmerMa00,17.0,63.0,51.0,12.0,1.0,0.0,0.0,0.0,0.0,0,0.0,0.0,0.0,15.0,0.5,0.0,0.0,,,,,,,,,,,,,,,,,,,,,,,,,,,,,,,,,,,,,,,,,,,,,,,,,,,,,,,,,,,,,,,,,,,,,,,,,,,,,,18,,JR,49,SEC,,2021,0,0,0,0,12,0,0,0,https://www.sports-reference.com/cfb/players/martin-emerson-1.html,3,Martin Emerson,CB,0.0,Mississippi State,2026-04-01T19:45:21.990Z,31,season_totals,3.0
2022,2022.csv,Martin Emerson,4429568,CB,Mississippi St.,College Stats,6-2,201.0,4.53,,,,,,Cleveland Browns / 3rd / 68th pick / 2022,2023,5.0,cleveland-browns,CB,EmerMa00,16.0,59.0,45.0,14.0,0.0,0.0,0.0,0.0,4.0,25,6.3,0.0,14.0,14.0,3.0,1.0,0.0,,,,,,,,,,,,,,,,,,,,,,,,,,,,,,,,,,,,,,,,,,,,,,,,,,,,,,,,,,,,,,,,,,,,,,,,,,,,,,18,,JR,49,SEC,,2021,0,0,0,0,12,0,0,0,https://www.sports-reference.com/cfb/players/martin-emerson-1.html,3,Martin Emerson,CB,0.0,Mississippi State,2026-04-01T19:45:21.990Z,31,season_totals,3.0
2022,2022.csv,Martin Emerson,4429568,CB,Mississippi St.,College Stats,6-2,201.0,4.53,,,,,,Cleveland Browns / 3rd / 68th pick / 2022,2024,5.0,cleveland-browns,CB,EmerMa00,17.0,80.0,62.0,18.0,0.0,1.0,1.0,2.0,0.0,0,0.0,0.0,0.0,5.0,3.0,8.0,0.0,,,,,,,,,,,,,,,,,,,,,,,,,,,,,,,,,,,,,,,,,,,,,,,,,,,,,,,,,,,,,,,,,,,,,,,,,,,,,,18,,JR,49,SEC,,2021,0,0,0,0,12,0,0,0,https://www.sports-reference.com/cfb/players/martin-emerson-1.html,3,Martin Emerson,CB,0.0,Mississippi State,2026-04-01T19:45:21.990Z,31,season_totals,3.0
2022,2022.csv,Martin Emerson,4429568,CB,Mississippi St.,College Stats,6-2,201.0,4.53,,,,,,Cleveland Browns / 3rd / 68th pick / 2022,-1,,,,EmerMa00,50.0,202.0,158.0,44.0,1.0,1.0,1.0,2.0,4.0,25,6.3,0.0,14.0,34.0,6.5,9.0,0.0,,,,,,,,,,,,,,,,,,,,,,,,,,,,,,,,,,,,,,,,,,,,,,,,,,,,,,,,,,,,,,,,,,,,,,,,,,,,,,18,,JR,49,SEC,,2021,0,0,0,0,12,0,0,0,https://www.sports-reference.com/cfb/players/martin-emerson-1.html,3,Martin Emerson,CB,0.0,Mississippi State,2026-04-01T19:45:21.990Z,31,season_totals,3.0
2022,2022.csv,Akayleb Evans,4244607,CB,Missouri,College Stats,6-2,197.0,4.46,36.0,,129.0,,,Minnesota Vikings / 4th / 118th pick / 2022,2022,16.0,minnesota-vikings,CB,EvanAk00,10.0,23.0,19.0,4.0,0.0,1.0,0.0,0.0,0.0,0,0.0,0.0,0.0,2.0,3.0,4.0,0.0,,,,,,,,,,,,,,,,,,,,,,,,,,,,,,,,,,,,,,,,,,,,,,,,,,,,,,,,,,,,,,,,,,,,,,,,,,,,,,3,,SR,30,SEC,,2021,2,0,0,0,11,0,0,1,https://www.sports-reference.com/cfb/players/akayleb-evans-1.html,6,Akayleb Evans,DB/CB,0.0,Missouri,2026-04-01T19:42:43.756Z,27,season_totals,1.0
2022,2022.csv,Akayleb Evans,4244607,CB,Missouri,College Stats,6-2,197.0,4.46,36.0,,129.0,,,Minnesota Vikings / 4th / 118th pick / 2022,2023,16.0,minnesota-vikings,CB,EvanAk00,15.0,65.0,49.0,16.0,0.0,3.0,0.0,0.0,1.0,1,1.0,0.0,1.0,7.0,2.5,6.0,0.0,,,,,,,,,,,,,,,,,,,,,,,,,,,,,,,,,,,,,,,,,,,,,,,,,,,,,,,,,,,,,,,,,,,,,,,,,,,,,,3,,SR,30,SEC,,2021,2,0,0,0,11,0,0,1,https://www.sports-reference.com/cfb/players/akayleb-evans-1.html,6,Akayleb Evans,DB/CB,0.0,Missouri,2026-04-01T19:42:43.756Z,27,season_totals,1.0
2022,2022.csv,Akayleb Evans,4244607,CB,Missouri,College Stats,6-2,197.0,4.46,36.0,,129.0,,,Minnesota Vikings / 4th / 118th pick / 2022,2024,16.0,minnesota-vikings,CB,EvanAk00,7.0,2.0,1.0,1.0,0.0,0.0,0.0,0.0,0.0,0,0.0,0.0,0.0,0.0,0.0,0.0,0.0,,,,,,,,,,,,,,,,,,,,,,,,,,,,,,,,,,,,,,,,,,,,,,,,,,,,,,,,,,,,,,,,,,,,,,,,,,,,,,3,,SR,30,SEC,,2021,2,0,0,0,11,0,0,1,https://www.sports-reference.com/cfb/players/akayleb-evans-1.html,6,Akayleb Evans,DB/CB,0.0,Missouri,2026-04-01T19:42:43.756Z,27,season_totals,1.0
2022,2022.csv,Akayleb Evans,4244607,CB,Missouri,College Stats,6-2,197.0,4.46,36.0,,129.0,,,Minnesota Vikings / 4th / 118th pick / 2022,2024,29.0,carolina-panthers,CB,EvanAk00,2.0,3.0,3.0,0.0,0.0,0.0,0.0,0.0,0.0,0,0.0,0.0,0.0,1.0,0.0,0.0,0.0,,,,,,,,,,,,,,,,,,,,,,,,,,,,,,,,,,,,,,,,,,,,,,,,,,,,,,,,,,,,,,,,,,,,,,,,,,,,,,3,,SR,30,SEC,,2021,2,0,0,0,11,0,0,1,https://www.sports-reference.com/cfb/players/akayleb-evans-1.html,6,Akayleb Evans,DB/CB,0.0,Missouri,2026-04-01T19:42:43.756Z,27,season_totals,1.0
2022,2022.csv,Akayleb Evans,4244607,CB,Missouri,College Stats,6-2,197.0,4.46,36.0,,129.0,,,Minnesota Vikings / 4th / 118th pick / 2022,2024,,2024 Totals,CB,EvanAk00,9.0,5.0,4.0,1.0,0.0,0.0,0.0,0.0,0.0,0,0.0,0.0,0.0,1.0,0.0,0.0,0.0,,,,,,,,,,,,,,,,,,,,,,,,,,,,,,,,,,,,,,,,,,,,,,,,,,,,,,,,,,,,,,,,,,,,,,,,,,,,,,3,,SR,30,SEC,,2021,2,0,0,0,11,0,0,1,https://www.sports-reference.com/cfb/players/akayleb-evans-1.html,6,Akayleb Evans,DB/CB,0.0,Missouri,2026-04-01T19:42:43.756Z,27,season_totals,1.0
2022,2022.csv,Akayleb Evans,4244607,CB,Missouri,College Stats,6-2,197.0,4.46,36.0,,129.0,,,Minnesota Vikings / 4th / 118th pick / 2022,2025,29.0,carolina-panthers,CB,EvanAk00,16.0,12.0,6.0,6.0,0.0,0.0,0.0,0.0,0.0,0,0.0,0.0,0.0,0.0,0.0,0.0,0.0,,,,,,,,,,,,,,,,,,,,,,,,,,,,,,,,,,,,,,,,,,,,,,,,,,,,,,,,,,,,,,,,,,,,,,,,,,,,,,3,,SR,30,SEC,,2021,2,0,0,0,11,0,0,1,https://www.sports-reference.com/cfb/players/akayleb-evans-1.html,6,Akayleb Evans,DB/CB,0.0,Missouri,2026-04-01T19:42:43.756Z,27,season_totals,1.0
2022,2022.csv,Akayleb Evans,4244607,CB,Missouri,College Stats,6-2,197.0,4.46,36.0,,129.0,,,Minnesota Vikings / 4th / 118th pick / 2022,-1,,,,EvanAk00,50.0,105.0,78.0,27.0,0.0,4.0,0.0,0.0,1.0,1,1.0,0.0,1.0,10.0,5.5,10.0,0.0,,,,,,,,,,,,,,,,,,,,,,,,,,,,,,,,,,,,,,,,,,,,,,,,,,,,,,,,,,,,,,,,,,,,,,,,,,,,,,3,,SR,30,SEC,,2021,2,0,0,0,11,0,0,1,https://www.sports-reference.com/cfb/players/akayleb-evans-1.html,6,Akayleb Evans,DB/CB,0.0,Missouri,2026-04-01T19:42:43.756Z,27,season_totals,1.0
2022,2022.csv,Cordale Flott,4429607,CB,LSU,College Stats,6-1,175.0,,,,,,,New York Giants / 3rd / 81st pick / 2022,2022,19.0,new-york-giants,CB,FlotCo00,11.0,26.0,15.0,11.0,0.0,1.0,0.0,0.0,0.0,0,0.0,0.0,0.0,2.0,0.0,0.0,0.0,,,,,,,,,,,,,,,,,,,,,,,,,,,,,,,,,,,,,,,,,,,,,,,,,,,,,,,,,,,,,,,,,,,,,,,,,,,,,,13,,JR,41,SEC,,2021,1,0,0,0,11,0,0,1,https://www.sports-reference.com/cfb/players/cordale-flott-1.html,3,Cordale Flott,CB,0.0,LSU,2026-04-01T19:43:28.935Z,28,season_totals,1.0
2022,2022.csv,Cordale Flott,4429607,CB,LSU,College Stats,6-1,175.0,,,,,,,New York Giants / 3rd / 81st pick / 2022,2023,19.0,new-york-giants,CB,FlotCo00,14.0,36.0,25.0,11.0,0.0,1.0,0.0,0.0,1.0,21,21.0,0.0,21.0,5.0,0.5,0.0,0.0,,,,,,,,,,,,,,,,,,,,,,,,,,,,,,,,,,,,,,,,,,,,,,,,,,,,,,,,,,,,,,,,,,,,,,,,,,,,,,13,,JR,41,SEC,,2021,1,0,0,0,11,0,0,1,https://www.sports-reference.com/cfb/players/cordale-flott-1.html,3,Cordale Flott,CB,0.0,LSU,2026-04-01T19:43:28.935Z,28,season_totals,1.0
2022,2022.csv,Cordale Flott,4429607,CB,LSU,College Stats,6-1,175.0,,,,,,,New York Giants / 3rd / 81st pick / 2022,2024,19.0,new-york-giants,CB,FlotCo00,14.0,53.0,36.0,17.0,0.0,0.0,0.0,0.0,1.0,26,26.0,0.0,26.0,7.0,3.5,3.0,0.0,,,,,,,,,,,,,,,,,,,,,,,,,,,,,,,,,,,,,,,,,,,,,,,,,,,,,,,,,,,,,,,,,,,,,,,,,,,,,,13,,JR,41,SEC,,2021,1,0,0,0,11,0,0,1,https://www.sports-reference.com/cfb/players/cordale-flott-1.html,3,Cordale Flott,CB,0.0,LSU,2026-04-01T19:43:28.935Z,28,season_totals,1.0
2022,2022.csv,Cordale Flott,4429607,CB,LSU,College Stats,6-1,175.0,,,,,,,New York Giants / 3rd / 81st pick / 2022,2025,19.0,new-york-giants,CB,FlotCo00,14.0,38.0,27.0,11.0,0.0,1.0,0.0,0.0,1.0,68,68.0,0.0,68.0,11.0,2.0,6.0,0.0,,,,,,,,,,,,,,,,,,,,,,,,,,,,,,,,,,,,,,,,,,,,,,,,,,,,,,,,,,,,,,,,,,,,,,,,,,,,,,13,,JR,41,SEC,,2021,1,0,0,0,11,0,0,1,https://www.sports-reference.com/cfb/players/cordale-flott-1.html,3,Cordale Flott,CB,0.0,LSU,2026-04-01T19:43:28.935Z,28,season_totals,1.0
2022,2022.csv,Cordale Flott,4429607,CB,LSU,College Stats,6-1,175.0,,,,,,,New York Giants / 3rd / 81st pick / 2022,-1,,,,FlotCo00,53.0,153.0,103.0,50.0,0.0,3.0,0.0,0.0,3.0,115,38.3,0.0,68.0,25.0,6.0,9.0,0.0,,,,,,,,,,,,,,,,,,,,,,,,,,,,,,,,,,,,,,,,,,,,,,,,,,,,,,,,,,,,,,,,,,,,,,,,,,,,,,13,,JR,41,SEC,,2021,1,0,0,0,11,0,0,1,https://www.sports-reference.com/cfb/players/cordale-flott-1.html,3,Cordale Flott,CB,0.0,LSU,2026-04-01T19:43:28.935Z,28,season_totals,1.0
2022,2022.csv,Kyler Gordon,4361093,CB,Washington,College Stats,6-0,194.0,4.52,,,,,,Chicago Bears / 2nd / 39th pick / 2022,2022,3.0,chicago-bears,CB,GordKy00,14.0,71.0,55.0,16.0,0.0,1.0,1.0,12.0,3.0,78,26.0,0.0,1.0,6.0,2.5,4.0,0.0,,,,,,,,,,,,,,,,,,,,,,,,,,,,,,,,,,,,,,,,,,,,,,,,,,,,,,,,,,,,,,,,,,,,,,,,,,,,,,9,,SO,46,Pac-12,,2021,1,0,0,0,12,0,0,2,https://www.sports-reference.com/cfb/players/kyler-gordon-1.html,7,Kyler Gordon,CB/DB,0.0,Washington,2026-04-01T19:45:03.754Z,37,season_totals,2.0
2022,2022.csv,Kyler Gordon,4361093,CB,Washington,College Stats,6-0,194.0,4.52,,,,,,Chicago Bears / 2nd / 39th pick / 2022,2023,3.0,chicago-bears,CB,GordKy00,13.0,61.0,44.0,17.0,1.0,0.0,0.0,0.0,2.0,0,0.0,0.0,0.0,6.0,4.5,7.0,0.0,,,,,,,,,,,,,,,,,,,,,,,,,,,,,,,,,,,,,,,,,,,,,,,,,,,,,,,,,,,,,,,,,,,,,,,,,,,,,,9,,SO,46,Pac-12,,2021,1,0,0,0,12,0,0,2,https://www.sports-reference.com/cfb/players/kyler-gordon-1.html,7,Kyler Gordon,CB/DB,0.0,Washington,2026-04-01T19:45:03.754Z,37,season_totals,2.0
2022,2022.csv,Kyler Gordon,4361093,CB,Washington,College Stats,6-0,194.0,4.52,,,,,,Chicago Bears / 2nd / 39th pick / 2022,2024,3.0,chicago-bears,CB,GordKy00,15.0,75.0,48.0,27.0,0.5,1.0,3.0,0.0,0.0,0,0.0,0.0,0.0,5.0,8.0,14.0,0.0,,,,,,,,,,,,,,,,,,,,,,,,,,,,,,,,,,,,,,,,,,,,,,,,,,,,,,,,,,,,,,,,,,,,,,,,,,,,,,9,,SO,46,Pac-12,,2021,1,0,0,0,12,0,0,2,https://www.sports-reference.com/cfb/players/kyler-gordon-1.html,7,Kyler Gordon,CB/DB,0.0,Washington,2026-04-01T19:45:03.754Z,37,season_totals,2.0
2022,2022.csv,Kyler Gordon,4361093,CB,Washington,College Stats,6-0,194.0,4.52,,,,,,Chicago Bears / 2nd / 39th pick / 2022,2025,3.0,chicago-bears,CB,GordKy00,3.0,7.0,5.0,2.0,1.0,0.0,1.0,0.0,0.0,0,0.0,0.0,0.0,0.0,0.0,0.0,0.0,,,,,,,,,,,,,,,,,,,,,,,,,,,,,,,,,,,,,,,,,,,,,,,,,,,,,,,,,,,,,,,,,,,,,,,,,,,,,,9,,SO,46,Pac-12,,2021,1,0,0,0,12,0,0,2,https://www.sports-reference.com/cfb/players/kyler-gordon-1.html,7,Kyler Gordon,CB/DB,0.0,Washington,2026-04-01T19:45:03.754Z,37,season_totals,2.0
2022,2022.csv,Kyler Gordon,4361093,CB,Washington,College Stats,6-0,194.0,4.52,,,,,,Chicago Bears / 2nd / 39th pick / 2022,-1,,,,GordKy00,45.0,214.0,152.0,62.0,2.5,2.0,5.0,12.0,5.0,78,15.6,0.0,1.0,17.0,15.0,25.0,0.0,,,,,,,,,,,,,,,,,,,,,,,,,,,,,,,,,,,,,,,,,,,,,,,,,,,,,,,,,,,,,,,,,,,,,,,,,,,,,,9,,SO,46,Pac-12,,2021,1,0,0,0,12,0,0,2,https://www.sports-reference.com/cfb/players/kyler-gordon-1.html,7,Kyler Gordon,CB/DB,0.0,Washington,2026-04-01T19:45:03.754Z,37,season_totals,2.0
2022,2022.csv,Kyle Hamilton,4575517,S,Notre Dame,College Stats,6-4,220.0,4.59,38.0,,131.0,6.9,4.32,Baltimore Ravens / 1st / 14th pick / 2022,2022,33.0,baltimore-ravens,S,HamiKy00,16.0,62.0,46.0,16.0,2.0,1.0,0.0,0.0,0.0,0,0.0,0.0,0.0,5.0,3.5,6.0,0.0,,,,,,,,,,,,,,,,,,,,,,,,,,,,,,,,,,,,,,,,,,,,,,,,,,,,,,,,,,,,,,,,,,,,,,,,,,,,,,15,AA,JR,34,Ind,,2021,0,0,0,0,7,0,0,3,https://www.sports-reference.com/cfb/players/kyle-hamilton-1.html,4,Kyle Hamilton,DB/S,0.0,Notre Dame,2026-04-01T19:44:57.810Z,19,season_totals,2.0
2022,2022.csv,Kyle Hamilton,4575517,S,Notre Dame,College Stats,6-4,220.0,4.59,38.0,,131.0,6.9,4.32,Baltimore Ravens / 1st / 14th pick / 2022,2023,33.0,baltimore-ravens,S,HamiKy00,15.0,81.0,63.0,18.0,3.0,1.0,0.0,0.0,4.0,25,6.3,1.0,18.0,13.0,7.0,13.0,0.0,15,0.0,0.0,0.0,1.0,1.0,0.0,0.0,0.0,6.0,,,,,,,,,,,,,,,,,,,,,,,,,,,,,,,,,,,,,,,,,,,,,,,,,,,,,,,,,,,,,,,,,,,,15,AA,JR,34,Ind,,2021,0,0,0,0,7,0,0,3,https://www.sports-reference.com/cfb/players/kyle-hamilton-1.html,4,Kyle Hamilton,DB/S,0.0,Notre Dame,2026-04-01T19:44:57.810Z,19,season_totals,2.0
2022,2022.csv,Kyle Hamilton,4575517,S,Notre Dame,College Stats,6-4,220.0,4.59,38.0,,131.0,6.9,4.32,Baltimore Ravens / 1st / 14th pick / 2022,2024,33.0,baltimore-ravens,S,HamiKy00,17.0,107.0,77.0,30.0,2.0,2.0,1.0,8.0,1.0,0,0.0,0.0,0.0,9.0,9.5,8.0,0.0,,,,,,,,,,,,,,,,,,,,,,,,,,,,,,,,,,,,,,,,,,,,,,,,,,,,,,,,,,,,,,,,,,,,,,,,,,,,,,15,AA,JR,34,Ind,,2021,0,0,0,0,7,0,0,3,https://www.sports-reference.com/cfb/players/kyle-hamilton-1.html,4,Kyle Hamilton,DB/S,0.0,Notre Dame,2026-04-01T19:44:57.810Z,19,season_totals,2.0
2022,2022.csv,Kyle Hamilton,4575517,S,Notre Dame,College Stats,6-4,220.0,4.59,38.0,,131.0,6.9,4.32,Baltimore Ravens / 1st / 14th pick / 2022,2025,33.0,baltimore-ravens,S,HamiKy00,16.0,105.0,59.0,46.0,1.0,2.0,0.0,0.0,0.0,0,0.0,0.0,0.0,9.0,9.0,14.0,0.0,,,,,,,,,,,,,,,,,,,,,,,,,,,,,,,,,,,,,,,,,,,,,,,,,,,,,,,,,,,,,,,,,,,,,,,,,,,,,,15,AA,JR,34,Ind,,2021,0,0,0,0,7,0,0,3,https://www.sports-reference.com/cfb/players/kyle-hamilton-1.html,4,Kyle Hamilton,DB/S,0.0,Notre Dame,2026-04-01T19:44:57.810Z,19,season_totals,2.0
2022,2022.csv,Kyle Hamilton,4575517,S,Notre Dame,College Stats,6-4,220.0,4.59,38.0,,131.0,6.9,4.32,Baltimore Ravens / 1st / 14th pick / 2022,-1,,,,HamiKy00,64.0,355.0,245.0,110.0,8.0,6.0,1.0,8.0,5.0,25,5.0,1.0,18.0,36.0,29.0,41.0,0.0,64,0.0,0.0,0.0,1.0,1.0,0.0,0.0,0.0,6.0,,,,,,,,,,,,,,,,,,,,,,,,,,,,,,,,,,,,,,,,,,,,,,,,,,,,,,,,,,,,,,,,,,,,15,AA,JR,34,Ind,,2021,0,0,0,0,7,0,0,3,https://www.sports-reference.com/cfb/players/kyle-hamilton-1.html,4,Kyle Hamilton,DB/S,0.0,Notre Dame,2026-04-01T19:44:57.810Z,19,season_totals,2.0
2022,2022.csv,Jack Jones,4035686,CB,Arizona St.,College Stats,5-11,171.0,4.51,,,,,,New England Patriots / 4th / 121st pick / 2022,2022,17.0,new-england-patriots,CB,JoneJa10,13.0,30.0,25.0,5.0,0.0,1.0,1.0,0.0,2.0,40,20.0,1.0,1.0,6.0,3.0,7.0,0.0,13,0.0,0.0,0.0,1.0,1.0,0.0,0.0,0.0,6.0,,,,,,,,,,,,,,,,,,,,,,,,,,,,,,,,,,,,,,,,,,,,,,,,,,,,,,,,,,,,,,,,,,,,6,,SR,42,Pac-12,,2021,3,0,0,0,11,0,-1,3,https://www.sports-reference.com/cfb/players/jack-jones-5.html,6,Jack Jones,CB/DB,1.0,Arizona State,2026-04-01T20:05:56.411Z,36,season_totals,2.5
2022,2022.csv,Jack Jones,4035686,CB,Arizona St.,College Stats,5-11,171.0,4.51,,,,,,New England Patriots / 4th / 121st pick / 2022,2023,17.0,new-england-patriots,CB,JoneJa10,4.0,12.0,8.0,4.0,0.0,0.0,0.0,0.0,0.0,0,0.0,0.0,0.0,1.0,0.0,0.0,0.0,,,,,,,,,,,,,,,,,,,,,,,,,,,,,,,,,,,,,,,,,,,,,,,,,,,,,,,,,,,,,,,,,,,,,,,,,,,,,,6,,SR,42,Pac-12,,2021,3,0,0,0,11,0,-1,3,https://www.sports-reference.com/cfb/players/jack-jones-5.html,6,Jack Jones,CB/DB,1.0,Arizona State,2026-04-01T20:05:56.411Z,36,season_totals,2.5
2022,2022.csv,Jack Jones,4035686,CB,Arizona St.,College Stats,5-11,171.0,4.51,,,,,,New England Patriots / 4th / 121st pick / 2022,2023,13.0,las-vegas-raiders,CB,JoneJa10,7.0,25.0,20.0,5.0,0.0,0.0,0.0,0.0,2.0,49,24.5,2.0,33.0,4.0,2.0,2.0,0.0,7,0.0,0.0,0.0,2.0,2.0,0.0,0.0,0.0,12.0,,,,,,,,,,,,,,,,,,,,,,,,,,,,,,,,,,,,,,,,,,,,,,,,,,,,,,,,,,,,,,,,,,,,6,,SR,42,Pac-12,,2021,3,0,0,0,11,0,-1,3,https://www.sports-reference.com/cfb/players/jack-jones-5.html,6,Jack Jones,CB/DB,1.0,Arizona State,2026-04-01T20:05:56.411Z,36,season_totals,2.5
2022,2022.csv,Jack Jones,4035686,CB,Arizona St.,College Stats,5-11,171.0,4.51,,,,,,New England Patriots / 4th / 121st pick / 2022,2023,,2023 Totals,CB,JoneJa10,11.0,37.0,28.0,9.0,0.0,0.0,0.0,0.0,2.0,49,24.5,2.0,33.0,5.0,2.0,2.0,0.0,,,,,,,,,,,,,,,,,,,,,,,,,,,,,,,,,,,,,,,,,,,,,,,,,,,,,,,,,,,,,,,,,,,,,,,,,,,,,,6,,SR,42,Pac-12,,2021,3,0,0,0,11,0,-1,3,https://www.sports-reference.com/cfb/players/jack-jones-5.html,6,Jack Jones,CB/DB,1.0,Arizona State,2026-04-01T20:05:56.411Z,36,season_totals,2.5
2022,2022.csv,Jack Jones,4035686,CB,Arizona St.,College Stats,5-11,171.0,4.51,,,,,,New England Patriots / 4th / 121st pick / 2022,2024,13.0,las-vegas-raiders,CB,JoneJa10,17.0,69.0,52.0,17.0,0.0,0.0,0.0,0.0,3.0,53,17.7,1.0,29.0,16.0,4.5,13.0,0.0,17,0.0,0.0,0.0,1.0,0.0,0.0,0.0,0.0,0.0,,,,,,,,,,,,,,,,,,,,,,,,,,,,,,,,,,,,,,,,,,,,,,,,,,,,,,,,,,,,,,,,,,,,6,,SR,42,Pac-12,,2021,3,0,0,0,11,0,-1,3,https://www.sports-reference.com/cfb/players/jack-jones-5.html,6,Jack Jones,CB/DB,1.0,Arizona State,2026-04-01T20:05:56.411Z,36,season_totals,2.5
2022,2022.csv,Jack Jones,4035686,CB,Arizona St.,College Stats,5-11,171.0,4.51,,,,,,New England Patriots / 4th / 121st pick / 2022,2025,15.0,miami-dolphins,CB,JoneJa10,17.0,77.0,49.0,28.0,0.0,2.0,0.0,0.0,1.0,7,7.0,0.0,7.0,6.0,4.5,13.0,0.0,,,,,,,,,,,,,,,,,,,,,,,,,,,,,,,,,,,,,,,,,,,,,,,,,,,,,,,,,,,,,,,,,,,,,,,,,,,,,,6,,SR,42,Pac-12,,2021,3,0,0,0,11,0,-1,3,https://www.sports-reference.com/cfb/players/jack-jones-5.html,6,Jack Jones,CB/DB,1.0,Arizona State,2026-04-01T20:05:56.411Z,36,season_totals,2.5
2022,2022.csv,Jack Jones,4035686,CB,Arizona St.,College Stats,5-11,171.0,4.51,,,,,,New England Patriots / 4th / 121st pick / 2022,-1,,,,JoneJa10,58.0,213.0,154.0,59.0,0.0,3.0,1.0,0.0,8.0,149,18.6,4.0,33.0,33.0,14.0,35.0,0.0,58,0.0,0.0,0.0,4.0,3.0,0.0,0.0,0.0,18.0,,,,,,,,,,,,,,,,,,,,,,,,,,,,,,,,,,,,,,,,,,,,,,,,,,,,,,,,,,,,,,,,,,,,6,,SR,42,Pac-12,,2021,3,0,0,0,11,0,-1,3,https://www.sports-reference.com/cfb/players/jack-jones-5.html,6,Jack Jones,CB/DB,1.0,Arizona State,2026-04-01T20:05:56.411Z,36,season_totals,2.5
2022,2022.csv,Marcus Jones,4241720,CB,Houston,College Stats,5-8,174.0,,,,,,,New England Patriots / 3rd / 85th pick / 2022,2022,17.0,new-england-patriots,CB,JoneMa06,15.0,39.0,34.0,5.0,0.0,0.0,1.0,0.0,2.0,87,43.5,1.0,1.0,7.0,1.0,5.0,0.0,15,0.0,0.0,1.0,2.0,3.0,0.0,0.0,0.0,18.0,,,,,,,,,,15.0,4.0,4.0,78,19.5,1.0,48.0,3.0,0.0,0.0,15,29.0,362,1.0,8.0,84.0,27.0,645,0.0,0.0,46.0,15.0,0,0,0.0,0,0.0,0,0,0,0,39.6,-,,,,,,,,,,,,,,15,0-0,0.0,0-0,0-0,0-0,0-0,0-0,0.0,0.0,0.0,0.0,25,,SR,47,ACC,,2008,0,0,0,0,12,0,0,0,https://www.sports-reference.com/cfb/players/marcus-jones-1.html,3,Marcus Jones,QB/LB,1.0,Duke,2026-04-01T19:45:16.211Z,22,season_totals,2.0
2022,2022.csv,Marcus Jones,4241720,CB,Houston,College Stats,5-8,174.0,,,,,,,New England Patriots / 3rd / 85th pick / 2022,2023,17.0,new-england-patriots,CB,JoneMa06,2.0,5.0,4.0,1.0,0.0,0.0,1.0,0.0,0.0,0,0.0,0.0,0.0,0.0,0.0,0.0,0.0,,,,,,,,,,,,,,,,,,,,,,,,,,,,,,2,3.0,21,0.0,1.0,21.0,0.0,0,0.0,0.0,0.0,2.0,0,0,0.0,0,0.0,0,0,0,0,39.6,-,,,,,,,,,,,,,,2,0-0,0.0,0-0,0-0,0-0,0-0,0-0,0.0,0.0,0.0,0.0,25,,SR,47,ACC,,2008,0,0,0,0,12,0,0,0,https://www.sports-reference.com/cfb/players/marcus-jones-1.html,3,Marcus Jones,QB/LB,1.0,Duke,2026-04-01T19:45:16.211Z,22,season_totals,2.0
2022,2022.csv,Marcus Jones,4241720,CB,Houston,College Stats,5-8,174.0,,,,,,,New England Patriots / 3rd / 85th pick / 2022,2024,17.0,new-england-patriots,CB,JoneMa06,14.0,58.0,48.0,10.0,0.0,0.0,1.0,17.0,1.0,35,35.0,0.0,35.0,10.0,1.5,4.0,0.0,,,,,,,,,,,14,1,5,5.0,0,5,0,0,0,14.0,1.0,1.0,18,18.0,0.0,18.0,1.0,0.0,0.0,14,26.0,386,0.0,8.0,62.0,0.0,0,0.0,0.0,0.0,14.0,0,0,0.0,0,0.0,0,0,0,0,39.6,-,,,,,,,,,,,,,,14,0-0,0.0,0-0,0-0,0-0,0-0,0-0,0.0,0.0,0.0,0.0,25,,SR,47,ACC,,2008,0,0,0,0,12,0,0,0,https://www.sports-reference.com/cfb/players/marcus-jones-1.html,3,Marcus Jones,QB/LB,1.0,Duke,2026-04-01T19:45:16.211Z,22,season_totals,2.0
2022,2022.csv,Marcus Jones,4241720,CB,Houston,College Stats,5-8,174.0,,,,,,,New England Patriots / 3rd / 85th pick / 2022,2025,17.0,new-england-patriots,CB,JoneMa06,17.0,65.0,47.0,18.0,2.0,0.0,1.0,0.0,3.0,65,21.7,1.0,33.0,11.0,4.5,10.0,0.0,,,,,,,,,,,,,,,,,,,,,,,,,,,,,,17,21.0,363,2.0,18.0,94.0,0.0,0,0.0,0.0,0.0,17.0,0,0,0.0,0,0.0,0,0,0,0,39.6,-,,,,,,,,,,,,,,,,,,,,,,,,,,25,,SR,47,ACC,,2008,0,0,0,0,12,0,0,0,https://www.sports-reference.com/cfb/players/marcus-jones-1.html,3,Marcus Jones,QB/LB,1.0,Duke,2026-04-01T19:45:16.211Z,22,season_totals,2.0
2022,2022.csv,Marcus Jones,4241720,CB,Houston,College Stats,5-8,174.0,,,,,,,New England Patriots / 3rd / 85th pick / 2022,-1,,,,JoneMa06,48.0,167.0,133.0,34.0,2.0,0.0,4.0,17.0,6.0,187,31.2,2.0,35.0,28.0,7.0,19.0,0.0,48,0.0,0.0,1.0,2.0,3.0,0.0,0.0,0.0,18.0,48,1,5,5.0,0,5,0,0,0,48.0,5.0,5.0,96,19.2,1.0,48.0,4.0,0.0,0.0,48,79.0,"1,132",3.0,35.0,94.0,27.0,645,0.0,0.0,46.0,48.0,0,0,0.0,0,0.0,0,0,0,0,0.0,-,,,,,,,,,,,,,,48,0-0,0.0,0-0,0-0,0-0,0-0,0-0,0.0,0.0,0.0,0.0,25,,SR,47,ACC,,2008,0,0,0,0,12,0,0,0,https://www.sports-reference.com/cfb/players/marcus-jones-1.html,3,Marcus Jones,QB/LB,1.0,Duke,2026-04-01T19:45:16.211Z,22,season_totals,2.0
2022,2022.csv,Kerby Joseph,4360383,S,Illinois,College Stats,6-1,203.0,,38.5,18.0,123.0,,,Detroit Lions / 3rd / 97th pick / 2022,2022,8.0,detroit-lions,S,JoseKe03,17.0,82.0,55.0,27.0,0.0,2.0,1.0,6.0,4.0,70,17.5,0.0,1.0,8.0,3.0,0.0,0.0,,,,,,,,,,,,,,,,,,,,,,,,,,,,,,,,,,,,,,,,,,,,,,,,,,,,,,,,,,,,,,,,,,,,,,,,,,,,,,16,,JR,57,Big Ten,,2021,0,3,0,0,12,0,12,5,https://www.sports-reference.com/cfb/players/kerby-joseph-1.html,2,Kerby Joseph,DB/WR,1.0,Illinois,2026-04-01T19:44:51.517Z,41,season_totals,1.0
2022,2022.csv,Kerby Joseph,4360383,S,Illinois,College Stats,6-1,203.0,,38.5,18.0,123.0,,,Detroit Lions / 3rd / 97th pick / 2022,2023,8.0,detroit-lions,S,JoseKe03,15.0,82.0,69.0,13.0,0.0,0.0,0.0,0.0,4.0,37,9.3,0.0,22.0,11.0,0.0,1.0,0.0,,,,,,,,,,,,,,,,,,,,,,,,,,,,,,,,,,,,,,,,,,,,,,,,,,,,,,,,,,,,,,,,,,,,,,,,,,,,,,16,,JR,57,Big Ten,,2021,0,3,0,0,12,0,12,5,https://www.sports-reference.com/cfb/players/kerby-joseph-1.html,2,Kerby Joseph,DB/WR,1.0,Illinois,2026-04-01T19:44:51.517Z,41,season_totals,1.0
2022,2022.csv,Kerby Joseph,4360383,S,Illinois,College Stats,6-1,203.0,,38.5,18.0,123.0,,,Detroit Lions / 3rd / 97th pick / 2022,2024,8.0,detroit-lions,S,JoseKe03,17.0,83.0,58.0,25.0,0.0,0.0,0.0,0.0,9.0,99,11.0,1.0,33.0,12.0,2.5,1.0,0.0,17,0.0,0.0,0.0,1.0,0.0,0.0,0.0,0.0,0.0,,,,,,,,,,,,,,,,,,,,,,,,,,,,,,,,,,,,,,,,,,,,,,,,,,,,,,,,,,,,,,,,,,,,16,,JR,57,Big Ten,,2021,0,3,0,0,12,0,12,5,https://www.sports-reference.com/cfb/players/kerby-joseph-1.html,2,Kerby Joseph,DB/WR,1.0,Illinois,2026-04-01T19:44:51.517Z,41,season_totals,1.0
2022,2022.csv,Kerby Joseph,4360383,S,Illinois,College Stats,6-1,203.0,,38.5,18.0,123.0,,,Detroit Lions / 3rd / 97th pick / 2022,2025,8.0,detroit-lions,S,JoseKe03,6.0,18.0,14.0,4.0,0.0,0.0,0.0,0.0,3.0,1,0.3,0.0,1.0,4.0,0.0,0.0,0.0,,,,,,,,,,,,,,,,,,,,,,,,,,,,,,,,,,,,,,,,,,,,,,,,,,,,,,,,,,,,,,,,,,,,,,,,,,,,,,16,,JR,57,Big Ten,,2021,0,3,0,0,12,0,12,5,https://www.sports-reference.com/cfb/players/kerby-joseph-1.html,2,Kerby Joseph,DB/WR,1.0,Illinois,2026-04-01T19:44:51.517Z,41,season_totals,1.0
2022,2022.csv,Kerby Joseph,4360383,S,Illinois,College Stats,6-1,203.0,,38.5,18.0,123.0,,,Detroit Lions / 3rd / 97th pick / 2022,-1,,,,JoseKe03,55.0,265.0,196.0,69.0,0.0,2.0,1.0,6.0,20.0,207,10.4,1.0,33.0,35.0,5.5,2.0,0.0,55,0.0,0.0,0.0,1.0,0.0,0.0,0.0,0.0,0.0,,,,,,,,,,,,,,,,,,,,,,,,,,,,,,,,,,,,,,,,,,,,,,,,,,,,,,,,,,,,,,,,,,,,16,,JR,57,Big Ten,,2021,0,3,0,0,12,0,12,5,https://www.sports-reference.com/cfb/players/kerby-joseph-1.html,2,Kerby Joseph,DB/WR,1.0,Illinois,2026-04-01T19:44:51.517Z,41,season_totals,1.0
2022,2022.csv,Derion Kendrick,4360307,CB,Georgia,College Stats,6-0,194.0,,,,,,,Los Angeles Rams / 6th / 212th pick / 2022,2022,14.0,los-angeles-rams,CB,KendDe00,15.0,43.0,36.0,7.0,0.0,0.0,0.0,0.0,0.0,0,0.0,0.0,0.0,4.0,0.0,0.0,0.0,,,,,,,,,,,,,,,,,,,,,,,,,,,,,,,,,,,,,,,,,,,,,,,,,,,,,,,,,,,,,,,,,,,,,,,,,,,,,,17,,SR,41,SEC,,2021,0,0,0,0,15,0,14,4,https://www.sports-reference.com/cfb/players/derion-kendrick-1.html,3,Derion Kendrick,WR/CB/DB,0.0,Georgia,2026-04-01T19:44:04.032Z,24,season_totals,2.0
2022,2022.csv,Derion Kendrick,4360307,CB,Georgia,College Stats,6-0,194.0,,,,,,,Los Angeles Rams / 6th / 212th pick / 2022,2023,14.0,los-angeles-rams,CB,KendDe00,17.0,49.0,41.0,8.0,0.0,0.0,0.0,0.0,1.0,0,0.0,0.0,0.0,10.0,1.0,8.0,0.0,,,,,,,,,,,,,,,,,,,,,,,,,,,,,,,,,,,,,,,,,,,,,,,,,,,,,,,,,,,,,,,,,,,,,,,,,,,,,,17,,SR,41,SEC,,2021,0,0,0,0,15,0,14,4,https://www.sports-reference.com/cfb/players/derion-kendrick-1.html,3,Derion Kendrick,WR/CB/DB,0.0,Georgia,2026-04-01T19:44:04.032Z,24,season_totals,2.0
2022,2022.csv,Derion Kendrick,4360307,CB,Georgia,College Stats,6-0,194.0,,,,,,,Los Angeles Rams / 6th / 212th pick / 2022,2025,14.0,los-angeles-rams,CB,KendDe00,5.0,3.0,3.0,0.0,0.0,0.0,0.0,0.0,0.0,0,0.0,0.0,0.0,0.0,0.0,0.0,0.0,,,,,,,,,,,,,,,,,,,,,,,,,,,,,,,,,,,,,,,,,,,,,,,,,,,,,,,,,,,,,,,,,,,,,,,,,,,,,,17,,SR,41,SEC,,2021,0,0,0,0,15,0,14,4,https://www.sports-reference.com/cfb/players/derion-kendrick-1.html,3,Derion Kendrick,WR/CB/DB,0.0,Georgia,2026-04-01T19:44:04.032Z,24,season_totals,2.0
2022,2022.csv,Derion Kendrick,4360307,CB,Georgia,College Stats,6-0,194.0,,,,,,,Los Angeles Rams / 6th / 212th pick / 2022,2025,26.0,seattle-seahawks,CB,KendDe00,10.0,7.0,4.0,3.0,0.0,0.0,0.0,0.0,2.0,0,0.0,0.0,0.0,5.0,0.0,4.0,0.0,,,,,,,,,,,,,,,,,,,,,,,,,,,,,,,,,,,,,,,,,,,,,,,,,,,,,,,,,,,,,,,,,,,,,,,,,,,,,,17,,SR,41,SEC,,2021,0,0,0,0,15,0,14,4,https://www.sports-reference.com/cfb/players/derion-kendrick-1.html,3,Derion Kendrick,WR/CB/DB,0.0,Georgia,2026-04-01T19:44:04.032Z,24,season_totals,2.0
2022,2022.csv,Derion Kendrick,4360307,CB,Georgia,College Stats,6-0,194.0,,,,,,,Los Angeles Rams / 6th / 212th pick / 2022,2025,,2025 Totals,CB,KendDe00,15.0,10.0,7.0,3.0,0.0,0.0,0.0,0.0,2.0,0,0.0,0.0,0.0,5.0,0.0,4.0,0.0,,,,,,,,,,,,,,,,,,,,,,,,,,,,,,,,,,,,,,,,,,,,,,,,,,,,,,,,,,,,,,,,,,,,,,,,,,,,,,17,,SR,41,SEC,,2021,0,0,0,0,15,0,14,4,https://www.sports-reference.com/cfb/players/derion-kendrick-1.html,3,Derion Kendrick,WR/CB/DB,0.0,Georgia,2026-04-01T19:44:04.032Z,24,season_totals,2.0
2022,2022.csv,Derion Kendrick,4360307,CB,Georgia,College Stats,6-0,194.0,,,,,,,Los Angeles Rams / 6th / 212th pick / 2022,-1,,,,KendDe00,47.0,102.0,84.0,18.0,0.0,0.0,0.0,0.0,3.0,0,0.0,0.0,0.0,19.0,1.0,12.0,0.0,,,,,,,,,,,,,,,,,,,,,,,,,,,,,,,,,,,,,,,,,,,,,,,,,,,,,,,,,,,,,,,,,,,,,,,,,,,,,,17,,SR,41,SEC,,2021,0,0,0,0,15,0,14,4,https://www.sports-reference.com/cfb/players/derion-kendrick-1.html,3,Derion Kendrick,WR/CB/DB,0.0,Georgia,2026-04-01T19:44:04.032Z,24,season_totals,2.0
2022,2022.csv,Quentin Lake,4249128,S,UCLA,College Stats,6-1,201.0,4.59,,,,,,Los Angeles Rams / 6th / 211th pick / 2022,2022,14.0,los-angeles-rams,S,LakeQu00,9.0,10.0,8.0,2.0,1.0,0.0,0.0,0.0,0.0,0,0.0,0.0,0.0,1.0,0.0,0.0,0.0,,,,,,,,,,,,,,,,,,,,,,,,,,,,,,,,,,,,,,,,,,,,,,,,,,,,,,,,,,,,,,,,,,,,,,,,,,,,,,14,,SR,54,Pac-12,,2021,0,0,0,0,11,0,23,3,https://www.sports-reference.com/cfb/players/quentin-lake-1.html,6,Quentin Lake,DB,0.0,UCLA,2026-04-01T19:45:46.023Z,40,season_totals,2.0
2022,2022.csv,Quentin Lake,4249128,S,UCLA,College Stats,6-1,201.0,4.59,,,,,,Los Angeles Rams / 6th / 211th pick / 2022,2023,14.0,los-angeles-rams,S,LakeQu00,14.0,53.0,42.0,11.0,0.0,0.0,1.0,0.0,0.0,0,0.0,0.0,0.0,6.0,0.5,3.0,0.0,,,,,,,,,,,,,,,,,,,,,,,,,,,,,,,,,,,,,,,,,,,,,,,,,,,,,,,,,,,,,,,,,,,,,,,,,,,,,,14,,SR,54,Pac-12,,2021,0,0,0,0,11,0,23,3,https://www.sports-reference.com/cfb/players/quentin-lake-1.html,6,Quentin Lake,DB,0.0,UCLA,2026-04-01T19:45:46.023Z,40,season_totals,2.0
2022,2022.csv,Quentin Lake,4249128,S,UCLA,College Stats,6-1,201.0,4.59,,,,,,Los Angeles Rams / 6th / 211th pick / 2022,2024,14.0,los-angeles-rams,S,LakeQu00,17.0,111.0,73.0,38.0,2.0,0.0,0.0,0.0,0.0,0,0.0,0.0,0.0,5.0,1.0,0.0,0.0,,,,,,,,,,,,,,,,,,,,,,,,,,,,,,,,,,,,,,,,,,,,,,,,,,,,,,,,,,,,,,,,,,,,,,,,,,,,,,14,,SR,54,Pac-12,,2021,0,0,0,0,11,0,23,3,https://www.sports-reference.com/cfb/players/quentin-lake-1.html,6,Quentin Lake,DB,0.0,UCLA,2026-04-01T19:45:46.023Z,40,season_totals,2.0
2022,2022.csv,Quentin Lake,4249128,S,UCLA,College Stats,6-1,201.0,4.59,,,,,,Los Angeles Rams / 6th / 211th pick / 2022,2025,14.0,los-angeles-rams,S,LakeQu00,10.0,61.0,37.0,24.0,1.0,1.0,1.0,20.0,1.0,0,0.0,0.0,0.0,10.0,2.5,5.0,0.0,,,,,,,,,,,,,,,,,,,,,,,,,,,,,,,,,,,,,,,,,,,,,,,,,,,,,,,,,,,,,,,,,,,,,,,,,,,,,,14,,SR,54,Pac-12,,2021,0,0,0,0,11,0,23,3,https://www.sports-reference.com/cfb/players/quentin-lake-1.html,6,Quentin Lake,DB,0.0,UCLA,2026-04-01T19:45:46.023Z,40,season_totals,2.0
2022,2022.csv,Quentin Lake,4249128,S,UCLA,College Stats,6-1,201.0,4.59,,,,,,Los Angeles Rams / 6th / 211th pick / 2022,-1,,,,LakeQu00,50.0,235.0,160.0,75.0,4.0,1.0,2.0,20.0,1.0,0,0.0,0.0,0.0,22.0,4.0,8.0,0.0,,,,,,,,,,,,,,,,,,,,,,,,,,,,,,,,,,,,,,,,,,,,,,,,,,,,,,,,,,,,,,,,,,,,,,,,,,,,,,14,,SR,54,Pac-12,,2021,0,0,0,0,11,0,23,3,https://www.sports-reference.com/cfb/players/quentin-lake-1.html,6,Quentin Lake,DB,0.0,UCLA,2026-04-01T19:45:46.023Z,40,season_totals,2.0
2022,2022.csv,Chase Lucas,4047846,CB,Arizona St.,College Stats,5-11,180.0,4.48,39.0,,128.0,,,Detroit Lions / 7th / 237th pick / 2022,2022,8.0,detroit-lions,CB,LucaCh01,6.0,3.0,1.0,2.0,0.0,0.0,0.0,0.0,0.0,0,0.0,0.0,0.0,0.0,0.0,0.0,0.0,,,,,,,,,,,,,,,,,,,,,,,,,,,,,,,,,,,,,,,,,,,,,,,,,,,,,,,,,,,,,,,,,,,,,,,,,,,,,,4,,SR,34,Pac-12,,2021,0,0,0,0,10,0,0,0,https://www.sports-reference.com/cfb/players/chase-lucas-1.html,6,Chase Lucas,DB,0.0,Arizona State,2026-04-01T19:43:11.604Z,30,season_totals,1.0
2022,2022.csv,Chase Lucas,4047846,CB,Arizona St.,College Stats,5-11,180.0,4.48,39.0,,128.0,,,Detroit Lions / 7th / 237th pick / 2022,2023,8.0,detroit-lions,CB,LucaCh01,12.0,3.0,2.0,1.0,0.0,0.0,0.0,0.0,0.0,0,0.0,0.0,0.0,0.0,0.0,0.0,0.0,,,,,,,,,,,,,,,,,,,,,,,,,,,,,,,,,,,,,,,,,,,,,,,,,,,,,,,,,,,,,,,,,,,,,,,,,,,,,,4,,SR,34,Pac-12,,2021,0,0,0,0,10,0,0,0,https://www.sports-reference.com/cfb/players/chase-lucas-1.html,6,Chase Lucas,DB,0.0,Arizona State,2026-04-01T19:43:11.604Z,30,season_totals,1.0
2022,2022.csv,Chase Lucas,4047846,CB,Arizona St.,College Stats,5-11,180.0,4.48,39.0,,128.0,,,Detroit Lions / 7th / 237th pick / 2022,2025,25.0,san-francisco-49ers,CB,LucaCh01,15.0,9.0,6.0,3.0,0.0,0.0,0.0,0.0,0.0,0,0.0,0.0,0.0,1.0,0.0,0.0,0.0,,,,,,,,,,,,,,,,,,,,,,,,,,,,,,,,,,,,,,,,,,,,,,,,,,,,,,,,,,,,,,,,,,,,,,,,,,,,,,4,,SR,34,Pac-12,,2021,0,0,0,0,10,0,0,0,https://www.sports-reference.com/cfb/players/chase-lucas-1.html,6,Chase Lucas,DB,0.0,Arizona State,2026-04-01T19:43:11.604Z,30,season_totals,1.0
2022,2022.csv,Chase Lucas,4047846,CB,Arizona St.,College Stats,5-11,180.0,4.48,39.0,,128.0,,,Detroit Lions / 7th / 237th pick / 2022,-1,,,,LucaCh01,33.0,15.0,9.0,6.0,0.0,0.0,0.0,0.0,0.0,0,0.0,0.0,0.0,1.0,0.0,0.0,0.0,,,,,,,,,,,,,,,,,,,,,,,,,,,,,,,,,,,,,,,,,,,,,,,,,,,,,,,,,,,,,,,,,,,,,,,,,,,,,,4,,SR,34,Pac-12,,2021,0,0,0,0,10,0,0,0,https://www.sports-reference.com/cfb/players/chase-lucas-1.html,6,Chase Lucas,DB,0.0,Arizona State,2026-04-01T19:43:11.604Z,30,season_totals,1.0
2022,2022.csv,Damarri Mathis,4240707,CB,Pittsburgh,College Stats,5-11,196.0,4.39,,,,,,Denver Broncos / 4th / 115th pick / 2022,2022,7.0,denver-broncos,CB,MathDa00,16.0,65.0,54.0,11.0,0.0,0.0,0.0,0.0,0.0,0,0.0,0.0,0.0,7.0,0.5,1.0,0.0,,,,,,,,,,,,,,,,,,,,,,,,,,,,,,,,,,,,,,,,,,,,,,,,,,,,,,,,,,,,,,,,,,,,,,,,,,,,,,12,,SR,44,ACC,,2021,0,0,0,0,13,1,50,2,https://www.sports-reference.com/cfb/players/damarri-mathis-1.html,6,Damarri Mathis,DB,0.0,Pitt,2026-04-01T19:43:40.915Z,32,season_totals,0.0
2022,2022.csv,Damarri Mathis,4240707,CB,Pittsburgh,College Stats,5-11,196.0,4.39,,,,,,Denver Broncos / 4th / 115th pick / 2022,2023,7.0,denver-broncos,CB,MathDa00,17.0,35.0,26.0,9.0,0.0,0.0,0.0,0.0,0.0,0,0.0,0.0,0.0,1.0,0.0,2.0,0.0,,,,,,,,,,,,,,,,,,,,,,,,,,,,,,,,,,,,,,,,,,,,,,,,,,,,,,,,,,,,,,,,,,,,,,,,,,,,,,12,,SR,44,ACC,,2021,0,0,0,0,13,1,50,2,https://www.sports-reference.com/cfb/players/damarri-mathis-1.html,6,Damarri Mathis,DB,0.0,Pitt,2026-04-01T19:43:40.915Z,32,season_totals,0.0
2022,2022.csv,Damarri Mathis,4240707,CB,Pittsburgh,College Stats,5-11,196.0,4.39,,,,,,Denver Broncos / 4th / 115th pick / 2022,2024,7.0,denver-broncos,CB,MathDa00,10.0,3.0,1.0,2.0,0.0,0.0,0.0,0.0,0.0,0,0.0,0.0,0.0,1.0,0.0,0.0,0.0,,,,,,,,,,,,,,,,,,,,,,,,,,,,,,,,,,,,,,,,,,,,,,,,,,,,,,,,,,,,,,,,,,,,,,,,,,,,,,12,,SR,44,ACC,,2021,0,0,0,0,13,1,50,2,https://www.sports-reference.com/cfb/players/damarri-mathis-1.html,6,Damarri Mathis,DB,0.0,Pitt,2026-04-01T19:43:40.915Z,32,season_totals,0.0
2022,2022.csv,Damarri Mathis,4240707,CB,Pittsburgh,College Stats,5-11,196.0,4.39,,,,,,Denver Broncos / 4th / 115th pick / 2022,-1,,,,MathDa00,43.0,103.0,81.0,22.0,0.0,0.0,0.0,0.0,0.0,0,0.0,0.0,0.0,9.0,0.5,3.0,0.0,,,,,,,,,,,,,,,,,,,,,,,,,,,,,,,,,,,,,,,,,,,,,,,,,,,,,,,,,,,,,,,,,,,,,,,,,,,,,,12,,SR,44,ACC,,2021,0,0,0,0,13,1,50,2,https://www.sports-reference.com/cfb/players/damarri-mathis-1.html,6,Damarri Mathis,DB,0.0,Pitt,2026-04-01T19:43:40.915Z,32,season_totals,0.0
2022,2022.csv,Roger McCreary,4371973,CB,Auburn,College Stats,5-11,190.0,4.5,,,,,,Tennessee Titans / 2nd / 35th pick / 2022,2022,10.0,tennessee-titans,CB,McCrRo01,17.0,84.0,70.0,14.0,0.0,0.0,0.0,0.0,1.0,4,4.0,0.0,1.0,8.0,3.5,7.0,0.0,,,,,,,,,,,,,,,,,,,,,,,,,,,,,,,,,,,,,,,,,,,,,,,,,,,,,,,,,,,,,,,,,,,,,,,,,,,,,,8,,SR,49,SEC,,2021,0,1,0,0,12,1,35,2,https://www.sports-reference.com/cfb/players/roger-mccreary-1.html,14,Roger McCreary,DB/CB,1.0,Auburn,2026-04-01T19:45:52.015Z,41,season_totals,2.0
2022,2022.csv,Roger McCreary,4371973,CB,Auburn,College Stats,5-11,190.0,4.5,,,,,,Tennessee Titans / 2nd / 35th pick / 2022,2023,10.0,tennessee-titans,CB,McCrRo01,15.0,86.0,62.0,24.0,2.0,1.0,0.0,0.0,1.0,18,18.0,0.0,18.0,6.0,7.0,11.0,0.0,,,,,,,,,,,,,,,,,,,,,,,,,,,,,,,,,,,,,,,,,,,,,,,,,,,,,,,,,,,,,,,,,,,,,,,,,,,,,,8,,SR,49,SEC,,2021,0,1,0,0,12,1,35,2,https://www.sports-reference.com/cfb/players/roger-mccreary-1.html,14,Roger McCreary,DB/CB,1.0,Auburn,2026-04-01T19:45:52.015Z,41,season_totals,2.0
2022,2022.csv,Roger McCreary,4371973,CB,Auburn,College Stats,5-11,190.0,4.5,,,,,,Tennessee Titans / 2nd / 35th pick / 2022,2024,10.0,tennessee-titans,CB,McCrRo01,15.0,50.0,43.0,7.0,1.0,0.0,0.0,0.0,0.0,0,0.0,0.0,0.0,1.0,9.0,28.0,0.0,,,,,,,,,,,,,,,,,,,,,,,,,,,,,,,,,,,,,,,,,,,,,,,,,,,,,,,,,,,,,,,,,,,,,,,,,,,,,,8,,SR,49,SEC,,2021,0,1,0,0,12,1,35,2,https://www.sports-reference.com/cfb/players/roger-mccreary-1.html,14,Roger McCreary,DB/CB,1.0,Auburn,2026-04-01T19:45:52.015Z,41,season_totals,2.0
2022,2022.csv,Roger McCreary,4371973,CB,Auburn,College Stats,5-11,190.0,4.5,,,,,,Tennessee Titans / 2nd / 35th pick / 2022,2025,10.0,tennessee-titans,CB,McCrRo01,8.0,33.0,21.0,12.0,1.0,0.0,0.0,0.0,1.0,0,0.0,0.0,0.0,2.0,0.0,0.0,0.0,,,,,,,,,,,,,,,,,,,,,,,,,,,,,,,,,,,,,,,,,,,,,,,,,,,,,,,,,,,,,,,,,,,,,,,,,,,,,,8,,SR,49,SEC,,2021,0,1,0,0,12,1,35,2,https://www.sports-reference.com/cfb/players/roger-mccreary-1.html,14,Roger McCreary,DB/CB,1.0,Auburn,2026-04-01T19:45:52.015Z,41,season_totals,2.0
2022,2022.csv,Roger McCreary,4371973,CB,Auburn,College Stats,5-11,190.0,4.5,,,,,,Tennessee Titans / 2nd / 35th pick / 2022,2025,14.0,los-angeles-rams,CB,McCrRo01,6.0,4.0,2.0,2.0,0.0,0.0,0.0,0.0,0.0,0,0.0,0.0,0.0,0.0,0.0,0.0,0.0,,,,,,,,,,,,,,,,,,,,,,,,,,,,,,,,,,,,,,,,,,,,,,,,,,,,,,,,,,,,,,,,,,,,,,,,,,,,,,8,,SR,49,SEC,,2021,0,1,0,0,12,1,35,2,https://www.sports-reference.com/cfb/players/roger-mccreary-1.html,14,Roger McCreary,DB/CB,1.0,Auburn,2026-04-01T19:45:52.015Z,41,season_totals,2.0
2022,2022.csv,Roger McCreary,4371973,CB,Auburn,College Stats,5-11,190.0,4.5,,,,,,Tennessee Titans / 2nd / 35th pick / 2022,2025,,2025 Totals,CB,McCrRo01,14.0,37.0,23.0,14.0,1.0,0.0,0.0,0.0,1.0,0,0.0,0.0,0.0,2.0,0.0,0.0,0.0,,,,,,,,,,,,,,,,,,,,,,,,,,,,,,,,,,,,,,,,,,,,,,,,,,,,,,,,,,,,,,,,,,,,,,,,,,,,,,8,,SR,49,SEC,,2021,0,1,0,0,12,1,35,2,https://www.sports-reference.com/cfb/players/roger-mccreary-1.html,14,Roger McCreary,DB/CB,1.0,Auburn,2026-04-01T19:45:52.015Z,41,season_totals,2.0
2022,2022.csv,Roger McCreary,4371973,CB,Auburn,College Stats,5-11,190.0,4.5,,,,,,Tennessee Titans / 2nd / 35th pick / 2022,-1,,,,McCrRo01,61.0,257.0,198.0,59.0,4.0,1.0,0.0,0.0,3.0,22,7.3,0.0,18.0,17.0,19.5,46.0,0.0,,,,,,,,,,,,,,,,,,,,,,,,,,,,,,,,,,,,,,,,,,,,,,,,,,,,,,,,,,,,,,,,,,,,,,,,,,,,,,8,,SR,49,SEC,,2021,0,1,0,0,12,1,35,2,https://www.sports-reference.com/cfb/players/roger-mccreary-1.html,14,Roger McCreary,DB/CB,1.0,Auburn,2026-04-01T19:45:52.015Z,41,season_totals,2.0
2022,2022.csv,Trent McDuffie,4426405,CB,Washington,College Stats,5-11,193.0,4.44,,,,,,Kansas City Chiefs / 1st / 21st pick / 2022,2022,12.0,kansas-city-chiefs,CB,McDuTr00,11.0,44.0,28.0,16.0,1.0,1.0,0.0,0.0,0.0,0,0.0,0.0,0.0,7.0,0.5,2.0,0.0,,,,,,,,,,,,,,,,,,,,,,,,,,,,,,,,,,,,,,,,,,,,,,,,,,,,,,,,,,,,,,,,,,,,,,,,,,,,,,10,,SO,35,Pac-12,,2021,0,0,0,0,11,0,0,0,https://www.sports-reference.com/cfb/players/trent-mcduffie-1.html,6,Trent McDuffie,DB,1.0,Washington,2026-04-01T19:46:04.574Z,25,season_totals,4.0
2022,2022.csv,Trent McDuffie,4426405,CB,Washington,College Stats,5-11,193.0,4.44,,,,,,Kansas City Chiefs / 1st / 21st pick / 2022,2023,12.0,kansas-city-chiefs,CB,McDuTr00,16.0,80.0,60.0,20.0,3.0,5.0,0.0,0.0,0.0,0,0.0,0.0,0.0,7.0,1.5,7.0,0.0,,,,,,,,,,,,,,,,,,,,,,,,,,,,,,,,,,,,,,,,,,,,,,,,,,,,,,,,,,,,,,,,,,,,,,,,,,,,,,10,,SO,35,Pac-12,,2021,0,0,0,0,11,0,0,0,https://www.sports-reference.com/cfb/players/trent-mcduffie-1.html,6,Trent McDuffie,DB,1.0,Washington,2026-04-01T19:46:04.574Z,25,season_totals,4.0
2022,2022.csv,Trent McDuffie,4426405,CB,Washington,College Stats,5-11,193.0,4.44,,,,,,Kansas City Chiefs / 1st / 21st pick / 2022,2024,12.0,kansas-city-chiefs,CB,McDuTr00,16.0,59.0,45.0,14.0,0.5,1.0,0.0,0.0,2.0,0,0.0,0.0,0.0,13.0,6.0,12.0,0.0,,,,,,,,,,,,,,,,,,,,,,,,,,,,,,,,,,,,,,,,,,,,,,,,,,,,,,,,,,,,,,,,,,,,,,,,,,,,,,10,,SO,35,Pac-12,,2021,0,0,0,0,11,0,0,0,https://www.sports-reference.com/cfb/players/trent-mcduffie-1.html,6,Trent McDuffie,DB,1.0,Washington,2026-04-01T19:46:04.574Z,25,season_totals,4.0
2022,2022.csv,Trent McDuffie,4426405,CB,Washington,College Stats,5-11,193.0,4.44,,,,,,Kansas City Chiefs / 1st / 21st pick / 2022,2025,12.0,kansas-city-chiefs,CB,McDuTr00,13.0,63.0,45.0,18.0,1.0,1.0,0.0,0.0,1.0,2,2.0,0.0,2.0,7.0,1.0,5.0,0.0,,,,,,,,,,,,,,,,,,,,,,,,,,,,,,,,,,,,,,,,,,,,,,,,,,,,,,,,,,,,,,,,,,,,,,,,,,,,,,10,,SO,35,Pac-12,,2021,0,0,0,0,11,0,0,0,https://www.sports-reference.com/cfb/players/trent-mcduffie-1.html,6,Trent McDuffie,DB,1.0,Washington,2026-04-01T19:46:04.574Z,25,season_totals,4.0
2022,2022.csv,Trent McDuffie,4426405,CB,Washington,College Stats,5-11,193.0,4.44,,,,,,Kansas City Chiefs / 1st / 21st pick / 2022,-1,,,,McDuTr00,56.0,246.0,178.0,68.0,5.5,8.0,0.0,0.0,3.0,2,0.7,0.0,2.0,34.0,9.0,26.0,0.0,,,,,,,,,,,,,,,,,,,,,,,,,,,,,,,,,,,,,,,,,,,,,,,,,,,,,,,,,,,,,,,,,,,,,,,,,,,,,,10,,SO,35,Pac-12,,2021,0,0,0,0,11,0,0,0,https://www.sports-reference.com/cfb/players/trent-mcduffie-1.html,6,Trent McDuffie,DB,1.0,Washington,2026-04-01T19:46:04.574Z,25,season_totals,4.0
2022,2022.csv,Jalen Pitre,4241223,S,Baylor,College Stats,5-11,198.0,,35.0,16.0,,6.74,4.18,Houston Texans / 2nd / 37th pick / 2022,2022,34.0,houston-texans,S,PitrJa00,17.0,147.0,99.0,48.0,1.0,0.0,0.0,0.0,5.0,57,11.4,0.0,1.0,8.0,9.0,6.0,0.0,,,,,,,,,,,,,,,,,,,,,,,,,,,,,,,,,,,,,,,,,17.0,0,0,0.0,0,0.0,0,0,0,0,39.6,-,,,,,,,,,,,,,,,,,,,,,,,,,,19,AA,SR,75,Big 12,,2021,3,3,0,10,14,0,20,2,https://www.sports-reference.com/cfb/players/jalen-pitre-1.html,7,Jalen Pitre,LB/S,3.5,Baylor,2026-04-01T19:44:22.063Z,56,season_totals,17.0
2022,2022.csv,Jalen Pitre,4241223,S,Baylor,College Stats,5-11,198.0,,35.0,16.0,,6.74,4.18,Houston Texans / 2nd / 37th pick / 2022,2023,34.0,houston-texans,S,PitrJa00,15.0,84.0,58.0,26.0,0.0,1.0,1.0,22.0,0.0,0,0.0,0.0,0.0,5.0,11.0,28.0,0.0,,,,,,,,,,,,,,,,,,,,,,,,,,,,,,,,,,,,,,,,,,,,,,,,,,,,,,,,,,,,,,,,,,,,,,,,,,,,,,19,AA,SR,75,Big 12,,2021,3,3,0,10,14,0,20,2,https://www.sports-reference.com/cfb/players/jalen-pitre-1.html,7,Jalen Pitre,LB/S,3.5,Baylor,2026-04-01T19:44:22.063Z,56,season_totals,17.0
2022,2022.csv,Jalen Pitre,4241223,S,Baylor,College Stats,5-11,198.0,,35.0,16.0,,6.74,4.18,Houston Texans / 2nd / 37th pick / 2022,2024,34.0,houston-texans,S,PitrJa00,12.0,65.0,44.0,21.0,0.0,1.0,0.0,0.0,1.0,10,10.0,0.0,10.0,8.0,6.5,15.0,0.0,,,,,,,,,,,,,,,,,,,,,,,,,,,,,,,,,,,,,,,,,,,,,,,,,,,,,,,,,,,,,,,,,,,,,,,,,,,,,,19,AA,SR,75,Big 12,,2021,3,3,0,10,14,0,20,2,https://www.sports-reference.com/cfb/players/jalen-pitre-1.html,7,Jalen Pitre,LB/S,3.5,Baylor,2026-04-01T19:44:22.063Z,56,season_totals,17.0
2022,2022.csv,Jalen Pitre,4241223,S,Baylor,College Stats,5-11,198.0,,35.0,16.0,,6.74,4.18,Houston Texans / 2nd / 37th pick / 2022,2025,34.0,houston-texans,S,PitrJa00,14.0,74.0,43.0,31.0,0.0,0.0,0.0,0.0,4.0,18,4.5,0.0,12.0,12.0,5.5,7.0,0.0,,,,,,,,,,,,,,,,,,,,,,,,,,,,,,,,,,,,,,,,,,,,,,,,,,,,,,,,,,,,,,,,,,,,,,,,,,,,,,19,AA,SR,75,Big 12,,2021,3,3,0,10,14,0,20,2,https://www.sports-reference.com/cfb/players/jalen-pitre-1.html,7,Jalen Pitre,LB/S,3.5,Baylor,2026-04-01T19:44:22.063Z,56,season_totals,17.0
2022,2022.csv,Jalen Pitre,4241223,S,Baylor,College Stats,5-11,198.0,,35.0,16.0,,6.74,4.18,Houston Texans / 2nd / 37th pick / 2022,-1,,,,PitrJa00,58.0,370.0,244.0,126.0,1.0,2.0,1.0,22.0,10.0,85,8.5,0.0,12.0,33.0,32.0,56.0,0.0,,,,,,,,,,,,,,,,,,,,,,,,,,,,,,,,,,,,,,,,,58.0,0,0,0.0,0,0.0,0,0,0,0,0.0,-,,,,,,,,,,,,,,,,,,,,,,,,,,19,AA,SR,75,Big 12,,2021,3,3,0,10,14,0,20,2,https://www.sports-reference.com/cfb/players/jalen-pitre-1.html,7,Jalen Pitre,LB/S,3.5,Baylor,2026-04-01T19:44:22.063Z,56,season_totals,17.0
2022,2022.csv,Alontae Taylor,4369835,CB,Tennessee,College Stats,6-0,199.0,4.36,34.5,,128.0,,,New Orleans Saints / 2nd / 49th pick / 2022,2022,18.0,new-orleans-saints,CB,TaylAl01,13.0,46.0,39.0,7.0,0.0,0.0,0.0,0.0,0.0,0,0.0,0.0,0.0,11.0,0.5,2.0,0.0,,,,,,,,,,,,,,,,,,,,,,,,,,,,,,,,,,,,,,,,,,,,,,,,,,,,,,,,,,,,,,,,,,,,,,,,,,,,,,19,,SR,60,SEC,,2021,1,0,0,0,12,1,85,2,https://www.sports-reference.com/cfb/players/alontae-taylor-1.html,6,Alontae Taylor,DB,0.0,Tennessee,2026-04-01T19:42:49.958Z,41,season_totals,1.0
2022,2022.csv,Alontae Taylor,4369835,CB,Tennessee,College Stats,6-0,199.0,4.36,34.5,,128.0,,,New Orleans Saints / 2nd / 49th pick / 2022,2023,18.0,new-orleans-saints,CB,TaylAl01,17.0,75.0,56.0,19.0,1.0,1.0,0.0,0.0,2.0,16,8.0,0.0,16.0,14.0,3.0,16.0,0.0,,,,,,,,,,,,,,,,,,,,,,,,,,,,,,,,,,,,,,,,,,,,,,,,,,,,,,,,,,,,,,,,,,,,,,,,,,,,,,19,,SR,60,SEC,,2021,1,0,0,0,12,1,85,2,https://www.sports-reference.com/cfb/players/alontae-taylor-1.html,6,Alontae Taylor,DB,0.0,Tennessee,2026-04-01T19:42:49.958Z,41,season_totals,1.0
2022,2022.csv,Alontae Taylor,4369835,CB,Tennessee,College Stats,6-0,199.0,4.36,34.5,,128.0,,,New Orleans Saints / 2nd / 49th pick / 2022,2024,18.0,new-orleans-saints,CB,TaylAl01,17.0,89.0,61.0,28.0,4.0,2.0,0.0,0.0,0.0,0,0.0,0.0,0.0,16.0,5.0,17.0,0.0,,,,,,,,,,,,,,,,,,,,,,,,,,,,,,,,,,,,,,,,,,,,,,,,,,,,,,,,,,,,,,,,,,,,,,,,,,,,,,19,,SR,60,SEC,,2021,1,0,0,0,12,1,85,2,https://www.sports-reference.com/cfb/players/alontae-taylor-1.html,6,Alontae Taylor,DB,0.0,Tennessee,2026-04-01T19:42:49.958Z,41,season_totals,1.0
2022,2022.csv,Alontae Taylor,4369835,CB,Tennessee,College Stats,6-0,199.0,4.36,34.5,,128.0,,,New Orleans Saints / 2nd / 49th pick / 2022,2025,18.0,new-orleans-saints,CB,TaylAl01,17.0,83.0,59.0,24.0,2.0,0.0,0.0,0.0,2.0,21,10.5,0.0,11.0,11.0,7.5,14.0,0.0,,,,,,,,,,,,,,,,,,,,,,,,,,,,,,,,,,,,,,,,,,,,,,,,,,,,,,,,,,,,,,,,,,,,,,,,,,,,,,19,,SR,60,SEC,,2021,1,0,0,0,12,1,85,2,https://www.sports-reference.com/cfb/players/alontae-taylor-1.html,6,Alontae Taylor,DB,0.0,Tennessee,2026-04-01T19:42:49.958Z,41,season_totals,1.0
2022,2022.csv,Alontae Taylor,4369835,CB,Tennessee,College Stats,6-0,199.0,4.36,34.5,,128.0,,,New Orleans Saints / 2nd / 49th pick / 2022,-1,,,,TaylAl01,64.0,293.0,215.0,78.0,7.0,3.0,0.0,0.0,4.0,37,9.3,0.0,16.0,52.0,16.0,49.0,0.0,,,,,,,,,,,,,,,,,,,,,,,,,,,,,,,,,,,,,,,,,,,,,,,,,,,,,,,,,,,,,,,,,,,,,,,,,,,,,,19,,SR,60,SEC,,2021,1,0,0,0,12,1,85,2,https://www.sports-reference.com/cfb/players/alontae-taylor-1.html,6,Alontae Taylor,DB,0.0,Tennessee,2026-04-01T19:42:49.958Z,41,season_totals,1.0
2022,2022.csv,Delarrin Turner-Yell,4360287,S,Oklahoma,College Stats,5-10,197.0,4.47,,,122.0,,,Denver Broncos / 5th / 152nd pick / 2022,2022,7.0,denver-broncos,S,TurnDe02,14.0,8.0,6.0,2.0,0.0,0.0,1.0,0.0,0.0,0,0.0,0.0,0.0,0.0,0.0,0.0,0.0,,,,,,,,,,,,,,,,,,,,,,,,,,,,,,,,,,,,,,,,,,,,,,,,,,,,,,,,,,,,,,,,,,,,,,,,,,,,,,17,,SR,52,Big 12,,2021,0,0,0,0,10,0,0,3,https://www.sports-reference.com/cfb/players/delarrin-turner-yell-1.html,1,Delarrin Turner-Yell,S,0.0,Oklahoma,2026-04-01T19:43:52.779Z,35,season_totals,2.5
2022,2022.csv,Delarrin Turner-Yell,4360287,S,Oklahoma,College Stats,5-10,197.0,4.47,,,122.0,,,Denver Broncos / 5th / 152nd pick / 2022,2023,7.0,denver-broncos,S,TurnDe02,16.0,34.0,26.0,8.0,0.0,0.0,0.0,0.0,0.0,0,0.0,0.0,0.0,1.0,0.0,0.0,0.0,,,,,,,,,,,,,,,,,,,,,,,,,,,,,,,,,,,,,,,,,,,,,,,,,,,,,,,,,,,,,,,,,,,,,,,,,,,,,,17,,SR,52,Big 12,,2021,0,0,0,0,10,0,0,3,https://www.sports-reference.com/cfb/players/delarrin-turner-yell-1.html,1,Delarrin Turner-Yell,S,0.0,Oklahoma,2026-04-01T19:43:52.779Z,35,season_totals,2.5
2022,2022.csv,Delarrin Turner-Yell,4360287,S,Oklahoma,College Stats,5-10,197.0,4.47,,,122.0,,,Denver Broncos / 5th / 152nd pick / 2022,2025,7.0,denver-broncos,S,TurnDe02,1.0,1.0,0.0,1.0,0.0,0.0,0.0,0.0,0.0,0,0.0,0.0,0.0,0.0,0.0,0.0,0.0,,,,,,,,,,,,,,,,,,,,,,,,,,,,,,,,,,,,,,,,,,,,,,,,,,,,,,,,,,,,,,,,,,,,,,,,,,,,,,17,,SR,52,Big 12,,2021,0,0,0,0,10,0,0,3,https://www.sports-reference.com/cfb/players/delarrin-turner-yell-1.html,1,Delarrin Turner-Yell,S,0.0,Oklahoma,2026-04-01T19:43:52.779Z,35,season_totals,2.5
2022,2022.csv,Delarrin Turner-Yell,4360287,S,Oklahoma,College Stats,5-10,197.0,4.47,,,122.0,,,Denver Broncos / 5th / 152nd pick / 2022,-1,,,,TurnDe02,31.0,43.0,32.0,11.0,0.0,0.0,1.0,0.0,0.0,0,0.0,0.0,0.0,1.0,0.0,0.0,0.0,,,,,,,,,,,,,,,,,,,,,,,,,,,,,,,,,,,,,,,,,,,,,,,,,,,,,,,,,,,,,,,,,,,,,,,,,,,,,,17,,SR,52,Big 12,,2021,0,0,0,0,10,0,0,3,https://www.sports-reference.com/cfb/players/delarrin-turner-yell-1.html,1,Delarrin Turner-Yell,S,0.0,Oklahoma,2026-04-01T19:43:52.779Z,35,season_totals,2.5
2022,2022.csv,Jaylen Watson,4697639,CB,Washington St.,College Stats,6-2,197.0,4.51,,18.0,,,,Kansas City Chiefs / 7th / 243rd pick / 2022,2022,12.0,kansas-city-chiefs,CB,WatsJa02,16.0,49.0,37.0,12.0,0.0,0.0,0.0,0.0,1.0,99,99.0,1.0,1.0,6.0,1.5,4.0,0.0,16,0.0,0.0,0.0,1.0,1.0,0.0,0.0,0.0,6.0,,,,,,,,,,,,,,,,,,,,,,,,,,,,,,,,,,,,,,,,,,,,,,,,,,,,,,,,,,,,,,,,,,,,8,,SR,31,Pac-12,,2021,0,4,0,49,12,0,11,2,https://www.sports-reference.com/cfb/players/jaylen-watson-2.html,3,Jaylen Watson,DB,0.0,Washington State,2026-04-01T20:06:04.895Z,23,season_totals,1.0
2022,2022.csv,Jaylen Watson,4697639,CB,Washington St.,College Stats,6-2,197.0,4.51,,18.0,,,,Kansas City Chiefs / 7th / 243rd pick / 2022,2023,12.0,kansas-city-chiefs,CB,WatsJa02,16.0,33.0,28.0,5.0,2.0,0.0,0.0,0.0,0.0,0,0.0,0.0,0.0,6.0,0.0,0.0,0.0,,,,,,,,,,,,,,,,,,,,,,,,,,,,,,,,,,,,,,,,,,,,,,,,,,,,,,,,,,,,,,,,,,,,,,,,,,,,,,8,,SR,31,Pac-12,,2021,0,4,0,49,12,0,11,2,https://www.sports-reference.com/cfb/players/jaylen-watson-2.html,3,Jaylen Watson,DB,0.0,Washington State,2026-04-01T20:06:04.895Z,23,season_totals,1.0
2022,2022.csv,Jaylen Watson,4697639,CB,Washington St.,College Stats,6-2,197.0,4.51,,18.0,,,,Kansas City Chiefs / 7th / 243rd pick / 2022,2024,12.0,kansas-city-chiefs,CB,WatsJa02,6.0,32.0,21.0,11.0,0.0,0.0,0.0,0.0,0.0,12,0.0,0.0,0.0,6.0,1.5,0.0,0.0,,,,,,,,,,,,,,,,,,,,,,,,,,,,,,,,,,,,,,,,,,,,,,,,,,,,,,,,,,,,,,,,,,,,,,,,,,,,,,8,,SR,31,Pac-12,,2021,0,4,0,49,12,0,11,2,https://www.sports-reference.com/cfb/players/jaylen-watson-2.html,3,Jaylen Watson,DB,0.0,Washington State,2026-04-01T20:06:04.895Z,23,season_totals,1.0
2022,2022.csv,Jaylen Watson,4697639,CB,Washington St.,College Stats,6-2,197.0,4.51,,18.0,,,,Kansas City Chiefs / 7th / 243rd pick / 2022,2025,12.0,kansas-city-chiefs,CB,WatsJa02,15.0,64.0,42.0,22.0,2.0,0.0,0.0,0.0,2.0,14,7.0,0.0,14.0,6.0,2.0,2.0,0.0,,,,,,,,,,,,,,,,,,,,,,,,,,,,,,,,,,,,,,,,,,,,,,,,,,,,,,,,,,,,,,,,,,,,,,,,,,,,,,8,,SR,31,Pac-12,,2021,0,4,0,49,12,0,11,2,https://www.sports-reference.com/cfb/players/jaylen-watson-2.html,3,Jaylen Watson,DB,0.0,Washington State,2026-04-01T20:06:04.895Z,23,season_totals,1.0
2022,2022.csv,Jaylen Watson,4697639,CB,Washington St.,College Stats,6-2,197.0,4.51,,18.0,,,,Kansas City Chiefs / 7th / 243rd pick / 2022,-1,,,,WatsJa02,53.0,178.0,128.0,50.0,4.0,0.0,0.0,0.0,3.0,125,41.7,1.0,14.0,24.0,5.0,6.0,0.0,53,0.0,0.0,0.0,1.0,1.0,0.0,0.0,0.0,6.0,,,,,,,,,,,,,,,,,,,,,,,,,,,,,,,,,,,,,,,,,,,,,,,,,,,,,,,,,,,,,,,,,,,,8,,SR,31,Pac-12,,2021,0,4,0,49,12,0,11,2,https://www.sports-reference.com/cfb/players/jaylen-watson-2.html,3,Jaylen Watson,DB,0.0,Washington State,2026-04-01T20:06:04.895Z,23,season_totals,1.0
2022,2022.csv,Damarion Williams,4567480,CB,Houston,College Stats,5-10,182.0,,34.5,17.0,118.0,,,Baltimore Ravens / 4th / 141st pick / 2022,2022,33.0,baltimore-ravens,CB,WillDa15,14.0,24.0,15.0,9.0,0.0,0.0,0.0,0.0,0.0,0,0.0,0.0,0.0,2.0,0.0,1.0,0.0,,,,,,,,,,,,,,,,,,,,,,,,,,,,,,,,,,,,,,,,,,,,,,,,,,,,,,,,,,,,,,,,,,,,,,,,,,,,,,10,,SR,63,American,,2021,0,0,0,0,14,0,0,1,https://www.sports-reference.com/cfb/players/damarion-williams-1.html,9,Damarion Williams,CB,0.0,Houston,2026-04-01T19:43:34.810Z,53,season_totals,3.0
2022,2022.csv,Damarion Williams,4567480,CB,Houston,College Stats,5-10,182.0,,34.5,17.0,118.0,,,Baltimore Ravens / 4th / 141st pick / 2022,2023,33.0,baltimore-ravens,CB,WillDa15,,,,,,,,,,,,,,,,,,,,,,,,,,,,,,,,,,,,,,,,,,,,,,,1,0.0,0,0.0,1.0,0.0,0.0,0,0.0,0.0,0.0,,,,,,,,,,,,,,,,,,,,,,,,,,,,,,,,,,,,,,10,,SR,63,American,,2021,0,0,0,0,14,0,0,1,https://www.sports-reference.com/cfb/players/damarion-williams-1.html,9,Damarion Williams,CB,0.0,Houston,2026-04-01T19:43:34.810Z,53,season_totals,3.0
2022,2022.csv,Damarion Williams,4567480,CB,Houston,College Stats,5-10,182.0,,34.5,17.0,118.0,,,Baltimore Ravens / 4th / 141st pick / 2022,-1,,,,WillDa15,14.0,24.0,15.0,9.0,0.0,0.0,0.0,0.0,0.0,0,0.0,0.0,0.0,2.0,0.0,1.0,0.0,,,,,,,,,,,,,,,,,,,,,,,,,,,,,,14,0.0,0,0.0,1.0,0.0,0.0,0,0.0,0.0,0.0,,,,,,,,,,,,,,,,,,,,,,,,,,,,,,,,,,,,,,10,,SR,63,American,,2021,0,0,0,0,14,0,0,1,https://www.sports-reference.com/cfb/players/damarion-williams-1.html,9,Damarion Williams,CB,0.0,Houston,2026-04-01T19:43:34.810Z,53,season_totals,3.0
2023,2023.csv,Alex Austin,4426599,CB,Oregon St.,College Stats,6-1,195.0,4.55,33.0,,122.0,,4.33,Buffalo Bills / 7th / 252nd pick / 2023,2023,17.0,new-england-patriots,CB,AustAl00,5.0,9.0,7.0,2.0,0.0,0.0,0.0,0.0,1.0,0,0.0,0.0,0.0,2.0,0.5,0.0,0.0,,,,,,,,,,,,,,,,,,,,,,,,,,,,,,,,,,,,,,,,,,,,,,,,,,,,,,,,,,,,,,,,,,,,,,,,,,,,,,15,,SO,57,Pac-12,,2022,0,1,0,0,12,1,42,2,https://www.sports-reference.com/cfb/players/alex-austin-1.html,10,Alex Austin,DB,1.0,Oregon State,2026-04-01T19:46:21.019Z,42,season_totals,1.0
2023,2023.csv,Alex Austin,4426599,CB,Oregon St.,College Stats,6-1,195.0,4.55,33.0,,122.0,,4.33,Buffalo Bills / 7th / 252nd pick / 2023,2024,17.0,new-england-patriots,CB,AustAl00,9.0,9.0,8.0,1.0,0.0,0.0,0.0,0.0,0.0,0,0.0,0.0,0.0,5.0,1.0,1.0,0.0,,,,,,,,,,,,,,,,,,,,,,,,,,,,,,,,,,,,,,,,,,,,,,,,,,,,,,,,,,,,,,,,,,,,,,,,,,,,,,15,,SO,57,Pac-12,,2022,0,1,0,0,12,1,42,2,https://www.sports-reference.com/cfb/players/alex-austin-1.html,10,Alex Austin,DB,1.0,Oregon State,2026-04-01T19:46:21.019Z,42,season_totals,1.0
2023,2023.csv,Alex Austin,4426599,CB,Oregon St.,College Stats,6-1,195.0,4.55,33.0,,122.0,,4.33,Buffalo Bills / 7th / 252nd pick / 2023,2025,17.0,new-england-patriots,CB,AustAl00,12.0,13.0,10.0,3.0,0.0,0.0,0.0,0.0,0.0,0,0.0,0.0,0.0,1.0,1.0,1.0,0.0,,,,,,,,,,,,,,,,,,,,,,,,,,,,,,,,,,,,,,,,,,,,,,,,,,,,,,,,,,,,,,,,,,,,,,,,,,,,,,15,,SO,57,Pac-12,,2022,0,1,0,0,12,1,42,2,https://www.sports-reference.com/cfb/players/alex-austin-1.html,10,Alex Austin,DB,1.0,Oregon State,2026-04-01T19:46:21.019Z,42,season_totals,1.0
2023,2023.csv,Alex Austin,4426599,CB,Oregon St.,College Stats,6-1,195.0,4.55,33.0,,122.0,,4.33,Buffalo Bills / 7th / 252nd pick / 2023,-1,,,,AustAl00,26.0,31.0,25.0,6.0,0.0,0.0,0.0,0.0,1.0,0,0.0,0.0,0.0,8.0,2.5,2.0,0.0,,,,,,,,,,,,,,,,,,,,,,,,,,,,,,,,,,,,,,,,,,,,,,,,,,,,,,,,,,,,,,,,,,,,,,,,,,,,,,15,,SO,57,Pac-12,,2022,0,1,0,0,12,1,42,2,https://www.sports-reference.com/cfb/players/alex-austin-1.html,10,Alex Austin,DB,1.0,Oregon State,2026-04-01T19:46:21.019Z,42,season_totals,1.0
2023,2023.csv,Deonte Banks,4428328,CB,Maryland,College Stats,6-0,197.0,4.35,42.0,,136.0,,,New York Giants / 1st / 24th pick / 2023,2023,19.0,new-york-giants,CB,BankDe00,15.0,64.0,53.0,11.0,0.0,0.0,0.0,0.0,2.0,6,3.0,0.0,6.0,11.0,2.0,2.0,0.0,,,,,,,,,,,,,,,,,,,,,,,,,,,,,,,,,,,,,,,,,,,,,,,,,,,,,,,,,,,,,,,,,,,,,,,,,,,,,,13,,SR,38,Big Ten,,2022,0,0,0,0,12,0,0,1,https://www.sports-reference.com/cfb/players/deonte-banks-1.html,8,Deonte Banks,CB/DB,0.5,Maryland,2026-04-01T19:47:57.211Z,25,season_totals,0.5
2023,2023.csv,Deonte Banks,4428328,CB,Maryland,College Stats,6-0,197.0,4.35,42.0,,136.0,,,New York Giants / 1st / 24th pick / 2023,2024,19.0,new-york-giants,CB,BankDe00,14.0,52.0,39.0,13.0,0.0,1.0,0.0,0.0,0.0,0,0.0,0.0,0.0,12.0,1.0,3.0,0.0,,,,,,,,,,,,,,,,,,,,,,,,,,,,,,,,,,,,,,,,,,,,,,,,,,,,,,,,,,,,,,,,,,,,,,,,,,,,,,13,,SR,38,Big Ten,,2022,0,0,0,0,12,0,0,1,https://www.sports-reference.com/cfb/players/deonte-banks-1.html,8,Deonte Banks,CB/DB,0.5,Maryland,2026-04-01T19:47:57.211Z,25,season_totals,0.5
2023,2023.csv,Deonte Banks,4428328,CB,Maryland,College Stats,6-0,197.0,4.35,42.0,,136.0,,,New York Giants / 1st / 24th pick / 2023,2025,19.0,new-york-giants,CB,BankDe00,16.0,31.0,24.0,7.0,0.0,0.0,0.0,0.0,0.0,0,0.0,0.0,0.0,5.0,2.5,2.0,0.0,,,,,,,,,,,,,,,,,,,,,,,,,,,,,,16,0.0,0,0.0,0.0,0.0,19.0,622,1.0,0.0,95.0,,,,,,,,,,,,,,,,,,,,,,,,,,,,,,,,,,,,,,13,,SR,38,Big Ten,,2022,0,0,0,0,12,0,0,1,https://www.sports-reference.com/cfb/players/deonte-banks-1.html,8,Deonte Banks,CB/DB,0.5,Maryland,2026-04-01T19:47:57.211Z,25,season_totals,0.5
2023,2023.csv,Deonte Banks,4428328,CB,Maryland,College Stats,6-0,197.0,4.35,42.0,,136.0,,,New York Giants / 1st / 24th pick / 2023,-1,,,,BankDe00,45.0,147.0,116.0,31.0,0.0,1.0,0.0,0.0,2.0,6,3.0,0.0,6.0,28.0,5.5,7.0,0.0,,,,,,,,,,,,,,,,,,,,,,,,,,,,,,45,0.0,0,0.0,0.0,0.0,19.0,622,1.0,0.0,95.0,,,,,,,,,,,,,,,,,,,,,,,,,,,,,,,,,,,,,,13,,SR,38,Big Ten,,2022,0,0,0,0,12,0,0,1,https://www.sports-reference.com/cfb/players/deonte-banks-1.html,8,Deonte Banks,CB/DB,0.5,Maryland,2026-04-01T19:47:57.211Z,25,season_totals,0.5
2023,2023.csv,Jordan Battle,4567098,DB,Alabama,College Stats,6-1,209.0,4.55,,17.0,,,,Cincinnati Bengals / 3rd / 95th pick / 2023,2023,4.0,cincinnati-bengals,S,BattJo00,17.0,71.0,43.0,28.0,2.0,0.0,0.0,0.0,1.0,0,0.0,0.0,0.0,5.0,2.0,2.0,0.0,,,,,,,,,,,,,,,,,,,,,,,,,,,,,,,,,,,,,,,,,,,,,,,,,,,,,,,,,,,,,,,,,,,,,,,,,,,,,,37,,SR,71,SEC,,2022,0,0,0,0,13,0,0,1,https://www.sports-reference.com/cfb/players/jordan-battle-1.html,2,Jordan Battle,DB,0.0,Alabama,2026-04-01T19:49:09.482Z,34,season_totals,0.5
2023,2023.csv,Jordan Battle,4567098,DB,Alabama,College Stats,6-1,209.0,4.55,,17.0,,,,Cincinnati Bengals / 3rd / 95th pick / 2023,2024,4.0,cincinnati-bengals,S,BattJo00,17.0,58.0,35.0,23.0,0.0,0.0,1.0,60.0,1.0,0,0.0,0.0,0.0,3.0,2.5,3.0,0.0,,,,,,,,,,,17,0,0,0.0,0,0,0,1,1,,,,,,,,,,,,,,,,,,,,,,17.0,0,0,0.0,0,0.0,0,0,0,0,39.6,-,,,,,,,,,,,,,,,,,,,,,,,,,,37,,SR,71,SEC,,2022,0,0,0,0,13,0,0,1,https://www.sports-reference.com/cfb/players/jordan-battle-1.html,2,Jordan Battle,DB,0.0,Alabama,2026-04-01T19:49:09.482Z,34,season_totals,0.5
2023,2023.csv,Jordan Battle,4567098,DB,Alabama,College Stats,6-1,209.0,4.55,,17.0,,,,Cincinnati Bengals / 3rd / 95th pick / 2023,2025,4.0,cincinnati-bengals,S,BattJo00,17.0,125.0,62.0,63.0,0.0,2.0,0.0,0.0,4.0,6,1.5,0.0,4.0,6.0,4.5,2.0,0.0,,,,,,,,,,,,,,,,,,,,,,,,,,,,,,,,,,,,,,,,,,,,,,,,,,,,,,,,,,,,,,,,,,,,,,,,,,,,,,37,,SR,71,SEC,,2022,0,0,0,0,13,0,0,1,https://www.sports-reference.com/cfb/players/jordan-battle-1.html,2,Jordan Battle,DB,0.0,Alabama,2026-04-01T19:49:09.482Z,34,season_totals,0.5
2023,2023.csv,Jordan Battle,4567098,DB,Alabama,College Stats,6-1,209.0,4.55,,17.0,,,,Cincinnati Bengals / 3rd / 95th pick / 2023,-1,,,,BattJo00,51.0,254.0,140.0,114.0,2.0,2.0,1.0,60.0,6.0,6,1.0,0.0,4.0,14.0,9.0,7.0,0.0,,,,,,,,,,,51,0,0,0.0,0,0,0,1,1,,,,,,,,,,,,,,,,,,,,,,51.0,0,0,0.0,0,0.0,0,0,0,0,0.0,-,,,,,,,,,,,,,,,,,,,,,,,,,,37,,SR,71,SEC,,2022,0,0,0,0,13,0,0,1,https://www.sports-reference.com/cfb/players/jordan-battle-1.html,2,Jordan Battle,DB,0.0,Alabama,2026-04-01T19:49:09.482Z,34,season_totals,0.5
2023,2023.csv,Jakorian Bennett,4686911,CB,Maryland,College Stats,5-11,188.0,4.3,40.5,13.0,133.0,,,Las Vegas Raiders / 4th / 104th pick / 2023,2023,13.0,las-vegas-raiders,CB,BennJa00,14.0,32.0,24.0,8.0,0.0,0.0,0.0,0.0,0.0,0,0.0,0.0,0.0,3.0,1.0,0.0,0.0,,,,,,,,,,,,,,,,,,,,,,,,,,,,,,,,,,,,,,,,,,,,,,,,,,,,,,,,,,,,,,,,,,,,,,,,,,,,,,13,,SR,39,Big Ten,,2022,0,0,0,0,12,0,0,2,https://www.sports-reference.com/cfb/players/jakorian-bennett-1.html,11,Jakorian Bennett,DB,0.0,Maryland,2026-04-01T19:48:33.890Z,26,season_totals,1.5
2023,2023.csv,Jakorian Bennett,4686911,CB,Maryland,College Stats,5-11,188.0,4.3,40.5,13.0,133.0,,,Las Vegas Raiders / 4th / 104th pick / 2023,2024,13.0,las-vegas-raiders,CB,BennJa00,10.0,26.0,15.0,11.0,0.0,0.0,0.0,0.0,0.0,0,0.0,0.0,0.0,8.0,0.0,0.0,0.0,,,,,,,,,,,,,,,,,,,,,,,,,,,,,,,,,,,,,,,,,,,,,,,,,,,,,,,,,,,,,,,,,,,,,,,,,,,,,,13,,SR,39,Big Ten,,2022,0,0,0,0,12,0,0,2,https://www.sports-reference.com/cfb/players/jakorian-bennett-1.html,11,Jakorian Bennett,DB,0.0,Maryland,2026-04-01T19:48:33.890Z,26,season_totals,1.5
2023,2023.csv,Jakorian Bennett,4686911,CB,Maryland,College Stats,5-11,188.0,4.3,40.5,13.0,133.0,,,Las Vegas Raiders / 4th / 104th pick / 2023,2025,21.0,philadelphia-eagles,CB,BennJa00,11.0,7.0,6.0,1.0,0.0,0.0,0.0,0.0,0.0,0,0.0,0.0,0.0,1.0,0.0,0.0,0.0,,,,,,,,,,,,,,,,,,,,,,,,,,,,,,,,,,,,,,,,,,,,,,,,,,,,,,,,,,,,,,,,,,,,,,,,,,,,,,13,,SR,39,Big Ten,,2022,0,0,0,0,12,0,0,2,https://www.sports-reference.com/cfb/players/jakorian-bennett-1.html,11,Jakorian Bennett,DB,0.0,Maryland,2026-04-01T19:48:33.890Z,26,season_totals,1.5
2023,2023.csv,Jakorian Bennett,4686911,CB,Maryland,College Stats,5-11,188.0,4.3,40.5,13.0,133.0,,,Las Vegas Raiders / 4th / 104th pick / 2023,-1,,,,BennJa00,35.0,65.0,45.0,20.0,0.0,0.0,0.0,0.0,0.0,0,0.0,0.0,0.0,12.0,1.0,0.0,0.0,,,,,,,,,,,,,,,,,,,,,,,,,,,,,,,,,,,,,,,,,,,,,,,,,,,,,,,,,,,,,,,,,,,,,,,,,,,,,,13,,SR,39,Big Ten,,2022,0,0,0,0,12,0,0,2,https://www.sports-reference.com/cfb/players/jakorian-bennett-1.html,11,Jakorian Bennett,DB,0.0,Maryland,2026-04-01T19:48:33.890Z,26,season_totals,1.5
2023,2023.csv,Mekhi Blackmon,4360677,CB,USC,College Stats,5-11,178.0,4.47,36.0,11.0,125.0,,,Minnesota Vikings / 3rd / 102nd pick / 2023,2023,16.0,minnesota-vikings,CB,BlacMe00,15.0,41.0,34.0,7.0,0.0,0.0,1.0,0.0,1.0,0,0.0,0.0,0.0,8.0,0.0,11.0,0.0,,,,,,,,,,,,,,,,,,,,,,,,,,,,,,,,,,,,,,,,,,,,,,,,,,,,,,,,,,,,,,,,,,,,,,,,,,,,,,21,,SR,67,Pac-12,,2022,1,1,0,0,14,0,31,3,https://www.sports-reference.com/cfb/players/mekhi-blackmon-1.html,12,Mekhi Blackmon,CB/DB,0.0,USC,2026-04-01T19:49:27.332Z,46,season_totals,2.0
2023,2023.csv,Mekhi Blackmon,4360677,CB,USC,College Stats,5-11,178.0,4.47,36.0,11.0,125.0,,,Minnesota Vikings / 3rd / 102nd pick / 2023,2025,11.0,indianapolis-colts,CB,BlacMe00,17.0,64.0,50.0,14.0,1.0,0.0,0.0,0.0,2.0,41,20.5,0.0,32.0,7.0,1.0,7.0,0.0,,,,,,,,,,,,,,,,,,,,,,,,,,,,,,,,,,,,,,,,,,,,,,,,,,,,,,,,,,,,,,,,,,,,,,,,,,,,,,21,,SR,67,Pac-12,,2022,1,1,0,0,14,0,31,3,https://www.sports-reference.com/cfb/players/mekhi-blackmon-1.html,12,Mekhi Blackmon,CB/DB,0.0,USC,2026-04-01T19:49:27.332Z,46,season_totals,2.0
2023,2023.csv,Mekhi Blackmon,4360677,CB,USC,College Stats,5-11,178.0,4.47,36.0,11.0,125.0,,,Minnesota Vikings / 3rd / 102nd pick / 2023,-1,,,,BlacMe00,32.0,105.0,84.0,21.0,1.0,0.0,1.0,0.0,3.0,41,13.7,0.0,32.0,15.0,1.0,18.0,0.0,,,,,,,,,,,,,,,,,,,,,,,,,,,,,,,,,,,,,,,,,,,,,,,,,,,,,,,,,,,,,,,,,,,,,,,,,,,,,,21,,SR,67,Pac-12,,2022,1,1,0,0,14,0,31,3,https://www.sports-reference.com/cfb/players/mekhi-blackmon-1.html,12,Mekhi Blackmon,CB/DB,0.0,USC,2026-04-01T19:49:27.332Z,46,season_totals,2.0
2023,2023.csv,Brian Branch,4692025,CB,Alabama,College Stats,6-0,190.0,4.58,34.5,14.0,125.0,,,Detroit Lions / 2nd / 45th pick / 2023,2023,8.0,detroit-lions,S,BranBr00,15.0,74.0,50.0,24.0,1.0,1.0,0.0,0.0,3.0,63,21.0,1.0,50.0,13.0,8.0,24.0,0.0,15,0.0,0.0,0.0,1.0,1.0,0.0,0.0,0.0,6.0,,,,,,,,,,,,,,,,,,,,,,,,,,,,,,,,,,,,,,,,,,,,,,,,,,,,,,,,,,,,,,,,,,,,32,,JR,90,SEC,,2022,0,0,0,0,13,0,2,2,https://www.sports-reference.com/cfb/players/brian-branch-1.html,7,Brian Branch,DB,3.0,Alabama,2026-04-01T19:46:33.700Z,58,season_totals,14.0
2023,2023.csv,Brian Branch,4692025,CB,Alabama,College Stats,6-0,190.0,4.58,34.5,14.0,125.0,,,Detroit Lions / 2nd / 45th pick / 2023,2024,8.0,detroit-lions,S,BranBr00,16.0,109.0,79.0,30.0,1.0,1.0,0.0,0.0,4.0,48,12.0,0.0,47.0,16.0,9.0,10.0,0.0,,,,,,,,,,,,,,,,,,,,,,,,,,,,,,,,,,,,,,,,,,,,,,,,,,,,,,,,,,,,,,,,,,,,,,,,,,,,,,32,,JR,90,SEC,,2022,0,0,0,0,13,0,2,2,https://www.sports-reference.com/cfb/players/brian-branch-1.html,7,Brian Branch,DB,3.0,Alabama,2026-04-01T19:46:33.700Z,58,season_totals,14.0
2023,2023.csv,Brian Branch,4692025,CB,Alabama,College Stats,6-0,190.0,4.58,34.5,14.0,125.0,,,Detroit Lions / 2nd / 45th pick / 2023,2025,8.0,detroit-lions,S,BranBr00,12.0,75.0,48.0,27.0,2.5,1.0,1.0,0.0,0.0,0,0.0,0.0,0.0,9.0,4.0,4.0,0.0,,,,,,,,,,,,,,,,,,,,,,,,,,,,,,,,,,,,,,,,,,,,,,,,,,,,,,,,,,,,,,,,,,,,,,,,,,,,,,32,,JR,90,SEC,,2022,0,0,0,0,13,0,2,2,https://www.sports-reference.com/cfb/players/brian-branch-1.html,7,Brian Branch,DB,3.0,Alabama,2026-04-01T19:46:33.700Z,58,season_totals,14.0
2023,2023.csv,Brian Branch,4692025,CB,Alabama,College Stats,6-0,190.0,4.58,34.5,14.0,125.0,,,Detroit Lions / 2nd / 45th pick / 2023,-1,,,,BranBr00,43.0,258.0,177.0,81.0,4.5,3.0,1.0,0.0,7.0,111,15.9,1.0,50.0,38.0,21.0,38.0,0.0,43,0.0,0.0,0.0,1.0,1.0,0.0,0.0,0.0,6.0,,,,,,,,,,,,,,,,,,,,,,,,,,,,,,,,,,,,,,,,,,,,,,,,,,,,,,,,,,,,,,,,,,,,32,,JR,90,SEC,,2022,0,0,0,0,13,0,2,2,https://www.sports-reference.com/cfb/players/brian-branch-1.html,7,Brian Branch,DB,3.0,Alabama,2026-04-01T19:46:33.700Z,58,season_totals,14.0
2023,2023.csv,Ji'Ayir Brown,4693644,DB,Penn St.,College Stats,5-11,203.0,4.65,32.5,18.0,119.0,,,San Francisco 49ers / 3rd / 87th pick / 2023,2023,25.0,san-francisco-49ers,S,BrowJi01,15.0,35.0,22.0,13.0,0.0,0.0,0.0,0.0,2.0,0,0.0,0.0,0.0,4.0,0.5,0.0,0.0,,,,,,,,,,,,,,,,,,,,,,,,,,,,,,,,,,,,,,,,,,,,,,,,,,,,,,,,,,,,,,,,,,,,,,,,,,,,,,18,,SR,74,Big Ten,,2022,2,1,1,0,13,0,114,4,https://www.sports-reference.com/cfb/players/jiayir-brown-1.html,3,Ji'ayir Brown,S,4.5,Penn State,2026-04-01T19:48:57.730Z,56,season_totals,7.0
2023,2023.csv,Ji'Ayir Brown,4693644,DB,Penn St.,College Stats,5-11,203.0,4.65,32.5,18.0,119.0,,,San Francisco 49ers / 3rd / 87th pick / 2023,2024,25.0,san-francisco-49ers,S,BrowJi01,17.0,77.0,48.0,29.0,0.0,0.0,0.0,0.0,1.0,0,0.0,0.0,0.0,6.0,3.5,4.0,0.0,,,,,,,,,,,,,,,,,,,,,,,,,,,,,,,,,,,,,,,,,,,,,,,,,,,,,,,,,,,,,,,,,,,,,,,,,,,,,,18,,SR,74,Big Ten,,2022,2,1,1,0,13,0,114,4,https://www.sports-reference.com/cfb/players/jiayir-brown-1.html,3,Ji'ayir Brown,S,4.5,Penn State,2026-04-01T19:48:57.730Z,56,season_totals,7.0
2023,2023.csv,Ji'Ayir Brown,4693644,DB,Penn St.,College Stats,5-11,203.0,4.65,32.5,18.0,119.0,,,San Francisco 49ers / 3rd / 87th pick / 2023,2025,25.0,san-francisco-49ers,S,BrowJi01,17.0,76.0,44.0,32.0,0.0,1.0,0.0,0.0,2.0,4,2.0,0.0,4.0,6.0,3.5,4.0,0.0,,,,,,,,,,,,,,,,,,,,,,,,,,,,,,,,,,,,,,,,,,,,,,,,,,,,,,,,,,,,,,,,,,,,,,,,,,,,,,18,,SR,74,Big Ten,,2022,2,1,1,0,13,0,114,4,https://www.sports-reference.com/cfb/players/jiayir-brown-1.html,3,Ji'ayir Brown,S,4.5,Penn State,2026-04-01T19:48:57.730Z,56,season_totals,7.0
2023,2023.csv,Ji'Ayir Brown,4693644,DB,Penn St.,College Stats,5-11,203.0,4.65,32.5,18.0,119.0,,,San Francisco 49ers / 3rd / 87th pick / 2023,-1,,,,BrowJi01,49.0,188.0,114.0,74.0,0.0,1.0,0.0,0.0,5.0,4,0.8,0.0,4.0,16.0,7.5,8.0,0.0,,,,,,,,,,,,,,,,,,,,,,,,,,,,,,,,,,,,,,,,,,,,,,,,,,,,,,,,,,,,,,,,,,,,,,,,,,,,,,18,,SR,74,Big Ten,,2022,2,1,1,0,13,0,114,4,https://www.sports-reference.com/cfb/players/jiayir-brown-1.html,3,Ji'ayir Brown,S,4.5,Penn State,2026-04-01T19:48:57.730Z,56,season_totals,7.0
2023,2023.csv,Sydney Brown,4360386,DB,Illinois,College Stats,5-10,211.0,4.47,40.5,23.0,130.0,,,Philadelphia Eagles / 3rd / 66th pick / 2023,2023,21.0,philadelphia-eagles,S,BrowSy00,14.0,45.0,32.0,13.0,0.0,1.0,0.0,0.0,1.0,99,99.0,1.0,99.0,3.0,3.0,1.0,0.0,14,0.0,0.0,0.0,1.0,1.0,0.0,0.0,0.0,6.0,,,,,,,,,,,,,,,,,,,,,,,,,,,,,,,,,,,,,,,,,,,,,,,,,,,,,,,,,,,,,,,,,,,,19,,SR,60,Big Ten,,2022,1,1,1,53,12,1,86,6,https://www.sports-reference.com/cfb/players/sydney-brown-1.html,7,Sydney Brown,DB,1.0,Illinois,2026-04-01T19:49:45.516Z,41,season_totals,3.5
2023,2023.csv,Sydney Brown,4360386,DB,Illinois,College Stats,5-10,211.0,4.47,40.5,23.0,130.0,,,Philadelphia Eagles / 3rd / 66th pick / 2023,2024,21.0,philadelphia-eagles,S,BrowSy00,11.0,7.0,6.0,1.0,0.0,1.0,0.0,0.0,1.0,21,21.0,0.0,21.0,2.0,0.0,0.0,0.0,,,,,,,,,,,,,,,,,,,,,,,,,,,,,,,,,,,,,,,,,,,,,,,,,,,,,,,,,,,,,,,,,,,,,,,,,,,,,,19,,SR,60,Big Ten,,2022,1,1,1,53,12,1,86,6,https://www.sports-reference.com/cfb/players/sydney-brown-1.html,7,Sydney Brown,DB,1.0,Illinois,2026-04-01T19:49:45.516Z,41,season_totals,3.5
2023,2023.csv,Sydney Brown,4360386,DB,Illinois,College Stats,5-10,211.0,4.47,40.5,23.0,130.0,,,Philadelphia Eagles / 3rd / 66th pick / 2023,2025,21.0,philadelphia-eagles,S,BrowSy00,17.0,34.0,17.0,17.0,0.0,0.0,0.0,0.0,0.0,0,0.0,0.0,0.0,0.0,0.0,0.0,0.0,,,,,,,,,,,,,,,,,,,,,,,,,,,,,,,,,,,,,,,,,,,,,,,,,,,,,,,,,,,,,,,,,,,,,,,,,,,,,,19,,SR,60,Big Ten,,2022,1,1,1,53,12,1,86,6,https://www.sports-reference.com/cfb/players/sydney-brown-1.html,7,Sydney Brown,DB,1.0,Illinois,2026-04-01T19:49:45.516Z,41,season_totals,3.5
2023,2023.csv,Sydney Brown,4360386,DB,Illinois,College Stats,5-10,211.0,4.47,40.5,23.0,130.0,,,Philadelphia Eagles / 3rd / 66th pick / 2023,-1,,,,BrowSy00,42.0,86.0,55.0,31.0,0.0,2.0,0.0,0.0,2.0,120,60.0,1.0,99.0,5.0,3.0,1.0,0.0,42,0.0,0.0,0.0,1.0,1.0,0.0,0.0,0.0,6.0,,,,,,,,,,,,,,,,,,,,,,,,,,,,,,,,,,,,,,,,,,,,,,,,,,,,,,,,,,,,,,,,,,,,19,,SR,60,Big Ten,,2022,1,1,1,53,12,1,86,6,https://www.sports-reference.com/cfb/players/sydney-brown-1.html,7,Sydney Brown,DB,1.0,Illinois,2026-04-01T19:49:45.516Z,41,season_totals,3.5
2023,2023.csv,Chamarri Conner,4361964,DB,Virginia Tech,College Stats,6-0,202.0,4.51,40.5,20.0,125.0,,,Kansas City Chiefs / 4th / 119th pick / 2023,2023,12.0,kansas-city-chiefs,S,ConnCh01,17.0,36.0,31.0,5.0,0.0,0.0,0.0,0.0,1.0,4,4.0,0.0,4.0,1.0,2.0,5.0,0.0,,,,,,,,,,,,,,,,,,,,,,,,,,,,,,,,,,,,,,,,,,,,,,,,,,,,,,,,,,,,,,,,,,,,,,,,,,,,,,29,,SR,67,ACC,,2022,0,0,0,0,11,0,0,0,https://www.sports-reference.com/cfb/players/chamarri-conner-1.html,2,Chamarri Conner,DB,0.0,Virginia Tech,2026-04-01T19:46:57.132Z,38,season_totals,2.0
2023,2023.csv,Chamarri Conner,4361964,DB,Virginia Tech,College Stats,6-0,202.0,4.51,40.5,20.0,125.0,,,Kansas City Chiefs / 4th / 119th pick / 2023,2024,12.0,kansas-city-chiefs,S,ConnCh01,15.0,77.0,58.0,19.0,1.0,1.0,1.0,38.0,2.0,32,16.0,0.0,29.0,4.0,3.0,5.0,0.0,15,0.0,0.0,0.0,1.0,1.0,0.0,0.0,0.0,6.0,,,,,,,,,,,,,,,,,,,,,,,,,,,,,,,,,,,,,,,,,,,,,,,,,,,,,,,,,,,,,,,,,,,,29,,SR,67,ACC,,2022,0,0,0,0,11,0,0,0,https://www.sports-reference.com/cfb/players/chamarri-conner-1.html,2,Chamarri Conner,DB,0.0,Virginia Tech,2026-04-01T19:46:57.132Z,38,season_totals,2.0
2023,2023.csv,Chamarri Conner,4361964,DB,Virginia Tech,College Stats,6-0,202.0,4.51,40.5,20.0,125.0,,,Kansas City Chiefs / 4th / 119th pick / 2023,2025,12.0,kansas-city-chiefs,S,ConnCh01,17.0,117.0,75.0,42.0,2.0,2.0,0.0,0.0,1.0,1,1.0,0.0,1.0,2.0,4.5,5.0,0.0,,,,,,,,,,,,,,,,,,,,,,,,,,,,,,,,,,,,,,,,,,,,,,,,,,,,,,,,,,,,,,,,,,,,,,,,,,,,,,29,,SR,67,ACC,,2022,0,0,0,0,11,0,0,0,https://www.sports-reference.com/cfb/players/chamarri-conner-1.html,2,Chamarri Conner,DB,0.0,Virginia Tech,2026-04-01T19:46:57.132Z,38,season_totals,2.0
2023,2023.csv,Chamarri Conner,4361964,DB,Virginia Tech,College Stats,6-0,202.0,4.51,40.5,20.0,125.0,,,Kansas City Chiefs / 4th / 119th pick / 2023,-1,,,,ConnCh01,49.0,230.0,164.0,66.0,3.0,3.0,1.0,38.0,4.0,37,9.3,0.0,29.0,7.0,9.5,15.0,0.0,49,0.0,0.0,0.0,1.0,1.0,0.0,0.0,0.0,6.0,,,,,,,,,,,,,,,,,,,,,,,,,,,,,,,,,,,,,,,,,,,,,,,,,,,,,,,,,,,,,,,,,,,,29,,SR,67,ACC,,2022,0,0,0,0,11,0,0,0,https://www.sports-reference.com/cfb/players/chamarri-conner-1.html,2,Chamarri Conner,DB,0.0,Virginia Tech,2026-04-01T19:46:57.132Z,38,season_totals,2.0
2023,2023.csv,Emmanuel Forbes,4429767,CB,Mississippi St.,College Stats,6-1,166.0,4.35,37.5,,131.0,,,Washington Commanders / 1st / 16th pick / 2023,2023,28.0,washington-commanders,CB,ForbEm00,14.0,38.0,35.0,3.0,0.0,0.0,0.0,0.0,1.0,3,3.0,0.0,3.0,11.0,3.0,6.0,0.0,,,,,,,,,,,,,,,,,,,,,,,,,,,,,,,,,,,,,,,,,14.0,0,0,0.0,0,0.0,0,0,0,0,39.6,-,,,,,,,,,,,,,,14,0-0,0.0,0-0,0-0,0-0,0-0,0-0,0.0,0.0,0.0,0.0,20,AA,JR,46,SEC,,2022,0,0,0,0,12,3,174,6,https://www.sports-reference.com/cfb/players/emmanuel-forbes-1.html,10,Emmanuel Forbes,CB,0.0,Mississippi State,2026-04-01T19:48:09.438Z,26,season_totals,1.0
2023,2023.csv,Emmanuel Forbes,4429767,CB,Mississippi St.,College Stats,6-1,166.0,4.35,37.5,,131.0,,,Washington Commanders / 1st / 16th pick / 2023,2024,28.0,washington-commanders,CB,ForbEm00,6.0,7.0,2.0,5.0,0.0,0.0,0.0,0.0,1.0,19,19.0,0.0,19.0,1.0,0.0,0.0,0.0,,,,,,,,,,,,,,,,,,,,,,,,,,,,,,,,,,,,,,,,,,,,,,,,,,,,,,,,,,,,,,,,,,,,,,,,,,,,,,20,AA,JR,46,SEC,,2022,0,0,0,0,12,3,174,6,https://www.sports-reference.com/cfb/players/emmanuel-forbes-1.html,10,Emmanuel Forbes,CB,0.0,Mississippi State,2026-04-01T19:48:09.438Z,26,season_totals,1.0
2023,2023.csv,Emmanuel Forbes,4429767,CB,Mississippi St.,College Stats,6-1,166.0,4.35,37.5,,131.0,,,Washington Commanders / 1st / 16th pick / 2023,2024,14.0,los-angeles-rams,CB,ForbEm00,2.0,5.0,4.0,1.0,0.0,0.0,0.0,0.0,0.0,0,0.0,0.0,0.0,1.0,0.0,0.0,0.0,,,,,,,,,,,,,,,,,,,,,,,,,,,,,,,,,,,,,,,,,,,,,,,,,,,,,,,,,,,,,,,,,,,,,,,,,,,,,,20,AA,JR,46,SEC,,2022,0,0,0,0,12,3,174,6,https://www.sports-reference.com/cfb/players/emmanuel-forbes-1.html,10,Emmanuel Forbes,CB,0.0,Mississippi State,2026-04-01T19:48:09.438Z,26,season_totals,1.0
2023,2023.csv,Emmanuel Forbes,4429767,CB,Mississippi St.,College Stats,6-1,166.0,4.35,37.5,,131.0,,,Washington Commanders / 1st / 16th pick / 2023,2024,,2024 Totals,CB,ForbEm00,8.0,12.0,6.0,6.0,0.0,0.0,0.0,0.0,1.0,19,19.0,0.0,19.0,2.0,0.0,0.0,0.0,,,,,,,,,,,,,,,,,,,,,,,,,,,,,,,,,,,,,,,,,,,,,,,,,,,,,,,,,,,,,,,,,,,,,,,,,,,,,,20,AA,JR,46,SEC,,2022,0,0,0,0,12,3,174,6,https://www.sports-reference.com/cfb/players/emmanuel-forbes-1.html,10,Emmanuel Forbes,CB,0.0,Mississippi State,2026-04-01T19:48:09.438Z,26,season_totals,1.0
2023,2023.csv,Emmanuel Forbes,4429767,CB,Mississippi St.,College Stats,6-1,166.0,4.35,37.5,,131.0,,,Washington Commanders / 1st / 16th pick / 2023,2025,14.0,los-angeles-rams,CB,ForbEm00,17.0,45.0,32.0,13.0,0.0,1.0,0.0,0.0,3.0,43,14.3,0.0,31.0,18.0,0.0,0.0,0.0,,,,,,,,,,,,,,,,,,,,,,,,,,,,,,,,,,,,,,,,,,,,,,,,,,,,,,,,,,,,,,,,,,,,,,,,,,,,,,20,AA,JR,46,SEC,,2022,0,0,0,0,12,3,174,6,https://www.sports-reference.com/cfb/players/emmanuel-forbes-1.html,10,Emmanuel Forbes,CB,0.0,Mississippi State,2026-04-01T19:48:09.438Z,26,season_totals,1.0
2023,2023.csv,Emmanuel Forbes,4429767,CB,Mississippi St.,College Stats,6-1,166.0,4.35,37.5,,131.0,,,Washington Commanders / 1st / 16th pick / 2023,-1,,,,ForbEm00,39.0,95.0,73.0,22.0,0.0,1.0,0.0,0.0,5.0,65,13.0,0.0,31.0,31.0,3.0,6.0,0.0,,,,,,,,,,,,,,,,,,,,,,,,,,,,,,,,,,,,,,,,,39.0,0,0,0.0,0,0.0,0,0,0,0,0.0,-,,,,,,,,,,,,,,39,0-0,0.0,0-0,0-0,0-0,0-0,0-0,0.0,0.0,0.0,0.0,20,AA,JR,46,SEC,,2022,0,0,0,0,12,3,174,6,https://www.sports-reference.com/cfb/players/emmanuel-forbes-1.html,10,Emmanuel Forbes,CB,0.0,Mississippi State,2026-04-01T19:48:09.438Z,26,season_totals,1.0
2023,2023.csv,Christian Gonzalez,4686772,CB,Oregon,College Stats,6-1,197.0,4.38,41.5,14.0,133.0,,,New England Patriots / 1st / 17th pick / 2023,2023,17.0,new-england-patriots,CB,GonzCh00,4.0,17.0,14.0,3.0,1.0,0.0,0.0,0.0,1.0,0,0.0,0.0,0.0,3.0,0.0,0.0,0.0,,,,,,,,,,,,,,,,,,,,,,,,,,,,,,,,,,,,,,,,,,,,,,,,,,,,,,,,,,,,,,,,,,,,,,,,,,,,,,0,,SR,1,MAC,,2019,0,0,0,0,1,0,0,0,https://www.sports-reference.com/cfb/players/christian-gonzalez-1.html,0,Christian Gonzalez,DT,0.0,Buffalo,2026-04-01T19:47:03.028Z,1,season_totals,1.0
2023,2023.csv,Christian Gonzalez,4686772,CB,Oregon,College Stats,6-1,197.0,4.38,41.5,14.0,133.0,,,New England Patriots / 1st / 17th pick / 2023,2024,17.0,new-england-patriots,CB,GonzCh00,16.0,59.0,50.0,9.0,0.0,0.0,1.0,63.0,2.0,2,1.0,0.0,2.0,11.0,1.0,1.0,0.0,,,,,,,,,,,,,,,,,,,,,,,,,,,,,,,,,,,,,,,,,,,,,,,,,,,,,,,,,,,,,,,,,,,,,,,,,,,,,,0,,SR,1,MAC,,2019,0,0,0,0,1,0,0,0,https://www.sports-reference.com/cfb/players/christian-gonzalez-1.html,0,Christian Gonzalez,DT,0.0,Buffalo,2026-04-01T19:47:03.028Z,1,season_totals,1.0
2023,2023.csv,Christian Gonzalez,4686772,CB,Oregon,College Stats,6-1,197.0,4.38,41.5,14.0,133.0,,,New England Patriots / 1st / 17th pick / 2023,2025,17.0,new-england-patriots,CB,GonzCh00,14.0,69.0,54.0,15.0,0.0,0.0,0.0,0.0,0.0,0,0.0,0.0,0.0,10.0,1.0,1.0,0.0,,,,,,,,,,,,,,,,,,,,,,,,,,,,,,,,,,,,,,,,,,,,,,,,,,,,,,,,,,,,,,,,,,,,,,,,,,,,,,0,,SR,1,MAC,,2019,0,0,0,0,1,0,0,0,https://www.sports-reference.com/cfb/players/christian-gonzalez-1.html,0,Christian Gonzalez,DT,0.0,Buffalo,2026-04-01T19:47:03.028Z,1,season_totals,1.0
2023,2023.csv,Christian Gonzalez,4686772,CB,Oregon,College Stats,6-1,197.0,4.38,41.5,14.0,133.0,,,New England Patriots / 1st / 17th pick / 2023,-1,,,,GonzCh00,34.0,145.0,118.0,27.0,1.0,0.0,1.0,63.0,3.0,2,0.7,0.0,2.0,24.0,2.0,2.0,0.0,,,,,,,,,,,,,,,,,,,,,,,,,,,,,,,,,,,,,,,,,,,,,,,,,,,,,,,,,,,,,,,,,,,,,,,,,,,,,,0,,SR,1,MAC,,2019,0,0,0,0,1,0,0,0,https://www.sports-reference.com/cfb/players/christian-gonzalez-1.html,0,Christian Gonzalez,DT,0.0,Buffalo,2026-04-01T19:47:03.028Z,1,season_totals,1.0
2023,2023.csv,DeMarcco Hellams,4567111,DB,Alabama,College Stats,6-1,203.0,4.57,31.0,,121.0,,,Atlanta Falcons / 7th / 224th pick / 2023,2023,1.0,atlanta-falcons,S,HellDe00,15.0,40.0,25.0,15.0,0.0,0.0,0.0,0.0,0.0,0,0.0,0.0,0.0,0.0,0.5,1.0,0.0,,,,,,,,,,,,,,,,,,,,,,,,,,,,,,,,,,,,,,,,,,,,,,,,,,,,,,,,,,,,,,,,,,,,,,,,,,,,,,41,,SR,108,SEC,,2022,1,1,0,0,13,0,0,1,https://www.sports-reference.com/cfb/players/demarcco-hellams-1.html,7,Demarcco Hellams,DB,1.0,Alabama,2026-04-01T19:47:51.293Z,67,season_totals,3.0
2023,2023.csv,DeMarcco Hellams,4567111,DB,Alabama,College Stats,6-1,203.0,4.57,31.0,,121.0,,,Atlanta Falcons / 7th / 224th pick / 2023,2025,1.0,atlanta-falcons,S,HellDe00,11.0,10.0,4.0,6.0,0.0,0.0,1.0,0.0,0.0,0,0.0,0.0,0.0,0.0,0.0,0.0,0.0,,,,,,,,,,,,,,,,,,,,,,,,,,,,,,,,,,,,,,,,,,,,,,,,,,,,,,,,,,,,,,,,,,,,,,,,,,,,,,41,,SR,108,SEC,,2022,1,1,0,0,13,0,0,1,https://www.sports-reference.com/cfb/players/demarcco-hellams-1.html,7,Demarcco Hellams,DB,1.0,Alabama,2026-04-01T19:47:51.293Z,67,season_totals,3.0
2023,2023.csv,DeMarcco Hellams,4567111,DB,Alabama,College Stats,6-1,203.0,4.57,31.0,,121.0,,,Atlanta Falcons / 7th / 224th pick / 2023,-1,,,,HellDe00,26.0,50.0,29.0,21.0,0.0,0.0,1.0,0.0,0.0,0,0.0,0.0,0.0,0.0,0.5,1.0,0.0,,,,,,,,,,,,,,,,,,,,,,,,,,,,,,,,,,,,,,,,,,,,,,,,,,,,,,,,,,,,,,,,,,,,,,,,,,,,,,41,,SR,108,SEC,,2022,1,1,0,0,13,0,0,1,https://www.sports-reference.com/cfb/players/demarcco-hellams-1.html,7,Demarcco Hellams,DB,1.0,Alabama,2026-04-01T19:47:51.293Z,67,season_totals,3.0
2023,2023.csv,Jordan Howden,4360949,DB,Minnesota,College Stats,6-0,203.0,4.49,33.5,14.0,119.0,,,New Orleans Saints / 5th / 146th pick / 2023,2023,18.0,new-orleans-saints,S,HowdJo00,16.0,43.0,23.0,20.0,1.0,1.0,0.0,0.0,0.0,0,0.0,0.0,0.0,5.0,1.5,0.0,0.0,,,,,,,,,,,,,,,,,,,,,,,,,,,,,,,,,,,,,,,,,,,,,,,,,,,,,,,,,,,,,,,,,,,,,,,,,,,,,,18,,SR,58,Big Ten,,2022,0,0,0,0,13,0,0,2,https://www.sports-reference.com/cfb/players/jordan-howden-1.html,5,Jordan Howden,DB,0.0,Minnesota,2026-04-01T19:49:15.422Z,40,season_totals,3.5
2023,2023.csv,Jordan Howden,4360949,DB,Minnesota,College Stats,6-0,203.0,4.49,33.5,14.0,119.0,,,New Orleans Saints / 5th / 146th pick / 2023,2024,18.0,new-orleans-saints,S,HowdJo00,17.0,50.0,27.0,23.0,0.0,0.0,0.0,0.0,2.0,-2,-1.0,0.0,3.0,2.0,1.0,3.0,0.0,,,,,,,,,,,,,,,,,,,,,,,,,,,,,,,,,,,,,,,,,,,,,,,,,,,,,,,,,,,,,,,,,,,,,,,,,,,,,,18,,SR,58,Big Ten,,2022,0,0,0,0,13,0,0,2,https://www.sports-reference.com/cfb/players/jordan-howden-1.html,5,Jordan Howden,DB,0.0,Minnesota,2026-04-01T19:49:15.422Z,40,season_totals,3.5
2023,2023.csv,Jordan Howden,4360949,DB,Minnesota,College Stats,6-0,203.0,4.49,33.5,14.0,119.0,,,New Orleans Saints / 5th / 146th pick / 2023,2025,18.0,new-orleans-saints,S,HowdJo00,16.0,29.0,18.0,11.0,0.0,0.0,1.0,86.0,0.0,0,0.0,0.0,0.0,0.0,1.0,1.0,0.0,,,,,,,,,,,,,,,,,,,,,,,,,,,,,,,,,,,,,,,,,,,,,,,,,,,,,,,,,,,,,,,,,,,,,,,,,,,,,,18,,SR,58,Big Ten,,2022,0,0,0,0,13,0,0,2,https://www.sports-reference.com/cfb/players/jordan-howden-1.html,5,Jordan Howden,DB,0.0,Minnesota,2026-04-01T19:49:15.422Z,40,season_totals,3.5
2023,2023.csv,Jordan Howden,4360949,DB,Minnesota,College Stats,6-0,203.0,4.49,33.5,14.0,119.0,,,New Orleans Saints / 5th / 146th pick / 2023,-1,,,,HowdJo00,49.0,122.0,68.0,54.0,1.0,1.0,1.0,86.0,2.0,-2,-1.0,0.0,3.0,7.0,3.5,4.0,0.0,,,,,,,,,,,,,,,,,,,,,,,,,,,,,,,,,,,,,,,,,,,,,,,,,,,,,,,,,,,,,,,,,,,,,,,,,,,,,,18,,SR,58,Big Ten,,2022,0,0,0,0,13,0,0,2,https://www.sports-reference.com/cfb/players/jordan-howden-1.html,5,Jordan Howden,DB,0.0,Minnesota,2026-04-01T19:49:15.422Z,40,season_totals,3.5
2023,2023.csv,Clark Phillips III,4429067,CB,Utah,College Stats,5-9,184.0,4.51,33.0,18.0,,,4.32,Atlanta Falcons / 4th / 113th pick / 2023,2023,1.0,atlanta-falcons,CB,PhilCl00,11.0,27.0,22.0,5.0,0.0,0.0,0.0,0.0,0.0,0,0.0,0.0,0.0,5.0,1.0,1.0,0.0,,,,,,,,,,,,,,,,,,,,,,,,,,,,,,,,,,,,,,,,,,,,,,,,,,,,,,,,,,,,,,,,,,,,,,,,,,,,,,8,AA,SO,24,Pac-12,,2022,0,0,0,0,12,2,142,6,https://www.sports-reference.com/cfb/players/clark-phillips-iii-1.html,6,Clark Phillips III,CB,1.0,Utah,2026-04-01T19:47:15.058Z,16,season_totals,2.0
2023,2023.csv,Clark Phillips III,4429067,CB,Utah,College Stats,5-9,184.0,4.51,33.0,18.0,,,4.32,Atlanta Falcons / 4th / 113th pick / 2023,2024,1.0,atlanta-falcons,CB,PhilCl00,16.0,35.0,27.0,8.0,0.0,2.0,1.0,5.0,1.0,45,45.0,0.0,45.0,5.0,2.0,7.0,0.0,,,,,,,,,,,,,,,,,,,,,,,,,,,,,,16,1.0,15,0.0,0.0,15.0,0.0,0,0.0,0.0,0.0,,,,,,,,,,,,,,,,,,,,,,,,,,,,,,,,,,,,,,8,AA,SO,24,Pac-12,,2022,0,0,0,0,12,2,142,6,https://www.sports-reference.com/cfb/players/clark-phillips-iii-1.html,6,Clark Phillips III,CB,1.0,Utah,2026-04-01T19:47:15.058Z,16,season_totals,2.0
2023,2023.csv,Clark Phillips III,4429067,CB,Utah,College Stats,5-9,184.0,4.51,33.0,18.0,,,4.32,Atlanta Falcons / 4th / 113th pick / 2023,2025,1.0,atlanta-falcons,CB,PhilCl00,1.0,1.0,1.0,0.0,0.0,0.0,0.0,0.0,0.0,0,0.0,0.0,0.0,0.0,0.0,0.0,0.0,,,,,,,,,,,,,,,,,,,,,,,,,,,,,,,,,,,,,,,,,,,,,,,,,,,,,,,,,,,,,,,,,,,,,,,,,,,,,,8,AA,SO,24,Pac-12,,2022,0,0,0,0,12,2,142,6,https://www.sports-reference.com/cfb/players/clark-phillips-iii-1.html,6,Clark Phillips III,CB,1.0,Utah,2026-04-01T19:47:15.058Z,16,season_totals,2.0
2023,2023.csv,Clark Phillips III,4429067,CB,Utah,College Stats,5-9,184.0,4.51,33.0,18.0,,,4.32,Atlanta Falcons / 4th / 113th pick / 2023,-1,,,,PhilCl00,28.0,63.0,50.0,13.0,0.0,2.0,1.0,5.0,1.0,45,45.0,0.0,45.0,10.0,3.0,8.0,0.0,,,,,,,,,,,,,,,,,,,,,,,,,,,,,,28,1.0,15,0.0,0.0,15.0,0.0,0,0.0,0.0,0.0,,,,,,,,,,,,,,,,,,,,,,,,,,,,,,,,,,,,,,8,AA,SO,24,Pac-12,,2022,0,0,0,0,12,2,142,6,https://www.sports-reference.com/cfb/players/clark-phillips-iii-1.html,6,Clark Phillips III,CB,1.0,Utah,2026-04-01T19:47:15.058Z,16,season_totals,2.0
2023,2023.csv,Antonio Johnson,4429168,DB,Texas A&M,College Stats,6-2,198.0,4.52,31.0,8.0,118.0,,,Jacksonville Jaguars / 5th / 160th pick / 2023,2023,30.0,jacksonville-jaguars,S,JohnAn07,13.0,17.0,13.0,4.0,1.0,1.0,0.0,0.0,2.0,50,25.0,0.0,27.0,3.0,0.0,0.0,0.0,,,,,,,,,,,,,,,,,,,,,,,,,,,,,,,,,,,,,,,,,,,,,,,,,,,,,,,,,,,,,,,,,,,,,,,,,,,,,,26,,SR,70,Big 12,,2010,1,0,0,0,13,0,20,1,https://www.sports-reference.com/cfb/players/antonio-johnson-1.html,0,Antonio Johnson,LB,3.0,Baylor,2026-04-01T19:46:27.187Z,44,season_totals,5.0
2023,2023.csv,Antonio Johnson,4429168,DB,Texas A&M,College Stats,6-2,198.0,4.52,31.0,8.0,118.0,,,Jacksonville Jaguars / 5th / 160th pick / 2023,2024,30.0,jacksonville-jaguars,S,JohnAn07,17.0,73.0,55.0,18.0,0.0,0.0,0.0,0.0,0.0,0,0.0,0.0,0.0,2.0,3.5,1.0,0.0,,,,,,,,,,,,,,,,,,,,,,,,,,,,,,,,,,,,,,,,,,,,,,,,,,,,,,,,,,,,,,,,,,,,,,,,,,,,,,26,,SR,70,Big 12,,2010,1,0,0,0,13,0,20,1,https://www.sports-reference.com/cfb/players/antonio-johnson-1.html,0,Antonio Johnson,LB,3.0,Baylor,2026-04-01T19:46:27.187Z,44,season_totals,5.0
2023,2023.csv,Antonio Johnson,4429168,DB,Texas A&M,College Stats,6-2,198.0,4.52,31.0,8.0,118.0,,,Jacksonville Jaguars / 5th / 160th pick / 2023,2025,30.0,jacksonville-jaguars,S,JohnAn07,17.0,58.0,37.0,21.0,2.0,0.0,0.0,0.0,5.0,107,21.4,1.0,58.0,9.0,0.5,0.0,0.0,,,,,,,,,,,,,,,,,,,,,,,,,,,,,,,,,,,,,,,,,,,,,,,,,,,,,,,,,,,,,,,,,,,,,,,,,,,,,,26,,SR,70,Big 12,,2010,1,0,0,0,13,0,20,1,https://www.sports-reference.com/cfb/players/antonio-johnson-1.html,0,Antonio Johnson,LB,3.0,Baylor,2026-04-01T19:46:27.187Z,44,season_totals,5.0
2023,2023.csv,Antonio Johnson,4429168,DB,Texas A&M,College Stats,6-2,198.0,4.52,31.0,8.0,118.0,,,Jacksonville Jaguars / 5th / 160th pick / 2023,-1,,,,JohnAn07,47.0,148.0,105.0,43.0,3.0,1.0,0.0,0.0,7.0,157,22.4,1.0,58.0,14.0,4.0,1.0,0.0,,,,,,,,,,,,,,,,,,,,,,,,,,,,,,,,,,,,,,,,,,,,,,,,,,,,,,,,,,,,,,,,,,,,,,,,,,,,,,26,,SR,70,Big 12,,2010,1,0,0,0,13,0,20,1,https://www.sports-reference.com/cfb/players/antonio-johnson-1.html,0,Antonio Johnson,LB,3.0,Baylor,2026-04-01T19:46:27.187Z,44,season_totals,5.0
2023,2023.csv,Jaylon Jones,4685145,CB,Texas A&M,College Stats,6-2,200.0,4.57,38.0,14.0,122.0,6.88,4.3,Indianapolis Colts / 7th / 221st pick / 2023,2023,11.0,indianapolis-colts,CB,JoneJa13,17.0,44.0,33.0,11.0,0.0,0.0,0.0,0.0,0.0,0,0.0,0.0,0.0,5.0,1.5,1.0,0.0,,,,,,,,,,,,,,,,,,,,,,,,,,,,,,,,,,,,,,,,,,,,,,,,,,,,,,,,,,,,,,,,,,,,,,,,,,,,,,9,,SR,26,SEC,,2021,0,0,0,0,11,0,0,1,https://www.sports-reference.com/cfb/players/jaylon-jones-1.html,3,Jaylon Jones,DB/LB,0.0,Ole Miss,2026-04-01T19:48:51.530Z,17,season_totals,1.0
2023,2023.csv,Jaylon Jones,4685145,CB,Texas A&M,College Stats,6-2,200.0,4.57,38.0,14.0,122.0,6.88,4.3,Indianapolis Colts / 7th / 221st pick / 2023,2024,11.0,indianapolis-colts,CB,JoneJa13,17.0,100.0,66.0,34.0,0.0,1.0,0.0,0.0,2.0,5,2.5,0.0,5.0,12.0,5.0,4.0,0.0,,,,,,,,,,,,,,,,,,,,,,,,,,,,,,,,,,,,,,,,,,,,,,,,,,,,,,,,,,,,,,,,,,,,,,,,,,,,,,9,,SR,26,SEC,,2021,0,0,0,0,11,0,0,1,https://www.sports-reference.com/cfb/players/jaylon-jones-1.html,3,Jaylon Jones,DB/LB,0.0,Ole Miss,2026-04-01T19:48:51.530Z,17,season_totals,1.0
2023,2023.csv,Jaylon Jones,4685145,CB,Texas A&M,College Stats,6-2,200.0,4.57,38.0,14.0,122.0,6.88,4.3,Indianapolis Colts / 7th / 221st pick / 2023,2025,11.0,indianapolis-colts,CB,JoneJa13,10.0,18.0,13.0,5.0,0.0,0.0,0.0,0.0,0.0,0,0.0,0.0,0.0,4.0,1.0,2.0,0.0,,,,,,,,,,,,,,,,,,,,,,,,,,,,,,,,,,,,,,,,,,,,,,,,,,,,,,,,,,,,,,,,,,,,,,,,,,,,,,9,,SR,26,SEC,,2021,0,0,0,0,11,0,0,1,https://www.sports-reference.com/cfb/players/jaylon-jones-1.html,3,Jaylon Jones,DB/LB,0.0,Ole Miss,2026-04-01T19:48:51.530Z,17,season_totals,1.0
2023,2023.csv,Jaylon Jones,4685145,CB,Texas A&M,College Stats,6-2,200.0,4.57,38.0,14.0,122.0,6.88,4.3,Indianapolis Colts / 7th / 221st pick / 2023,-1,,,,JoneJa13,44.0,162.0,112.0,50.0,0.0,1.0,0.0,0.0,2.0,5,2.5,0.0,5.0,21.0,7.5,7.0,0.0,,,,,,,,,,,,,,,,,,,,,,,,,,,,,,,,,,,,,,,,,,,,,,,,,,,,,,,,,,,,,,,,,,,,,,,,,,,,,,9,,SR,26,SEC,,2021,0,0,0,0,11,0,0,1,https://www.sports-reference.com/cfb/players/jaylon-jones-1.html,3,Jaylon Jones,DB/LB,0.0,Ole Miss,2026-04-01T19:48:51.530Z,17,season_totals,1.0
2023,2023.csv,Nic Jones,4427636,CB,Ball St.,College Stats,6-0,189.0,4.51,34.5,,122.0,,4.34,Kansas City Chiefs / 7th / 250th pick / 2023,2023,12.0,kansas-city-chiefs,CB,JoneNi00,9.0,4.0,4.0,0.0,0.0,0.0,0.0,0.0,0.0,0,0.0,0.0,0.0,0.0,1.0,4.0,0.0,,,,,,,,,,,,,,,,,,,,,,,,,,,,,,,,,,,,,,,,,,,,,,,,,,,,,,,,,,,,,,,,,,,,,,,,,,,,,,7,,SR,23,MAC,,2022,0,0,0,0,11,0,12,2,https://www.sports-reference.com/cfb/players/nic-jones-1.html,12,Nic Jones,CB/DB,0.0,Ball State,2026-04-01T19:49:33.396Z,16,season_totals,0.0
2023,2023.csv,Nic Jones,4427636,CB,Ball St.,College Stats,6-0,189.0,4.51,34.5,,122.0,,4.34,Kansas City Chiefs / 7th / 250th pick / 2023,2025,19.0,new-york-giants,CB,JoneNi00,13.0,8.0,3.0,5.0,0.0,0.0,0.0,0.0,0.0,0,0.0,0.0,0.0,1.0,0.0,0.0,0.0,,,,,,,,,,,,,,,,,,,,,,,,,,,,,,,,,,,,,,,,,,,,,,,,,,,,,,,,,,,,,,,,,,,,,,,,,,,,,,7,,SR,23,MAC,,2022,0,0,0,0,11,0,12,2,https://www.sports-reference.com/cfb/players/nic-jones-1.html,12,Nic Jones,CB/DB,0.0,Ball State,2026-04-01T19:49:33.396Z,16,season_totals,0.0
2023,2023.csv,Nic Jones,4427636,CB,Ball St.,College Stats,6-0,189.0,4.51,34.5,,122.0,,4.34,Kansas City Chiefs / 7th / 250th pick / 2023,-1,,,,JoneNi00,22.0,12.0,7.0,5.0,0.0,0.0,0.0,0.0,0.0,0,0.0,0.0,0.0,1.0,1.0,4.0,0.0,,,,,,,,,,,,,,,,,,,,,,,,,,,,,,,,,,,,,,,,,,,,,,,,,,,,,,,,,,,,,,,,,,,,,,,,,,,,,,7,,SR,23,MAC,,2022,0,0,0,0,11,0,12,2,https://www.sports-reference.com/cfb/players/nic-jones-1.html,12,Nic Jones,CB/DB,0.0,Ball State,2026-04-01T19:49:33.396Z,16,season_totals,0.0
2023,2023.csv,Darrell Luter Jr.,4685978,CB,South Alabama,College Stats,6-0,189.0,4.46,40.5,,123.0,6.9,4.43,San Francisco 49ers / 5th / 155th pick / 2023,2023,25.0,san-francisco-49ers,CB,LuteDa00,7.0,7.0,4.0,3.0,0.0,0.0,0.0,0.0,0.0,0,0.0,0.0,0.0,0.0,0.0,0.0,0.0,,,,,,,,,,,,,,,,,,,,,,,,,,,,,,,,,,,,,,,,,,,,,,,,,,,,,,,,,,,,,,,,,,,,,,,,,,,,,,13,,SR,42,Sun Belt,,2022,0,0,0,0,13,0,21,1,https://www.sports-reference.com/cfb/players/darrell-luter-jr-1.html,7,Darrell Luter Jr.,CB,0.0,South Alabama,2026-04-01T19:47:45.151Z,29,season_totals,0.5
2023,2023.csv,Darrell Luter Jr.,4685978,CB,South Alabama,College Stats,6-0,189.0,4.46,40.5,,123.0,6.9,4.43,San Francisco 49ers / 5th / 155th pick / 2023,2024,25.0,san-francisco-49ers,CB,LuteDa00,3.0,3.0,1.0,2.0,0.0,1.0,0.0,0.0,0.0,0,0.0,0.0,0.0,0.0,0.0,0.0,0.0,,,,,,,,,,,,,,,,,,,,,,,,,,,,,,,,,,,,,,,,,,,,,,,,,,,,,,,,,,,,,,,,,,,,,,,,,,,,,,13,,SR,42,Sun Belt,,2022,0,0,0,0,13,0,21,1,https://www.sports-reference.com/cfb/players/darrell-luter-jr-1.html,7,Darrell Luter Jr.,CB,0.0,South Alabama,2026-04-01T19:47:45.151Z,29,season_totals,0.5
2023,2023.csv,Darrell Luter Jr.,4685978,CB,South Alabama,College Stats,6-0,189.0,4.46,40.5,,123.0,6.9,4.43,San Francisco 49ers / 5th / 155th pick / 2023,2025,25.0,san-francisco-49ers,CB,LuteDa00,17.0,28.0,17.0,11.0,0.0,0.0,1.0,0.0,0.0,0,0.0,0.0,0.0,1.0,1.5,1.0,0.0,,,,,,,,,,,,,,,,,,,,,,,,,,,,,,,,,,,,,,,,,,,,,,,,,,,,,,,,,,,,,,,,,,,,,,,,,,,,,,13,,SR,42,Sun Belt,,2022,0,0,0,0,13,0,21,1,https://www.sports-reference.com/cfb/players/darrell-luter-jr-1.html,7,Darrell Luter Jr.,CB,0.0,South Alabama,2026-04-01T19:47:45.151Z,29,season_totals,0.5
2023,2023.csv,Darrell Luter Jr.,4685978,CB,South Alabama,College Stats,6-0,189.0,4.46,40.5,,123.0,6.9,4.43,San Francisco 49ers / 5th / 155th pick / 2023,-1,,,,LuteDa00,27.0,38.0,22.0,16.0,0.0,1.0,1.0,0.0,0.0,0,0.0,0.0,0.0,1.0,1.5,1.0,0.0,,,,,,,,,,,,,,,,,,,,,,,,,,,,,,,,,,,,,,,,,,,,,,,,,,,,,,,,,,,,,,,,,,,,,,,,,,,,,,13,,SR,42,Sun Belt,,2022,0,0,0,0,13,0,21,1,https://www.sports-reference.com/cfb/players/darrell-luter-jr-1.html,7,Darrell Luter Jr.,CB,0.0,South Alabama,2026-04-01T19:47:45.151Z,29,season_totals,0.5
2023,2023.csv,Joey Porter Jr.,4426506,CB,Penn St.,College Stats,6-3,193.0,4.46,35.0,17.0,129.0,,,Pittsburgh Steelers / 2nd / 32nd pick / 2023,2023,23.0,pittsburgh-steelers,CB,PortJo02,17.0,43.0,32.0,11.0,0.0,0.0,0.0,0.0,1.0,0,0.0,0.0,0.0,10.0,1.0,5.0,0.0,,,,,,,,,,,,,,,,,,,,,,,,,,,,,,,,,,,,,,,,,,,,,,,,,,,,,,,,,,,,,,,,,,,,,,,,,,,,,,6,,JR,27,Big Ten,,2022,0,1,0,0,10,0,0,0,https://www.sports-reference.com/cfb/players/joey-porter-jr-1.html,11,Joey Porter Jr.,CB,0.0,Penn State,2026-04-01T19:49:03.515Z,21,season_totals,0.0
2023,2023.csv,Joey Porter Jr.,4426506,CB,Penn St.,College Stats,6-3,193.0,4.46,35.0,17.0,129.0,,,Pittsburgh Steelers / 2nd / 32nd pick / 2023,2024,23.0,pittsburgh-steelers,CB,PortJo02,16.0,70.0,53.0,17.0,0.0,0.0,0.0,0.0,1.0,16,16.0,0.0,16.0,7.0,2.5,4.0,0.0,,,,,,,,,,,,,,,,,,,,,,,,,,,,,,,,,,,,,,,,,,,,,,,,,,,,,,,,,,,,,,,,,,,,,,,,,,,,,,6,,JR,27,Big Ten,,2022,0,1,0,0,10,0,0,0,https://www.sports-reference.com/cfb/players/joey-porter-jr-1.html,11,Joey Porter Jr.,CB,0.0,Penn State,2026-04-01T19:49:03.515Z,21,season_totals,0.0
2023,2023.csv,Joey Porter Jr.,4426506,CB,Penn St.,College Stats,6-3,193.0,4.46,35.0,17.0,129.0,,,Pittsburgh Steelers / 2nd / 32nd pick / 2023,2025,23.0,pittsburgh-steelers,CB,PortJo02,14.0,52.0,35.0,17.0,1.0,0.0,0.0,0.0,1.0,0,0.0,0.0,0.0,14.0,0.0,0.0,0.0,,,,,,,,,,,,,,,,,,,,,,,,,,,,,,,,,,,,,,,,,,,,,,,,,,,,,,,,,,,,,,,,,,,,,,,,,,,,,,6,,JR,27,Big Ten,,2022,0,1,0,0,10,0,0,0,https://www.sports-reference.com/cfb/players/joey-porter-jr-1.html,11,Joey Porter Jr.,CB,0.0,Penn State,2026-04-01T19:49:03.515Z,21,season_totals,0.0
2023,2023.csv,Joey Porter Jr.,4426506,CB,Penn St.,College Stats,6-3,193.0,4.46,35.0,17.0,129.0,,,Pittsburgh Steelers / 2nd / 32nd pick / 2023,-1,,,,PortJo02,47.0,165.0,120.0,45.0,1.0,0.0,0.0,0.0,3.0,16,5.3,0.0,16.0,31.0,3.5,9.0,0.0,,,,,,,,,,,,,,,,,,,,,,,,,,,,,,,,,,,,,,,,,,,,,,,,,,,,,,,,,,,,,,,,,,,,,,,,,,,,,,6,,JR,27,Big Ten,,2022,0,1,0,0,10,0,0,0,https://www.sports-reference.com/cfb/players/joey-porter-jr-1.html,11,Joey Porter Jr.,CB,0.0,Penn State,2026-04-01T19:49:03.515Z,21,season_totals,0.0
2023,2023.csv,Cameron Mitchell,4569607,CB,Northwestern,College Stats,5-11,191.0,4.47,35.0,15.0,,,,Cleveland Browns / 5th / 142nd pick / 2023,2023,5.0,cleveland-browns,CB,MitcCa01,13.0,18.0,16.0,2.0,1.0,0.0,0.0,0.0,0.0,0,0.0,0.0,0.0,2.0,1.0,1.0,0.0,,,,,,,,,,,,,,,,,,,,,,,,,,,,,,,,,,,,,,,,,,,,,,,,,,,,,,,,,,,,,,,,,,,,,,,,,,,,,,14,,JR,52,Big Ten,,2022,1,1,0,0,11,0,33,1,https://www.sports-reference.com/cfb/players/cameron-mitchell-2.html,9,Cameron Mitchell,DB,1.0,Northwestern,2026-04-01T20:06:56.013Z,38,season_totals,2.5
2023,2023.csv,Cameron Mitchell,4569607,CB,Northwestern,College Stats,5-11,191.0,4.47,35.0,15.0,,,,Cleveland Browns / 5th / 142nd pick / 2023,2024,5.0,cleveland-browns,CB,MitcCa01,17.0,24.0,16.0,8.0,0.0,0.0,0.0,0.0,0.0,0,0.0,0.0,0.0,2.0,0.5,2.0,0.0,,,,,,,,,,,,,,,,,,,,,,,,,,,,,,,,,,,,,,,,,,,,,,,,,,,,,,,,,,,,,,,,,,,,,,,,,,,,,,14,,JR,52,Big Ten,,2022,1,1,0,0,11,0,33,1,https://www.sports-reference.com/cfb/players/cameron-mitchell-2.html,9,Cameron Mitchell,DB,1.0,Northwestern,2026-04-01T20:06:56.013Z,38,season_totals,2.5
2023,2023.csv,Cameron Mitchell,4569607,CB,Northwestern,College Stats,5-11,191.0,4.47,35.0,15.0,,,,Cleveland Browns / 5th / 142nd pick / 2023,2025,5.0,cleveland-browns,CB,MitcCa01,2.0,1.0,0.0,1.0,0.0,1.0,0.0,0.0,0.0,0,0.0,0.0,0.0,0.0,0.0,0.0,0.0,,,,,,,,,,,,,,,,,,,,,,,,,,,,,,,,,,,,,,,,,,,,,,,,,,,,,,,,,,,,,,,,,,,,,,,,,,,,,,14,,JR,52,Big Ten,,2022,1,1,0,0,11,0,33,1,https://www.sports-reference.com/cfb/players/cameron-mitchell-2.html,9,Cameron Mitchell,DB,1.0,Northwestern,2026-04-01T20:06:56.013Z,38,season_totals,2.5
2023,2023.csv,Cameron Mitchell,4569607,CB,Northwestern,College Stats,5-11,191.0,4.47,35.0,15.0,,,,Cleveland Browns / 5th / 142nd pick / 2023,2025,11.0,indianapolis-colts,CB,MitcCa01,8.0,18.0,14.0,4.0,0.0,0.0,0.0,0.0,0.0,0,0.0,0.0,0.0,4.0,0.0,2.0,0.0,,,,,,,,,,,,,,,,,,,,,,,,,,,,,,,,,,,,,,,,,,,,,,,,,,,,,,,,,,,,,,,,,,,,,,,,,,,,,,14,,JR,52,Big Ten,,2022,1,1,0,0,11,0,33,1,https://www.sports-reference.com/cfb/players/cameron-mitchell-2.html,9,Cameron Mitchell,DB,1.0,Northwestern,2026-04-01T20:06:56.013Z,38,season_totals,2.5
2023,2023.csv,Cameron Mitchell,4569607,CB,Northwestern,College Stats,5-11,191.0,4.47,35.0,15.0,,,,Cleveland Browns / 5th / 142nd pick / 2023,2025,,2025 Totals,CB,MitcCa01,10.0,19.0,14.0,5.0,0.0,1.0,0.0,0.0,0.0,0,0.0,0.0,0.0,4.0,0.0,2.0,0.0,,,,,,,,,,,,,,,,,,,,,,,,,,,,,,,,,,,,,,,,,,,,,,,,,,,,,,,,,,,,,,,,,,,,,,,,,,,,,,14,,JR,52,Big Ten,,2022,1,1,0,0,11,0,33,1,https://www.sports-reference.com/cfb/players/cameron-mitchell-2.html,9,Cameron Mitchell,DB,1.0,Northwestern,2026-04-01T20:06:56.013Z,38,season_totals,2.5
2023,2023.csv,Cameron Mitchell,4569607,CB,Northwestern,College Stats,5-11,191.0,4.47,35.0,15.0,,,,Cleveland Browns / 5th / 142nd pick / 2023,-1,,,,MitcCa01,40.0,61.0,46.0,15.0,1.0,1.0,0.0,0.0,0.0,0,0.0,0.0,0.0,8.0,1.5,5.0,0.0,,,,,,,,,,,,,,,,,,,,,,,,,,,,,,,,,,,,,,,,,,,,,,,,,,,,,,,,,,,,,,,,,,,,,,,,,,,,,,14,,JR,52,Big Ten,,2022,1,1,0,0,11,0,33,1,https://www.sports-reference.com/cfb/players/cameron-mitchell-2.html,9,Cameron Mitchell,DB,1.0,Northwestern,2026-04-01T20:06:56.013Z,38,season_totals,2.5
2023,2023.csv,Riley Moss,4382401,CB,Iowa,College Stats,6-1,193.0,4.45,39.0,,127.0,,,Denver Broncos / 3rd / 83rd pick / 2023,2023,7.0,denver-broncos,CB,MossRi00,14.0,6.0,2.0,4.0,0.0,0.0,0.0,0.0,0.0,0,0.0,0.0,0.0,0.0,0.0,0.0,0.0,,,,,,,,,,,,,,,,,,,,,,,,,,,,,,,,,,,,,,,,,,,,,,,,,,,,,,,,,,,,,,,,,,,,,,,,,,,,,,16,,SR,47,Big Ten,,2022,2,0,0,0,13,0,0,1,https://www.sports-reference.com/cfb/players/riley-moss-1.html,11,Riley Moss,DB,0.0,Iowa,2026-04-01T19:49:39.464Z,31,season_totals,1.0
2023,2023.csv,Riley Moss,4382401,CB,Iowa,College Stats,6-1,193.0,4.45,39.0,,127.0,,,Denver Broncos / 3rd / 83rd pick / 2023,2024,7.0,denver-broncos,CB,MossRi00,14.0,86.0,65.0,21.0,0.0,1.0,1.0,0.0,1.0,0,0.0,0.0,0.0,8.0,2.0,3.0,0.0,,,,,,,,,,,,,,,,,,,,,,,,,,,,,,,,,,,,,,,,,,,,,,,,,,,,,,,,,,,,,,,,,,,,,,,,,,,,,,16,,SR,47,Big Ten,,2022,2,0,0,0,13,0,0,1,https://www.sports-reference.com/cfb/players/riley-moss-1.html,11,Riley Moss,DB,0.0,Iowa,2026-04-01T19:49:39.464Z,31,season_totals,1.0
2023,2023.csv,Riley Moss,4382401,CB,Iowa,College Stats,6-1,193.0,4.45,39.0,,127.0,,,Denver Broncos / 3rd / 83rd pick / 2023,2025,7.0,denver-broncos,CB,MossRi00,17.0,80.0,57.0,23.0,1.0,0.0,0.0,0.0,1.0,0,0.0,0.0,0.0,19.0,1.5,3.0,0.0,,,,,,,,,,,,,,,,,,,,,,,,,,,,,,17,0.0,0,0.0,1.0,0.0,0.0,0,0.0,0.0,0.0,,,,,,,,,,,,,,,,,,,,,,,,,,,,,,,,,,,,,,16,,SR,47,Big Ten,,2022,2,0,0,0,13,0,0,1,https://www.sports-reference.com/cfb/players/riley-moss-1.html,11,Riley Moss,DB,0.0,Iowa,2026-04-01T19:49:39.464Z,31,season_totals,1.0
2023,2023.csv,Riley Moss,4382401,CB,Iowa,College Stats,6-1,193.0,4.45,39.0,,127.0,,,Denver Broncos / 3rd / 83rd pick / 2023,-1,,,,MossRi00,45.0,172.0,124.0,48.0,1.0,1.0,1.0,0.0,2.0,0,0.0,0.0,0.0,27.0,3.5,6.0,0.0,,,,,,,,,,,,,,,,,,,,,,,,,,,,,,45,0.0,0,0.0,1.0,0.0,0.0,0,0.0,0.0,0.0,,,,,,,,,,,,,,,,,,,,,,,,,,,,,,,,,,,,,,16,,SR,47,Big Ten,,2022,2,0,0,0,13,0,0,1,https://www.sports-reference.com/cfb/players/riley-moss-1.html,11,Riley Moss,DB,0.0,Iowa,2026-04-01T19:49:39.464Z,31,season_totals,1.0
2023,2023.csv,Gervarrius Owens,4567482,DB,Houston,College Stats,6-0,195.0,,37.5,15.0,125.0,,,New York Giants / 7th / 254th pick / 2023,2023,19.0,new-york-giants,S,OwenGe00,3.0,1.0,0.0,1.0,0.0,0.0,1.0,0.0,0.0,0,0.0,0.0,0.0,0.0,0.0,0.0,0.0,,,,,,,,,,,,,,,,,,,,,,,,,,,,,,,,,,,,,,,,,,,,,,,,,,,,,,,,,,,,,,,,,,,,,,,,,,,,,,20,,SR,74,American,,2022,2,1,0,0,12,0,24,1,https://www.sports-reference.com/cfb/players/gervarrius-owens-1.html,8,Gervarrius Owens,S/DB,0.0,Houston,2026-04-01T19:48:21.280Z,54,season_totals,1.0
2023,2023.csv,Gervarrius Owens,4567482,DB,Houston,College Stats,6-0,195.0,,37.5,15.0,125.0,,,New York Giants / 7th / 254th pick / 2023,-1,,,,OwenGe00,3.0,1.0,0.0,1.0,0.0,0.0,1.0,0.0,0.0,0,0.0,0.0,0.0,0.0,0.0,0.0,0.0,,,,,,,,,,,,,,,,,,,,,,,,,,,,,,,,,,,,,,,,,,,,,,,,,,,,,,,,,,,,,,,,,,,,,,,,,,,,,,20,,SR,74,American,,2022,2,1,0,0,12,0,24,1,https://www.sports-reference.com/cfb/players/gervarrius-owens-1.html,8,Gervarrius Owens,S/DB,0.0,Houston,2026-04-01T19:48:21.280Z,54,season_totals,1.0
2023,2023.csv,Kelee Ringo,4428992,CB,Georgia,College Stats,6-2,207.0,4.36,33.5,,122.0,,,Philadelphia Eagles / 4th / 105th pick / 2023,2023,21.0,philadelphia-eagles,CB,RingKe00,17.0,21.0,17.0,4.0,1.0,0.0,0.0,0.0,1.0,0,0.0,0.0,0.0,2.0,1.0,0.0,0.0,,,,,,,,,,,,,,,,,,,,,,,,,,,,,,,,,,,,,,,,,,,,,,,,,,,,,,,,,,,,,,,,,,,,,,,,,,,,,,5,,SO,42,SEC,,2022,1,0,0,0,15,0,45,2,https://www.sports-reference.com/cfb/players/kelee-ringo-1.html,7,Kelee Ringo,DB,0.0,Georgia,2026-04-01T19:49:21.356Z,37,season_totals,2.0
2023,2023.csv,Kelee Ringo,4428992,CB,Georgia,College Stats,6-2,207.0,4.36,33.5,,122.0,,,Philadelphia Eagles / 4th / 105th pick / 2023,2024,21.0,philadelphia-eagles,CB,RingKe00,17.0,15.0,12.0,3.0,0.0,1.0,1.0,0.0,0.0,0,0.0,0.0,0.0,1.0,0.0,0.0,0.0,,,,,,,,,,,,,,,,,,,,,,,,,,,,,,,,,,,,,,,,,,,,,,,,,,,,,,,,,,,,,,,,,,,,,,,,,,,,,,5,,SO,42,SEC,,2022,1,0,0,0,15,0,45,2,https://www.sports-reference.com/cfb/players/kelee-ringo-1.html,7,Kelee Ringo,DB,0.0,Georgia,2026-04-01T19:49:21.356Z,37,season_totals,2.0
2023,2023.csv,Kelee Ringo,4428992,CB,Georgia,College Stats,6-2,207.0,4.36,33.5,,122.0,,,Philadelphia Eagles / 4th / 105th pick / 2023,2025,21.0,philadelphia-eagles,CB,RingKe00,17.0,37.0,29.0,8.0,0.0,1.0,1.0,0.0,0.0,0,0.0,0.0,0.0,2.0,1.0,2.0,0.0,,,,,,,,,,,,,,,,,,,,,,,,,,,,,,,,,,,,,,,,,,,,,,,,,,,,,,,,,,,,,,,,,,,,,,,,,,,,,,5,,SO,42,SEC,,2022,1,0,0,0,15,0,45,2,https://www.sports-reference.com/cfb/players/kelee-ringo-1.html,7,Kelee Ringo,DB,0.0,Georgia,2026-04-01T19:49:21.356Z,37,season_totals,2.0
2023,2023.csv,Kelee Ringo,4428992,CB,Georgia,College Stats,6-2,207.0,4.36,33.5,,122.0,,,Philadelphia Eagles / 4th / 105th pick / 2023,-1,,,,RingKe00,51.0,73.0,58.0,15.0,1.0,2.0,2.0,0.0,1.0,0,0.0,0.0,0.0,5.0,2.0,2.0,0.0,,,,,,,,,,,,,,,,,,,,,,,,,,,,,,,,,,,,,,,,,,,,,,,,,,,,,,,,,,,,,,,,,,,,,,,,,,,,,,5,,SO,42,SEC,,2022,1,0,0,0,15,0,45,2,https://www.sports-reference.com/cfb/players/kelee-ringo-1.html,7,Kelee Ringo,DB,0.0,Georgia,2026-04-01T19:49:21.356Z,37,season_totals,2.0
2023,2023.csv,Jammie Robinson,4430411,DB,Florida St.,College Stats,5-11,191.0,4.59,33.5,23.0,116.0,,,Carolina Panthers / 5th / 145th pick / 2023,2023,29.0,carolina-panthers,S,RobiJa03,15.0,17.0,11.0,6.0,0.0,0.0,0.0,0.0,0.0,0,0.0,0.0,0.0,0.0,0.0,0.0,0.0,,,,,,,,,,,,,,,,,,,,,,,,,,,,,,,,,,,,,,,,,,,,,,,,,,,,,,,,,,,,,,,,,,,,,,,,,,,,,,53,,JR,99,ACC,,2022,0,1,0,0,13,0,0,1,https://www.sports-reference.com/cfb/players/jammie-robinson-1.html,5,Jammie Robinson,DB,1.0,Florida State,2026-04-01T19:48:39.728Z,46,season_totals,5.0
2023,2023.csv,Jammie Robinson,4430411,DB,Florida St.,College Stats,5-11,191.0,4.59,33.5,23.0,116.0,,,Carolina Panthers / 5th / 145th pick / 2023,2024,29.0,carolina-panthers,S,RobiJa03,6.0,3.0,2.0,1.0,0.0,0.0,0.0,0.0,0.0,0,0.0,0.0,0.0,0.0,0.0,0.0,0.0,,,,,,,,,,,,,,,,,,,,,,,,,,,,,,,,,,,,,,,,,,,,,,,,,,,,,,,,,,,,,,,,,,,,,,,,,,,,,,53,,JR,99,ACC,,2022,0,1,0,0,13,0,0,1,https://www.sports-reference.com/cfb/players/jammie-robinson-1.html,5,Jammie Robinson,DB,1.0,Florida State,2026-04-01T19:48:39.728Z,46,season_totals,5.0
2023,2023.csv,Jammie Robinson,4430411,DB,Florida St.,College Stats,5-11,191.0,4.59,33.5,23.0,116.0,,,Carolina Panthers / 5th / 145th pick / 2023,2025,1.0,atlanta-falcons,S,RobiJa03,6.0,1.0,1.0,0.0,0.0,0.0,0.0,0.0,0.0,0,0.0,0.0,0.0,0.0,0.0,0.0,1.0,,,,,,,,,,,,,,,,,,,,,,,,,,,,,,,,,,,,,,,,,,,,,,,,,,,,,,,,,,,,,,,,,,,,,,,,,,,,,,53,,JR,99,ACC,,2022,0,1,0,0,13,0,0,1,https://www.sports-reference.com/cfb/players/jammie-robinson-1.html,5,Jammie Robinson,DB,1.0,Florida State,2026-04-01T19:48:39.728Z,46,season_totals,5.0
2023,2023.csv,Jammie Robinson,4430411,DB,Florida St.,College Stats,5-11,191.0,4.59,33.5,23.0,116.0,,,Carolina Panthers / 5th / 145th pick / 2023,-1,,,,RobiJa03,27.0,21.0,14.0,7.0,0.0,0.0,0.0,0.0,0.0,0,0.0,0.0,0.0,0.0,0.0,0.0,1.0,,,,,,,,,,,,,,,,,,,,,,,,,,,,,,,,,,,,,,,,,,,,,,,,,,,,,,,,,,,,,,,,,,,,,,,,,,,,,,53,,JR,99,ACC,,2022,0,1,0,0,13,0,0,1,https://www.sports-reference.com/cfb/players/jammie-robinson-1.html,5,Jammie Robinson,DB,1.0,Florida State,2026-04-01T19:48:39.728Z,46,season_totals,5.0
2023,2023.csv,Darius Rush,4362858,CB,South Carolina,College Stats,6-2,198.0,4.36,35.0,,121.0,,,Indianapolis Colts / 5th / 138th pick / 2023,2023,23.0,pittsburgh-steelers,CB,RushDa00,3.0,3.0,2.0,1.0,0.0,0.0,0.0,0.0,0.0,0,0.0,0.0,0.0,1.0,0.0,0.0,0.0,,,,,,,,,,,,,,,,,,,,,,,,,,,,,,,,,,,,,,,,,,,,,,,,,,,,,,,,,,,,,,,,,,,,,,,,,,,,,,10,,SR,38,SEC,,2022,1,0,0,0,10,0,59,2,https://www.sports-reference.com/cfb/players/darius-rush-1.html,7,Darius Rush,DB,0.0,South Carolina,2026-04-01T19:47:39.302Z,28,season_totals,2.0
2023,2023.csv,Darius Rush,4362858,CB,South Carolina,College Stats,6-2,198.0,4.36,35.0,,121.0,,,Indianapolis Colts / 5th / 138th pick / 2023,-1,,,,RushDa00,3.0,3.0,2.0,1.0,0.0,0.0,0.0,0.0,0.0,0,0.0,0.0,0.0,1.0,0.0,0.0,0.0,,,,,,,,,,,,,,,,,,,,,,,,,,,,,,,,,,,,,,,,,,,,,,,,,,,,,,,,,,,,,,,,,,,,,,,,,,,,,,10,,SR,38,SEC,,2022,1,0,0,0,10,0,59,2,https://www.sports-reference.com/cfb/players/darius-rush-1.html,7,Darius Rush,DB,0.0,South Carolina,2026-04-01T19:47:39.302Z,28,season_totals,2.0
2023,2023.csv,Daniel Scott,4242415,DB,California,College Stats,6-1,208.0,4.45,39.5,22.0,128.0,6.75,4.17,Indianapolis Colts / 5th / 158th pick / 2023,2025,11.0,indianapolis-colts,S,ScotDa03,4.0,2.0,2.0,0.0,0.0,0.0,0.0,0.0,0.0,0,0.0,0.0,0.0,0.0,0.0,0.0,0.0,,,,,,,,,,,,,,,,,,,,,,,,,,,,,,,,,,,,,,,,,,,,,,,,,,,,,,,,,,,,,,,,,,,,,,,,,,,,,,28,,SR,85,Pac-12,,2022,2,0,0,0,12,0,59,3,https://www.sports-reference.com/cfb/players/daniel-scott-1.html,4,Daniel Scott,S,0.0,California,2026-04-01T19:47:33.133Z,57,season_totals,2.5
2023,2023.csv,Daniel Scott,4242415,DB,California,College Stats,6-1,208.0,4.45,39.5,22.0,128.0,6.75,4.17,Indianapolis Colts / 5th / 158th pick / 2023,-1,,,,ScotDa03,4.0,2.0,2.0,0.0,0.0,0.0,0.0,0.0,0.0,0,0.0,0.0,0.0,0.0,0.0,0.0,0.0,,,,,,,,,,,,,,,,,,,,,,,,,,,,,,,,,,,,,,,,,,,,,,,,,,,,,,,,,,,,,,,,,,,,,,,,,,,,,,28,,SR,85,Pac-12,,2022,2,0,0,0,12,0,59,3,https://www.sports-reference.com/cfb/players/daniel-scott-1.html,4,Daniel Scott,S,0.0,California,2026-04-01T19:47:33.133Z,57,season_totals,2.5
2023,2023.csv,JL Skinner,4428503,DB,Boise St.,College Stats,6-4,209.0,,,,,,,Denver Broncos / 6th / 183rd pick / 2023,2024,7.0,denver-broncos,S,SkinJL00,14.0,9.0,4.0,5.0,0.0,0.0,1.0,0.0,0.0,0,0.0,0.0,0.0,0.0,0.0,0.0,0.0,,,,,,,,,,,,,,,,,,,,,,,,,,,,,,,,,,,,,,,,,,,,,,,,,,,,,,,,,,,,,,,,,,,,,,,,,,,,,,29,,SR,65,MWC,,2022,0,0,0,0,12,0,30,4,https://www.sports-reference.com/cfb/players/jl-skinner-1.html,5,JL Skinner,S,0.0,Boise State,2026-04-01T19:48:27.353Z,36,season_totals,0.5
2023,2023.csv,JL Skinner,4428503,DB,Boise St.,College Stats,6-4,209.0,,,,,,,Denver Broncos / 6th / 183rd pick / 2023,2025,7.0,denver-broncos,S,SkinJL00,17.0,12.0,8.0,4.0,0.0,0.0,1.0,0.0,0.0,0,0.0,0.0,0.0,0.0,0.0,0.0,1.0,,,,,,,,,,,,,,,,,,,,,,,,,,,,,,,,,,,,,,,,,,,,,,,,,,,,,,,,,,,,,,,,,,,,,,,,,,,,,,29,,SR,65,MWC,,2022,0,0,0,0,12,0,30,4,https://www.sports-reference.com/cfb/players/jl-skinner-1.html,5,JL Skinner,S,0.0,Boise State,2026-04-01T19:48:27.353Z,36,season_totals,0.5
2023,2023.csv,JL Skinner,4428503,DB,Boise St.,College Stats,6-4,209.0,,,,,,,Denver Broncos / 6th / 183rd pick / 2023,-1,,,,SkinJL00,31.0,21.0,12.0,9.0,0.0,0.0,2.0,0.0,0.0,0,0.0,0.0,0.0,0.0,0.0,0.0,1.0,,,,,,,,,,,,,,,,,,,,,,,,,,,,,,,,,,,,,,,,,,,,,,,,,,,,,,,,,,,,,,,,,,,,,,,,,,,,,,29,,SR,65,MWC,,2022,0,0,0,0,12,0,30,4,https://www.sports-reference.com/cfb/players/jl-skinner-1.html,5,JL Skinner,S,0.0,Boise State,2026-04-01T19:48:27.353Z,36,season_totals,0.5
2023,2023.csv,Cam Smith,4570672,CB,South Carolina,College Stats,6-1,180.0,4.43,38.0,,134.0,,,Miami Dolphins / 2nd / 51st pick / 2023,2023,15.0,miami-dolphins,CB,SmitCa02,15.0,2.0,1.0,1.0,0.0,0.0,0.0,0.0,0.0,0,0.0,0.0,0.0,0.0,0.0,0.0,0.0,,,,,,,,,,,,,,,,,,,,,,,,,,,,,,,,,,,,,,,,,,,,,,,,,,,,,,,,,,,,,,,,,,,,,,,,,,,,,,4,,JR,27,SEC,,2022,0,0,0,0,11,0,0,1,https://www.sports-reference.com/cfb/players/cam-smith-3.html,5,Cam Smith,DB,0.0,South Carolina,2026-04-01T20:06:41.448Z,23,season_totals,1.0
2023,2023.csv,Cam Smith,4570672,CB,South Carolina,College Stats,6-1,180.0,4.43,38.0,,134.0,,,Miami Dolphins / 2nd / 51st pick / 2023,2024,15.0,miami-dolphins,CB,SmitCa02,6.0,16.0,13.0,3.0,0.0,0.0,0.0,0.0,0.0,0,0.0,0.0,0.0,0.0,0.0,0.0,0.0,,,,,,,,,,,,,,,,,,,,,,,,,,,,,,,,,,,,,,,,,,,,,,,,,,,,,,,,,,,,,,,,,,,,,,,,,,,,,,4,,JR,27,SEC,,2022,0,0,0,0,11,0,0,1,https://www.sports-reference.com/cfb/players/cam-smith-3.html,5,Cam Smith,DB,0.0,South Carolina,2026-04-01T20:06:41.448Z,23,season_totals,1.0
2023,2023.csv,Cam Smith,4570672,CB,South Carolina,College Stats,6-1,180.0,4.43,38.0,,134.0,,,Miami Dolphins / 2nd / 51st pick / 2023,-1,,,,SmitCa02,21.0,18.0,14.0,4.0,0.0,0.0,0.0,0.0,0.0,0,0.0,0.0,0.0,0.0,0.0,0.0,0.0,,,,,,,,,,,,,,,,,,,,,,,,,,,,,,,,,,,,,,,,,,,,,,,,,,,,,,,,,,,,,,,,,,,,,,,,,,,,,,4,,JR,27,SEC,,2022,0,0,0,0,11,0,0,1,https://www.sports-reference.com/cfb/players/cam-smith-3.html,5,Cam Smith,DB,0.0,South Carolina,2026-04-01T20:06:41.448Z,23,season_totals,1.0
2023,2023.csv,Christopher Smith,4379413,DB,Georgia,College Stats,5-11,192.0,4.62,33.0,15.0,116.0,,,Las Vegas Raiders / 5th / 170th pick / 2023,2023,13.0,las-vegas-raiders,S,SmitCh04,12.0,1.0,1.0,0.0,0.0,0.0,0.0,0.0,0.0,0,0.0,0.0,0.0,0.0,0.0,0.0,0.0,,,,,,,,,,,,,,,,,,,,,,,,,,,,,,,,,,,,,,,,,,,,,,,,,,,,,,,,,,,,,,,,,,,,,,,,,,,,,,16,AA,SR,61,SEC,,2022,1,1,0,0,15,0,29,3,https://www.sports-reference.com/cfb/players/christopher-smith-1.html,5,Christopher Smith,DB,1.0,Georgia,2026-04-01T19:47:09.037Z,45,season_totals,5.0
2023,2023.csv,Christopher Smith,4379413,DB,Georgia,College Stats,5-11,192.0,4.62,33.0,15.0,116.0,,,Las Vegas Raiders / 5th / 170th pick / 2023,2024,13.0,las-vegas-raiders,S,SmitCh04,15.0,6.0,2.0,4.0,0.0,0.0,0.0,0.0,0.0,0,0.0,0.0,0.0,0.0,0.0,0.0,0.0,,,,,,,,,,,,,,,,,,,,,,,,,,,,,,,,,,,,,,,,,,,,,,,,,,,,,,,,,,,,,,,,,,,,,,,,,,,,,,16,AA,SR,61,SEC,,2022,1,1,0,0,15,0,29,3,https://www.sports-reference.com/cfb/players/christopher-smith-1.html,5,Christopher Smith,DB,1.0,Georgia,2026-04-01T19:47:09.037Z,45,season_totals,5.0
2023,2023.csv,Christopher Smith,4379413,DB,Georgia,College Stats,5-11,192.0,4.62,33.0,15.0,116.0,,,Las Vegas Raiders / 5th / 170th pick / 2023,2025,13.0,las-vegas-raiders,S,SmitCh04,9.0,3.0,1.0,2.0,0.0,0.0,0.0,0.0,0.0,0,0.0,0.0,0.0,0.0,0.0,0.0,0.0,,,,,,,,,,,,,,,,,,,,,,,,,,,,,,,,,,,,,,,,,,,,,,,,,,,,,,,,,,,,,,,,,,,,,,,,,,,,,,16,AA,SR,61,SEC,,2022,1,1,0,0,15,0,29,3,https://www.sports-reference.com/cfb/players/christopher-smith-1.html,5,Christopher Smith,DB,1.0,Georgia,2026-04-01T19:47:09.037Z,45,season_totals,5.0
2023,2023.csv,Christopher Smith,4379413,DB,Georgia,College Stats,5-11,192.0,4.62,33.0,15.0,116.0,,,Las Vegas Raiders / 5th / 170th pick / 2023,-1,,,,SmitCh04,36.0,10.0,4.0,6.0,0.0,0.0,0.0,0.0,0.0,0,0.0,0.0,0.0,0.0,0.0,0.0,0.0,,,,,,,,,,,,,,,,,,,,,,,,,,,,,,,,,,,,,,,,,,,,,,,,,,,,,,,,,,,,,,,,,,,,,,,,,,,,,,16,AA,SR,61,SEC,,2022,1,1,0,0,15,0,29,3,https://www.sports-reference.com/cfb/players/christopher-smith-1.html,5,Christopher Smith,DB,1.0,Georgia,2026-04-01T19:47:09.037Z,45,season_totals,5.0
2023,2023.csv,Tyrique Stevenson,4426374,CB,Miami,College Stats,6-0,198.0,4.45,38.5,,125.0,7.09,4.41,Chicago Bears / 2nd / 56th pick / 2023,2023,3.0,chicago-bears,CB,StevTy01,16.0,86.0,65.0,21.0,0.0,2.0,0.0,0.0,4.0,46,11.5,0.0,34.0,16.0,2.5,2.0,0.0,,,,,,,,,,,,,,,,,,,,,,,,,,,,,,,,,,,,,,,,,,,,,,,,,,,,,,,,,,,,,,,,,,,,,,,,,,,,,,7,,JR,25,ACC,,2022,0,0,0,0,11,0,0,2,https://www.sports-reference.com/cfb/players/tyrique-stevenson-1.html,7,Tyrique Stevenson,DB/CB,0.0,Miami (FL),2026-04-01T19:49:51.684Z,18,season_totals,1.5
2023,2023.csv,Tyrique Stevenson,4426374,CB,Miami,College Stats,6-0,198.0,4.45,38.5,,125.0,7.09,4.41,Chicago Bears / 2nd / 56th pick / 2023,2024,3.0,chicago-bears,CB,StevTy01,16.0,78.0,51.0,27.0,0.0,1.0,0.0,0.0,2.0,43,21.5,1.0,43.0,12.0,2.0,1.0,0.0,16,0.0,0.0,0.0,1.0,0.0,0.0,0.0,0.0,0.0,,,,,,,,,,,,,,,,,,,,,,,,,,,,,,,,,,,,,,,,,,,,,,,,,,,,,,,,,,,,,,,,,,,,7,,JR,25,ACC,,2022,0,0,0,0,11,0,0,2,https://www.sports-reference.com/cfb/players/tyrique-stevenson-1.html,7,Tyrique Stevenson,DB/CB,0.0,Miami (FL),2026-04-01T19:49:51.684Z,18,season_totals,1.5
2023,2023.csv,Tyrique Stevenson,4426374,CB,Miami,College Stats,6-0,198.0,4.45,38.5,,125.0,7.09,4.41,Chicago Bears / 2nd / 56th pick / 2023,2025,3.0,chicago-bears,CB,StevTy01,13.0,49.0,36.0,13.0,0.0,2.0,2.0,-4.0,1.0,3,3.0,0.0,3.0,10.0,1.0,2.0,0.0,,,,,,,,,,,,,,,,,,,,,,,,,,,,,,,,,,,,,,,,,,,,,,,,,,,,,,,,,,,,,,,,,,,,,,,,,,,,,,7,,JR,25,ACC,,2022,0,0,0,0,11,0,0,2,https://www.sports-reference.com/cfb/players/tyrique-stevenson-1.html,7,Tyrique Stevenson,DB/CB,0.0,Miami (FL),2026-04-01T19:49:51.684Z,18,season_totals,1.5
2023,2023.csv,Tyrique Stevenson,4426374,CB,Miami,College Stats,6-0,198.0,4.45,38.5,,125.0,7.09,4.41,Chicago Bears / 2nd / 56th pick / 2023,-1,,,,StevTy01,45.0,213.0,152.0,61.0,0.0,5.0,2.0,-4.0,7.0,92,13.1,1.0,43.0,38.0,5.5,5.0,0.0,45,0.0,0.0,0.0,1.0,0.0,0.0,0.0,0.0,0.0,,,,,,,,,,,,,,,,,,,,,,,,,,,,,,,,,,,,,,,,,,,,,,,,,,,,,,,,,,,,,,,,,,,,7,,JR,25,ACC,,2022,0,0,0,0,11,0,0,2,https://www.sports-reference.com/cfb/players/tyrique-stevenson-1.html,7,Tyrique Stevenson,DB/CB,0.0,Miami (FL),2026-04-01T19:49:51.684Z,18,season_totals,1.5
2023,2023.csv,Cory Trice,4372492,CB,Purdue,College Stats,6-3,206.0,4.47,35.5,17.0,132.0,,,Pittsburgh Steelers / 7th / 241st pick / 2023,2024,23.0,pittsburgh-steelers,CB,TricCo00,6.0,21.0,15.0,6.0,0.0,0.0,0.0,0.0,1.0,0,0.0,0.0,0.0,2.0,1.0,1.0,0.0,,,,,,,,,,,,,,,,,,,,,,,,,,,,,,,,,,,,,,,,,,,,,,,,,,,,,,,,,,,,,,,,,,,,,,,,,,,,,,6,,SR,34,Big Ten,,2022,0,0,0,0,13,1,8,2,https://www.sports-reference.com/cfb/players/cory-trice-1.html,10,Cory Trice,DB/S/CB,0.0,Purdue,2026-04-01T19:47:22.147Z,28,season_totals,2.0
2023,2023.csv,Cory Trice,4372492,CB,Purdue,College Stats,6-3,206.0,4.47,35.5,17.0,132.0,,,Pittsburgh Steelers / 7th / 241st pick / 2023,-1,,,,TricCo00,6.0,21.0,15.0,6.0,0.0,0.0,0.0,0.0,1.0,0,0.0,0.0,0.0,2.0,1.0,1.0,0.0,,,,,,,,,,,,,,,,,,,,,,,,,,,,,,,,,,,,,,,,,,,,,,,,,,,,,,,,,,,,,,,,,,,,,,,,,,,,,,6,,SR,34,Big Ten,,2022,0,0,0,0,13,1,8,2,https://www.sports-reference.com/cfb/players/cory-trice-1.html,10,Cory Trice,DB/S/CB,0.0,Purdue,2026-04-01T19:47:22.147Z,28,season_totals,2.0
2023,2023.csv,DJ Turner,4572036,CB,Michigan,College Stats,5-11,178.0,4.26,38.5,,131.0,,,Cincinnati Bengals / 2nd / 60th pick / 2023,2023,4.0,cincinnati-bengals,CB,TurnDJ01,17.0,50.0,40.0,10.0,1.0,0.0,1.0,28.0,0.0,0,0.0,0.0,0.0,7.0,1.5,9.0,0.0,,,,,,,,,,,,,,,,,,,,,,,,,,,,,,,,,,,,,,,,,,,,,,,,,,,,,,,,,,,,,,,,,,,,,,,,,,,,,,0,,SR,1,ACC,,2020,0,0,0,0,11,0,0,0,https://www.sports-reference.com/cfb/players/dj-turner-1.html,0,DJ Turner,WR,0.0,Pitt,2026-04-01T19:47:27.194Z,1,season_totals,0.0
2023,2023.csv,DJ Turner,4572036,CB,Michigan,College Stats,5-11,178.0,4.26,38.5,,131.0,,,Cincinnati Bengals / 2nd / 60th pick / 2023,2024,4.0,cincinnati-bengals,CB,TurnDJ01,11.0,29.0,24.0,5.0,0.0,0.0,0.0,0.0,0.0,0,0.0,0.0,0.0,8.0,1.0,1.0,0.0,,,,,,,,,,,,,,,,,,,,,,,,,,,,,,,,,,,,,,,,,,,,,,,,,,,,,,,,,,,,,,,,,,,,,,,,,,,,,,0,,SR,1,ACC,,2020,0,0,0,0,11,0,0,0,https://www.sports-reference.com/cfb/players/dj-turner-1.html,0,DJ Turner,WR,0.0,Pitt,2026-04-01T19:47:27.194Z,1,season_totals,0.0
2023,2023.csv,DJ Turner,4572036,CB,Michigan,College Stats,5-11,178.0,4.26,38.5,,131.0,,,Cincinnati Bengals / 2nd / 60th pick / 2023,2025,4.0,cincinnati-bengals,CB,TurnDJ01,17.0,40.0,28.0,12.0,0.0,2.0,1.0,7.0,2.0,7,3.5,0.0,7.0,18.0,1.5,2.0,0.0,,,,,,,,,,,,,,,,,,,,,,,,,,,,,,,,,,,,,,,,,,,,,,,,,,,,,,,,,,,,,,,,,,,,,,,,,,,,,,0,,SR,1,ACC,,2020,0,0,0,0,11,0,0,0,https://www.sports-reference.com/cfb/players/dj-turner-1.html,0,DJ Turner,WR,0.0,Pitt,2026-04-01T19:47:27.194Z,1,season_totals,0.0
2023,2023.csv,DJ Turner,4572036,CB,Michigan,College Stats,5-11,178.0,4.26,38.5,,131.0,,,Cincinnati Bengals / 2nd / 60th pick / 2023,-1,,,,TurnDJ01,45.0,119.0,92.0,27.0,1.0,2.0,2.0,35.0,2.0,7,3.5,0.0,7.0,33.0,4.0,12.0,0.0,,,,,,,,,,,,,,,,,,,,,,,,,,,,,,,,,,,,,,,,,,,,,,,,,,,,,,,,,,,,,,,,,,,,,,,,,,,,,,0,,SR,1,ACC,,2020,0,0,0,0,11,0,0,0,https://www.sports-reference.com/cfb/players/dj-turner-1.html,0,DJ Turner,WR,0.0,Pitt,2026-04-01T19:47:27.194Z,1,season_totals,0.0
2023,2023.csv,Carrington Valentine,4430965,CB,Kentucky,College Stats,6-0,193.0,,39.0,9.0,128.0,,,Green Bay Packers / 7th / 232nd pick / 2023,2023,9.0,green-bay-packers,CB,ValeCa00,17.0,44.0,33.0,11.0,0.0,0.0,1.0,50.0,0.0,0,0.0,0.0,0.0,9.0,1.0,0.0,0.0,,,,,,,,,,,,,,,,,,,,,,,,,,,,,,,,,,,,,,,,,,,,,,,,,,,,,,,,,,,,,,,,,,,,,,,,,,,,,,14,,JR,48,SEC,,2022,0,1,0,21,12,0,0,1,https://www.sports-reference.com/cfb/players/carrington-valentine-1.html,10,Carrington Valentine,DB,1.0,Kentucky,2026-04-01T19:46:51.012Z,34,season_totals,1.5
2023,2023.csv,Carrington Valentine,4430965,CB,Kentucky,College Stats,6-0,193.0,,39.0,9.0,128.0,,,Green Bay Packers / 7th / 232nd pick / 2023,2024,9.0,green-bay-packers,CB,ValeCa00,15.0,32.0,18.0,14.0,0.0,2.0,0.0,0.0,2.0,51,25.5,0.0,31.0,5.0,0.0,1.0,0.0,,,,,,,,,,,,,,,,,,,,,,,,,,,,,,,,,,,,,,,,,15.0,0,0,0.0,0,0.0,0,0,0,0,39.6,-,,,,,,,,,,,,,,,,,,,,,,,,,,14,,JR,48,SEC,,2022,0,1,0,21,12,0,0,1,https://www.sports-reference.com/cfb/players/carrington-valentine-1.html,10,Carrington Valentine,DB,1.0,Kentucky,2026-04-01T19:46:51.012Z,34,season_totals,1.5
2023,2023.csv,Carrington Valentine,4430965,CB,Kentucky,College Stats,6-0,193.0,,39.0,9.0,128.0,,,Green Bay Packers / 7th / 232nd pick / 2023,2025,9.0,green-bay-packers,CB,ValeCa00,17.0,31.0,25.0,6.0,0.0,0.0,0.0,0.0,0.0,0,0.0,0.0,0.0,4.0,0.0,0.0,0.0,,,,,,,,,,,,,,,,,,,,,,,,,,,,,,,,,,,,,,,,,,,,,,,,,,,,,,,,,,,,,,,,,,,,,,,,,,,,,,14,,JR,48,SEC,,2022,0,1,0,21,12,0,0,1,https://www.sports-reference.com/cfb/players/carrington-valentine-1.html,10,Carrington Valentine,DB,1.0,Kentucky,2026-04-01T19:46:51.012Z,34,season_totals,1.5
2023,2023.csv,Carrington Valentine,4430965,CB,Kentucky,College Stats,6-0,193.0,,39.0,9.0,128.0,,,Green Bay Packers / 7th / 232nd pick / 2023,-1,,,,ValeCa00,49.0,107.0,76.0,31.0,0.0,2.0,1.0,50.0,2.0,51,25.5,0.0,31.0,18.0,1.0,1.0,0.0,,,,,,,,,,,,,,,,,,,,,,,,,,,,,,,,,,,,,,,,,49.0,0,0,0.0,0,0.0,0,0,0,0,0.0,-,,,,,,,,,,,,,,,,,,,,,,,,,,14,,JR,48,SEC,,2022,0,1,0,21,12,0,0,1,https://www.sports-reference.com/cfb/players/carrington-valentine-1.html,10,Carrington Valentine,DB,1.0,Kentucky,2026-04-01T19:46:51.012Z,34,season_totals,1.5
2023,2023.csv,Jay Ward,4568007,CB,LSU,College Stats,6-1,188.0,4.55,34.5,16.0,132.0,,,Minnesota Vikings / 4th / 134th pick / 2023,2023,16.0,minnesota-vikings,S,WardJa00,17.0,8.0,5.0,3.0,0.0,0.0,1.0,0.0,0.0,0,0.0,0.0,0.0,0.0,0.0,0.0,0.0,,,,,,,,,,,,,,,,,,,,,,,,,,,,,,,,,,,,,,,,,,,,,,,,,,,,,,,,,,,,,,,,,,,,,,,,,,,,,,16,,SR,59,SEC,,2022,0,1,1,23,13,0,18,1,https://www.sports-reference.com/cfb/players/jay-ward-2.html,4,Jay Ward,CB/S/DB,0.0,LSU,2026-04-01T20:07:04.380Z,43,season_totals,2.5
2023,2023.csv,Jay Ward,4568007,CB,LSU,College Stats,6-1,188.0,4.55,34.5,16.0,132.0,,,Minnesota Vikings / 4th / 134th pick / 2023,2024,16.0,minnesota-vikings,S,WardJa00,16.0,6.0,4.0,2.0,0.0,0.0,0.0,0.0,0.0,0,0.0,0.0,0.0,1.0,0.0,0.0,0.0,,,,,,,,,,,,,,,,,,,,,,,,,,,,,,,,,,,,,,,,,,,,,,,,,,,,,,,,,,,,,,,,,,,,,,,,,,,,,,16,,SR,59,SEC,,2022,0,1,1,23,13,0,18,1,https://www.sports-reference.com/cfb/players/jay-ward-2.html,4,Jay Ward,CB/S/DB,0.0,LSU,2026-04-01T20:07:04.380Z,43,season_totals,2.5
2023,2023.csv,Jay Ward,4568007,CB,LSU,College Stats,6-1,188.0,4.55,34.5,16.0,132.0,,,Minnesota Vikings / 4th / 134th pick / 2023,2025,16.0,minnesota-vikings,S,WardJa00,17.0,27.0,13.0,14.0,0.0,0.0,1.0,0.0,0.0,0,0.0,0.0,0.0,0.0,1.0,2.0,0.0,,,,,,,,,,,,,,,,,,,,,,,,,,,,,,,,,,,,,,,,,,,,,,,,,,,,,,,,,,,,,,,,,,,,,,,,,,,,,,16,,SR,59,SEC,,2022,0,1,1,23,13,0,18,1,https://www.sports-reference.com/cfb/players/jay-ward-2.html,4,Jay Ward,CB/S/DB,0.0,LSU,2026-04-01T20:07:04.380Z,43,season_totals,2.5
2023,2023.csv,Jay Ward,4568007,CB,LSU,College Stats,6-1,188.0,4.55,34.5,16.0,132.0,,,Minnesota Vikings / 4th / 134th pick / 2023,-1,,,,WardJa00,50.0,41.0,22.0,19.0,0.0,0.0,2.0,0.0,0.0,0,0.0,0.0,0.0,1.0,1.0,2.0,0.0,,,,,,,,,,,,,,,,,,,,,,,,,,,,,,,,,,,,,,,,,,,,,,,,,,,,,,,,,,,,,,,,,,,,,,,,,,,,,,16,,SR,59,SEC,,2022,0,1,1,23,13,0,18,1,https://www.sports-reference.com/cfb/players/jay-ward-2.html,4,Jay Ward,CB/S/DB,0.0,LSU,2026-04-01T20:07:04.380Z,43,season_totals,2.5
2023,2023.csv,Garrett Williams,4568506,CB,Syracuse,College Stats,5-10,192.0,,,,,,,Arizona Cardinals / 3rd / 72nd pick / 2023,2023,22.0,arizona-cardinals,CB,WillGa00,9.0,23.0,19.0,4.0,0.0,0.0,0.0,0.0,1.0,0,0.0,0.0,0.0,2.0,3.0,2.0,0.0,,,,,,,,,,,,,,,,,,,,,,,,,,,,,,,,,,,,,,,,,,,,,,,,,,,,,,,,,,,,,,,,,,,,,,,,,,,,,,0,,JR,0,ACC,,2018,0,0,0,0,14,0,0,0,https://www.sports-reference.com/cfb/players/garrett-williams-1.html,0,Garrett Williams,TE,0.0,Clemson,2026-04-01T19:48:15.358Z,0,season_totals,0.0
2023,2023.csv,Garrett Williams,4568506,CB,Syracuse,College Stats,5-10,192.0,,,,,,,Arizona Cardinals / 3rd / 72nd pick / 2023,2024,22.0,arizona-cardinals,CB,WillGa00,16.0,58.0,40.0,18.0,0.0,1.0,0.0,0.0,2.0,0,0.0,0.0,0.0,9.0,1.0,0.0,0.0,,,,,,,,,,,,,,,,,,,,,,,,,,,,,,,,,,,,,,,,,,,,,,,,,,,,,,,,,,,,,,,,,,,,,,,,,,,,,,0,,JR,0,ACC,,2018,0,0,0,0,14,0,0,0,https://www.sports-reference.com/cfb/players/garrett-williams-1.html,0,Garrett Williams,TE,0.0,Clemson,2026-04-01T19:48:15.358Z,0,season_totals,0.0
2023,2023.csv,Garrett Williams,4568506,CB,Syracuse,College Stats,5-10,192.0,,,,,,,Arizona Cardinals / 3rd / 72nd pick / 2023,2025,22.0,arizona-cardinals,CB,WillGa00,10.0,46.0,25.0,21.0,0.0,1.0,0.0,0.0,1.0,0,0.0,0.0,0.0,5.0,2.0,2.0,0.0,,,,,,,,,,,,,,,,,,,,,,,,,,,,,,,,,,,,,,,,,,,,,,,,,,,,,,,,,,,,,,,,,,,,,,,,,,,,,,0,,JR,0,ACC,,2018,0,0,0,0,14,0,0,0,https://www.sports-reference.com/cfb/players/garrett-williams-1.html,0,Garrett Williams,TE,0.0,Clemson,2026-04-01T19:48:15.358Z,0,season_totals,0.0
2023,2023.csv,Garrett Williams,4568506,CB,Syracuse,College Stats,5-10,192.0,,,,,,,Arizona Cardinals / 3rd / 72nd pick / 2023,-1,,,,WillGa00,35.0,127.0,84.0,43.0,0.0,2.0,0.0,0.0,4.0,0,0.0,0.0,0.0,16.0,6.0,4.0,0.0,,,,,,,,,,,,,,,,,,,,,,,,,,,,,,,,,,,,,,,,,,,,,,,,,,,,,,,,,,,,,,,,,,,,,,,,,,,,,,0,,JR,0,ACC,,2018,0,0,0,0,14,0,0,0,https://www.sports-reference.com/cfb/players/garrett-williams-1.html,0,Garrett Williams,TE,0.0,Clemson,2026-04-01T19:48:15.358Z,0,season_totals,0.0
2023,2023.csv,Devon Witherspoon,4575431,CB,Illinois,College Stats,6-0,181.0,,,,,,,Seattle Seahawks / 1st / 5th pick / 2023,2023,26.0,seattle-seahawks,CB,WithDe00,14.0,79.0,56.0,23.0,3.0,1.0,0.0,0.0,1.0,97,97.0,1.0,97.0,16.0,5.0,16.0,0.0,14,0.0,0.0,0.0,1.0,1.0,0.0,0.0,0.0,6.0,,,,,,,,,,,,,,,,,,,,,,,,,,,,,,,,,,,,,,,,,,,,,,,,,,,,,,,,,,,,,,,,,,,,9,AA,JR,41,Big Ten,,2022,0,0,0,0,12,0,97,3,https://www.sports-reference.com/cfb/players/devon-witherspoon-1.html,14,Devon Witherspoon,DB,0.0,Illinois,2026-04-01T19:48:03.301Z,32,season_totals,2.5
2023,2023.csv,Devon Witherspoon,4575431,CB,Illinois,College Stats,6-0,181.0,,,,,,,Seattle Seahawks / 1st / 5th pick / 2023,2024,26.0,seattle-seahawks,CB,WithDe00,17.0,98.0,66.0,32.0,1.0,1.0,0.0,0.0,0.0,0,0.0,0.0,0.0,9.0,7.5,17.0,0.0,,,,,,,,,,,,,,,,,,,,,,,,,,,,,,,,,,,,,,,,,,,,,,,,,,,,,,,,,,,,,,,,,,,,,,,,,,,,,,9,AA,JR,41,Big Ten,,2022,0,0,0,0,12,0,97,3,https://www.sports-reference.com/cfb/players/devon-witherspoon-1.html,14,Devon Witherspoon,DB,0.0,Illinois,2026-04-01T19:48:03.301Z,32,season_totals,2.5
2023,2023.csv,Devon Witherspoon,4575431,CB,Illinois,College Stats,6-0,181.0,,,,,,,Seattle Seahawks / 1st / 5th pick / 2023,2025,26.0,seattle-seahawks,CB,WithDe00,12.0,72.0,48.0,24.0,0.5,0.0,1.0,0.0,1.0,3,3.0,0.0,3.0,7.0,2.5,2.0,0.0,,,,,,,,,,,,,,,,,,,,,,,,,,,,,,,,,,,,,,,,,,,,,,,,,,,,,,,,,,,,,,,,,,,,,,,,,,,,,,9,AA,JR,41,Big Ten,,2022,0,0,0,0,12,0,97,3,https://www.sports-reference.com/cfb/players/devon-witherspoon-1.html,14,Devon Witherspoon,DB,0.0,Illinois,2026-04-01T19:48:03.301Z,32,season_totals,2.5
2023,2023.csv,Devon Witherspoon,4575431,CB,Illinois,College Stats,6-0,181.0,,,,,,,Seattle Seahawks / 1st / 5th pick / 2023,-1,,,,WithDe00,43.0,249.0,170.0,79.0,4.5,2.0,1.0,0.0,2.0,100,50.0,1.0,97.0,32.0,15.0,35.0,0.0,43,0.0,0.0,0.0,1.0,1.0,0.0,0.0,0.0,6.0,,,,,,,,,,,,,,,,,,,,,,,,,,,,,,,,,,,,,,,,,,,,,,,,,,,,,,,,,,,,,,,,,,,,9,AA,JR,41,Big Ten,,2022,0,0,0,0,12,0,97,3,https://www.sports-reference.com/cfb/players/devon-witherspoon-1.html,14,Devon Witherspoon,DB,0.0,Illinois,2026-04-01T19:48:03.301Z,32,season_totals,2.5
2024,2024.csv,Kris Abrams-Draine,4429193,CB,Missouri,College Stats,5-11,179.0,4.44,33.5,,,,,Denver Broncos / 5th / 145th pick / 2024,2024,7.0,denver-broncos,CB,AbraKr00,5.0,9.0,5.0,4.0,0.0,0.0,0.0,0.0,1.0,17,17.0,0.0,17.0,2.0,0.0,0.0,0.0,,,,,,,,,,,,,,,,,,,,,,,,,,,,,,,,,,,,,,,,,,,,,,,,,,,,,,,,,,,,,,,,,,,,,,,,,,,,,,13,,SR,51,SEC,,2023,1,0,0,0,13,0,9,4,https://www.sports-reference.com/cfb/players/kris-abrams-draine-1.html,13,Kris Abrams-Draine,WR/DB,0.0,Missouri,2026-04-01T19:52:34.145Z,38,season_totals,2.5
2024,2024.csv,Kris Abrams-Draine,4429193,CB,Missouri,College Stats,5-11,179.0,4.44,33.5,,,,,Denver Broncos / 5th / 145th pick / 2024,2025,7.0,denver-broncos,CB,AbraKr00,17.0,30.0,21.0,9.0,0.0,0.0,0.0,0.0,0.0,0,0.0,0.0,0.0,1.0,0.0,1.0,0.0,,,,,,,,,,,,,,,,,,,,,,,,,,,,,,,,,,,,,,,,,,,,,,,,,,,,,,,,,,,,,,,,,,,,,,,,,,,,,,13,,SR,51,SEC,,2023,1,0,0,0,13,0,9,4,https://www.sports-reference.com/cfb/players/kris-abrams-draine-1.html,13,Kris Abrams-Draine,WR/DB,0.0,Missouri,2026-04-01T19:52:34.145Z,38,season_totals,2.5
2024,2024.csv,Kris Abrams-Draine,4429193,CB,Missouri,College Stats,5-11,179.0,4.44,33.5,,,,,Denver Broncos / 5th / 145th pick / 2024,-1,,,,AbraKr00,22.0,39.0,26.0,13.0,0.0,0.0,0.0,0.0,1.0,17,17.0,0.0,17.0,3.0,0.0,1.0,0.0,,,,,,,,,,,,,,,,,,,,,,,,,,,,,,,,,,,,,,,,,,,,,,,,,,,,,,,,,,,,,,,,,,,,,,,,,,,,,,13,,SR,51,SEC,,2023,1,0,0,0,13,0,9,4,https://www.sports-reference.com/cfb/players/kris-abrams-draine-1.html,13,Kris Abrams-Draine,WR/DB,0.0,Missouri,2026-04-01T19:52:34.145Z,38,season_totals,2.5
2024,2024.csv,Daijahn Anthony,4874448,SAF,Mississippi,College Stats,6-0,195.0,4.55,37.0,,116.0,,,Cincinnati Bengals / 7th / 224th pick / 2024,2024,4.0,cincinnati-bengals,S,AnthDa00,13.0,3.0,2.0,1.0,0.0,0.0,0.0,0.0,0.0,0,0.0,0.0,0.0,1.0,0.0,0.0,0.0,,,,,,,,,,,,,,,,,,,,,,,,,,,,,,,,,,,,,,,,,,,,,,,,,,,,,,,,,,,,,,,,,,,,,,,,,,,,,,33,,SR,61,SEC,,2023,1,0,0,0,13,0,19,3,https://www.sports-reference.com/cfb/players/daijahn-anthony-1.html,8,Daijahn Anthony,CB/S,0.0,Ole Miss,2026-04-01T19:50:45.779Z,28,season_totals,2.5
2024,2024.csv,Daijahn Anthony,4874448,SAF,Mississippi,College Stats,6-0,195.0,4.55,37.0,,116.0,,,Cincinnati Bengals / 7th / 224th pick / 2024,2025,4.0,cincinnati-bengals,S,AnthDa00,5.0,4.0,2.0,2.0,0.0,0.0,0.0,0.0,0.0,0,0.0,0.0,0.0,0.0,0.0,0.0,0.0,,,,,,,,,,,,,,,,,,,,,,,,,,,,,,,,,,,,,,,,,,,,,,,,,,,,,,,,,,,,,,,,,,,,,,,,,,,,,,33,,SR,61,SEC,,2023,1,0,0,0,13,0,19,3,https://www.sports-reference.com/cfb/players/daijahn-anthony-1.html,8,Daijahn Anthony,CB/S,0.0,Ole Miss,2026-04-01T19:50:45.779Z,28,season_totals,2.5
2024,2024.csv,Daijahn Anthony,4874448,SAF,Mississippi,College Stats,6-0,195.0,4.55,37.0,,116.0,,,Cincinnati Bengals / 7th / 224th pick / 2024,-1,,,,AnthDa00,18.0,7.0,4.0,3.0,0.0,0.0,0.0,0.0,0.0,0,0.0,0.0,0.0,1.0,0.0,0.0,0.0,,,,,,,,,,,,,,,,,,,,,,,,,,,,,,,,,,,,,,,,,,,,,,,,,,,,,,,,,,,,,,,,,,,,,,,,,,,,,,33,,SR,61,SEC,,2023,1,0,0,0,13,0,19,3,https://www.sports-reference.com/cfb/players/daijahn-anthony-1.html,8,Daijahn Anthony,CB/S,0.0,Ole Miss,2026-04-01T19:50:45.779Z,28,season_totals,2.5
2024,2024.csv,Terrion Arnold,4592837,CB,Alabama,College Stats,6-0,189.0,4.5,37.0,,129.0,,,Detroit Lions / 1st / 24th pick / 2024,2024,8.0,detroit-lions,CB,ArnoTe00,16.0,60.0,47.0,13.0,0.0,0.0,1.0,-1.0,0.0,0,0.0,0.0,0.0,10.0,0.0,0.0,0.0,,,,,,,,,,,,,,,,,,,,,,,,,,,,,,,,,,,,,,,,,,,,,,,,,,,,,,,,,,,,,,,,,,,,,,,,,,,,,,23,,SO,63,SEC,,2023,1,0,0,0,14,0,69,5,https://www.sports-reference.com/cfb/players/terrion-arnold-1.html,12,Terrion Arnold,DB,1.0,Alabama,2026-04-01T19:53:40.340Z,40,season_totals,6.5
2024,2024.csv,Terrion Arnold,4592837,CB,Alabama,College Stats,6-0,189.0,4.5,37.0,,129.0,,,Detroit Lions / 1st / 24th pick / 2024,2025,8.0,detroit-lions,CB,ArnoTe00,8.0,31.0,23.0,8.0,0.0,0.0,0.0,0.0,1.0,0,0.0,0.0,0.0,8.0,0.5,0.0,0.0,,,,,,,,,,,,,,,,,,,,,,,,,,,,,,,,,,,,,,,,,,,,,,,,,,,,,,,,,,,,,,,,,,,,,,,,,,,,,,23,,SO,63,SEC,,2023,1,0,0,0,14,0,69,5,https://www.sports-reference.com/cfb/players/terrion-arnold-1.html,12,Terrion Arnold,DB,1.0,Alabama,2026-04-01T19:53:40.340Z,40,season_totals,6.5
2024,2024.csv,Terrion Arnold,4592837,CB,Alabama,College Stats,6-0,189.0,4.5,37.0,,129.0,,,Detroit Lions / 1st / 24th pick / 2024,-1,,,,ArnoTe00,24.0,91.0,70.0,21.0,0.0,0.0,1.0,-1.0,1.0,0,0.0,0.0,0.0,18.0,0.5,0.0,0.0,,,,,,,,,,,,,,,,,,,,,,,,,,,,,,,,,,,,,,,,,,,,,,,,,,,,,,,,,,,,,,,,,,,,,,,,,,,,,,23,,SO,63,SEC,,2023,1,0,0,0,14,0,69,5,https://www.sports-reference.com/cfb/players/terrion-arnold-1.html,12,Terrion Arnold,DB,1.0,Alabama,2026-04-01T19:53:40.340Z,40,season_totals,6.5
2024,2024.csv,Cole Bishop,4676004,SAF,Utah,College Stats,6-2,206.0,4.45,39.0,,124.0,,,Buffalo Bills / 2nd / 60th pick / 2024,2024,2.0,buffalo-bills,S,BishCo00,16.0,40.0,25.0,15.0,0.0,1.0,0.0,0.0,0.0,0,0.0,0.0,0.0,2.0,1.0,3.0,0.0,,,,,,,,,,,,,,,,,,,,,,,,,,,,,,,,,,,,,,,,,,,,,,,,,,,,,,,,,,,,,,,,,,,,,,,,,,,,,,25,,JR,60,Pac-12,,2023,1,2,0,0,11,0,10,2,https://www.sports-reference.com/cfb/players/cole-bishop-1.html,4,Cole Bishop,S,3.0,Utah,2026-04-01T20:14:25.351Z,35,season_totals,6.5
2024,2024.csv,Cole Bishop,4676004,SAF,Utah,College Stats,6-2,206.0,4.45,39.0,,124.0,,,Buffalo Bills / 2nd / 60th pick / 2024,2025,2.0,buffalo-bills,S,BishCo00,17.0,85.0,53.0,32.0,2.0,0.0,0.0,0.0,3.0,16,5.3,0.0,12.0,7.0,5.0,7.0,0.0,,,,,,,,,,,,,,,,,,,,,,,,,,,,,,,,,,,,,,,,,,,,,,,,,,,,,,,,,,,,,,,,,,,,,,,,,,,,,,25,,JR,60,Pac-12,,2023,1,2,0,0,11,0,10,2,https://www.sports-reference.com/cfb/players/cole-bishop-1.html,4,Cole Bishop,S,3.0,Utah,2026-04-01T20:14:25.351Z,35,season_totals,6.5
2024,2024.csv,Cole Bishop,4676004,SAF,Utah,College Stats,6-2,206.0,4.45,39.0,,124.0,,,Buffalo Bills / 2nd / 60th pick / 2024,-1,,,,BishCo00,33.0,125.0,78.0,47.0,2.0,1.0,0.0,0.0,3.0,16,5.3,0.0,12.0,9.0,6.0,10.0,0.0,,,,,,,,,,,,,,,,,,,,,,,,,,,,,,,,,,,,,,,,,,,,,,,,,,,,,,,,,,,,,,,,,,,,,,,,,,,,,,25,,JR,60,Pac-12,,2023,1,2,0,0,11,0,10,2,https://www.sports-reference.com/cfb/players/cole-bishop-1.html,4,Cole Bishop,S,3.0,Utah,2026-04-01T20:14:25.351Z,35,season_totals,6.5
2024,2024.csv,Jarvis Brownlee,4426817,CB,Louisville,College Stats,5-10,194.0,,,,,,,Tennessee Titans / 5th / 146th pick / 2024,2024,10.0,tennessee-titans,CB,BrowJa09,17.0,75.0,46.0,29.0,0.0,0.0,1.0,0.0,1.0,2,2.0,0.0,2.0,9.0,7.0,18.0,0.0,,,,,,,,,,,,,,,,,,,,,,,,,,,,,,,,,,,,,,,,,,,,,,,,,,,,,,,,,,,,,,,,,,,,,,,,,,,,,,14,,JR,30,ACC,,2023,0,1,0,0,11,0,18,1,https://www.sports-reference.com/cfb/players/jarvis-brownlee-1.html,6,Jarvis Brownlee,DB/CB,0.0,Louisville,2026-04-01T19:51:40.079Z,16,season_totals,1.0
2024,2024.csv,Jarvis Brownlee,4426817,CB,Louisville,College Stats,5-10,194.0,,,,,,,Tennessee Titans / 5th / 146th pick / 2024,2025,10.0,tennessee-titans,CB,BrowJa09,2.0,17.0,11.0,6.0,0.0,0.0,0.0,0.0,0.0,0,0.0,0.0,0.0,1.0,1.0,4.0,0.0,,,,,,,,,,,,,,,,,,,,,,,,,,,,,,,,,,,,,,,,,,,,,,,,,,,,,,,,,,,,,,,,,,,,,,,,,,,,,,14,,JR,30,ACC,,2023,0,1,0,0,11,0,18,1,https://www.sports-reference.com/cfb/players/jarvis-brownlee-1.html,6,Jarvis Brownlee,DB/CB,0.0,Louisville,2026-04-01T19:51:40.079Z,16,season_totals,1.0
2024,2024.csv,Jarvis Brownlee,4426817,CB,Louisville,College Stats,5-10,194.0,,,,,,,Tennessee Titans / 5th / 146th pick / 2024,2025,20.0,new-york-jets,CB,BrowJa09,7.0,36.0,24.0,12.0,0.0,1.0,0.0,0.0,0.0,0,0.0,0.0,0.0,2.0,2.0,1.0,0.0,,,,,,,,,,,,,,,,,,,,,,,,,,,,,,,,,,,,,,,,,,,,,,,,,,,,,,,,,,,,,,,,,,,,,,,,,,,,,,14,,JR,30,ACC,,2023,0,1,0,0,11,0,18,1,https://www.sports-reference.com/cfb/players/jarvis-brownlee-1.html,6,Jarvis Brownlee,DB/CB,0.0,Louisville,2026-04-01T19:51:40.079Z,16,season_totals,1.0
2024,2024.csv,Jarvis Brownlee,4426817,CB,Louisville,College Stats,5-10,194.0,,,,,,,Tennessee Titans / 5th / 146th pick / 2024,2025,,2025 Totals,CB,BrowJa09,9.0,53.0,35.0,18.0,0.0,1.0,0.0,0.0,0.0,0,0.0,0.0,0.0,3.0,3.0,5.0,0.0,,,,,,,,,,,,,,,,,,,,,,,,,,,,,,,,,,,,,,,,,,,,,,,,,,,,,,,,,,,,,,,,,,,,,,,,,,,,,,14,,JR,30,ACC,,2023,0,1,0,0,11,0,18,1,https://www.sports-reference.com/cfb/players/jarvis-brownlee-1.html,6,Jarvis Brownlee,DB/CB,0.0,Louisville,2026-04-01T19:51:40.079Z,16,season_totals,1.0
2024,2024.csv,Jarvis Brownlee,4426817,CB,Louisville,College Stats,5-10,194.0,,,,,,,Tennessee Titans / 5th / 146th pick / 2024,-1,,,,BrowJa09,26.0,128.0,81.0,47.0,0.0,1.0,1.0,0.0,1.0,2,2.0,0.0,2.0,12.0,10.0,23.0,0.0,,,,,,,,,,,,,,,,,,,,,,,,,,,,,,,,,,,,,,,,,,,,,,,,,,,,,,,,,,,,,,,,,,,,,,,,,,,,,,14,,JR,30,ACC,,2023,0,1,0,0,11,0,18,1,https://www.sports-reference.com/cfb/players/jarvis-brownlee-1.html,6,Jarvis Brownlee,DB/CB,0.0,Louisville,2026-04-01T19:51:40.079Z,16,season_totals,1.0
2024,2024.csv,Javon Bullard,4688930,SAF,Georgia,College Stats,5-11,198.0,4.47,,,,,,Green Bay Packers / 2nd / 58th pick / 2024,2024,9.0,green-bay-packers,S,BullJa00,15.0,90.0,61.0,29.0,0.0,0.0,1.0,3.0,0.0,0,0.0,0.0,0.0,1.0,2.5,6.0,0.0,,,,,,,,,,,,,,,,,,,,,,,,,,,,,,,,,,,,,,,,,,,,,,,,,,,,,,,,,,,,,,,,,,,,,,,,,,,,,,17,,JR,56,SEC,,2023,0,0,0,0,12,0,0,2,https://www.sports-reference.com/cfb/players/javon-bullard-1.html,5,Javon Bullard,DB,0.0,Georgia,2026-04-01T19:51:46.062Z,39,season_totals,1.0
2024,2024.csv,Javon Bullard,4688930,SAF,Georgia,College Stats,5-11,198.0,4.47,,,,,,Green Bay Packers / 2nd / 58th pick / 2024,2025,9.0,green-bay-packers,S,BullJa00,17.0,83.0,49.0,34.0,0.0,0.0,1.0,0.0,0.0,0,0.0,0.0,0.0,3.0,2.5,7.0,0.0,,,,,,,,,,,,,,,,,,,,,,,,,,,,,,,,,,,,,,,,,,,,,,,,,,,,,,,,,,,,,,,,,,,,,,,,,,,,,,17,,JR,56,SEC,,2023,0,0,0,0,12,0,0,2,https://www.sports-reference.com/cfb/players/javon-bullard-1.html,5,Javon Bullard,DB,0.0,Georgia,2026-04-01T19:51:46.062Z,39,season_totals,1.0
2024,2024.csv,Javon Bullard,4688930,SAF,Georgia,College Stats,5-11,198.0,4.47,,,,,,Green Bay Packers / 2nd / 58th pick / 2024,-1,,,,BullJa00,32.0,173.0,110.0,63.0,0.0,0.0,2.0,3.0,0.0,0,0.0,0.0,0.0,4.0,5.0,13.0,0.0,,,,,,,,,,,,,,,,,,,,,,,,,,,,,,,,,,,,,,,,,,,,,,,,,,,,,,,,,,,,,,,,,,,,,,,,,,,,,,17,,JR,56,SEC,,2023,0,0,0,0,12,0,0,2,https://www.sports-reference.com/cfb/players/javon-bullard-1.html,5,Javon Bullard,DB,0.0,Georgia,2026-04-01T19:51:46.062Z,39,season_totals,1.0
2024,2024.csv,Calen Bullock,4431517,SAF,USC,College Stats,6-2,188.0,4.48,,,,,,Houston Texans / 3rd / 78th pick / 2024,2024,34.0,houston-texans,S,BullCa00,17.0,54.0,37.0,17.0,0.0,0.0,1.0,0.0,5.0,96,19.2,0.0,68.0,11.0,0.0,0.0,0.0,,,,,,,,,,,,,,,,,,,,,,,,,,,,,,,,,,,,,,,,,,,,,,,,,,,,,,,,,,,,,,,,,,,,,,,,,,,,,,21,,JR,63,Pac-12,,2023,0,0,0,0,12,1,41,2,https://www.sports-reference.com/cfb/players/calen-bullock-1.html,7,Calen Bullock,S/DB,0.0,USC,2026-04-01T20:14:21.230Z,42,season_totals,0.0
2024,2024.csv,Calen Bullock,4431517,SAF,USC,College Stats,6-2,188.0,4.48,,,,,,Houston Texans / 3rd / 78th pick / 2024,2025,34.0,houston-texans,S,BullCa00,17.0,64.0,44.0,20.0,0.0,1.0,0.0,0.0,4.0,40,10.0,0.0,29.0,10.0,0.0,0.0,0.0,,,,,,,,,,,,,,,,,,,,,,,,,,,,,,,,,,,,,,,,,,,,,,,,,,,,,,,,,,,,,,,,,,,,,,,,,,,,,,21,,JR,63,Pac-12,,2023,0,0,0,0,12,1,41,2,https://www.sports-reference.com/cfb/players/calen-bullock-1.html,7,Calen Bullock,S/DB,0.0,USC,2026-04-01T20:14:21.230Z,42,season_totals,0.0
2024,2024.csv,Calen Bullock,4431517,SAF,USC,College Stats,6-2,188.0,4.48,,,,,,Houston Texans / 3rd / 78th pick / 2024,-1,,,,BullCa00,34.0,118.0,81.0,37.0,0.0,1.0,1.0,0.0,9.0,136,15.1,0.0,68.0,21.0,0.0,0.0,0.0,,,,,,,,,,,,,,,,,,,,,,,,,,,,,,,,,,,,,,,,,,,,,,,,,,,,,,,,,,,,,,,,,,,,,,,,,,,,,,21,,JR,63,Pac-12,,2023,0,0,0,0,12,1,41,2,https://www.sports-reference.com/cfb/players/calen-bullock-1.html,7,Calen Bullock,S/DB,0.0,USC,2026-04-01T20:14:21.230Z,42,season_totals,0.0
2024,2024.csv,Jaylon Carlies,4601021,SAF,Missouri,College Stats,6-3,227.0,4.5,32.5,20.0,125.0,,,Indianapolis Colts / 5th / 151st pick / 2024,2024,11.0,indianapolis-colts,LB,CarlJa01,10.0,36.0,24.0,12.0,1.0,0.0,0.0,0.0,0.0,0,0.0,0.0,0.0,1.0,1.0,3.0,0.0,,,,,,,,,,,,,,,,,,,,,,,,,,,,,,,,,,,,,,,,,,,,,,,,,,,,,,,,,,,,,,,,,,,,,,,,,,,,,,26,,SR,64,SEC,,2023,1,1,0,0,12,0,0,2,https://www.sports-reference.com/cfb/players/jaylon-carlies-1.html,5,Jaylon Carlies,DB,2.0,Missouri,2026-04-01T19:51:57.972Z,38,season_totals,4.5
2024,2024.csv,Jaylon Carlies,4601021,SAF,Missouri,College Stats,6-3,227.0,4.5,32.5,20.0,125.0,,,Indianapolis Colts / 5th / 151st pick / 2024,2025,11.0,indianapolis-colts,LB,CarlJa01,3.0,1.0,0.0,1.0,0.0,0.0,0.0,0.0,0.0,0,0.0,0.0,0.0,0.0,0.0,0.0,0.0,,,,,,,,,,,,,,,,,,,,,,,,,,,,,,,,,,,,,,,,,,,,,,,,,,,,,,,,,,,,,,,,,,,,,,,,,,,,,,26,,SR,64,SEC,,2023,1,1,0,0,12,0,0,2,https://www.sports-reference.com/cfb/players/jaylon-carlies-1.html,5,Jaylon Carlies,DB,2.0,Missouri,2026-04-01T19:51:57.972Z,38,season_totals,4.5
2024,2024.csv,Jaylon Carlies,4601021,SAF,Missouri,College Stats,6-3,227.0,4.5,32.5,20.0,125.0,,,Indianapolis Colts / 5th / 151st pick / 2024,-1,,,,CarlJa01,13.0,37.0,24.0,13.0,1.0,0.0,0.0,0.0,0.0,0,0.0,0.0,0.0,1.0,1.0,3.0,0.0,,,,,,,,,,,,,,,,,,,,,,,,,,,,,,,,,,,,,,,,,,,,,,,,,,,,,,,,,,,,,,,,,,,,,,,,,,,,,,26,,SR,64,SEC,,2023,1,1,0,0,12,0,0,2,https://www.sports-reference.com/cfb/players/jaylon-carlies-1.html,5,Jaylon Carlies,DB,2.0,Missouri,2026-04-01T19:51:57.972Z,38,season_totals,4.5
2024,2024.csv,Caelen Carson,4431006,CB,Wake Forest,College Stats,6-0,199.0,,,,,,,Dallas Cowboys / 5th / 174th pick / 2024,2024,6.0,dallas-cowboys,CB,CarsCa01,6.0,27.0,24.0,3.0,0.0,0.0,0.0,0.0,0.0,0,0.0,0.0,0.0,4.0,0.0,0.0,0.0,,,,,,,,,,,,,,,,,,,,,,,,,,,,,,,,,,,,,,,,,,,,,,,,,,,,,,,,,,,,,,,,,,,,,,,,,,,,,,13,,JR,42,ACC,,2023,1,1,0,0,11,0,0,0,https://www.sports-reference.com/cfb/players/caelen-carson-1.html,8,Caelen Carson,DB,0.0,Wake Forest,2026-04-01T19:50:03.721Z,29,season_totals,1.0
2024,2024.csv,Caelen Carson,4431006,CB,Wake Forest,College Stats,6-0,199.0,,,,,,,Dallas Cowboys / 5th / 174th pick / 2024,2025,6.0,dallas-cowboys,CB,CarsCa01,8.0,17.0,12.0,5.0,0.0,0.0,0.0,0.0,0.0,0,0.0,0.0,0.0,2.0,0.5,1.0,0.0,,,,,,,,,,,,,,,,,,,,,,,,,,,,,,,,,,,,,,,,,,,,,,,,,,,,,,,,,,,,,,,,,,,,,,,,,,,,,,13,,JR,42,ACC,,2023,1,1,0,0,11,0,0,0,https://www.sports-reference.com/cfb/players/caelen-carson-1.html,8,Caelen Carson,DB,0.0,Wake Forest,2026-04-01T19:50:03.721Z,29,season_totals,1.0
2024,2024.csv,Caelen Carson,4431006,CB,Wake Forest,College Stats,6-0,199.0,,,,,,,Dallas Cowboys / 5th / 174th pick / 2024,-1,,,,CarsCa01,14.0,44.0,36.0,8.0,0.0,0.0,0.0,0.0,0.0,0,0.0,0.0,0.0,6.0,0.5,1.0,0.0,,,,,,,,,,,,,,,,,,,,,,,,,,,,,,,,,,,,,,,,,,,,,,,,,,,,,,,,,,,,,,,,,,,,,,,,,,,,,,13,,JR,42,ACC,,2023,1,1,0,0,11,0,0,0,https://www.sports-reference.com/cfb/players/caelen-carson-1.html,8,Caelen Carson,DB,0.0,Wake Forest,2026-04-01T19:50:03.721Z,29,season_totals,1.0
2024,2024.csv,Cooper DeJean,4682618,CB,Iowa,College Stats,6-1,203.0,,,,,,,Philadelphia Eagles / 2nd / 40th pick / 2024,2024,21.0,philadelphia-eagles,CB,DeJeCo00,16.0,51.0,38.0,13.0,0.5,1.0,3.0,0.0,0.0,0,0.0,0.0,0.0,6.0,1.0,6.0,0.0,,,,,,,,,,,,,,,,,,,,,,,,,,,,,,16,21.0,211,0.0,21.0,31.0,0.0,0,0.0,0.0,0.0,16.0,0,0,0.0,0,0.0,0,0,0,0,39.6,-,,,,,,,,,,,,,,,,,,,,,,,,,,15,AA,JR,41,Big Ten,,2023,0,0,0,0,10,0,41,2,https://www.sports-reference.com/cfb/players/cooper-dejean-1.html,5,Cooper DeJean,DB,0.0,Iowa,2026-04-01T19:50:33.727Z,26,season_totals,2.0
2024,2024.csv,Cooper DeJean,4682618,CB,Iowa,College Stats,6-1,203.0,,,,,,,Philadelphia Eagles / 2nd / 40th pick / 2024,2025,21.0,philadelphia-eagles,CB,DeJeCo00,16.0,93.0,64.0,29.0,0.0,1.0,0.0,0.0,2.0,32,16.0,0.0,21.0,16.0,3.5,10.0,0.0,,,,,,,,,,,,,,,,,,,,,,,,,,,,,,,,,,,,,,,,,,,,,,,,,,,,,,,,,,,,,,,,,,,,,,,,,,,,,,15,AA,JR,41,Big Ten,,2023,0,0,0,0,10,0,41,2,https://www.sports-reference.com/cfb/players/cooper-dejean-1.html,5,Cooper DeJean,DB,0.0,Iowa,2026-04-01T19:50:33.727Z,26,season_totals,2.0
2024,2024.csv,Cooper DeJean,4682618,CB,Iowa,College Stats,6-1,203.0,,,,,,,Philadelphia Eagles / 2nd / 40th pick / 2024,-1,,,,DeJeCo00,32.0,144.0,102.0,42.0,0.5,2.0,3.0,0.0,2.0,32,16.0,0.0,21.0,22.0,4.5,16.0,0.0,,,,,,,,,,,,,,,,,,,,,,,,,,,,,,32,21.0,211,0.0,21.0,31.0,0.0,0,0.0,0.0,0.0,32.0,0,0,0.0,0,0.0,0,0,0,0,0.0,-,,,,,,,,,,,,,,,,,,,,,,,,,,15,AA,JR,41,Big Ten,,2023,0,0,0,0,10,0,41,2,https://www.sports-reference.com/cfb/players/cooper-dejean-1.html,5,Cooper DeJean,DB,0.0,Iowa,2026-04-01T19:50:33.727Z,26,season_totals,2.0
2024,2024.csv,Marcellas Dial,4875079,CB,South Carolina,College Stats,6-0,190.0,4.46,40.5,,129.0,,,New England Patriots / 6th / 180th pick / 2024,2024,17.0,new-england-patriots,CB,DialMa00,17.0,12.0,6.0,6.0,0.0,1.0,0.0,0.0,0.0,0,0.0,0.0,0.0,0.0,1.0,0.0,0.0,,,,,,,,,,,,,,,,,,,,,,,,,,,,,,,,,,,,,,,,,,,,,,,,,,,,,,,,,,,,,,,,,,,,,,,,,,,,,,11,,SR,36,SEC,,2023,0,0,0,0,12,0,0,0,https://www.sports-reference.com/cfb/players/marcellas-dial-1.html,10,Marcellas Dial,DB,1.0,South Carolina,2026-04-01T19:52:46.171Z,25,season_totals,2.0
2024,2024.csv,Marcellas Dial,4875079,CB,South Carolina,College Stats,6-0,190.0,4.46,40.5,,129.0,,,New England Patriots / 6th / 180th pick / 2024,-1,,,,DialMa00,17.0,12.0,6.0,6.0,0.0,1.0,0.0,0.0,0.0,0,0.0,0.0,0.0,0.0,1.0,0.0,0.0,,,,,,,,,,,,,,,,,,,,,,,,,,,,,,,,,,,,,,,,,,,,,,,,,,,,,,,,,,,,,,,,,,,,,,,,,,,,,,11,,SR,36,SEC,,2023,0,0,0,0,12,0,0,0,https://www.sports-reference.com/cfb/players/marcellas-dial-1.html,10,Marcellas Dial,DB,1.0,South Carolina,2026-04-01T19:52:46.171Z,25,season_totals,2.0
2024,2024.csv,Renardo Green,4427325,CB,Florida St.,College Stats,6-0,186.0,4.49,37.5,,130.0,,,San Francisco 49ers / 2nd / 64th pick / 2024,2024,25.0,san-francisco-49ers,CB,GreeRe00,17.0,61.0,41.0,20.0,0.0,1.0,0.0,0.0,1.0,20,20.0,0.0,20.0,13.0,1.0,0.0,0.0,,,,,,,,,,,,,,,,,,,,,,,,,,,,,,,,,,,,,,,,,,,,,,,,,,,,,,,,,,,,,,,,,,,,,,,,,,,,,,11,,SR,43,ACC,,2023,0,0,0,0,13,0,0,1,https://www.sports-reference.com/cfb/players/renardo-green-1.html,13,Renardo Green,DB,0.5,Florida State,2026-04-01T19:53:22.293Z,32,season_totals,2.5
2024,2024.csv,Renardo Green,4427325,CB,Florida St.,College Stats,6-0,186.0,4.49,37.5,,130.0,,,San Francisco 49ers / 2nd / 64th pick / 2024,2025,25.0,san-francisco-49ers,CB,GreeRe00,14.0,60.0,36.0,24.0,0.0,0.0,0.0,0.0,0.0,0,0.0,0.0,0.0,10.0,0.5,0.0,0.0,,,,,,,,,,,,,,,,,,,,,,,,,,,,,,,,,,,,,,,,,,,,,,,,,,,,,,,,,,,,,,,,,,,,,,,,,,,,,,11,,SR,43,ACC,,2023,0,0,0,0,13,0,0,1,https://www.sports-reference.com/cfb/players/renardo-green-1.html,13,Renardo Green,DB,0.5,Florida State,2026-04-01T19:53:22.293Z,32,season_totals,2.5
2024,2024.csv,Renardo Green,4427325,CB,Florida St.,College Stats,6-0,186.0,4.49,37.5,,130.0,,,San Francisco 49ers / 2nd / 64th pick / 2024,-1,,,,GreeRe00,31.0,121.0,77.0,44.0,0.0,1.0,0.0,0.0,1.0,20,20.0,0.0,20.0,23.0,1.5,0.0,0.0,,,,,,,,,,,,,,,,,,,,,,,,,,,,,,,,,,,,,,,,,,,,,,,,,,,,,,,,,,,,,,,,,,,,,,,,,,,,,,11,,SR,43,ACC,,2023,0,0,0,0,13,0,0,1,https://www.sports-reference.com/cfb/players/renardo-green-1.html,13,Renardo Green,DB,0.5,Florida State,2026-04-01T19:53:22.293Z,32,season_totals,2.5
2024,2024.csv,Kamal Hadden,4427356,CB,Tennessee,College Stats,6-1,196.0,,,,,,,Kansas City Chiefs / 6th / 211th pick / 2024,2025,9.0,green-bay-packers,CB,HaddKa00,10.0,5.0,1.0,4.0,0.0,0.0,0.0,0.0,0.0,0,0.0,0.0,0.0,0.0,0.0,0.0,0.0,,,,,,,,,,,,,,,,,,,,,,,,,,,,,,,,,,,,,,,,,,,,,,,,,,,,,,,,,,,,,,,,,,,,,,,,,,,,,,6,,SR,19,SEC,,2023,0,0,0,0,7,1,33,3,https://www.sports-reference.com/cfb/players/kamal-hadden-1.html,8,Kamal Hadden,DB,0.0,Tennessee,2026-04-01T19:52:10.179Z,13,season_totals,0.0
2024,2024.csv,Kamal Hadden,4427356,CB,Tennessee,College Stats,6-1,196.0,,,,,,,Kansas City Chiefs / 6th / 211th pick / 2024,-1,,,,HaddKa00,10.0,5.0,1.0,4.0,0.0,0.0,0.0,0.0,0.0,0,0.0,0.0,0.0,0.0,0.0,0.0,0.0,,,,,,,,,,,,,,,,,,,,,,,,,,,,,,,,,,,,,,,,,,,,,,,,,,,,,,,,,,,,,,,,,,,,,,,,,,,,,,6,,SR,19,SEC,,2023,0,0,0,0,7,1,33,3,https://www.sports-reference.com/cfb/players/kamal-hadden-1.html,8,Kamal Hadden,DB,0.0,Tennessee,2026-04-01T19:52:10.179Z,13,season_totals,0.0
2024,2024.csv,Cam Hart,4427404,CB,Notre Dame,College Stats,6-3,202.0,4.5,39.5,11.0,130.0,7.12,4.24,Los Angeles Chargers / 5th / 140th pick / 2024,2024,24.0,los-angeles-chargers,CB,HartCa00,14.0,37.0,28.0,9.0,0.5,1.0,0.0,0.0,0.0,0,0.0,0.0,0.0,7.0,0.0,0.0,0.0,,,,,,,,,,,,,,,,,,,,,,,,,,,,,,,,,,,,,,,,,,,,,,,,,,,,,,,,,,,,,,,,,,,,,,,,,,,,,,6,,SR,21,Ind,,2023,3,1,0,0,12,0,0,0,https://www.sports-reference.com/cfb/players/cam-hart-1.html,4,Cam Hart,CB,0.0,Notre Dame,2026-04-01T19:50:15.795Z,15,season_totals,3.0
2024,2024.csv,Cam Hart,4427404,CB,Notre Dame,College Stats,6-3,202.0,4.5,39.5,11.0,130.0,7.12,4.24,Los Angeles Chargers / 5th / 140th pick / 2024,2025,24.0,los-angeles-chargers,CB,HartCa00,16.0,48.0,37.0,11.0,0.0,0.0,0.0,0.0,1.0,27,27.0,0.0,27.0,11.0,0.0,0.0,0.0,,,,,,,,,,,,,,,,,,,,,,,,,,,,,,16,1.0,0,0.0,0.0,0.0,0.0,0,0.0,0.0,0.0,,,,,,,,,,,,,,,,,,,,,,,,,,,,,,,,,,,,,,6,,SR,21,Ind,,2023,3,1,0,0,12,0,0,0,https://www.sports-reference.com/cfb/players/cam-hart-1.html,4,Cam Hart,CB,0.0,Notre Dame,2026-04-01T19:50:15.795Z,15,season_totals,3.0
2024,2024.csv,Cam Hart,4427404,CB,Notre Dame,College Stats,6-3,202.0,4.5,39.5,11.0,130.0,7.12,4.24,Los Angeles Chargers / 5th / 140th pick / 2024,-1,,,,HartCa00,30.0,85.0,65.0,20.0,0.5,1.0,0.0,0.0,1.0,27,27.0,0.0,27.0,18.0,0.0,0.0,0.0,,,,,,,,,,,,,,,,,,,,,,,,,,,,,,30,1.0,0,0.0,0.0,0.0,0.0,0,0.0,0.0,0.0,,,,,,,,,,,,,,,,,,,,,,,,,,,,,,,,,,,,,,6,,SR,21,Ind,,2023,3,1,0,0,12,0,0,0,https://www.sports-reference.com/cfb/players/cam-hart-1.html,4,Cam Hart,CB,0.0,Notre Dame,2026-04-01T19:50:15.795Z,15,season_totals,3.0
2024,2024.csv,Jaden Hicks,4685232,SAF,Washington St.,College Stats,6-2,211.0,,37.5,16.0,122.0,6.88,4.37,Kansas City Chiefs / 4th / 133rd pick / 2024,2024,12.0,kansas-city-chiefs,S,HickJa01,17.0,29.0,23.0,6.0,0.0,0.0,0.0,0.0,3.0,50,16.7,0.0,47.0,5.0,2.0,2.0,0.0,,,,,,,,,,,17,1,1,1.0,0,1,0,0,0,,,,,,,,,,,,,,,,,,,,,,17.0,0,0,0.0,0,0.0,0,0,0,0,39.6,-,,,,,,,,,,,,,,,,,,,,,,,,,,30,,SO,79,Pac-12,,2023,1,0,0,0,12,1,37,2,https://www.sports-reference.com/cfb/players/jaden-hicks-1.html,4,Jaden Hicks,DB,2.5,Washington State,2026-04-01T19:51:21.965Z,49,season_totals,6.0
2024,2024.csv,Jaden Hicks,4685232,SAF,Washington St.,College Stats,6-2,211.0,,37.5,16.0,122.0,6.88,4.37,Kansas City Chiefs / 4th / 133rd pick / 2024,2025,12.0,kansas-city-chiefs,S,HickJa01,17.0,42.0,29.0,13.0,0.5,0.0,0.0,0.0,0.0,0,0.0,0.0,0.0,4.0,1.0,0.0,0.0,,,,,,,,,,,,,,,,,,,,,,,,,,,,,,,,,,,,,,,,,,,,,,,,,,,,,,,,,,,,,,,,,,,,,,,,,,,,,,30,,SO,79,Pac-12,,2023,1,0,0,0,12,1,37,2,https://www.sports-reference.com/cfb/players/jaden-hicks-1.html,4,Jaden Hicks,DB,2.5,Washington State,2026-04-01T19:51:21.965Z,49,season_totals,6.0
2024,2024.csv,Jaden Hicks,4685232,SAF,Washington St.,College Stats,6-2,211.0,,37.5,16.0,122.0,6.88,4.37,Kansas City Chiefs / 4th / 133rd pick / 2024,-1,,,,HickJa01,34.0,71.0,52.0,19.0,0.5,0.0,0.0,0.0,3.0,50,16.7,0.0,47.0,9.0,3.0,2.0,0.0,,,,,,,,,,,34,1,1,1.0,0,1,0,0,0,,,,,,,,,,,,,,,,,,,,,,34.0,0,0,0.0,0,0.0,0,0,0,0,0.0,-,,,,,,,,,,,,,,,,,,,,,,,,,,30,,SO,79,Pac-12,,2023,1,0,0,0,12,1,37,2,https://www.sports-reference.com/cfb/players/jaden-hicks-1.html,4,Jaden Hicks,DB,2.5,Washington State,2026-04-01T19:51:21.965Z,49,season_totals,6.0
2024,2024.csv,Elijah Jones,4360203,CB,Boston Col.,College Stats,6-2,185.0,4.44,42.5,,131.0,,,Arizona Cardinals / 3rd / 90th pick / 2024,2025,22.0,arizona-cardinals,CB,JoneEl00,10.0,3.0,0.0,3.0,0.0,0.0,0.0,0.0,0.0,0,0.0,0.0,0.0,2.0,0.0,0.0,0.0,,,,,,,,,,,,,,,,,,,,,,,,,,,,,,,,,,,,,,,,,,,,,,,,,,,,,,,,,,,,,,,,,,,,,,,,,,,,,,15,,JR,31,MAC,,2012,2,0,0,0,13,0,16,1,https://www.sports-reference.com/cfb/players/elijah-jones-1.html,0,Elijah Jones,DL,1.5,Toledo,2026-04-01T19:51:03.867Z,16,season_totals,7.5
2024,2024.csv,Elijah Jones,4360203,CB,Boston Col.,College Stats,6-2,185.0,4.44,42.5,,131.0,,,Arizona Cardinals / 3rd / 90th pick / 2024,-1,,,,JoneEl00,10.0,3.0,0.0,3.0,0.0,0.0,0.0,0.0,0.0,0,0.0,0.0,0.0,2.0,0.0,0.0,0.0,,,,,,,,,,,,,,,,,,,,,,,,,,,,,,,,,,,,,,,,,,,,,,,,,,,,,,,,,,,,,,,,,,,,,,,,,,,,,,15,,JR,31,MAC,,2012,2,0,0,0,13,0,16,1,https://www.sports-reference.com/cfb/players/elijah-jones-1.html,0,Elijah Jones,DL,1.5,Toledo,2026-04-01T19:51:03.867Z,16,season_totals,7.5
2024,2024.csv,Jarrian Jones,4426448,CB,Florida St.,College Stats,6-0,190.0,4.38,39.5,,129.0,,,Jacksonville Jaguars / 3rd / 96th pick / 2024,2024,30.0,jacksonville-jaguars,CB,JoneJa14,17.0,40.0,30.0,10.0,2.0,0.0,0.0,0.0,1.0,0,0.0,0.0,0.0,8.0,1.0,0.0,0.0,,,,,,,,,,,,,,,,,,,,,,,,,,,,,,,,,,,,,,,,,,,,,,,,,,,,,,,,,,,,,,,,,,,,,,,,,,,,,,9,,SR,25,ACC,,2023,1,1,0,3,12,1,32,3,https://www.sports-reference.com/cfb/players/jarrian-jones-1.html,3,Jarrian Jones,CB/DB,1.0,Florida State,2026-04-01T19:51:33.910Z,16,season_totals,5.0
2024,2024.csv,Jarrian Jones,4426448,CB,Florida St.,College Stats,6-0,190.0,4.38,39.5,,129.0,,,Jacksonville Jaguars / 3rd / 96th pick / 2024,2025,30.0,jacksonville-jaguars,CB,JoneJa14,17.0,49.0,35.0,14.0,0.0,0.0,1.0,0.0,3.0,13,4.3,0.0,13.0,8.0,2.0,10.0,0.0,,,,,,,,,,,,,,,,,,,,,,,,,,,,,,,,,,,,,,,,,,,,,,,,,,,,,,,,,,,,,,,,,,,,,,,,,,,,,,9,,SR,25,ACC,,2023,1,1,0,3,12,1,32,3,https://www.sports-reference.com/cfb/players/jarrian-jones-1.html,3,Jarrian Jones,CB/DB,1.0,Florida State,2026-04-01T19:51:33.910Z,16,season_totals,5.0
2024,2024.csv,Jarrian Jones,4426448,CB,Florida St.,College Stats,6-0,190.0,4.38,39.5,,129.0,,,Jacksonville Jaguars / 3rd / 96th pick / 2024,-1,,,,JoneJa14,34.0,89.0,65.0,24.0,2.0,0.0,1.0,0.0,4.0,13,3.3,0.0,13.0,16.0,3.0,10.0,0.0,,,,,,,,,,,,,,,,,,,,,,,,,,,,,,,,,,,,,,,,,,,,,,,,,,,,,,,,,,,,,,,,,,,,,,,,,,,,,,9,,SR,25,ACC,,2023,1,1,0,3,12,1,32,3,https://www.sports-reference.com/cfb/players/jarrian-jones-1.html,3,Jarrian Jones,CB/DB,1.0,Florida State,2026-04-01T19:51:33.910Z,16,season_totals,5.0
2024,2024.csv,Ennis Rakestraw Jr.,4566092,CB,Missouri,College Stats,5-11,183.0,4.51,,,120.0,,,Detroit Lions / 2nd / 61st pick / 2024,2024,8.0,detroit-lions,CB,RakeEn00,8.0,6.0,4.0,2.0,0.0,0.0,0.0,0.0,0.0,0,0.0,0.0,0.0,0.0,0.0,0.0,0.0,,,,,,,,,,,,,,,,,,,,,,,,,,,,,,,,,,,,,,,,,,,,,,,,,,,,,,,,,,,,,,,,,,,,,,,,,,,,,,11,,SR,35,SEC,,2023,1,0,0,0,9,0,0,0,https://www.sports-reference.com/cfb/players/ennis-rakestraw-jr-1.html,4,Ennis Rakestraw Jr.,DB,0.0,Missouri,2026-04-01T19:51:10.001Z,24,season_totals,1.5
2024,2024.csv,Ennis Rakestraw Jr.,4566092,CB,Missouri,College Stats,5-11,183.0,4.51,,,120.0,,,Detroit Lions / 2nd / 61st pick / 2024,-1,,,,RakeEn00,8.0,6.0,4.0,2.0,0.0,0.0,0.0,0.0,0.0,0,0.0,0.0,0.0,0.0,0.0,0.0,0.0,,,,,,,,,,,,,,,,,,,,,,,,,,,,,,,,,,,,,,,,,,,,,,,,,,,,,,,,,,,,,,,,,,,,,,,,,,,,,,11,,SR,35,SEC,,2023,1,0,0,0,9,0,0,0,https://www.sports-reference.com/cfb/players/ennis-rakestraw-jr-1.html,4,Ennis Rakestraw Jr.,DB,0.0,Missouri,2026-04-01T19:51:10.001Z,24,season_totals,1.5
2024,2024.csv,Kamren Kinchens,4596363,SAF,Miami,College Stats,5-11,203.0,4.65,35.0,,110.0,,,Los Angeles Rams / 3rd / 99th pick / 2024,2024,14.0,los-angeles-rams,S,KincKa00,17.0,57.0,36.0,21.0,0.0,1.0,0.0,0.0,4.0,123,30.8,1.0,103.0,6.0,2.0,1.0,0.0,17,0.0,0.0,0.0,1.0,0.0,0.0,0.0,0.0,0.0,,,,,,,,,,,,,,,,,,,,,,,,,,,,,,,17.0,0,0,0.0,0,0.0,0,0,0,0,39.6,-,,,,,,,,,,,,,,,,,,,,,,,,,,19,,JR,59,ACC,,2023,0,1,0,0,10,1,57,5,https://www.sports-reference.com/cfb/players/kamren-kinchens-1.html,5,Kamren Kinchens,S/DB,1.0,Miami (FL),2026-04-01T19:52:22.210Z,40,season_totals,2.5
2024,2024.csv,Kamren Kinchens,4596363,SAF,Miami,College Stats,5-11,203.0,4.65,35.0,,110.0,,,Los Angeles Rams / 3rd / 99th pick / 2024,2025,14.0,los-angeles-rams,S,KincKa00,17.0,84.0,56.0,28.0,0.0,0.0,2.0,13.0,2.0,53,26.5,0.0,31.0,6.0,2.0,0.0,0.0,,,,,,,,,,,,,,,,,,,,,,,,,,,,,,,,,,,,,,,,,,,,,,,,,,,,,,,,,,,,,,,,,,,,,,,,,,,,,,19,,JR,59,ACC,,2023,0,1,0,0,10,1,57,5,https://www.sports-reference.com/cfb/players/kamren-kinchens-1.html,5,Kamren Kinchens,S/DB,1.0,Miami (FL),2026-04-01T19:52:22.210Z,40,season_totals,2.5
2024,2024.csv,Kamren Kinchens,4596363,SAF,Miami,College Stats,5-11,203.0,4.65,35.0,,110.0,,,Los Angeles Rams / 3rd / 99th pick / 2024,-1,,,,KincKa00,34.0,141.0,92.0,49.0,0.0,1.0,2.0,13.0,6.0,176,29.3,1.0,103.0,12.0,4.0,1.0,0.0,34,0.0,0.0,0.0,1.0,0.0,0.0,0.0,0.0,0.0,,,,,,,,,,,,,,,,,,,,,,,,,,,,,,,34.0,0,0,0.0,0,0.0,0,0,0,0,0.0,-,,,,,,,,,,,,,,,,,,,,,,,,,,19,,JR,59,ACC,,2023,0,1,0,0,10,1,57,5,https://www.sports-reference.com/cfb/players/kamren-kinchens-1.html,5,Kamren Kinchens,S/DB,1.0,Miami (FL),2026-04-01T19:52:22.210Z,40,season_totals,2.5
2024,2024.csv,Kamari Lassiter,4602699,CB,Georgia,College Stats,6-0,186.0,,,,,6.62,4.12,Houston Texans / 2nd / 42nd pick / 2024,2024,34.0,houston-texans,CB,LassKa00,14.0,58.0,42.0,16.0,0.0,0.0,0.0,0.0,3.0,9,3.0,0.0,9.0,10.0,3.0,10.0,0.0,,,,,,,,,,,,,,,,,,,,,,,,,,,,,,,,,,,,,,,,,,,,,,,,,,,,,,,,,,,,,,,,,,,,,,,,,,,,,,16,,JR,37,SEC,,2023,0,0,0,0,14,0,0,0,https://www.sports-reference.com/cfb/players/kamari-lassiter-1.html,8,Kamari Lassiter,DB,0.5,Georgia,2026-04-01T19:52:16.312Z,21,season_totals,3.5
2024,2024.csv,Kamari Lassiter,4602699,CB,Georgia,College Stats,6-0,186.0,,,,,6.62,4.12,Houston Texans / 2nd / 42nd pick / 2024,2025,34.0,houston-texans,CB,LassKa00,16.0,91.0,62.0,29.0,0.0,0.0,0.0,0.0,4.0,0,0.0,0.0,0.0,17.0,9.5,14.0,0.0,,,,,,,,,,,,,,,,,,,,,,,,,,,,,,,,,,,,,,,,,,,,,,,,,,,,,,,,,,,,,,,,,,,,,,,,,,,,,,16,,JR,37,SEC,,2023,0,0,0,0,14,0,0,0,https://www.sports-reference.com/cfb/players/kamari-lassiter-1.html,8,Kamari Lassiter,DB,0.5,Georgia,2026-04-01T19:52:16.312Z,21,season_totals,3.5
2024,2024.csv,Kamari Lassiter,4602699,CB,Georgia,College Stats,6-0,186.0,,,,,6.62,4.12,Houston Texans / 2nd / 42nd pick / 2024,-1,,,,LassKa00,30.0,149.0,104.0,45.0,0.0,0.0,0.0,0.0,7.0,9,1.3,0.0,9.0,27.0,12.5,24.0,0.0,,,,,,,,,,,,,,,,,,,,,,,,,,,,,,,,,,,,,,,,,,,,,,,,,,,,,,,,,,,,,,,,,,,,,,,,,,,,,,16,,JR,37,SEC,,2023,0,0,0,0,14,0,0,0,https://www.sports-reference.com/cfb/players/kamari-lassiter-1.html,8,Kamari Lassiter,DB,0.5,Georgia,2026-04-01T19:52:16.312Z,21,season_totals,3.5
2024,2024.csv,Kool-Aid McKinstry,4433975,CB,Alabama,College Stats,6-0,199.0,,,,,,,New Orleans Saints / 2nd / 41st pick / 2024,2024,18.0,new-orleans-saints,CB,McKiKo00,15.0,42.0,32.0,10.0,0.0,0.0,0.0,0.0,0.0,0,0.0,0.0,0.0,6.0,1.0,2.0,0.0,,,,,,,,,,,,,,,,,,,,,,,,,,,,,,,,,,,,,,,,,,,,,,,,,,,,,,,,,,,,,,,,,,,,,,,,,,,,,,8,,JR,32,SEC,,2023,0,0,0,0,14,0,0,0,https://www.sports-reference.com/cfb/players/kool-aid-mckinstry-1.html,7,Kool-Aid McKinstry,DB,0.0,Alabama,2026-04-01T19:52:28.084Z,24,season_totals,2.0
2024,2024.csv,Kool-Aid McKinstry,4433975,CB,Alabama,College Stats,6-0,199.0,,,,,,,New Orleans Saints / 2nd / 41st pick / 2024,2025,18.0,new-orleans-saints,CB,McKiKo00,17.0,76.0,59.0,17.0,0.0,0.0,0.0,0.0,3.0,0,0.0,0.0,0.0,17.0,2.0,3.0,0.0,,,,,,,,,,,,,,,,,,,,,,,,,,,,,,,,,,,,,,,,,,,,,,,,,,,,,,,,,,,,,,,,,,,,,,,,,,,,,,8,,JR,32,SEC,,2023,0,0,0,0,14,0,0,0,https://www.sports-reference.com/cfb/players/kool-aid-mckinstry-1.html,7,Kool-Aid McKinstry,DB,0.0,Alabama,2026-04-01T19:52:28.084Z,24,season_totals,2.0
2024,2024.csv,Kool-Aid McKinstry,4433975,CB,Alabama,College Stats,6-0,199.0,,,,,,,New Orleans Saints / 2nd / 41st pick / 2024,-1,,,,McKiKo00,32.0,118.0,91.0,27.0,0.0,0.0,0.0,0.0,3.0,0,0.0,0.0,0.0,23.0,3.0,5.0,0.0,,,,,,,,,,,,,,,,,,,,,,,,,,,,,,,,,,,,,,,,,,,,,,,,,,,,,,,,,,,,,,,,,,,,,,,,,,,,,,8,,JR,32,SEC,,2023,0,0,0,0,14,0,0,0,https://www.sports-reference.com/cfb/players/kool-aid-mckinstry-1.html,7,Kool-Aid McKinstry,DB,0.0,Alabama,2026-04-01T19:52:28.084Z,24,season_totals,2.0
2024,2024.csv,Max Melton,4698113,CB,Rutgers,College Stats,5-11,187.0,4.39,40.5,,136.0,,,Arizona Cardinals / 2nd / 43rd pick / 2024,2024,22.0,arizona-cardinals,CB,MeltMa00,17.0,51.0,36.0,15.0,0.0,1.0,0.0,0.0,0.0,0,0.0,0.0,0.0,5.0,2.0,4.0,0.0,,,,,,,,,,,,,,,,,,,,,,,,,,,,,,,,,,,,,,,,,,,,,,,,,,,,,,,,,,,,,,,,,,,,,,,,,,,,,,11,,JR,32,Big Ten,,2023,1,1,0,0,12,0,5,3,https://www.sports-reference.com/cfb/players/max-melton-1.html,6,Max Melton,DB,1.0,Rutgers,2026-04-01T19:52:52.180Z,21,season_totals,4.0
2024,2024.csv,Max Melton,4698113,CB,Rutgers,College Stats,5-11,187.0,4.39,40.5,,136.0,,,Arizona Cardinals / 2nd / 43rd pick / 2024,2025,22.0,arizona-cardinals,CB,MeltMa00,10.0,31.0,21.0,10.0,0.0,0.0,0.0,0.0,0.0,0,0.0,0.0,0.0,5.0,0.0,2.0,0.0,,,,,,,,,,,,,,,,,,,,,,,,,,,,,,,,,,,,,,,,,,,,,,,,,,,,,,,,,,,,,,,,,,,,,,,,,,,,,,11,,JR,32,Big Ten,,2023,1,1,0,0,12,0,5,3,https://www.sports-reference.com/cfb/players/max-melton-1.html,6,Max Melton,DB,1.0,Rutgers,2026-04-01T19:52:52.180Z,21,season_totals,4.0
2024,2024.csv,Max Melton,4698113,CB,Rutgers,College Stats,5-11,187.0,4.39,40.5,,136.0,,,Arizona Cardinals / 2nd / 43rd pick / 2024,-1,,,,MeltMa00,27.0,82.0,57.0,25.0,0.0,1.0,0.0,0.0,0.0,0,0.0,0.0,0.0,10.0,2.0,6.0,0.0,,,,,,,,,,,,,,,,,,,,,,,,,,,,,,,,,,,,,,,,,,,,,,,,,,,,,,,,,,,,,,,,,,,,,,,,,,,,,,11,,JR,32,Big Ten,,2023,1,1,0,0,12,0,5,3,https://www.sports-reference.com/cfb/players/max-melton-1.html,6,Max Melton,DB,1.0,Rutgers,2026-04-01T19:52:52.180Z,21,season_totals,4.0
2024,2024.csv,Quinyon Mitchell,4686273,CB,Toledo,College Stats,6-0,195.0,4.33,38.0,20.0,122.0,,,Philadelphia Eagles / 1st / 22nd pick / 2024,2024,21.0,philadelphia-eagles,CB,MitcQu00,16.0,46.0,37.0,9.0,0.0,0.0,0.0,0.0,0.0,0,0.0,0.0,0.0,12.0,0.5,0.0,0.0,,,,,,,,,,,,,,,,,,,,,,,,,,,,,,,,,,,,,,,,,,,,,,,,,,,,,,,,,,,,,,,,,,,,,,,,,,,,,,9,,JR,41,MAC,,2023,0,0,0,0,13,0,3,1,https://www.sports-reference.com/cfb/players/quinyon-mitchell-1.html,18,Quinyon Mitchell,CB,0.0,Toledo,2026-04-01T19:53:16.277Z,32,season_totals,2.0
2024,2024.csv,Quinyon Mitchell,4686273,CB,Toledo,College Stats,6-0,195.0,4.33,38.0,20.0,122.0,,,Philadelphia Eagles / 1st / 22nd pick / 2024,2025,21.0,philadelphia-eagles,CB,MitcQu00,16.0,45.0,35.0,10.0,0.0,0.0,1.0,6.0,0.0,0,0.0,0.0,0.0,17.0,0.0,0.0,0.0,,,,,,,,,,,,,,,,,,,,,,,,,,,,,,,,,,,,,,,,,,,,,,,,,,,,,,,,,,,,,,,,,,,,,,,,,,,,,,9,,JR,41,MAC,,2023,0,0,0,0,13,0,3,1,https://www.sports-reference.com/cfb/players/quinyon-mitchell-1.html,18,Quinyon Mitchell,CB,0.0,Toledo,2026-04-01T19:53:16.277Z,32,season_totals,2.0
2024,2024.csv,Quinyon Mitchell,4686273,CB,Toledo,College Stats,6-0,195.0,4.33,38.0,20.0,122.0,,,Philadelphia Eagles / 1st / 22nd pick / 2024,-1,,,,MitcQu00,32.0,91.0,72.0,19.0,0.0,0.0,1.0,6.0,0.0,0,0.0,0.0,0.0,29.0,0.5,0.0,0.0,,,,,,,,,,,,,,,,,,,,,,,,,,,,,,,,,,,,,,,,,,,,,,,,,,,,,,,,,,,,,,,,,,,,,,,,,,,,,,9,,JR,41,MAC,,2023,0,0,0,0,13,0,3,1,https://www.sports-reference.com/cfb/players/quinyon-mitchell-1.html,18,Quinyon Mitchell,CB,0.0,Toledo,2026-04-01T19:53:16.277Z,32,season_totals,2.0
2024,2024.csv,Malik Mustapha,4696211,SAF,Wake Forest,College Stats,5-10,209.0,,,22.0,,,,San Francisco 49ers / 4th / 124th pick / 2024,2024,25.0,san-francisco-49ers,S,MustMa00,16.0,72.0,32.0,40.0,0.0,0.0,0.0,0.0,1.0,1,1.0,0.0,1.0,5.0,2.0,4.0,0.0,,,,,,,,,,,,,,,,,,,,,,,,,,,,,,,,,,,,,,,,,,,,,,,,,,,,,,,,,,,,,,,,,,,,,,,,,,,,,,35,,JR,80,ACC,,2023,1,0,0,0,12,0,50,1,https://www.sports-reference.com/cfb/players/malik-mustapha-1.html,2,Malik Mustapha,DB,0.5,Wake Forest,2026-04-01T19:52:40.104Z,45,season_totals,5.0
2024,2024.csv,Malik Mustapha,4696211,SAF,Wake Forest,College Stats,5-10,209.0,,,22.0,,,,San Francisco 49ers / 4th / 124th pick / 2024,2025,25.0,san-francisco-49ers,S,MustMa00,12.0,76.0,44.0,32.0,0.0,0.0,0.0,0.0,1.0,0,0.0,0.0,0.0,3.0,3.5,6.0,0.0,,,,,,,,,,,,,,,,,,,,,,,,,,,,,,,,,,,,,,,,,,,,,,,,,,,,,,,,,,,,,,,,,,,,,,,,,,,,,,35,,JR,80,ACC,,2023,1,0,0,0,12,0,50,1,https://www.sports-reference.com/cfb/players/malik-mustapha-1.html,2,Malik Mustapha,DB,0.5,Wake Forest,2026-04-01T19:52:40.104Z,45,season_totals,5.0
2024,2024.csv,Malik Mustapha,4696211,SAF,Wake Forest,College Stats,5-10,209.0,,,22.0,,,,San Francisco 49ers / 4th / 124th pick / 2024,-1,,,,MustMa00,28.0,148.0,76.0,72.0,0.0,0.0,0.0,0.0,2.0,1,0.5,0.0,1.0,8.0,5.5,10.0,0.0,,,,,,,,,,,,,,,,,,,,,,,,,,,,,,,,,,,,,,,,,,,,,,,,,,,,,,,,,,,,,,,,,,,,,,,,,,,,,,35,,JR,80,ACC,,2023,1,0,0,0,12,0,50,1,https://www.sports-reference.com/cfb/players/malik-mustapha-1.html,2,Malik Mustapha,DB,0.5,Wake Forest,2026-04-01T19:52:40.104Z,45,season_totals,5.0
2024,2024.csv,Josh Newton,4365319,CB,TCU,College Stats,5-11,190.0,4.51,34.0,15.0,124.0,,4.15,Cincinnati Bengals / 5th / 149th pick / 2024,2024,4.0,cincinnati-bengals,CB,NewtJo00,17.0,31.0,27.0,4.0,0.0,0.0,0.0,0.0,1.0,12,12.0,0.0,12.0,7.0,1.0,1.0,0.0,,,,,,,,,,,,,,,,,,,,,,,,,,,,,,,,,,,,,,,,,,,,,,,,,,,,,,,,,,,,,,,,,,,,,,,,,,,,,,7,,SR,33,Big 12,,2023,0,0,0,0,12,0,53,1,https://www.sports-reference.com/cfb/players/josh-newton-1.html,9,Josh Newton,CB,0.0,Texas Christian,2026-04-01T19:52:04.069Z,26,season_totals,0.0
2024,2024.csv,Josh Newton,4365319,CB,TCU,College Stats,5-11,190.0,4.51,34.0,15.0,124.0,,4.15,Cincinnati Bengals / 5th / 149th pick / 2024,2025,4.0,cincinnati-bengals,CB,NewtJo00,14.0,15.0,12.0,3.0,0.0,0.0,0.0,0.0,0.0,0,0.0,0.0,0.0,3.0,1.0,0.0,0.0,,,,,,,,,,,,,,,,,,,,,,,,,,,,,,,,,,,,,,,,,,,,,,,,,,,,,,,,,,,,,,,,,,,,,,,,,,,,,,7,,SR,33,Big 12,,2023,0,0,0,0,12,0,53,1,https://www.sports-reference.com/cfb/players/josh-newton-1.html,9,Josh Newton,CB,0.0,Texas Christian,2026-04-01T19:52:04.069Z,26,season_totals,0.0
2024,2024.csv,Josh Newton,4365319,CB,TCU,College Stats,5-11,190.0,4.51,34.0,15.0,124.0,,4.15,Cincinnati Bengals / 5th / 149th pick / 2024,-1,,,,NewtJo00,31.0,46.0,39.0,7.0,0.0,0.0,0.0,0.0,1.0,12,12.0,0.0,12.0,10.0,2.0,1.0,0.0,,,,,,,,,,,,,,,,,,,,,,,,,,,,,,,,,,,,,,,,,,,,,,,,,,,,,,,,,,,,,,,,,,,,,,,,,,,,,,7,,SR,33,Big 12,,2023,0,0,0,0,12,0,53,1,https://www.sports-reference.com/cfb/players/josh-newton-1.html,9,Josh Newton,CB,0.0,Texas Christian,2026-04-01T19:52:04.069Z,26,season_totals,0.0
2024,2024.csv,Tyler Nubin,4430261,SAF,Minnesota,College Stats,6-1,199.0,,,,,,,New York Giants / 2nd / 47th pick / 2024,2024,19.0,new-york-giants,S,NubiTy00,13.0,98.0,57.0,41.0,0.0,1.0,1.0,2.0,0.0,0,0.0,0.0,0.0,1.0,4.5,6.0,0.0,,,,,,,,,,,,,,,,,,,,,,,,,,,,,,,,,,,,,,,,,,,,,,,,,,,,,,,,,,,,,,,,,,,,,,,,,,,,,,19,,SR,53,Big Ten,,2023,1,1,0,0,12,0,66,5,https://www.sports-reference.com/cfb/players/tyler-nubin-1.html,4,Tyler Nubin,DB,1.0,Minnesota,2026-04-01T19:53:52.612Z,34,season_totals,1.0
2024,2024.csv,Tyler Nubin,4430261,SAF,Minnesota,College Stats,6-1,199.0,,,,,,,New York Giants / 2nd / 47th pick / 2024,2025,19.0,new-york-giants,S,NubiTy00,13.0,78.0,49.0,29.0,0.0,0.0,1.0,27.0,0.0,0,0.0,0.0,0.0,2.0,8.0,19.0,0.0,,,,,,,,,,,,,,,,,,,,,,,,,,,,,,,,,,,,,,,,,,,,,,,,,,,,,,,,,,,,,,,,,,,,,,,,,,,,,,19,,SR,53,Big Ten,,2023,1,1,0,0,12,0,66,5,https://www.sports-reference.com/cfb/players/tyler-nubin-1.html,4,Tyler Nubin,DB,1.0,Minnesota,2026-04-01T19:53:52.612Z,34,season_totals,1.0
2024,2024.csv,Tyler Nubin,4430261,SAF,Minnesota,College Stats,6-1,199.0,,,,,,,New York Giants / 2nd / 47th pick / 2024,-1,,,,NubiTy00,26.0,176.0,106.0,70.0,0.0,1.0,2.0,29.0,0.0,0,0.0,0.0,0.0,3.0,12.5,25.0,0.0,,,,,,,,,,,,,,,,,,,,,,,,,,,,,,,,,,,,,,,,,,,,,,,,,,,,,,,,,,,,,,,,,,,,,,,,,,,,,,19,,SR,53,Big Ten,,2023,1,1,0,0,12,0,66,5,https://www.sports-reference.com/cfb/players/tyler-nubin-1.html,4,Tyler Nubin,DB,1.0,Minnesota,2026-04-01T19:53:52.612Z,34,season_totals,1.0
2024,2024.csv,Andru Phillips,4431321,CB,Kentucky,College Stats,5-11,190.0,4.48,42.0,,135.0,,,New York Giants / 3rd / 70th pick / 2024,2024,19.0,new-york-giants,CB,PhilAn02,14.0,71.0,46.0,25.0,1.0,2.0,0.0,0.0,1.0,25,25.0,0.0,25.0,1.0,6.5,14.0,0.0,,,,,,,,,,,,,,,,,,,,,,,,,,,,,,,,,,,,,,,,,,,,,,,,,,,,,,,,,,,,,,,,,,,,,,,,,,,,,,14,,JR,47,SEC,,2023,0,0,0,0,12,0,0,0,https://www.sports-reference.com/cfb/players/andru-phillips-1.html,5,Andru Phillips,DB,0.0,Kentucky,2026-04-01T19:49:57.565Z,33,season_totals,1.5
2024,2024.csv,Andru Phillips,4431321,CB,Kentucky,College Stats,5-11,190.0,4.48,42.0,,135.0,,,New York Giants / 3rd / 70th pick / 2024,2025,19.0,new-york-giants,CB,PhilAn02,17.0,66.0,49.0,17.0,0.0,0.0,1.0,0.0,2.0,56,28.0,0.0,56.0,12.0,7.5,20.0,0.0,,,,,,,,,,,,,,,,,,,,,,,,,,,,,,,,,,,,,,,,,,,,,,,,,,,,,,,,,,,,,,,,,,,,,,,,,,,,,,14,,JR,47,SEC,,2023,0,0,0,0,12,0,0,0,https://www.sports-reference.com/cfb/players/andru-phillips-1.html,5,Andru Phillips,DB,0.0,Kentucky,2026-04-01T19:49:57.565Z,33,season_totals,1.5
2024,2024.csv,Andru Phillips,4431321,CB,Kentucky,College Stats,5-11,190.0,4.48,42.0,,135.0,,,New York Giants / 3rd / 70th pick / 2024,-1,,,,PhilAn02,31.0,137.0,95.0,42.0,1.0,2.0,1.0,0.0,3.0,81,27.0,0.0,56.0,13.0,14.0,34.0,0.0,,,,,,,,,,,,,,,,,,,,,,,,,,,,,,,,,,,,,,,,,,,,,,,,,,,,,,,,,,,,,,,,,,,,,,,,,,,,,,14,,JR,47,SEC,,2023,0,0,0,0,12,0,0,0,https://www.sports-reference.com/cfb/players/andru-phillips-1.html,5,Andru Phillips,DB,0.0,Kentucky,2026-04-01T19:49:57.565Z,33,season_totals,1.5
2024,2024.csv,Deantre Prince,4428283,CB,Mississippi,College Stats,6-0,183.0,4.38,34.5,,125.0,,,Jacksonville Jaguars / 5th / 153rd pick / 2024,2024,30.0,jacksonville-jaguars,CB,PrinDe01,10.0,8.0,6.0,2.0,0.0,0.0,0.0,0.0,0.0,0,0.0,0.0,0.0,1.0,0.0,0.0,0.0,,,,,,,,,,,,,,,,,,,,,,,,,,,,,,,,,,,,,,,,,,,,,,,,,,,,,,,,,,,,,,,,,,,,,,,,,,,,,,12,,SR,36,SEC,,2023,1,0,0,0,13,0,44,1,https://www.sports-reference.com/cfb/players/deantre-prince-1.html,5,Deantre Prince,DB/CB,1.0,Ole Miss,2026-04-01T19:50:51.902Z,24,season_totals,5.0
2024,2024.csv,Deantre Prince,4428283,CB,Mississippi,College Stats,6-0,183.0,4.38,34.5,,125.0,,,Jacksonville Jaguars / 5th / 153rd pick / 2024,-1,,,,PrinDe01,10.0,8.0,6.0,2.0,0.0,0.0,0.0,0.0,0.0,0,0.0,0.0,0.0,1.0,0.0,0.0,0.0,,,,,,,,,,,,,,,,,,,,,,,,,,,,,,,,,,,,,,,,,,,,,,,,,,,,,,,,,,,,,,,,,,,,,,,,,,,,,,12,,SR,36,SEC,,2023,1,0,0,0,13,0,44,1,https://www.sports-reference.com/cfb/players/deantre-prince-1.html,5,Deantre Prince,DB/CB,1.0,Ole Miss,2026-04-01T19:50:51.902Z,24,season_totals,5.0
2024,2024.csv,Nehemiah Pritchett,4567222,CB,Auburn,College Stats,6-0,190.0,4.36,34.5,,,,,Seattle Seahawks / 5th / 136th pick / 2024,2024,26.0,seattle-seahawks,CB,PritNe00,10.0,12.0,8.0,4.0,0.0,0.0,0.0,0.0,0.0,0,0.0,0.0,0.0,1.0,0.0,0.0,0.0,,,,,,,,,,,,,,,,,,,,,,,,,,,,,,,,,,,,,,,,,,,,,,,,,,,,,,,,,,,,,,,,,,,,,,,,,,,,,,4,,SR,22,SEC,,2023,0,0,0,0,9,0,33,1,https://www.sports-reference.com/cfb/players/nehemiah-pritchett-1.html,3,Nehemiah Pritchett,DB/CB,0.0,Auburn,2026-04-01T19:53:10.200Z,18,season_totals,1.0
2024,2024.csv,Nehemiah Pritchett,4567222,CB,Auburn,College Stats,6-0,190.0,4.36,34.5,,,,,Seattle Seahawks / 5th / 136th pick / 2024,2025,26.0,seattle-seahawks,CB,PritNe00,17.0,14.0,11.0,3.0,0.0,0.0,0.0,0.0,0.0,0,0.0,0.0,0.0,2.0,0.0,0.0,0.0,,,,,,,,,,,,,,,,,,,,,,,,,,,,,,,,,,,,,,,,,,,,,,,,,,,,,,,,,,,,,,,,,,,,,,,,,,,,,,4,,SR,22,SEC,,2023,0,0,0,0,9,0,33,1,https://www.sports-reference.com/cfb/players/nehemiah-pritchett-1.html,3,Nehemiah Pritchett,DB/CB,0.0,Auburn,2026-04-01T19:53:10.200Z,18,season_totals,1.0
2024,2024.csv,Nehemiah Pritchett,4567222,CB,Auburn,College Stats,6-0,190.0,4.36,34.5,,,,,Seattle Seahawks / 5th / 136th pick / 2024,-1,,,,PritNe00,27.0,26.0,19.0,7.0,0.0,0.0,0.0,0.0,0.0,0,0.0,0.0,0.0,3.0,0.0,0.0,0.0,,,,,,,,,,,,,,,,,,,,,,,,,,,,,,,,,,,,,,,,,,,,,,,,,,,,,,,,,,,,,,,,,,,,,,,,,,,,,,4,,SR,22,SEC,,2023,0,0,0,0,9,0,33,1,https://www.sports-reference.com/cfb/players/nehemiah-pritchett-1.html,3,Nehemiah Pritchett,DB/CB,0.0,Auburn,2026-04-01T19:53:10.200Z,18,season_totals,1.0
2024,2024.csv,Decamerion Richardson,4605498,CB,Mississippi St.,College Stats,6-2,188.0,4.34,35.0,,128.0,,,Las Vegas Raiders / 4th / 112th pick / 2024,2024,13.0,las-vegas-raiders,CB,RichDe01,12.0,46.0,27.0,19.0,0.0,0.0,0.0,0.0,0.0,0,0.0,0.0,0.0,3.0,1.0,1.0,0.0,,,,,,,,,,,,,,,,,,,,,,,,,,,,,,,,,,,,,,,,,,,,,,,,,,,,,,,,,,,,,,,,,,,,,,,,,,,,,,36,,SR,79,SEC,,2023,0,0,0,0,12,0,0,0,https://www.sports-reference.com/cfb/players/decamerion-richardson-1.html,7,Decamerion Richardson,CB,1.0,Mississippi State,2026-04-01T19:50:57.843Z,43,season_totals,1.0
2024,2024.csv,Decamerion Richardson,4605498,CB,Mississippi St.,College Stats,6-2,188.0,4.34,35.0,,128.0,,,Las Vegas Raiders / 4th / 112th pick / 2024,2025,13.0,las-vegas-raiders,CB,RichDe01,15.0,11.0,9.0,2.0,0.0,0.0,0.0,0.0,0.0,0,0.0,0.0,0.0,0.0,0.0,0.0,0.0,,,,,,,,,,,,,,,,,,,,,,,,,,,,,,,,,,,,,,,,,,,,,,,,,,,,,,,,,,,,,,,,,,,,,,,,,,,,,,36,,SR,79,SEC,,2023,0,0,0,0,12,0,0,0,https://www.sports-reference.com/cfb/players/decamerion-richardson-1.html,7,Decamerion Richardson,CB,1.0,Mississippi State,2026-04-01T19:50:57.843Z,43,season_totals,1.0
2024,2024.csv,Decamerion Richardson,4605498,CB,Mississippi St.,College Stats,6-2,188.0,4.34,35.0,,128.0,,,Las Vegas Raiders / 4th / 112th pick / 2024,-1,,,,RichDe01,27.0,57.0,36.0,21.0,0.0,0.0,0.0,0.0,0.0,0,0.0,0.0,0.0,3.0,1.0,1.0,0.0,,,,,,,,,,,,,,,,,,,,,,,,,,,,,,,,,,,,,,,,,,,,,,,,,,,,,,,,,,,,,,,,,,,,,,,,,,,,,,36,,SR,79,SEC,,2023,0,0,0,0,12,0,0,0,https://www.sports-reference.com/cfb/players/decamerion-richardson-1.html,7,Decamerion Richardson,CB,1.0,Mississippi State,2026-04-01T19:50:57.843Z,43,season_totals,1.0
2024,2024.csv,Mike Sainristil,4428414,CB,Michigan,College Stats,5-9,182.0,4.47,40.0,14.0,131.0,6.99,4.01,Washington Commanders / 2nd / 50th pick / 2024,2024,28.0,washington-commanders,CB,SainMi00,17.0,93.0,62.0,31.0,0.0,1.0,1.0,0.0,2.0,38,19.0,0.0,38.0,14.0,2.5,3.0,0.0,,,,,,,,,,,,,,,,,,,,,,,,,,,,,,,,,,,,,,,,,,,,,,,,,,,,,,,,,,,,,,,,,,,,,,,,,,,,,,18,,SR,44,Big Ten,,2023,2,0,0,0,15,2,232,6,https://www.sports-reference.com/cfb/players/mike-sainristil-1.html,6,Mike Sainristil,WR/CB/DB,1.0,Michigan,2026-04-01T19:52:58.301Z,26,season_totals,4.0
2024,2024.csv,Mike Sainristil,4428414,CB,Michigan,College Stats,5-9,182.0,4.47,40.0,14.0,131.0,6.99,4.01,Washington Commanders / 2nd / 50th pick / 2024,2025,28.0,washington-commanders,CB,SainMi00,17.0,85.0,51.0,34.0,0.0,1.0,0.0,0.0,4.0,78,19.5,0.0,55.0,12.0,1.0,2.0,0.0,,,,,,,,,,,,,,,,,,,,,,,,,,,,,,17,1.0,0,0.0,0.0,0.0,0.0,0,0.0,0.0,0.0,17.0,0,0,0.0,0,0.0,0,0,0,0,39.6,-,,,,,,,,,,,,,,,,,,,,,,,,,,18,,SR,44,Big Ten,,2023,2,0,0,0,15,2,232,6,https://www.sports-reference.com/cfb/players/mike-sainristil-1.html,6,Mike Sainristil,WR/CB/DB,1.0,Michigan,2026-04-01T19:52:58.301Z,26,season_totals,4.0
2024,2024.csv,Mike Sainristil,4428414,CB,Michigan,College Stats,5-9,182.0,4.47,40.0,14.0,131.0,6.99,4.01,Washington Commanders / 2nd / 50th pick / 2024,-1,,,,SainMi00,34.0,178.0,113.0,65.0,0.0,2.0,1.0,0.0,6.0,116,19.3,0.0,55.0,26.0,3.5,5.0,0.0,,,,,,,,,,,,,,,,,,,,,,,,,,,,,,34,1.0,0,0.0,0.0,0.0,0.0,0,0.0,0.0,0.0,34.0,0,0,0.0,0,0.0,0,0,0,0,0.0,-,,,,,,,,,,,,,,,,,,,,,,,,,,18,,SR,44,Big Ten,,2023,2,0,0,0,15,2,232,6,https://www.sports-reference.com/cfb/players/mike-sainristil-1.html,6,Mike Sainristil,WR/CB/DB,1.0,Michigan,2026-04-01T19:52:58.301Z,26,season_totals,4.0
2024,2024.csv,Jaylin Simpson,4567225,SAF,Auburn,College Stats,6-0,179.0,4.45,39.5,,133.0,,,Indianapolis Colts / 5th / 164th pick / 2024,2025,9.0,green-bay-packers,S,SimpJa00,1.0,8.0,5.0,3.0,0.0,0.0,0.0,0.0,0.0,0,0.0,0.0,0.0,0.0,0.0,0.0,0.0,,,,,,,,,,,,,,,,,,,,,,,,,,,,,,,,,,,,,,,,,,,,,,,,,,,,,,,,,,,,,,,,,,,,,,,,,,,,,,8,,SR,36,SEC,,2023,0,1,0,13,13,1,87,4,https://www.sports-reference.com/cfb/players/jaylin-simpson-1.html,3,Jaylin Simpson,DB/CB,0.0,Auburn,2026-04-01T19:51:52.047Z,28,season_totals,1.5
2024,2024.csv,Jaylin Simpson,4567225,SAF,Auburn,College Stats,6-0,179.0,4.45,39.5,,133.0,,,Indianapolis Colts / 5th / 164th pick / 2024,-1,,,,SimpJa00,1.0,8.0,5.0,3.0,0.0,0.0,0.0,0.0,0.0,0,0.0,0.0,0.0,0.0,0.0,0.0,0.0,,,,,,,,,,,,,,,,,,,,,,,,,,,,,,,,,,,,,,,,,,,,,,,,,,,,,,,,,,,,,,,,,,,,,,,,,,,,,,8,,SR,36,SEC,,2023,0,1,0,13,13,1,87,4,https://www.sports-reference.com/cfb/players/jaylin-simpson-1.html,3,Jaylin Simpson,DB/CB,0.0,Auburn,2026-04-01T19:51:52.047Z,28,season_totals,1.5
2024,2024.csv,Tykee Smith,4428522,SAF,Georgia,College Stats,5-10,202.0,4.46,36.0,,120.0,,,Tampa Bay Buccaneers / 3rd / 89th pick / 2024,2024,27.0,tampa-bay-buccaneers,S,SmitTy05,13.0,54.0,38.0,16.0,0.0,3.0,0.0,0.0,2.0,0,0.0,0.0,0.0,7.0,5.0,12.0,0.0,,,,,,,,,,,,,,,,,,,,,,,,,,,,,,,,,,,,,,,,,,,,,,,,,,,,,,,,,,,,,,,,,,,,,,,,,,,,,,24,,SR,70,SEC,,2023,0,0,0,0,14,0,20,4,https://www.sports-reference.com/cfb/players/tykee-smith-1.html,2,Tykee Smith,S/DB,2.0,Georgia,2026-04-01T19:53:46.585Z,46,season_totals,8.5
2024,2024.csv,Tykee Smith,4428522,SAF,Georgia,College Stats,5-10,202.0,4.46,36.0,,120.0,,,Tampa Bay Buccaneers / 3rd / 89th pick / 2024,2025,27.0,tampa-bay-buccaneers,S,SmitTy05,16.0,100.0,61.0,39.0,2.0,0.0,2.0,0.0,1.0,0,0.0,0.0,0.0,13.0,8.0,12.0,0.0,,,,,,,,,,,,,,,,,,,,,,,,,,,,,,,,,,,,,,,,,,,,,,,,,,,,,,,,,,,,,,,,,,,,,,,,,,,,,,24,,SR,70,SEC,,2023,0,0,0,0,14,0,20,4,https://www.sports-reference.com/cfb/players/tykee-smith-1.html,2,Tykee Smith,S/DB,2.0,Georgia,2026-04-01T19:53:46.585Z,46,season_totals,8.5
2024,2024.csv,Tykee Smith,4428522,SAF,Georgia,College Stats,5-10,202.0,4.46,36.0,,120.0,,,Tampa Bay Buccaneers / 3rd / 89th pick / 2024,-1,,,,SmitTy05,29.0,154.0,99.0,55.0,2.0,3.0,2.0,0.0,3.0,0,0.0,0.0,0.0,20.0,13.0,24.0,0.0,,,,,,,,,,,,,,,,,,,,,,,,,,,,,,,,,,,,,,,,,,,,,,,,,,,,,,,,,,,,,,,,,,,,,,,,,,,,,,24,,SR,70,SEC,,2023,0,0,0,0,14,0,20,4,https://www.sports-reference.com/cfb/players/tykee-smith-1.html,2,Tykee Smith,S/DB,2.0,Georgia,2026-04-01T19:53:46.585Z,46,season_totals,8.5
2024,2024.csv,Chau Smith-Wade,4697636,CB,Washington St.,College Stats,5-10,184.0,4.54,34.5,18.0,125.0,7.05,4.32,Carolina Panthers / 5th / 157th pick / 2024,2024,29.0,carolina-panthers,CB,SmitCh05,14.0,39.0,24.0,15.0,0.0,1.0,0.0,0.0,1.0,3,3.0,0.0,3.0,1.0,0.5,1.0,0.0,,,,,,,,,,,,,,,,,,,,,,,,,,,,,,,,,,,,,,,,,,,,,,,,,,,,,,,,,,,,,,,,,,,,,,,,,,,,,,13,,JR,35,Pac-12,,2023,0,0,0,0,7,0,0,0,https://www.sports-reference.com/cfb/players/chau-smith-wade-1.html,6,Chau Smith-Wade,DB,0.0,Washington State,2026-04-01T19:50:21.637Z,22,season_totals,2.0
2024,2024.csv,Chau Smith-Wade,4697636,CB,Washington St.,College Stats,5-10,184.0,4.54,34.5,18.0,125.0,7.05,4.32,Carolina Panthers / 5th / 157th pick / 2024,2025,29.0,carolina-panthers,CB,SmitCh05,16.0,56.0,43.0,13.0,0.0,0.0,0.0,0.0,1.0,11,11.0,1.0,11.0,2.0,1.0,5.0,0.0,,,,,,,,,,,,,,,,,,,,,,,,,,,,,,,,,,,,,,,,,,,,,,,,,,,,,,,,,,,,,,,,,,,,,,,,,,,,,,13,,JR,35,Pac-12,,2023,0,0,0,0,7,0,0,0,https://www.sports-reference.com/cfb/players/chau-smith-wade-1.html,6,Chau Smith-Wade,DB,0.0,Washington State,2026-04-01T19:50:21.637Z,22,season_totals,2.0
2024,2024.csv,Chau Smith-Wade,4697636,CB,Washington St.,College Stats,5-10,184.0,4.54,34.5,18.0,125.0,7.05,4.32,Carolina Panthers / 5th / 157th pick / 2024,-1,,,,SmitCh05,30.0,95.0,67.0,28.0,0.0,1.0,0.0,0.0,2.0,14,7.0,1.0,11.0,3.0,1.5,6.0,0.0,,,,,,,,,,,,,,,,,,,,,,,,,,,,,,,,,,,,,,,,,,,,,,,,,,,,,,,,,,,,,,,,,,,,,,,,,,,,,,13,,JR,35,Pac-12,,2023,0,0,0,0,7,0,0,0,https://www.sports-reference.com/cfb/players/chau-smith-wade-1.html,6,Chau Smith-Wade,DB,0.0,Washington State,2026-04-01T19:50:21.637Z,22,season_totals,2.0
2024,2024.csv,Tarheeb Still,4432571,CB,Maryland,College Stats,6-0,189.0,4.52,38.0,,120.0,,,Los Angeles Chargers / 5th / 137th pick / 2024,2024,24.0,los-angeles-chargers,CB,StilTa00,14.0,62.0,45.0,17.0,0.5,0.0,0.0,0.0,4.0,85,21.3,1.0,61.0,10.0,1.5,4.0,0.0,,,,,,,,,,,,,,,,,,,,,,,,,,,,,,,,,,,,,,,,,,,,,,,,,,,,,,,,,,,,,,,,,,,,,,,,,,,,,,14,,SR,45,Big Ten,,2023,0,0,0,0,10,0,29,5,https://www.sports-reference.com/cfb/players/tarheeb-still-1.html,2,Tarheeb Still,DB,0.0,Maryland,2026-04-01T19:53:34.428Z,31,season_totals,2.0
2024,2024.csv,Tarheeb Still,4432571,CB,Maryland,College Stats,6-0,189.0,4.52,38.0,,120.0,,,Los Angeles Chargers / 5th / 137th pick / 2024,2025,24.0,los-angeles-chargers,CB,StilTa00,15.0,53.0,37.0,16.0,0.0,0.0,0.0,0.0,0.0,0,0.0,0.0,0.0,7.0,4.0,18.0,0.0,,,,,,,,,,,,,,,,,,,,,,,,,,,,,,15,5.0,36,0.0,0.0,11.0,0.0,0,0.0,0.0,0.0,,,,,,,,,,,,,,,,,,,,,,,,,,,,,,,,,,,,,,14,,SR,45,Big Ten,,2023,0,0,0,0,10,0,29,5,https://www.sports-reference.com/cfb/players/tarheeb-still-1.html,2,Tarheeb Still,DB,0.0,Maryland,2026-04-01T19:53:34.428Z,31,season_totals,2.0
2024,2024.csv,Tarheeb Still,4432571,CB,Maryland,College Stats,6-0,189.0,4.52,38.0,,120.0,,,Los Angeles Chargers / 5th / 137th pick / 2024,-1,,,,StilTa00,29.0,115.0,82.0,33.0,0.5,0.0,0.0,0.0,4.0,85,21.3,1.0,61.0,17.0,5.5,22.0,0.0,,,,,,,,,,,,,,,,,,,,,,,,,,,,,,29,5.0,36,0.0,0.0,11.0,0.0,0,0.0,0.0,0.0,,,,,,,,,,,,,,,,,,,,,,,,,,,,,,,,,,,,,,14,,SR,45,Big Ten,,2023,0,0,0,0,10,0,29,5,https://www.sports-reference.com/cfb/players/tarheeb-still-1.html,2,Tarheeb Still,DB,0.0,Maryland,2026-04-01T19:53:34.428Z,31,season_totals,2.0
2024,2024.csv,Dadrion Taylor-Demerson,4428633,SAF,Texas Tech,College Stats,5-10,197.0,4.41,38.0,,123.0,,,Arizona Cardinals / 4th / 104th pick / 2024,2024,22.0,arizona-cardinals,S,TaylDa02,17.0,37.0,23.0,14.0,0.0,1.0,0.0,0.0,0.0,0,0.0,0.0,0.0,5.0,3.0,12.0,0.0,,,,,,,,,,,,,,,,,,,,,,,,,,,,,,,,,,,,,,,,,,,,,,,,,,,,,,,,,,,,,,,,,,,,,,,,,,,,,,20,,SR,73,Big 12,,2023,0,0,0,0,13,0,23,4,https://www.sports-reference.com/cfb/players/dadrion-taylor-demerson-1.html,8,Dadrion Taylor-Demerson,DB,1.0,Texas Tech,2026-04-01T20:14:32.033Z,53,season_totals,1.5
2024,2024.csv,Dadrion Taylor-Demerson,4428633,SAF,Texas Tech,College Stats,5-10,197.0,4.41,38.0,,123.0,,,Arizona Cardinals / 4th / 104th pick / 2024,2025,22.0,arizona-cardinals,S,TaylDa02,12.0,59.0,32.0,27.0,0.0,0.0,0.0,0.0,2.0,18,9.0,0.0,18.0,6.0,0.5,0.0,0.0,,,,,,,,,,,,,,,,,,,,,,,,,,,,,,,,,,,,,,,,,12.0,0,0,0.0,0,0.0,0,0,0,0,39.6,-,,,,,,,,,,,,,,,,,,,,,,,,,,20,,SR,73,Big 12,,2023,0,0,0,0,13,0,23,4,https://www.sports-reference.com/cfb/players/dadrion-taylor-demerson-1.html,8,Dadrion Taylor-Demerson,DB,1.0,Texas Tech,2026-04-01T20:14:32.033Z,53,season_totals,1.5
2024,2024.csv,Dadrion Taylor-Demerson,4428633,SAF,Texas Tech,College Stats,5-10,197.0,4.41,38.0,,123.0,,,Arizona Cardinals / 4th / 104th pick / 2024,-1,,,,TaylDa02,29.0,96.0,55.0,41.0,0.0,1.0,0.0,0.0,2.0,18,9.0,0.0,18.0,11.0,3.5,12.0,0.0,,,,,,,,,,,,,,,,,,,,,,,,,,,,,,,,,,,,,,,,,29.0,0,0,0.0,0,0.0,0,0,0,0,0.0,-,,,,,,,,,,,,,,,,,,,,,,,,,,20,,SR,73,Big 12,,2023,0,0,0,0,13,0,23,4,https://www.sports-reference.com/cfb/players/dadrion-taylor-demerson-1.html,8,Dadrion Taylor-Demerson,DB,1.0,Texas Tech,2026-04-01T20:14:32.033Z,53,season_totals,1.5
2024,2024.csv,Sione Vaki,4912274,SAF,Utah,College Stats,5-11,210.0,4.62,39.5,20.0,125.0,,,Detroit Lions / 4th / 132nd pick / 2024,2024,8.0,detroit-lions,RB,VakiSi00,16.0,8.0,8.0,0.0,0.0,1.0,0.0,0.0,0.0,0,0.0,0.0,0.0,0.0,0.0,0.0,0.0,,,,,,,,,,,16,6,14,2.3,0,7,0,0,0,16.0,3.0,3.0,37,12.3,0.0,17.0,2.0,0.0,0.0,16,0.0,0,0.0,0.0,0.0,2.0,55,0.0,0.0,36.0,16.0,0,0,0.0,0,0.0,0,0,0,0,39.6,-,,,,,,,,,,,,,,,,,,,,,,,,,,14,,SO,51,Pac-12,,2023,0,0,0,0,12,0,2,1,https://www.sports-reference.com/cfb/players/sione-vaki-1.html,2,Sione Vaki,S,2.0,Utah,2026-04-01T19:53:28.237Z,37,season_totals,8.5
2024,2024.csv,Sione Vaki,4912274,SAF,Utah,College Stats,5-11,210.0,4.62,39.5,20.0,125.0,,,Detroit Lions / 4th / 132nd pick / 2024,2025,8.0,detroit-lions,RB,VakiSi00,11.0,10.0,6.0,4.0,0.0,0.0,0.0,0.0,0.0,0,0.0,0.0,0.0,0.0,0.0,0.0,0.0,,,,,,,,,,,11,1,4,4.0,0,4,0,0,0,,,,,,,,,,,11,0.0,0,0.0,0.0,0.0,2.0,39,0.0,0.0,29.0,11.0,0,0,0.0,0,0.0,0,0,0,0,39.6,-,,,,,,,,,,,,,,,,,,,,,,,,,,14,,SO,51,Pac-12,,2023,0,0,0,0,12,0,2,1,https://www.sports-reference.com/cfb/players/sione-vaki-1.html,2,Sione Vaki,S,2.0,Utah,2026-04-01T19:53:28.237Z,37,season_totals,8.5
2024,2024.csv,Sione Vaki,4912274,SAF,Utah,College Stats,5-11,210.0,4.62,39.5,20.0,125.0,,,Detroit Lions / 4th / 132nd pick / 2024,-1,,,,VakiSi00,27.0,18.0,14.0,4.0,0.0,1.0,0.0,0.0,0.0,0,0.0,0.0,0.0,0.0,0.0,0.0,0.0,,,,,,,,,,,27,7,18,2.6,0,7,0,0,0,27.0,3.0,3.0,37,12.3,0.0,17.0,2.0,0.0,0.0,27,0.0,0,0.0,0.0,0.0,4.0,94,0.0,0.0,36.0,27.0,0,0,0.0,0,0.0,0,0,0,0,0.0,-,,,,,,,,,,,,,,,,,,,,,,,,,,14,,SO,51,Pac-12,,2023,0,0,0,0,12,0,2,1,https://www.sports-reference.com/cfb/players/sione-vaki-1.html,2,Sione Vaki,S,2.0,Utah,2026-04-01T19:53:28.237Z,37,season_totals,8.5
2024,2024.csv,Nate Wiggins,4601278,CB,Clemson,College Stats,6-1,173.0,4.28,36.0,,127.0,,,Baltimore Ravens / 1st / 30th pick / 2024,2024,33.0,baltimore-ravens,CB,WiggNa00,15.0,33.0,25.0,8.0,0.0,1.0,0.0,0.0,1.0,26,26.0,1.0,26.0,13.0,2.0,0.0,0.0,,,,,,,,,,,,,,,,,,,,,,,,,,,,,,,,,,,,,,,,,,,,,,,,,,,,,,,,,,,,,,,,,,,,,,,,,,,,,,6,,JR,29,ACC,,2023,2,0,0,0,10,1,52,2,https://www.sports-reference.com/cfb/players/nate-wiggins-1.html,6,Nate Wiggins,CB,1.0,Clemson,2026-04-01T19:53:04.252Z,23,season_totals,1.0
2024,2024.csv,Nate Wiggins,4601278,CB,Clemson,College Stats,6-1,173.0,4.28,36.0,,127.0,,,Baltimore Ravens / 1st / 30th pick / 2024,2025,33.0,baltimore-ravens,CB,WiggNa00,17.0,76.0,57.0,19.0,0.0,0.0,0.0,0.0,3.0,84,28.0,0.0,61.0,14.0,1.0,2.0,0.0,,,,,,,,,,,,,,,,,,,,,,,,,,,,,,,,,,,,,,,,,,,,,,,,,,,,,,,,,,,,,,,,,,,,,,,,,,,,,,6,,JR,29,ACC,,2023,2,0,0,0,10,1,52,2,https://www.sports-reference.com/cfb/players/nate-wiggins-1.html,6,Nate Wiggins,CB,1.0,Clemson,2026-04-01T19:53:04.252Z,23,season_totals,1.0
2024,2024.csv,Nate Wiggins,4601278,CB,Clemson,College Stats,6-1,173.0,4.28,36.0,,127.0,,,Baltimore Ravens / 1st / 30th pick / 2024,-1,,,,WiggNa00,32.0,109.0,82.0,27.0,0.0,1.0,0.0,0.0,4.0,110,27.5,1.0,61.0,27.0,3.0,2.0,0.0,,,,,,,,,,,,,,,,,,,,,,,,,,,,,,,,,,,,,,,,,,,,,,,,,,,,,,,,,,,,,,,,,,,,,,,,,,,,,,6,,JR,29,ACC,,2023,2,0,0,0,10,1,52,2,https://www.sports-reference.com/cfb/players/nate-wiggins-1.html,6,Nate Wiggins,CB,1.0,Clemson,2026-04-01T19:53:04.252Z,23,season_totals,1.0
2024,2024.csv,Evan Williams,4428863,SAF,Oregon,College Stats,5-11,200.0,4.6,40.5,,126.0,,,Green Bay Packers / 4th / 111th pick / 2024,2024,9.0,green-bay-packers,S,WillEv00,13.0,49.0,31.0,18.0,0.0,1.0,0.0,0.0,1.0,1,1.0,0.0,1.0,3.0,2.5,2.0,0.0,,,,,,,,,,,,,,,,,,,,,,,,,,,,,,,,,,,,,,,,,,,,,,,,,,,,,,,,,,,,,,,,,,,,,,,,,,,,,,5,,SR,10,Ind,,2007,0,0,0,0,8,0,0,0,https://www.sports-reference.com/cfb/players/evan-williams-1.html,0,Evan Williams,DL,1.0,Army,2026-04-01T19:51:16.350Z,5,season_totals,1.5
2024,2024.csv,Evan Williams,4428863,SAF,Oregon,College Stats,5-11,200.0,4.6,40.5,,126.0,,,Green Bay Packers / 4th / 111th pick / 2024,2025,9.0,green-bay-packers,S,WillEv00,16.0,100.0,48.0,52.0,0.0,0.0,1.0,0.0,3.0,0,0.0,0.0,0.0,5.0,6.5,5.0,0.0,,,,,,,,,,,,,,,,,,,,,,,,,,,,,,,,,,,,,,,,,,,,,,,,,,,,,,,,,,,,,,,,,,,,,,,,,,,,,,5,,SR,10,Ind,,2007,0,0,0,0,8,0,0,0,https://www.sports-reference.com/cfb/players/evan-williams-1.html,0,Evan Williams,DL,1.0,Army,2026-04-01T19:51:16.350Z,5,season_totals,1.5
2024,2024.csv,Evan Williams,4428863,SAF,Oregon,College Stats,5-11,200.0,4.6,40.5,,126.0,,,Green Bay Packers / 4th / 111th pick / 2024,-1,,,,WillEv00,29.0,149.0,79.0,70.0,0.0,1.0,1.0,0.0,4.0,1,0.3,0.0,1.0,8.0,9.0,7.0,0.0,,,,,,,,,,,,,,,,,,,,,,,,,,,,,,,,,,,,,,,,,,,,,,,,,,,,,,,,,,,,,,,,,,,,,,,,,,,,,,5,,SR,10,Ind,,2007,0,0,0,0,8,0,0,0,https://www.sports-reference.com/cfb/players/evan-williams-1.html,0,Evan Williams,DL,1.0,Army,2026-04-01T19:51:16.350Z,5,season_totals,1.5
2025,2025.csv,Trey Amos,4574689,CB,Mississippi,College Stats,6-1,195.0,4.43,32.5,13.0,126.0,,,Washington Commanders / 2nd / 61st pick / 2025,2025,28.0,washington-commanders,CB,AmosTr00,10.0,32.0,19.0,13.0,0.0,0.0,0.0,0.0,0.0,0,0.0,0.0,0.0,6.0,1.0,2.0,0.0,,,,,,,,,,,,,,,,,,,,,,,,,,,,,,,,,,,,,,,,,,,,,,,,,,,,,,,,,,,,,,,,,,,,,,,,,,,,,,11,,SR,50,SEC,,2024,1,0,0,0,13,0,-1,3,https://www.sports-reference.com/cfb/players/trey-amos-1.html,13,Trey Amos,CB/DB,0.0,Ole Miss,2026-04-01T19:56:32.452Z,39,season_totals,3.5
2025,2025.csv,Trey Amos,4574689,CB,Mississippi,College Stats,6-1,195.0,4.43,32.5,13.0,126.0,,,Washington Commanders / 2nd / 61st pick / 2025,-1,,,,AmosTr00,10.0,32.0,19.0,13.0,0.0,0.0,0.0,0.0,0.0,0,0.0,0.0,0.0,6.0,1.0,2.0,0.0,,,,,,,,,,,,,,,,,,,,,,,,,,,,,,,,,,,,,,,,,,,,,,,,,,,,,,,,,,,,,,,,,,,,,,,,,,,,,,11,,SR,50,SEC,,2024,1,0,0,0,13,0,-1,3,https://www.sports-reference.com/cfb/players/trey-amos-1.html,13,Trey Amos,CB/DB,0.0,Ole Miss,2026-04-01T19:56:32.452Z,39,season_totals,3.5
2025,2025.csv,Jahdae Barron,4430925,CB,Texas,College Stats,5-11,194.0,4.39,35.0,,123.0,,,Denver Broncos / 1st / 20th pick / 2025,2025,7.0,denver-broncos,CB,BarrJa01,17.0,35.0,24.0,11.0,0.0,0.0,1.0,0.0,1.0,0,0.0,0.0,0.0,5.0,0.0,0.0,0.0,,,,,,,,,,,,,,,,,,,,,,,,,,,,,,,,,,,,,,,,,,,,,,,,,,,,,,,,,,,,,,,,,,,,,,,,,,,,,,21,AA,SR,67,SEC,,2024,0,1,0,2,16,0,82,5,https://www.sports-reference.com/cfb/players/jahdae-barron-1.html,11,Jahdae Barron,DB,1.0,Texas,2026-04-01T19:54:54.468Z,46,season_totals,2.5
2025,2025.csv,Jahdae Barron,4430925,CB,Texas,College Stats,5-11,194.0,4.39,35.0,,123.0,,,Denver Broncos / 1st / 20th pick / 2025,-1,,,,BarrJa01,17.0,35.0,24.0,11.0,0.0,0.0,1.0,0.0,1.0,0,0.0,0.0,0.0,5.0,0.0,0.0,0.0,,,,,,,,,,,,,,,,,,,,,,,,,,,,,,,,,,,,,,,,,,,,,,,,,,,,,,,,,,,,,,,,,,,,,,,,,,,,,,21,AA,SR,67,SEC,,2024,0,1,0,2,16,0,82,5,https://www.sports-reference.com/cfb/players/jahdae-barron-1.html,11,Jahdae Barron,DB,1.0,Texas,2026-04-01T19:54:54.468Z,46,season_totals,2.5
2025,2025.csv,Denzel Burke,4432668,CB,Ohio St.,College Stats,5-11,186.0,4.48,,,,,,Arizona Cardinals / 5th / 174th pick / 2025,2025,22.0,arizona-cardinals,CB,BurkDe01,17.0,49.0,34.0,15.0,0.0,0.0,0.0,0.0,3.0,20,6.7,0.0,16.0,11.0,1.5,2.0,0.0,,,,,,,,,,,,,,,,,,,,,,,,,,,,,,,,,,,,,,,,,,,,,,,,,,,,,,,,,,,,,,,,,,,,,,,,,,,,,,11,,SR,48,Big Ten,,2024,0,0,0,0,16,0,31,2,https://www.sports-reference.com/cfb/players/denzel-burke-1.html,2,Denzel Burke,CB/DB,0.0,Ohio State,2026-04-01T19:54:36.462Z,37,season_totals,3.0
2025,2025.csv,Denzel Burke,4432668,CB,Ohio St.,College Stats,5-11,186.0,4.48,,,,,,Arizona Cardinals / 5th / 174th pick / 2025,-1,,,,BurkDe01,17.0,49.0,34.0,15.0,0.0,0.0,0.0,0.0,3.0,20,6.7,0.0,16.0,11.0,1.5,2.0,0.0,,,,,,,,,,,,,,,,,,,,,,,,,,,,,,,,,,,,,,,,,,,,,,,,,,,,,,,,,,,,,,,,,,,,,,,,,,,,,,11,,SR,48,Big Ten,,2024,0,0,0,0,16,0,31,2,https://www.sports-reference.com/cfb/players/denzel-burke-1.html,2,Denzel Burke,CB/DB,0.0,Ohio State,2026-04-01T19:54:36.462Z,37,season_totals,3.0
2025,2025.csv,Nick Emmanwori,4869523,SAF,South Carolina,College Stats,6-3,220.0,4.38,43.0,20.0,138.0,,,Seattle Seahawks / 2nd / 35th pick / 2025,2025,26.0,seattle-seahawks,S,EmmaNi00,14.0,81.0,56.0,25.0,2.5,0.0,0.0,0.0,1.0,0,0.0,0.0,0.0,11.0,5.5,17.0,1.0,,,,,,,,,,,,,,,,,,,,,,,,,,,,,,,,,,,,,,,,,,,,,,,,,,,,,,,,,,,,,,,,,,,,,,,,,,,,,,31,,JR,88,SEC,,2024,0,0,0,0,13,2,107,4,https://www.sports-reference.com/cfb/players/nick-emmanwori-1.html,2,Nick Emmanwori,DB,0.0,South Carolina,2026-04-01T19:55:59.149Z,57,season_totals,3.0
2025,2025.csv,Nick Emmanwori,4869523,SAF,South Carolina,College Stats,6-3,220.0,4.38,43.0,20.0,138.0,,,Seattle Seahawks / 2nd / 35th pick / 2025,-1,,,,EmmaNi00,14.0,81.0,56.0,25.0,2.5,0.0,0.0,0.0,1.0,0,0.0,0.0,0.0,11.0,5.5,17.0,1.0,,,,,,,,,,,,,,,,,,,,,,,,,,,,,,,,,,,,,,,,,,,,,,,,,,,,,,,,,,,,,,,,,,,,,,,,,,,,,,31,,JR,88,SEC,,2024,0,0,0,0,13,2,107,4,https://www.sports-reference.com/cfb/players/nick-emmanwori-1.html,2,Nick Emmanwori,DB,0.0,South Carolina,2026-04-01T19:55:59.149Z,57,season_totals,3.0
2025,2025.csv,Maxwell Hairston,4688931,CB,Kentucky,College Stats,5-11,183.0,4.28,39.5,,129.0,,,Buffalo Bills / 1st / 30th pick / 2025,2025,2.0,buffalo-bills,CB,HairMa00,11.0,18.0,14.0,4.0,0.0,0.0,0.0,0.0,2.0,1,0.5,0.0,1.0,5.0,0.5,0.0,0.0,,,,,,,,,,,,,,,,,,,,,,,,,,,,,,,,,,,,,,,,,,,,,,,,,,,,,,,,,,,,,,,,,,,,,,,,,,,,,,4,,JR,19,SEC,,2024,2,0,0,0,7,1,25,1,https://www.sports-reference.com/cfb/players/maxwell-hairston-1.html,4,Maxwell Hairston,DB,1.0,Kentucky,2026-04-01T19:55:53.142Z,15,season_totals,1.0
2025,2025.csv,Maxwell Hairston,4688931,CB,Kentucky,College Stats,5-11,183.0,4.28,39.5,,129.0,,,Buffalo Bills / 1st / 30th pick / 2025,-1,,,,HairMa00,11.0,18.0,14.0,4.0,0.0,0.0,0.0,0.0,2.0,1,0.5,0.0,1.0,5.0,0.5,0.0,0.0,,,,,,,,,,,,,,,,,,,,,,,,,,,,,,,,,,,,,,,,,,,,,,,,,,,,,,,,,,,,,,,,,,,,,,,,,,,,,,4,,JR,19,SEC,,2024,2,0,0,0,7,1,25,1,https://www.sports-reference.com/cfb/players/maxwell-hairston-1.html,4,Maxwell Hairston,DB,1.0,Kentucky,2026-04-01T19:55:53.142Z,15,season_totals,1.0
2025,2025.csv,Jordan Hancock,4596480,CB,Ohio St.,College Stats,6-0,195.0,,,,,,,Buffalo Bills / 5th / 170th pick / 2025,2025,2.0,buffalo-bills,CB,HancJo00,13.0,22.0,9.0,13.0,0.0,0.0,0.0,0.0,0.0,0,0.0,0.0,0.0,0.0,0.0,0.0,0.0,,,,,,,,,,,,,,,,,,,,,,,,,,,,,,,,,,,,,,,,,,,,,,,,,,,,,,,,,,,,,,,,,,,,,,,,,,,,,,19,,SR,48,Big Ten,,2024,2,0,0,0,16,0,0,1,https://www.sports-reference.com/cfb/players/jordan-hancock-1.html,8,Jordan Hancock,CB/DB,0.5,Ohio State,2026-04-01T19:55:24.582Z,29,season_totals,1.5
2025,2025.csv,Jordan Hancock,4596480,CB,Ohio St.,College Stats,6-0,195.0,,,,,,,Buffalo Bills / 5th / 170th pick / 2025,-1,,,,HancJo00,13.0,22.0,9.0,13.0,0.0,0.0,0.0,0.0,0.0,0,0.0,0.0,0.0,0.0,0.0,0.0,0.0,,,,,,,,,,,,,,,,,,,,,,,,,,,,,,,,,,,,,,,,,,,,,,,,,,,,,,,,,,,,,,,,,,,,,,,,,,,,,,19,,SR,48,Big Ten,,2024,2,0,0,0,16,0,0,1,https://www.sports-reference.com/cfb/players/jordan-hancock-1.html,8,Jordan Hancock,CB/DB,0.5,Ohio State,2026-04-01T19:55:24.582Z,29,season_totals,1.5
2025,2025.csv,Jason Marshall Jr.,4432730,CB,Florida,College Stats,6-0,194.0,4.49,37.5,,125.0,,,Miami Dolphins / 5th / 150th pick / 2025,2025,15.0,miami-dolphins,CB,MarsJa00,12.0,23.0,14.0,9.0,0.0,0.0,0.0,0.0,1.0,24,24.0,0.0,24.0,4.0,2.0,1.0,0.0,,,,,,,,,,,,,,,,,,,,,,,,,,,,,,,,,,,,,,,,,,,,,,,,,,,,,,,,,,,,,,,,,,,,,,,,,,,,,,7,,SR,20,SEC,,2024,1,0,0,0,7,0,0,0,https://www.sports-reference.com/cfb/players/jason-marshall-jr-1.html,4,Jason Marshall Jr.,CB/DB,0.0,Florida,2026-04-01T19:55:00.471Z,13,season_totals,1.5
2025,2025.csv,Jason Marshall Jr.,4432730,CB,Florida,College Stats,6-0,194.0,4.49,37.5,,125.0,,,Miami Dolphins / 5th / 150th pick / 2025,-1,,,,MarsJa00,12.0,23.0,14.0,9.0,0.0,0.0,0.0,0.0,1.0,24,24.0,0.0,24.0,4.0,2.0,1.0,0.0,,,,,,,,,,,,,,,,,,,,,,,,,,,,,,,,,,,,,,,,,,,,,,,,,,,,,,,,,,,,,,,,,,,,,,,,,,,,,,7,,SR,20,SEC,,2024,1,0,0,0,7,0,0,0,https://www.sports-reference.com/cfb/players/jason-marshall-jr-1.html,4,Jason Marshall Jr.,CB/DB,0.0,Florida,2026-04-01T19:55:00.471Z,13,season_totals,1.5
2025,2025.csv,R.J. Mickens,4429018,SAF,Clemson,College Stats,6-0,199.0,4.49,41.5,,121.0,,,Los Angeles Chargers / 6th / 214th pick / 2025,2025,24.0,los-angeles-chargers,S,MickRJ00,12.0,29.0,18.0,11.0,0.0,0.0,0.0,0.0,2.0,25,12.5,0.0,15.0,2.0,0.0,0.0,0.0,,,,,,,,,,,,,,,,,,,,,,,,,,,,,,,,,,,,,,,,,,,,,,,,,,,,,,,,,,,,,,,,,,,,,,,,,,,,,,31,,SR,75,ACC,,2024,0,0,0,0,13,0,6,2,https://www.sports-reference.com/cfb/players/rj-mickens-1.html,7,R.J. Mickens,S,0.0,Clemson,2026-04-01T19:56:17.241Z,44,season_totals,6.0
2025,2025.csv,R.J. Mickens,4429018,SAF,Clemson,College Stats,6-0,199.0,4.49,41.5,,121.0,,,Los Angeles Chargers / 6th / 214th pick / 2025,-1,,,,MickRJ00,12.0,29.0,18.0,11.0,0.0,0.0,0.0,0.0,2.0,25,12.5,0.0,15.0,2.0,0.0,0.0,0.0,,,,,,,,,,,,,,,,,,,,,,,,,,,,,,,,,,,,,,,,,,,,,,,,,,,,,,,,,,,,,,,,,,,,,,,,,,,,,,31,,SR,75,ACC,,2024,0,0,0,0,13,0,6,2,https://www.sports-reference.com/cfb/players/rj-mickens-1.html,7,R.J. Mickens,S,0.0,Clemson,2026-04-01T19:56:17.241Z,44,season_totals,6.0
2025,2025.csv,Malachi Moore,4692024,SAF,Alabama,College Stats,5-11,196.0,,,,,,,New York Jets / 4th / 130th pick / 2025,2025,20.0,new-york-jets,S,MoorMa04,17.0,101.0,56.0,45.0,0.0,1.0,1.0,25.0,0.0,0,0.0,0.0,0.0,3.0,3.0,6.0,0.0,,,,,,,,,,,17,0,0,0.0,0,0,0,1,0,17.0,1.0,1.0,3,3.0,0.0,3.0,1.0,0.0,0.0,,,,,,,,,,,,17.0,0,0,0.0,0,0.0,0,0,0,0,39.6,-,,,,,,,,,,,,,,,,,,,,,,,,,,0,,JR,1,ACC,,2015,0,0,0,0,10,0,0,0,https://www.sports-reference.com/cfb/players/malachi-moore-1.html,0,Malachi Moore,DL/DE,0.0,Boston College,2026-04-01T19:55:41.090Z,1,season_totals,0.0
2025,2025.csv,Malachi Moore,4692024,SAF,Alabama,College Stats,5-11,196.0,,,,,,,New York Jets / 4th / 130th pick / 2025,-1,,,,MoorMa04,17.0,101.0,56.0,45.0,0.0,1.0,1.0,25.0,0.0,0,0.0,0.0,0.0,3.0,3.0,6.0,0.0,,,,,,,,,,,17,0,0,0.0,0,0,0,1,0,17.0,1.0,1.0,3,3.0,0.0,3.0,1.0,0.0,0.0,,,,,,,,,,,,17.0,0,0,0.0,0,0.0,0,0,0,0,0.0,-,,,,,,,,,,,,,,,,,,,,,,,,,,0,,JR,1,ACC,,2015,0,0,0,0,10,0,0,0,https://www.sports-reference.com/cfb/players/malachi-moore-1.html,0,Malachi Moore,DL/DE,0.0,Boston College,2026-04-01T19:55:41.090Z,1,season_totals,0.0
2025,2025.csv,Benjamin Morrison,4816107,CB,Notre Dame,College Stats,6-0,193.0,,,,,,,Tampa Bay Buccaneers / 2nd / 53rd pick / 2025,2025,27.0,tampa-bay-buccaneers,CB,MorrBe00,10.0,26.0,19.0,7.0,0.0,0.0,1.0,0.0,0.0,0,0.0,0.0,0.0,4.0,2.0,5.0,0.0,,,,,,,,,,,,,,,,,,,,,,,,,,,,,,,,,,,,,,,,,,,,,,,,,,,,,,,,,,,,,,,,,,,,,,,,,,,,,,6,,JR,20,Ind,,2024,0,0,0,0,6,0,0,0,https://www.sports-reference.com/cfb/players/benjamin-morrison-1.html,4,Benjamin  Morrison,CB,0.0,Notre Dame,2026-04-01T20:07:53.562Z,14,season_totals,0.0
2025,2025.csv,Benjamin Morrison,4816107,CB,Notre Dame,College Stats,6-0,193.0,,,,,,,Tampa Bay Buccaneers / 2nd / 53rd pick / 2025,-1,,,,MorrBe00,10.0,26.0,19.0,7.0,0.0,0.0,1.0,0.0,0.0,0,0.0,0.0,0.0,4.0,2.0,5.0,0.0,,,,,,,,,,,,,,,,,,,,,,,,,,,,,,,,,,,,,,,,,,,,,,,,,,,,,,,,,,,,,,,,,,,,,,,,,,,,,,6,,JR,20,Ind,,2024,0,0,0,0,6,0,0,0,https://www.sports-reference.com/cfb/players/benjamin-morrison-1.html,4,Benjamin  Morrison,CB,0.0,Notre Dame,2026-04-01T20:07:53.562Z,14,season_totals,0.0
2025,2025.csv,Andrew Mukuba,4602197,SAF,Texas,College Stats,5-11,186.0,4.45,,,,,,Philadelphia Eagles / 2nd / 64th pick / 2025,2025,21.0,philadelphia-eagles,S,MukuAn00,11.0,46.0,27.0,19.0,0.5,0.0,0.0,0.0,2.0,41,20.5,0.0,41.0,3.0,4.0,2.0,0.0,,,,,,,,,,,,,,,,,,,,,,,,,,,,,,,,,,,,,,,,,,,,,,,,,,,,,,,,,,,,,,,,,,,,,,,,,,,,,,28,,SR,69,SEC,,2024,1,0,0,0,15,0,12,5,https://www.sports-reference.com/cfb/players/andrew-mukuba-1.html,7,Andrew Mukuba,S/DB,0.0,Texas,2026-04-01T19:53:58.532Z,41,season_totals,4.0
2025,2025.csv,Andrew Mukuba,4602197,SAF,Texas,College Stats,5-11,186.0,4.45,,,,,,Philadelphia Eagles / 2nd / 64th pick / 2025,-1,,,,MukuAn00,11.0,46.0,27.0,19.0,0.5,0.0,0.0,0.0,2.0,41,20.5,0.0,41.0,3.0,4.0,2.0,0.0,,,,,,,,,,,,,,,,,,,,,,,,,,,,,,,,,,,,,,,,,,,,,,,,,,,,,,,,,,,,,,,,,,,,,,,,,,,,,,28,,SR,69,SEC,,2024,1,0,0,0,15,0,12,5,https://www.sports-reference.com/cfb/players/andrew-mukuba-1.html,7,Andrew Mukuba,S/DB,0.0,Texas,2026-04-01T19:53:58.532Z,41,season_totals,4.0
2025,2025.csv,Jacob Parrish,4912847,CB,Kansas St.,College Stats,5-10,191.0,4.35,37.5,12.0,129.0,,,Tampa Bay Buccaneers / 3rd / 84th pick / 2025,2025,27.0,tampa-bay-buccaneers,CB,ParrJa01,17.0,76.0,50.0,26.0,2.0,0.0,1.0,0.0,2.0,3,1.5,0.0,3.0,7.0,5.0,11.0,0.0,,,,,,,,,,,,,,,,,,,,,,,,,,,,,,,,,,,,,,,,,,,,,,,,,,,,,,,,,,,,,,,,,,,,,,,,,,,,,,10,,JR,50,Big 12,,2024,0,0,0,0,12,0,0,1,https://www.sports-reference.com/cfb/players/jacob-parrish-1.html,7,Jacob Parrish,CB,0.0,Kansas State,2026-04-01T19:54:48.346Z,40,season_totals,2.5
2025,2025.csv,Jacob Parrish,4912847,CB,Kansas St.,College Stats,5-10,191.0,4.35,37.5,12.0,129.0,,,Tampa Bay Buccaneers / 3rd / 84th pick / 2025,-1,,,,ParrJa01,17.0,76.0,50.0,26.0,2.0,0.0,1.0,0.0,2.0,3,1.5,0.0,3.0,7.0,5.0,11.0,0.0,,,,,,,,,,,,,,,,,,,,,,,,,,,,,,,,,,,,,,,,,,,,,,,,,,,,,,,,,,,,,,,,,,,,,,,,,,,,,,10,,JR,50,Big 12,,2024,0,0,0,0,12,0,0,1,https://www.sports-reference.com/cfb/players/jacob-parrish-1.html,7,Jacob Parrish,CB,0.0,Kansas State,2026-04-01T19:54:48.346Z,40,season_totals,2.5
2025,2025.csv,Darien Porter,4430330,CB,Iowa St.,College Stats,6-3,195.0,4.3,36.5,,131.0,6.71,4.04,Las Vegas Raiders / 3rd / 68th pick / 2025,2025,13.0,las-vegas-raiders,CB,PortDa00,17.0,42.0,29.0,13.0,0.0,0.0,1.0,0.0,0.0,0,0.0,0.0,0.0,3.0,0.0,0.0,0.0,,,,,,,,,,,,,,,,,,,,,,,,,,,,,,,,,,,,,,,,,,,,,,,,,,,,,,,,,,,,,,,,,,,,,,,,,,,,,,6,,SR,18,Big 12,,2024,0,0,0,0,12,0,5,3,https://www.sports-reference.com/cfb/players/darien-porter-1.html,2,Darien Porter,WR/DB,0.0,Iowa State,2026-04-01T19:54:30.515Z,12,season_totals,2.0
2025,2025.csv,Darien Porter,4430330,CB,Iowa St.,College Stats,6-3,195.0,4.3,36.5,,131.0,6.71,4.04,Las Vegas Raiders / 3rd / 68th pick / 2025,-1,,,,PortDa00,17.0,42.0,29.0,13.0,0.0,0.0,1.0,0.0,0.0,0,0.0,0.0,0.0,3.0,0.0,0.0,0.0,,,,,,,,,,,,,,,,,,,,,,,,,,,,,,,,,,,,,,,,,,,,,,,,,,,,,,,,,,,,,,,,,,,,,,,,,,,,,,6,,SR,18,Big 12,,2024,0,0,0,0,12,0,5,3,https://www.sports-reference.com/cfb/players/darien-porter-1.html,2,Darien Porter,WR/DB,0.0,Iowa State,2026-04-01T19:54:30.515Z,12,season_totals,2.0
2025,2025.csv,Lathan Ransom,4429110,SAF,Ohio St.,College Stats,6-0,206.0,,,,,,,Carolina Panthers / 4th / 122nd pick / 2025,2025,29.0,carolina-panthers,S,RansLa00,16.0,51.0,21.0,30.0,1.0,1.0,0.0,0.0,1.0,5,5.0,0.0,5.0,2.0,1.0,4.0,0.0,,,,,,,,,,,,,,,,,,,,,,,,,,,,,,,,,,,,,,,,,,,,,,,,,,,,,,,,,,,,,,,,,,,,,,,,,,,,,,30,,SR,76,Big Ten,,2024,3,1,1,27,15,0,24,1,https://www.sports-reference.com/cfb/players/lathan-ransom-1.html,2,Lathan Ransom,S/DB,1.0,Ohio State,2026-04-01T19:55:35.007Z,46,season_totals,9.0
2025,2025.csv,Lathan Ransom,4429110,SAF,Ohio St.,College Stats,6-0,206.0,,,,,,,Carolina Panthers / 4th / 122nd pick / 2025,-1,,,,RansLa00,16.0,51.0,21.0,30.0,1.0,1.0,0.0,0.0,1.0,5,5.0,0.0,5.0,2.0,1.0,4.0,0.0,,,,,,,,,,,,,,,,,,,,,,,,,,,,,,,,,,,,,,,,,,,,,,,,,,,,,,,,,,,,,,,,,,,,,,,,,,,,,,30,,SR,76,Big Ten,,2024,3,1,1,27,15,0,24,1,https://www.sports-reference.com/cfb/players/lathan-ransom-1.html,2,Lathan Ransom,S/DB,1.0,Ohio State,2026-04-01T19:55:35.007Z,46,season_totals,9.0
2025,2025.csv,Jaylen Reed,4432758,SAF,Penn St.,College Stats,6-0,211.0,4.49,33.5,19.0,,,,Houston Texans / 6th / 187th pick / 2025,2025,34.0,houston-texans,S,ReedJa04,7.0,14.0,9.0,5.0,0.0,0.0,1.0,9.0,0.0,0,0.0,0.0,0.0,0.0,0.0,0.0,0.0,,,,,,,,,,,,,,,,,,,,,,,,,,,,,,,,,,,,,,,,,,,,,,,,,,,,,,,,,,,,,,,,,,,,,,,,,,,,,,47,,SR,98,Big Ten,,2024,1,1,0,0,16,1,50,3,https://www.sports-reference.com/cfb/players/jaylen-reed-1.html,3,Jaylen Reed,S,2.5,Penn State,2026-04-01T19:55:06.531Z,51,season_totals,6.5
2025,2025.csv,Jaylen Reed,4432758,SAF,Penn St.,College Stats,6-0,211.0,4.49,33.5,19.0,,,,Houston Texans / 6th / 187th pick / 2025,-1,,,,ReedJa04,7.0,14.0,9.0,5.0,0.0,0.0,1.0,9.0,0.0,0,0.0,0.0,0.0,0.0,0.0,0.0,0.0,,,,,,,,,,,,,,,,,,,,,,,,,,,,,,,,,,,,,,,,,,,,,,,,,,,,,,,,,,,,,,,,,,,,,,,,,,,,,,47,,SR,98,Big Ten,,2024,1,1,0,0,16,1,50,3,https://www.sports-reference.com/cfb/players/jaylen-reed-1.html,3,Jaylen Reed,S,2.5,Penn State,2026-04-01T19:55:06.531Z,51,season_totals,6.5
2025,2025.csv,Quincy Riley,4428350,CB,Louisville,College Stats,5-11,194.0,4.48,,,,,,New Orleans Saints / 4th / 131st pick / 2025,2025,18.0,new-orleans-saints,CB,RileQu00,17.0,35.0,29.0,6.0,0.0,1.0,0.0,0.0,1.0,0,0.0,0.0,0.0,10.0,2.0,0.0,0.0,,,,,,,,,,,,,,,,,,,,,,,,,,,,,,,,,,,,,,,,,,,,,,,,,,,,,,,,,,,,,,,,,,,,,,,,,,,,,,9,,FR,33,CUSA,,2021,0,0,0,0,9,1,153,5,https://www.sports-reference.com/cfb/players/quincy-riley-1.html,9,Quincy Riley,CB,1.5,Middle Tennessee State,2026-04-01T19:56:11.267Z,24,season_totals,4.5
2025,2025.csv,Quincy Riley,4428350,CB,Louisville,College Stats,5-11,194.0,4.48,,,,,,New Orleans Saints / 4th / 131st pick / 2025,-1,,,,RileQu00,17.0,35.0,29.0,6.0,0.0,1.0,0.0,0.0,1.0,0,0.0,0.0,0.0,10.0,2.0,0.0,0.0,,,,,,,,,,,,,,,,,,,,,,,,,,,,,,,,,,,,,,,,,,,,,,,,,,,,,,,,,,,,,,,,,,,,,,,,,,,,,,9,,FR,33,CUSA,,2021,0,0,0,0,9,1,153,5,https://www.sports-reference.com/cfb/players/quincy-riley-1.html,9,Quincy Riley,CB,1.5,Middle Tennessee State,2026-04-01T19:56:11.267Z,24,season_totals,4.5
2025,2025.csv,Jonas Sanker,4683813,SAF,Virginia,College Stats,6-0,206.0,4.48,36.5,12.0,128.0,,,New Orleans Saints / 3rd / 93rd pick / 2025,2025,18.0,new-orleans-saints,S,SankJo00,17.0,80.0,46.0,34.0,0.0,0.0,1.0,27.0,2.0,29,14.5,0.0,29.0,6.0,1.0,6.0,0.0,,,,,,,,,,,,,,,,,,,,,,,,,,,,,,,,,,,,,,,,,,,,,,,,,,,,,,,,,,,,,,,,,,,,,,,,,,,,,,33,,SR,98,ACC,,2024,0,2,1,40,12,0,45,1,https://www.sports-reference.com/cfb/players/jonas-sanker-1.html,4,Jonas Sanker,DB/S,2.0,Virginia,2026-04-01T19:55:18.541Z,65,season_totals,8.5
2025,2025.csv,Jonas Sanker,4683813,SAF,Virginia,College Stats,6-0,206.0,4.48,36.5,12.0,128.0,,,New Orleans Saints / 3rd / 93rd pick / 2025,-1,,,,SankJo00,17.0,80.0,46.0,34.0,0.0,0.0,1.0,27.0,2.0,29,14.5,0.0,29.0,6.0,1.0,6.0,0.0,,,,,,,,,,,,,,,,,,,,,,,,,,,,,,,,,,,,,,,,,,,,,,,,,,,,,,,,,,,,,,,,,,,,,,,,,,,,,,33,,SR,98,ACC,,2024,0,2,1,40,12,0,45,1,https://www.sports-reference.com/cfb/players/jonas-sanker-1.html,4,Jonas Sanker,DB/S,2.0,Virginia,2026-04-01T19:55:18.541Z,65,season_totals,8.5
2025,2025.csv,Jaylin Smith,4594277,CB,USC,College Stats,5-11,187.0,4.45,32.5,,122.0,,,Houston Texans / 3rd / 97th pick / 2025,2025,34.0,houston-texans,CB,SmitJa11,4.0,6.0,3.0,3.0,0.0,0.0,1.0,0.0,0.0,0,0.0,0.0,0.0,0.0,0.5,0.0,0.0,,,,,,,,,,,,,,,,,,,,,,,,,,,,,,,,,,,,,,,,,,,,,,,,,,,,,,,,,,,,,,,,,,,,,,,,,,,,,,19,,SR,59,Big Ten,,2024,0,0,0,0,10,0,0,2,https://www.sports-reference.com/cfb/players/jaylin-smith-1.html,2,Jaylin Smith,S/DB/CB,0.0,USC,2026-04-01T19:55:12.559Z,40,season_totals,4.0
2025,2025.csv,Jaylin Smith,4594277,CB,USC,College Stats,5-11,187.0,4.45,32.5,,122.0,,,Houston Texans / 3rd / 97th pick / 2025,-1,,,,SmitJa11,4.0,6.0,3.0,3.0,0.0,0.0,1.0,0.0,0.0,0,0.0,0.0,0.0,0.0,0.5,0.0,0.0,,,,,,,,,,,,,,,,,,,,,,,,,,,,,,,,,,,,,,,,,,,,,,,,,,,,,,,,,,,,,,,,,,,,,,,,,,,,,,19,,SR,59,Big Ten,,2024,0,0,0,0,10,0,0,2,https://www.sports-reference.com/cfb/players/jaylin-smith-1.html,2,Jaylin Smith,S/DB/CB,0.0,USC,2026-04-01T19:55:12.559Z,40,season_totals,4.0
2025,2025.csv,Malaki Starks,4685530,SAF,Georgia,College Stats,6-1,197.0,4.5,33.0,,,7.26,4.45,Baltimore Ravens / 1st / 27th pick / 2025,2025,33.0,baltimore-ravens,S,StarMa00,17.0,84.0,49.0,35.0,0.0,0.0,0.0,0.0,2.0,9,4.5,0.0,9.0,4.0,3.0,3.0,0.0,,,,,,,,,,,,,,,,,,,,,,,,,,,,,,,,,,,,,,,,,,,,,,,,,,,,,,,,,,,,,,,,,,,,,,,,,,,,,,25,,JR,77,SEC,,2024,0,0,0,0,14,0,0,1,https://www.sports-reference.com/cfb/players/malaki-starks-1.html,3,Malaki Starks,DB,0.0,Georgia,2026-04-01T19:55:47.280Z,52,season_totals,4.0
2025,2025.csv,Malaki Starks,4685530,SAF,Georgia,College Stats,6-1,197.0,4.5,33.0,,,7.26,4.45,Baltimore Ravens / 1st / 27th pick / 2025,-1,,,,StarMa00,17.0,84.0,49.0,35.0,0.0,0.0,0.0,0.0,2.0,9,4.5,0.0,9.0,4.0,3.0,3.0,0.0,,,,,,,,,,,,,,,,,,,,,,,,,,,,,,,,,,,,,,,,,,,,,,,,,,,,,,,,,,,,,,,,,,,,,,,,,,,,,,25,,JR,77,SEC,,2024,0,0,0,0,14,0,0,1,https://www.sports-reference.com/cfb/players/malaki-starks-1.html,3,Malaki Starks,DB,0.0,Georgia,2026-04-01T19:55:47.280Z,52,season_totals,4.0
2025,2025.csv,Upton Stout,4565200,CB,Western Kentucky,College Stats,5-9,181.0,4.44,37.5,21.0,128.0,,4.29,San Francisco 49ers / 3rd / 100th pick / 2025,2025,25.0,san-francisco-49ers,CB,StouUp00,16.0,82.0,43.0,39.0,1.0,1.0,0.0,0.0,0.0,0,0.0,0.0,0.0,5.0,2.0,4.0,0.0,,,,,,,,,,,,,,,,,,,,,,,,,,,,,,,,,,,,,,,,,,,,,,,,,,,,,,,,,,,,,,,,,,,,,,,,,,,,,,23,,JR,52,CUSA,,2024,0,0,0,0,12,0,24,1,https://www.sports-reference.com/cfb/players/upton-stout-1.html,1,Upton Stout,DB,1.0,Western Kentucky,2026-04-01T19:56:38.555Z,29,season_totals,7.5
2025,2025.csv,Upton Stout,4565200,CB,Western Kentucky,College Stats,5-9,181.0,4.44,37.5,21.0,128.0,,4.29,San Francisco 49ers / 3rd / 100th pick / 2025,-1,,,,StouUp00,16.0,82.0,43.0,39.0,1.0,1.0,0.0,0.0,0.0,0,0.0,0.0,0.0,5.0,2.0,4.0,0.0,,,,,,,,,,,,,,,,,,,,,,,,,,,,,,,,,,,,,,,,,,,,,,,,,,,,,,,,,,,,,,,,,,,,,,,,,,,,,,23,,JR,52,CUSA,,2024,0,0,0,0,12,0,24,1,https://www.sports-reference.com/cfb/players/upton-stout-1.html,1,Upton Stout,DB,1.0,Western Kentucky,2026-04-01T19:56:38.555Z,29,season_totals,7.5
2025,2025.csv,Dorian Strong,4568703,CB,Virginia Tech,College Stats,6-1,185.0,4.5,36.0,15.0,116.0,,,Buffalo Bills / 6th / 177th pick / 2025,2025,2.0,buffalo-bills,CB,StroDo01,4.0,10.0,9.0,1.0,0.0,0.0,0.0,0.0,0.0,0,0.0,0.0,0.0,0.0,0.0,0.0,0.0,,,,,,,,,,,,,,,,,,,,,,,,,,,,,,,,,,,,,,,,,,,,,,,,,,,,,,,,,,,,,,,,,,,,,,,,,,,,,,12,,SR,32,ACC,,2024,1,1,0,12,12,0,-7,2,https://www.sports-reference.com/cfb/players/dorian-strong-1.html,6,Dorian Strong,DB/CB,0.0,Virginia Tech,2026-04-01T19:54:42.347Z,20,season_totals,0.0
2025,2025.csv,Dorian Strong,4568703,CB,Virginia Tech,College Stats,6-1,185.0,4.5,36.0,15.0,116.0,,,Buffalo Bills / 6th / 177th pick / 2025,-1,,,,StroDo01,4.0,10.0,9.0,1.0,0.0,0.0,0.0,0.0,0.0,0,0.0,0.0,0.0,0.0,0.0,0.0,0.0,,,,,,,,,,,,,,,,,,,,,,,,,,,,,,,,,,,,,,,,,,,,,,,,,,,,,,,,,,,,,,,,,,,,,,,,,,,,,,12,,SR,32,ACC,,2024,1,1,0,12,12,0,-7,2,https://www.sports-reference.com/cfb/players/dorian-strong-1.html,6,Dorian Strong,DB/CB,0.0,Virginia Tech,2026-04-01T19:54:42.347Z,20,season_totals,0.0
2025,2025.csv,Azareye'h Thomas,4685596,CB,Florida St.,College Stats,6-2,197.0,,,,122.0,,,New York Jets / 3rd / 73rd pick / 2025,2025,20.0,new-york-jets,CB,ThomAz00,12.0,22.0,13.0,9.0,0.0,0.0,0.0,0.0,0.0,0,0.0,0.0,0.0,7.0,2.0,3.0,0.0,,,,,,,,,,,,,,,,,,,,,,,,,,,,,,,,,,,,,,,,,,,,,,,,,,,,,,,,,,,,,,,,,,,,,,,,,,,,,,17,,JR,52,ACC,,2024,0,0,0,0,12,0,0,1,https://www.sports-reference.com/cfb/players/azareyeh-thomas-1.html,4,Azareye'h Thomas,DB,0.0,Florida State,2026-04-01T19:54:04.478Z,35,season_totals,1.5
2025,2025.csv,Azareye'h Thomas,4685596,CB,Florida St.,College Stats,6-2,197.0,,,,122.0,,,New York Jets / 3rd / 73rd pick / 2025,-1,,,,ThomAz00,12.0,22.0,13.0,9.0,0.0,0.0,0.0,0.0,0.0,0,0.0,0.0,0.0,7.0,2.0,3.0,0.0,,,,,,,,,,,,,,,,,,,,,,,,,,,,,,,,,,,,,,,,,,,,,,,,,,,,,,,,,,,,,,,,,,,,,,,,,,,,,,17,,JR,52,ACC,,2024,0,0,0,0,12,0,0,1,https://www.sports-reference.com/cfb/players/azareyeh-thomas-1.html,4,Azareye'h Thomas,DB,0.0,Florida State,2026-04-01T19:54:04.478Z,35,season_totals,1.5
2025,2025.csv,Xavier Watts,4431005,SAF,Notre Dame,College Stats,6-0,204.0,,,,,,,Atlanta Falcons / 3rd / 96th pick / 2025,2025,1.0,atlanta-falcons,S,WattXa00,17.0,96.0,59.0,37.0,0.0,0.0,1.0,5.0,5.0,32,6.4,0.0,32.0,11.0,1.5,0.0,0.0,,,,,,,,,,,,,,,,,,,,,,,,,,,,,,,,,,,,,,,,,,,,,,,,,,,,,,,,,,,,,,,,,,,,,,,,,,,,,,30,AA,SR,82,Ind,,2024,1,1,0,0,16,1,136,6,https://www.sports-reference.com/cfb/players/xavier-watts-1.html,10,Xavier Watts,WR/LB/S,0.0,Notre Dame,2026-04-01T19:56:50.473Z,52,season_totals,3.5
2025,2025.csv,Xavier Watts,4431005,SAF,Notre Dame,College Stats,6-0,204.0,,,,,,,Atlanta Falcons / 3rd / 96th pick / 2025,-1,,,,WattXa00,17.0,96.0,59.0,37.0,0.0,0.0,1.0,5.0,5.0,32,6.4,0.0,32.0,11.0,1.5,0.0,0.0,,,,,,,,,,,,,,,,,,,,,,,,,,,,,,,,,,,,,,,,,,,,,,,,,,,,,,,,,,,,,,,,,,,,,,,,,,,,,,30,AA,SR,82,Ind,,2024,1,1,0,0,16,1,136,6,https://www.sports-reference.com/cfb/players/xavier-watts-1.html,10,Xavier Watts,WR/LB/S,0.0,Notre Dame,2026-04-01T19:56:50.473Z,52,season_totals,3.5
2025,2025.csv,Nohl Williams,4610705,CB,California,College Stats,6-0,199.0,4.5,33.5,19.0,120.0,,,Kansas City Chiefs / 3rd / 85th pick / 2025,2025,12.0,kansas-city-chiefs,CB,WillNo01,17.0,48.0,30.0,18.0,1.0,0.0,0.0,0.0,0.0,0,0.0,0.0,0.0,7.0,2.0,10.0,0.0,,,,,,,,,,,,,,,,,,,,,,,,,,,,,,,,,,,,,,,,,,,,,,,,,,,,,,,,,,,,,,,,,,,,,,,,,,,,,,19,AA,SR,52,ACC,,2024,1,0,0,0,13,1,54,7,https://www.sports-reference.com/cfb/players/nohl-williams-1.html,9,Nohl Williams,DB,0.0,California,2026-04-01T19:56:05.163Z,33,season_totals,1.0
2025,2025.csv,Nohl Williams,4610705,CB,California,College Stats,6-0,199.0,4.5,33.5,19.0,120.0,,,Kansas City Chiefs / 3rd / 85th pick / 2025,-1,,,,WillNo01,17.0,48.0,30.0,18.0,1.0,0.0,0.0,0.0,0.0,0,0.0,0.0,0.0,7.0,2.0,10.0,0.0,,,,,,,,,,,,,,,,,,,,,,,,,,,,,,,,,,,,,,,,,,,,,,,,,,,,,,,,,,,,,,,,,,,,,,,,,,,,,,19,AA,SR,52,ACC,,2024,1,0,0,0,13,1,54,7,https://www.sports-reference.com/cfb/players/nohl-williams-1.html,9,Nohl Williams,DB,0.0,California,2026-04-01T19:56:05.163Z,33,season_totals,1.0
2025,2025.csv,Craig Woodson,4428930,SAF,California,College Stats,6-0,200.0,4.45,36.0,13.0,127.0,,,New England Patriots / 4th / 106th pick / 2025,2025,17.0,new-england-patriots,S,WoodCr00,17.0,79.0,42.0,37.0,0.0,0.0,2.0,0.0,0.0,0,0.0,0.0,0.0,3.0,2.5,9.0,0.0,,,,,,,,,,,,,,,,,,,,,,,,,,,,,,,,,,,,,,,,,,,,,,,,,,,,,,,,,,,,,,,,,,,,,,,,,,,,,,25,,SR,70,ACC,,2024,0,1,0,0,13,0,0,2,https://www.sports-reference.com/cfb/players/criag-woodson-1.html,9,Craig Woodson,S/DB,0.0,California,2026-04-01T20:08:06.247Z,45,season_totals,2.5
2025,2025.csv,Craig Woodson,4428930,SAF,California,College Stats,6-0,200.0,4.45,36.0,13.0,127.0,,,New England Patriots / 4th / 106th pick / 2025,-1,,,,WoodCr00,17.0,79.0,42.0,37.0,0.0,0.0,2.0,0.0,0.0,0,0.0,0.0,0.0,3.0,2.5,9.0,0.0,,,,,,,,,,,,,,,,,,,,,,,,,,,,,,,,,,,,,,,,,,,,,,,,,,,,,,,,,,,,,,,,,,,,,,,,,,,,,,25,,SR,70,ACC,,2024,0,1,0,0,13,0,0,2,https://www.sports-reference.com/cfb/players/criag-woodson-1.html,9,Craig Woodson,S/DB,0.0,California,2026-04-01T20:08:06.247Z,45,season_totals,2.5
