assisted_tackles,awards,class,combined_tackles,conference,final_season_year,forced_fumbles,fumble_recoveries,fumble_recovery_tds,fumble_recovery_yards,games,interception_tds,interception_yards,interceptions,page_url,passes_defended,player,pos,sacks,school,scraped_at,solo_tackles,source_type,tfl
28,AA,JR,46,SEC,2015,0,1,0,9,15,0,0,0,https://www.sports-reference.com/cfb/players/ashawn-robinson-1.html,2,A'Shawn Robinson,DL,3.5,Alabama,2026-04-01T05:23:59.978Z,18,season_totals,7.5
8,,SR,17,SEC,2023,0,0,0,0,14,0,0,0,https://www.sports-reference.com/cfb/players/zion-logue-1.html,3,Zion Logue,DL,0.5,Georgia,2026-04-01T05:40:48.683Z,9,season_totals,2.5
52,,SR,77,Big Ten,2009,0,0,0,0,13,0,29,5,https://www.sports-reference.com/cfb/players/aj-edds-1.html,0,A.J. Edds,LB,0.0,Iowa,2026-04-01T15:07:09.303Z,25,season_totals,4.0
17,,JR,49,Big Ten,2019,4,0,0,0,13,0,0,0,https://www.sports-reference.com/cfb/players/aj-epenesa-1.html,3,A.J. Epenesa,DE,11.5,Iowa,2026-04-01T15:07:16.552Z,32,season_totals,14.5
52,"H-6,AA",SR,121,Big Ten,2005,2,0,0,0,12,0,24,1,https://www.sports-reference.com/cfb/players/aj-hawk-1.html,0,A.J. Hawk,LB,9.5,Ohio State,2026-04-01T15:07:23.439Z,69,season_totals,16.5
58,,SR,117,Big 12,2012,0,0,0,0,13,1,87,1,https://www.sports-reference.com/cfb/players/aj-klein-1.html,0,A.J. Klein,LB,1.0,Iowa State,2026-04-01T15:07:30.393Z,59,season_totals,3.5
10,,JR,34,ACC,2019,0,0,0,0,15,0,65,2,https://www.sports-reference.com/cfb/players/aj-terrell-1.html,4,A.J. Terrell,CB,0.5,Clemson,2026-04-01T15:07:37.325Z,24,season_totals,0.5
11,,SR,55,Big 12,2013,0,1,0,0,11,0,0,1,https://www.sports-reference.com/cfb/players/aaron-colvin-1.html,3,Aaron Colvin,DB,1.0,Oklahoma,2026-04-01T15:07:44.384Z,44,season_totals,5.0
39,,SR,105,ACC,2008,1,0,0,0,13,0,22,1,https://www.sports-reference.com/cfb/players/aaron-curry-1.html,0,Aaron Curry,LB,2.5,Wake Forest,2026-04-01T15:07:51.855Z,66,season_totals,16.0
16,"Nagurski,Bednarik,AA",SR,59,ACC,2013,4,0,0,0,13,0,0,0,https://www.sports-reference.com/cfb/players/aaron-donald-1.html,3,Aaron Donald,DL,11.0,Pitt,2026-04-01T15:07:58.508Z,43,season_totals,28.5
12,,SO,29,American,2013,0,1,1,44,12,0,0,0,https://www.sports-reference.com/cfb/players/aaron-lynch-1.html,1,Aaron Lynch,DL,5.0,South Florida,2026-04-01T15:08:05.454Z,17,season_totals,12.0
19,AA,SO,49,Big Ten,2008,3,0,0,0,13,0,0,0,https://www.sports-reference.com/cfb/players/aaron-maybin-1.html,3,Aaron Maybin,DL,12.0,Penn State,2026-04-01T15:08:12.509Z,30,season_totals,20.0
10,,SR,57,Big 12,2006,3,0,1,3,13,0,7,6,https://www.sports-reference.com/cfb/players/aaron-ross-1.html,0,Aaron Ross,DB,1.0,Texas,2026-04-01T15:08:26.575Z,47,season_totals,2.0
33,,SR,57,ACC,2006,1,0,0,0,13,0,28,1,https://www.sports-reference.com/cfb/players/aaron-rouse-1.html,0,Aaron Rouse,LB,0.0,Virginia Tech,2026-04-01T15:08:33.438Z,24,season_totals,2.0
16,,SO,34,MAC,2009,0,0,0,0,6,0,0,0,https://www.sports-reference.com/cfb/players/aaron-williams-1.html,0,Aaron Williams,LB,0.0,Akron,2026-04-01T15:08:47.556Z,18,season_totals,4.0
25,AA,JR,68,Big Ten,2024,2,0,0,0,16,0,0,0,https://www.sports-reference.com/cfb/players/abdul-carter-1.html,4,Abdul Carter,LB,12.0,Penn State,2026-04-01T15:08:54.645Z,43,season_totals,23.5
62,,SR,158,Big Ten,2005,3,0,0,0,12,0,0,0,https://www.sports-reference.com/cfb/players/abdul-hodge-1.html,0,Abdul Hodge,LB,1.0,Iowa,2026-04-01T15:09:01.952Z,96,season_totals,11.0
28,,SR,52,Big 12,2006,0,0,0,0,14,0,-3,1,https://www.sports-reference.com/cfb/players/adam-carriker-1.html,0,Adam Carriker,DL,7.0,Nebraska,2026-04-01T15:09:17.186Z,24,season_totals,14.0
11,,SR,31,ACC,2015,0,2,1,11,9,0,0,0,https://www.sports-reference.com/cfb/players/adam-gotsis-1.html,0,Adam Gotsis,DL,3.0,Georgia Tech,2026-04-01T15:09:22.752Z,20,season_totals,5.0
8,,SR,23,ACC,2020,1,1,0,0,12,0,0,0,https://www.sports-reference.com/cfb/players/adetokunbo-ogundeji-1.html,0,Adetokunbo Ogundeji,DL,7.0,Notre Dame,2026-04-01T15:09:43.807Z,15,season_totals,7.0
11,,SR,38,Big Ten,2022,2,0,0,0,12,0,0,0,https://www.sports-reference.com/cfb/players/adetomiwa-adebawore-1.html,1,Adetomiwa Adebawore,DL,5.0,Northwestern,2026-04-01T15:09:50.804Z,27,season_totals,9.0
14,,SR,37,Big Ten,2023,1,1,0,0,13,0,0,0,https://www.sports-reference.com/cfb/players/adisa-isaac-1.html,0,Adisa Isaac,DE,7.5,Penn State,2026-04-01T15:09:57.861Z,23,season_totals,16.0
26,,SR,49,Big Ten,2015,1,1,0,0,12,1,20,1,https://www.sports-reference.com/cfb/players/adolphus-washington-1.html,1,Adolphus Washington,DL,4.0,Ohio State,2026-04-01T15:10:04.880Z,23,season_totals,7.0
9,AA,JR,55,Pac-12,2016,0,2,0,26,13,0,21,5,https://www.sports-reference.com/cfb/players/adoree-jackson-1.html,11,Adoree Jackson,CB/DB,0.0,USC,2026-04-01T15:10:11.959Z,46,season_totals,2.0
12,,SR,42,Big Ten,2014,0,0,0,0,13,0,35,3,https://www.sports-reference.com/cfb/players/adrian-amos-1.html,7,Adrian Amos,DB/S,0.0,Penn State,2026-04-01T15:10:19.210Z,30,season_totals,2.5
33,AA,SR,52,Big Ten,2010,1,0,0,0,13,0,0,0,https://www.sports-reference.com/cfb/players/adrian-clayborn-1.html,1,Adrian Clayborn,DL,3.5,Iowa,2026-04-01T15:10:25.907Z,19,season_totals,7.0
20,,SR,31,ACC,2024,0,0,0,0,12,0,0,0,https://www.sports-reference.com/cfb/players/aeneas-peebles-1.html,3,Aeneas Peebles,DT,3.0,Virginia Tech,2026-04-01T15:10:38.583Z,11,season_totals,6.5
4,,SR,23,Pac-12,2016,1,1,0,0,14,0,0,1,https://www.sports-reference.com/cfb/players/ahkello-witherspoon-1.html,22,Ahkello Witherspoon,DB,0.0,Colorado,2026-04-01T15:10:45.727Z,19,season_totals,0.0
35,,SR,108,SEC,2010,3,0,0,0,13,1,171,5,https://www.sports-reference.com/cfb/players/ahmad-black-1.html,0,Ahmad Black,DB,1.0,Florida,2026-04-01T15:10:52.797Z,73,season_totals,10.0
28,,SR,81,Big 12,2013,1,1,0,0,12,0,0,1,https://www.sports-reference.com/cfb/players/ahmad-dixon-1.html,6,Ahmad Dixon,DB/S,0.0,Baylor,2026-04-01T15:11:06.800Z,53,season_totals,2.0
18,,SR,42,Big 12,2007,1,0,0,0,12,0,0,0,https://www.sports-reference.com/cfb/players/ahtyba-rubin-1.html,1,Ahtyba Rubin,OL/DL,1.5,Iowa State,2026-04-01T15:11:13.780Z,24,season_totals,4.0
26,"H-2,AA",SR,62,Big Ten,2021,2,1,0,0,14,0,0,0,https://www.sports-reference.com/cfb/players/aidan-hutchinson-1.html,3,Aidan Hutchinson,DL,14.0,Michigan,2026-04-01T15:11:21.040Z,36,season_totals,16.5
3,,SR,30,SEC,2021,2,0,0,0,11,0,0,1,https://www.sports-reference.com/cfb/players/akayleb-evans-1.html,6,Akayleb Evans,DB/CB,0.0,Missouri,2026-04-01T15:11:27.888Z,27,season_totals,1.0
23,,JR,68,Pac-10,2010,2,0,0,0,12,0,90,2,https://www.sports-reference.com/cfb/players/akeem-ayers-1.html,0,Akeem Ayers,LB,4.0,UCLA,2026-04-01T15:11:34.960Z,45,season_totals,10.0
53,,SR,102,Sun Belt,2019,0,0,0,0,14,0,0,1,https://www.sports-reference.com/cfb/players/akeem-davis-gaither-1.html,8,Akeem Davis-Gaither,LB,5.0,Appalachian State,2026-04-01T15:11:41.938Z,49,season_totals,14.5
57,,SR,126,SEC,2010,2,1,0,0,13,0,0,0,https://www.sports-reference.com/cfb/players/akeem-dent-1.html,2,Akeem Dent,LB,2.5,Georgia,2026-04-01T15:11:48.931Z,69,season_totals,6.5
40,,JR,72,Big Ten,2012,1,0,0,0,12,0,0,0,https://www.sports-reference.com/cfb/players/akeem-spence-1.html,0,Akeem Spence,DL,1.0,Illinois,2026-04-01T15:11:55.949Z,32,season_totals,7.0
20,,SO,54,ACC,2015,1,0,0,0,12,0,0,0,https://www.sports-reference.com/cfb/players/al-quadin-muhammad-1.html,1,Al-Quadin Muhammad,DE/DL,5.0,Miami (FL),2026-04-01T15:12:22.941Z,34,season_totals,8.5
15,,SR,30,Pac-12,2011,0,0,0,0,13,0,0,0,https://www.sports-reference.com/cfb/players/alameda-taamu-1.html,0,Alameda Ta'Amu,DL,3.5,Washington,2026-04-01T15:12:29.996Z,15,season_totals,7.0
7,,JR,25,Big Ten,2006,2,0,0,0,13,0,0,1,https://www.sports-reference.com/cfb/players/alan-branch-1.html,0,Alan Branch,DL,2.0,Michigan,2026-04-01T15:12:37.311Z,18,season_totals,6.0
7,,SO,15,Big 12,2010,0,0,0,0,10,0,58,1,https://www.sports-reference.com/cfb/players/aldon-smith-1.html,0,Aldon Smith,DL,3.0,Missouri,2026-04-01T15:12:56.713Z,8,season_totals,4.0
48,,JR,111,SEC,2012,1,0,1,0,10,0,0,1,https://www.sports-reference.com/cfb/players/alec-ogletree-1.html,0,Alec Ogletree,DB/LB,3.0,Georgia,2026-04-01T15:13:03.863Z,63,season_totals,11.5
31,,JR,53,SEC,2016,0,1,0,0,8,0,0,0,https://www.sports-reference.com/cfb/players/alex-anzalone-1.html,2,Alex Anzalone,LB,3.0,Florida,2026-04-01T15:13:10.940Z,22,season_totals,4.0
15,,SO,57,Pac-12,2022,0,1,0,0,12,1,42,2,https://www.sports-reference.com/cfb/players/alex-austin-1.html,10,Alex Austin,DB,1.0,Oregon State,2026-04-01T15:13:17.895Z,42,season_totals,1.0
13,,SR,41,Sun Belt,2009,1,1,1,27,12,0,0,0,https://www.sports-reference.com/cfb/players/alex-carrington-1.html,0,Alex Carrington,DL,9.0,Arkansas State,2026-04-01T15:13:32.008Z,28,season_totals,14.5
32,,SR,75,CUSA,2019,1,0,0,0,13,0,0,0,https://www.sports-reference.com/cfb/players/alex-highsmith-1.html,3,Alex Highsmith,LB/DE,14.0,Charlotte,2026-04-01T15:13:38.989Z,43,season_totals,21.5
14,,SR,28,Big Ten,2008,1,0,0,0,12,0,0,0,https://www.sports-reference.com/cfb/players/alex-magee-1.html,0,Alex Magee,DL,3.5,Purdue,2026-04-01T15:13:53.153Z,14,season_totals,6.0
13,,SR,54,Big 12,2012,4,0,0,0,13,0,0,0,https://www.sports-reference.com/cfb/players/alex-okafor-1.html,1,Alex Okafor,DL,12.5,Texas,2026-04-01T15:14:00.151Z,41,season_totals,16.5
5,,SR,31,Big Ten,2011,0,0,0,0,10,0,0,0,https://www.sports-reference.com/cfb/players/alfonzo-dennard-1.html,6,Alfonzo Dennard,DB,0.0,Nebraska,2026-04-01T15:14:14.348Z,26,season_totals,0.0
28,,SR,55,SEC,2024,1,0,0,0,16,0,0,0,https://www.sports-reference.com/cfb/players/alfred-collins-1.html,7,Alfred Collins,DL,1.0,Texas,2026-04-01T15:14:21.504Z,27,season_totals,5.5
24,,SR,45,ACC,2010,0,0,0,0,13,0,0,0,https://www.sports-reference.com/cfb/players/allen-bailey-1.html,1,Allen Bailey,LB/DL,7.0,Miami (FL),2026-04-01T15:14:35.325Z,21,season_totals,11.0
42,,SR,74,Ind,2019,3,1,0,0,13,0,0,1,https://www.sports-reference.com/cfb/players/alohi-gilman-1.html,2,Alohi Gilman,S,1.0,Notre Dame,2026-04-01T15:14:42.489Z,32,season_totals,3.0
19,,SR,60,SEC,2021,1,0,0,0,12,1,85,2,https://www.sports-reference.com/cfb/players/alontae-taylor-1.html,6,Alontae Taylor,DB,0.0,Tennessee,2026-04-01T15:14:49.488Z,41,season_totals,1.0
9,AA,SR,37,ACC,2008,2,0,0,0,13,0,33,7,https://www.sports-reference.com/cfb/players/alphonso-smith-1.html,0,Alphonso Smith,DB,0.0,Wake Forest,2026-04-01T15:15:03.628Z,28,season_totals,2.5
21,,SR,72,Pac-10,2009,0,0,1,0,13,1,158,5,https://www.sports-reference.com/cfb/players/alterraun-verner-1.html,0,Alterraun Verner,DB,0.0,UCLA,2026-04-01T15:15:10.965Z,51,season_totals,5.0
23,,SR,46,ACC,2019,1,0,0,0,12,0,0,0,https://www.sports-reference.com/cfb/players/alton-robinson-1.html,3,Alton Robinson,DL,4.5,Syracuse,2026-04-01T15:15:17.598Z,23,season_totals,9.5
32,,SR,99,Big 12,2007,5,0,0,0,12,0,0,1,https://www.sports-reference.com/cfb/players/alvin-bowen-1.html,0,Alvin Bowen,LB,2.0,Iowa State,2026-04-01T15:15:24.673Z,67,season_totals,12.5
29,,JR,65,Big Ten,2018,0,0,0,0,13,0,60,4,https://www.sports-reference.com/cfb/players/amani-hooker-1.html,7,Amani Hooker,DB,1.0,Iowa,2026-04-01T15:15:31.895Z,36,season_totals,3.5
11,,SR,51,Big Ten,2018,1,0,0,0,13,0,-2,3,https://www.sports-reference.com/cfb/players/amani-oruwariye-1.html,12,Amani Oruwariye,CB,0.0,Penn State,2026-04-01T15:15:39.581Z,40,season_totals,2.0
14,,JR,56,Big Ten,2009,0,0,0,0,13,0,0,2,https://www.sports-reference.com/cfb/players/amari-spievey-1.html,0,Amari Spievey,DB,0.0,Iowa,2026-04-01T15:15:46.156Z,42,season_totals,1.0
8,,JR,38,Big Ten,2019,0,2,0,0,13,0,6,3,https://www.sports-reference.com/cfb/players/ambry-thomas-1.html,4,Ambry Thomas,DB,0.0,Michigan,2026-04-01T15:15:58.379Z,30,season_totals,3.0
16,,JR,60,CUSA,2019,1,1,0,0,12,2,97,5,https://www.sports-reference.com/cfb/players/amik-robertson-1.html,16,Amik Robertson,CB,1.0,Louisiana Tech,2026-04-01T15:16:05.530Z,44,season_totals,8.0
15,,SR,54,Big East,2006,2,0,0,0,13,0,0,0,https://www.sports-reference.com/cfb/players/amobi-okoye-1.html,1,Amobi Okoye,DL,8.0,Louisville,2026-04-01T15:16:12.435Z,39,season_totals,12.5
38,,SR,77,ACC,2011,1,1,0,0,14,0,0,0,https://www.sports-reference.com/cfb/players/andre-branch-1.html,1,Andre Branch,DL,10.5,Clemson,2026-04-01T15:16:26.463Z,39,season_totals,17.0
4,,JR,11,ACC,2020,0,0,0,0,2,0,29,1,https://www.sports-reference.com/cfb/players/andre-cisco-1.html,0,Andre Cisco,DB,0.0,Syracuse,2026-04-01T15:16:40.568Z,7,season_totals,0.5
11,,SR,21,ACC,2007,0,0,0,0,11,0,0,0,https://www.sports-reference.com/cfb/players/andre-fluellen-1.html,2,Andre Fluellen,DL,2.0,Florida State,2026-04-01T15:16:54.682Z,10,season_totals,2.0
16,,SR,49,SEC,2013,0,1,0,0,12,0,61,3,https://www.sports-reference.com/cfb/players/andre-hal-1.html,15,Andre Hal,DB,0.0,Vanderbilt,2026-04-01T15:17:01.685Z,33,season_totals,9.5
0,,SR,1,Sun Belt,2012,0,0,0,0,13,0,0,0,https://www.sports-reference.com/cfb/players/andre-smith-1.html,0,Andre Smith,QB/TE,0.0,Arkansas State,2026-04-01T15:17:15.709Z,1,season_totals,0.0
8,,JR,39,Big 12,2015,1,0,0,0,12,0,0,0,https://www.sports-reference.com/cfb/players/andrew-billings-1.html,0,Andrew Billings,DL/DT,5.5,Baylor,2026-04-01T15:17:29.772Z,31,season_totals,14.0
28,,SR,69,SEC,2024,1,0,0,0,15,0,12,5,https://www.sports-reference.com/cfb/players/andrew-mukuba-1.html,7,Andrew Mukuba,S/DB,0.0,Texas,2026-04-01T15:17:49.307Z,41,season_totals,4.0
22,,SR,60,Big Ten,2018,2,0,0,0,13,0,0,0,https://www.sports-reference.com/cfb/players/andrew-van-ginkel-1.html,3,Andrew Van Ginkel,LB,5.5,Wisconsin,2026-04-01T15:17:56.204Z,38,season_totals,9.5
14,,JR,47,SEC,2023,0,0,0,0,12,0,0,0,https://www.sports-reference.com/cfb/players/andru-phillips-1.html,5,Andru Phillips,DB,0.0,Kentucky,2026-04-01T15:18:10.257Z,33,season_totals,1.5
38,,SR,83,SEC,2019,1,0,0,0,13,0,0,1,https://www.sports-reference.com/cfb/players/anfernee-jennings-1.html,5,Anfernee Jennings,LB,8.0,Alabama,2026-04-01T15:18:17.460Z,45,season_totals,12.5
5,,SR,17,SEC,2014,0,0,0,0,13,0,0,0,https://www.sports-reference.com/cfb/players/angelo-blackson-1.html,0,Angelo Blackson,DL,3.0,Auburn,2026-04-01T15:18:24.290Z,12,season_totals,5.5
17,,SR,48,SEC,2017,0,0,0,0,14,0,30,1,https://www.sports-reference.com/cfb/players/anthony-averett-1.html,8,Anthony Averett,DB,1.0,Alabama,2026-04-01T15:18:45.358Z,31,season_totals,4.0
23,AA,SR,66,Pac-12,2013,6,4,0,0,12,0,0,0,https://www.sports-reference.com/cfb/players/anthony-barr-1.html,1,Anthony Barr,WR/RB/LB,10.0,UCLA,2026-04-01T15:18:52.369Z,43,season_totals,20.0
4,,SR,9,SEC,2006,0,0,0,0,14,0,0,0,https://www.sports-reference.com/cfb/players/anthony-brown-1.html,0,Anthony Brown,DL,0.5,Arkansas,2026-04-01T15:18:59.496Z,5,season_totals,0.5
21,,SR,41,ACC,2014,1,2,0,0,13,0,0,0,https://www.sports-reference.com/cfb/players/anthony-chickillo-1.html,3,Anthony Chickillo,DL,3.0,Miami (FL),2026-04-01T15:19:13.510Z,20,season_totals,4.5
58,,SR,112,Big Ten,2013,2,1,0,0,13,0,18,1,https://www.sports-reference.com/cfb/players/anthony-hitchens-1.html,2,Anthony Hitchens,DB/LB,2.0,Iowa,2026-04-01T15:19:34.462Z,54,season_totals,13.5
22,,JR,45,Big Ten,2018,0,1,1,0,13,0,0,0,https://www.sports-reference.com/cfb/players/anthony-nelson-1.html,1,Anthony Nelson,DE,9.5,Iowa,2026-04-01T15:19:41.504Z,23,season_totals,13.5
21,,SR,71,Big East,2005,2,0,0,0,11,0,73,6,https://www.sports-reference.com/cfb/players/anthony-smith-1.html,0,Anthony Smith,DB,3.0,Syracuse,2026-04-01T15:19:55.605Z,50,season_totals,5.0
24,,SR,93,Big Ten,2006,5,0,0,0,14,0,0,0,https://www.sports-reference.com/cfb/players/anthony-spencer-1.html,6,Anthony Spencer,DL,10.5,Purdue,2026-04-01T15:20:02.725Z,69,season_totals,26.5
1,,SR,3,ACC,2006,0,0,0,0,2,0,0,0,https://www.sports-reference.com/cfb/players/anthony-waters-1.html,0,Anthony Waters,LB,0.0,Clemson,2026-04-01T15:20:15.054Z,2,season_totals,0.0
27,,SR,47,Big Ten,2015,1,1,0,0,13,0,0,0,https://www.sports-reference.com/cfb/players/anthony-zettel-1.html,6,Anthony Zettel,DL/DE/DT,4.0,Penn State,2026-04-01T15:20:29.349Z,20,season_totals,11.0
14,AA,SR,71,Pac-10,2007,2,0,0,0,12,2,164,5,https://www.sports-reference.com/cfb/players/antoine-cason-1.html,0,Antoine Cason,DB,1.0,Arizona,2026-04-01T15:20:47.321Z,57,season_totals,4.0
26,AA,SO,88,Big Ten,2019,2,0,0,0,13,1,111,7,https://www.sports-reference.com/cfb/players/antoine-winfield-jr-1.html,1,Antoine Winfield Jr.,DB,3.0,Minnesota,2026-04-01T15:20:54.385Z,62,season_totals,3.5
0,,SR,4,ACC,2013,0,0,0,0,3,0,0,0,https://www.sports-reference.com/cfb/players/antone-exum-1.html,1,Antone Exum,DB/CB,0.0,Virginia Tech,2026-04-01T15:21:06.826Z,4,season_totals,0.0
33,,SR,88,SEC,2011,4,0,1,25,12,1,44,3,https://www.sports-reference.com/cfb/players/antonio-allen-1.html,0,Antonio Allen,LB/DB,1.0,South Carolina,2026-04-01T15:21:14.098Z,55,season_totals,9.5
26,,SR,70,Big 12,2010,1,0,0,0,13,0,20,1,https://www.sports-reference.com/cfb/players/antonio-johnson-1.html,0,Antonio Johnson,LB,3.0,Baylor,2026-04-01T15:21:41.862Z,44,season_totals,5.0
61,,SR,103,SEC,2015,1,0,0,0,14,0,0,0,https://www.sports-reference.com/cfb/players/antonio-morrison-1.html,1,Antonio Morrison,LB,2.5,Florida,2026-04-01T15:21:48.998Z,42,season_totals,12.0
31,,SR,71,Big Ten,2006,1,0,0,0,13,1,63,2,https://www.sports-reference.com/cfb/players/antonio-smith-1.html,0,Antonio Smith,DB,2.0,Ohio State,2026-04-01T15:22:03.128Z,40,season_totals,10.0
27,,SR,69,Sun Belt,2006,0,0,0,0,12,1,23,1,https://www.sports-reference.com/cfb/players/antwan-barnes-1.html,0,Antwan Barnes,LB,6.0,Florida International,2026-04-01T15:22:24.259Z,42,season_totals,22.5
22,AA,JR,66,Big 12,2007,0,0,0,0,13,2,195,5,https://www.sports-reference.com/cfb/players/aqib-talib-1.html,0,Aqib Talib,DB,0.0,Kansas,2026-04-01T15:22:49.352Z,44,season_totals,4.0
18,,JR,33,SEC,2017,1,0,0,0,8,0,0,0,https://www.sports-reference.com/cfb/players/arden-key-1.html,0,Arden Key,DE/LB,4.0,LSU,2026-04-01T15:22:56.276Z,15,season_totals,5.5
21,,JR,46,Pac-12,2014,1,2,0,0,13,0,0,0,https://www.sports-reference.com/cfb/players/arik-armstead-1.html,0,Arik Armstead,DL,2.5,Oregon,2026-04-01T15:23:03.260Z,25,season_totals,5.5
30,,SR,87,SEC,2017,2,2,0,18,12,0,15,4,https://www.sports-reference.com/cfb/players/armani-watts-1.html,5,Armani Watts,DB,0.5,Texas A&M,2026-04-01T15:23:10.293Z,57,season_totals,10.0
24,,SR,49,SEC,2018,3,0,0,0,12,0,0,0,https://www.sports-reference.com/cfb/players/armon-watts-1.html,2,Armon Watts,DL,7.0,Arkansas,2026-04-01T15:23:17.396Z,25,season_totals,8.5
28,,SR,62,Big Ten,2021,2,0,0,0,12,0,0,0,https://www.sports-reference.com/cfb/players/arnold-ebiketie-1.html,1,Arnold Ebiketie,DE,9.5,Penn State,2026-04-01T15:23:29.884Z,34,season_totals,17.5
35,,SR,100,Big 12,2012,0,0,0,0,13,1,37,2,https://www.sports-reference.com/cfb/players/arthur-brown-1.html,0,Arthur Brown,LB,1.0,Kansas State,2026-04-01T15:23:36.918Z,65,season_totals,7.0
7,,SR,19,Big East,2009,0,0,0,0,9,0,0,0,https://www.sports-reference.com/cfb/players/arthur-jones-1.html,0,Arthur Jones,DL,1.5,Syracuse,2026-04-01T15:23:43.880Z,12,season_totals,7.0
10,,JR,36,ACC,2015,0,1,0,0,13,0,34,6,https://www.sports-reference.com/cfb/players/artie-burns-1.html,5,Artie Burns,DB,0.0,Miami (FL),2026-04-01T15:23:56.344Z,26,season_totals,0.5
9,,JR,53,SEC,2008,0,0,0,0,13,0,0,0,https://www.sports-reference.com/cfb/players/asher-allen-1.html,0,Asher Allen,DB,1.0,Georgia,2026-04-01T15:24:16.096Z,44,season_totals,4.5
20,,SR,43,ACC,2024,0,0,0,0,12,0,0,0,https://www.sports-reference.com/cfb/players/ashton-gillotte-1.html,0,Ashton Gillotte,DL,4.5,Louisville,2026-04-01T15:24:23.052Z,23,season_totals,10.0
14,,JR,56,Big Ten,2005,0,0,1,0,12,0,-6,1,https://www.sports-reference.com/cfb/players/ashton-youboty-1.html,0,Ashton Youboty,DB,1.0,Ohio State,2026-04-01T15:24:30.148Z,42,season_totals,6.0
24,,SR,57,Pac-12,2019,2,2,0,0,11,0,31,2,https://www.sports-reference.com/cfb/players/ashtyn-davis-1.html,4,Ashtyn Davis,CB/S,0.0,California,2026-04-01T15:24:37.159Z,33,season_totals,1.0
47,,SR,108,ACC,2011,4,1,0,8,13,0,0,0,https://www.sports-reference.com/cfb/players/audie-cole-1.html,4,Audie Cole,LB,5.5,North Carolina State,2026-04-01T15:24:49.949Z,61,season_totals,13.5
16,,SO,56,Big 12,2023,2,0,0,0,12,0,0,0,https://www.sports-reference.com/cfb/players/austin-booker-1.html,1,Austin Booker,DL,8.0,Kansas,2026-04-01T15:24:56.767Z,40,season_totals,12.0
25,,SR,43,ACC,2018,0,0,0,0,15,0,0,0,https://www.sports-reference.com/cfb/players/austin-bryant-1.html,0,Austin Bryant,DE,8.0,Clemson,2026-04-01T15:25:03.780Z,18,season_totals,14.5
40,,SR,81,SEC,2011,0,0,0,0,12,0,49,4,https://www.sports-reference.com/cfb/players/austin-johnson-1.html,0,Austin Johnson,RB/LB,1.0,Tennessee,2026-04-01T15:25:10.819Z,41,season_totals,5.0
17,,FR,36,Big Ten,2013,0,0,0,0,12,1,25,1,https://www.sports-reference.com/cfb/players/avery-moss-1.html,1,Avery Moss,DL/DE,4.5,Nebraska,2026-04-01T15:25:17.864Z,19,season_totals,7.0
19,,SR,45,CUSA,2007,0,0,0,0,12,0,0,0,https://www.sports-reference.com/cfb/players/avery-williams-1.html,0,Avery Williams,DL,4.0,Tulane,2026-04-01T15:25:25.028Z,26,season_totals,11.0
56,,SR,102,SEC,2013,0,2,0,0,12,0,0,0,https://www.sports-reference.com/cfb/players/avery-williamson-1.html,0,Avery Williamson,LB,1.0,Kentucky,2026-04-01T15:25:31.916Z,46,season_totals,4.0
7,,SR,27,ACC,2017,3,1,0,7,10,0,3,2,https://www.sports-reference.com/cfb/players/avonte-maddox-1.html,11,Avonte Maddox,DB,4.0,Pitt,2026-04-01T15:25:38.954Z,20,season_totals,4.0
17,,JR,52,ACC,2024,0,0,0,0,12,0,0,1,https://www.sports-reference.com/cfb/players/azareyeh-thomas-1.html,4,Azareye'h Thomas,DB,0.0,Florida State,2026-04-01T15:25:45.966Z,35,season_totals,1.5
9,,SO,31,SEC,2020,4,1,0,0,10,0,0,0,https://www.sports-reference.com/cfb/players/azeez-ojulari-1.html,2,Azeez Ojulari,LB,8.5,Georgia,2026-04-01T15:25:52.888Z,22,season_totals,12.5
49,,SR,108,ACC,2015,1,2,0,-1,15,0,1,2,https://www.sports-reference.com/cfb/players/bj-goodson-1.html,3,B.J. Goodson,LB,5.5,Clemson,2026-04-01T15:26:00.071Z,59,season_totals,14.0
20,,SR,42,ACC,2008,0,0,0,0,14,0,0,0,https://www.sports-reference.com/cfb/players/bj-raji-1.html,5,B.J. Raji,DL,7.5,Boston College,2026-04-01T15:26:14.113Z,22,season_totals,14.0
23,,JR,58,SEC,2022,1,1,0,0,11,0,0,0,https://www.sports-reference.com/cfb/players/bj-ojulari-1.html,0,BJ Ojulari,LB/DE,5.5,LSU,2026-04-01T15:26:33.631Z,35,season_totals,8.5
26,,SR,73,SEC,2012,3,0,0,0,10,0,44,3,https://www.sports-reference.com/cfb/players/bacarri-rambo-1.html,0,Bacarri Rambo,DB,1.0,Georgia,2026-04-01T15:26:40.669Z,47,season_totals,1.0
19,,SR,43,ACC,2006,0,0,0,0,13,0,0,0,https://www.sports-reference.com/cfb/players/baraka-atkins-1.html,3,Baraka Atkins,DL,5.0,Miami (FL),2026-04-01T15:26:47.638Z,24,season_totals,12.0
17,,JR,38,SEC,2012,1,0,0,0,13,0,0,0,https://www.sports-reference.com/cfb/players/barkevious-mingo-1.html,3,Barkevious Mingo,DL,4.5,LSU,2026-04-01T15:26:54.613Z,21,season_totals,8.5
10,,SR,30,Big Ten,2020,2,2,0,0,7,0,0,0,https://www.sports-reference.com/cfb/players/baron-browning-1.html,2,Baron Browning,LB,1.0,Ohio State,2026-04-01T15:27:01.640Z,20,season_totals,3.0
40,,SR,82,ACC,2024,0,1,0,0,14,0,0,0,https://www.sports-reference.com/cfb/players/barrett-carter-1.html,7,Barrett Carter,LB,3.5,Clemson,2026-04-01T15:27:08.683Z,42,season_totals,10.5
39,,SR,62,Big Ten,2005,2,0,0,0,12,0,16,1,https://www.sports-reference.com/cfb/players/barry-cofield-1.html,0,Barry Cofield,DL,2.0,Northwestern,2026-04-01T15:27:23.076Z,23,season_totals,6.5
28,,SR,44,SEC,2024,0,0,0,0,16,0,0,0,https://www.sports-reference.com/cfb/players/barryn-sorrell-1.html,1,Barryn Sorrell,LB/DL,6.0,Texas,2026-04-01T15:27:29.821Z,16,season_totals,11.0
17,,JR,56,ACC,2013,2,0,0,0,13,0,49,4,https://www.sports-reference.com/cfb/players/bashaud-breeland-1.html,10,Bashaud Breeland,DB/CB,2.0,Clemson,2026-04-01T15:27:36.862Z,39,season_totals,5.0
38,,SR,75,ACC,2021,1,1,0,0,11,0,3,1,https://www.sports-reference.com/cfb/players/baylon-spector-1.html,1,Baylon Spector,LB,2.5,Clemson,2026-04-01T15:27:43.858Z,37,season_totals,4.5
47,,SR,126,MWC,2007,5,0,0,0,12,1,13,4,https://www.sports-reference.com/cfb/players/beau-bell-1.html,0,Beau Bell,LB,3.0,Nevada-Las Vegas,2026-04-01T15:27:51.014Z,79,season_totals,9.5
15,,SR,57,Big 12,2018,2,2,1,50,13,0,0,0,https://www.sports-reference.com/cfb/players/ben-banogu-1.html,0,Ben Banogu,DL/DE,8.5,Texas Christian,2026-04-01T15:27:57.917Z,42,season_totals,18.0
82,,SR,176,Pac-12,2018,4,3,0,0,14,0,22,2,https://www.sports-reference.com/cfb/players/ben-burr-kirven-1.html,6,Ben Burr-Kirven,LB,2.0,Washington,2026-04-01T15:28:04.925Z,94,season_totals,5.5
68,,SR,106,Big Ten,2016,0,0,0,0,13,0,0,0,https://www.sports-reference.com/cfb/players/ben-gedeon-1.html,2,Ben Gedeon,LB,4.5,Michigan,2026-04-01T15:28:19.113Z,38,season_totals,15.5
39,,SR,127,Big 12,2014,2,1,0,0,12,0,37,1,https://www.sports-reference.com/cfb/players/ben-heeney-1.html,1,Ben Heeney,LB,1.5,Kansas,2026-04-01T15:28:26.077Z,88,season_totals,12.0
36,,JR,71,SEC,2014,1,3,0,9,13,0,0,0,https://www.sports-reference.com/cfb/players/benardrick-mckinney-1.html,4,Benardrick McKinney,LB,3.0,Mississippi State,2026-04-01T15:28:47.081Z,35,season_totals,8.0
17,,SR,56,MWC,2013,1,1,0,0,11,0,33,5,https://www.sports-reference.com/cfb/players/bene-benwikere-1.html,11,Bene Benwikere,DB/CB,1.0,San Jose State,2026-04-01T15:28:54.143Z,39,season_totals,2.0
6,,JR,20,Ind,2024,0,0,0,0,6,0,0,0,https://www.sports-reference.com/cfb/players/benjamin-morrison-1.html,4,Benjamin  Morrison,CB,0.0,Notre Dame,2026-04-01T15:29:01.110Z,14,season_totals,0.0
3,,JR,14,Big Ten,2020,0,0,0,0,5,0,0,0,https://www.sports-reference.com/cfb/players/benjamin-st-juste-1.html,3,Benjamin St-Juste,DB,0.0,Minnesota,2026-04-01T15:29:08.174Z,11,season_totals,0.0
30,,JR,45,SEC,2012,1,0,0,0,13,0,0,0,https://www.sports-reference.com/cfb/players/bennie-logan-1.html,3,Bennie Logan,DL,2.0,LSU,2026-04-01T15:29:15.128Z,15,season_totals,5.5
28,,JR,92,Big Ten,2005,0,0,0,0,11,0,0,3,https://www.sports-reference.com/cfb/players/bernard-pollard-1.html,0,Bernard Pollard,DB,0.0,Purdue,2026-04-01T15:29:22.247Z,64,season_totals,1.5
15,,SR,34,MWC,2011,1,0,0,0,13,0,0,0,https://www.sports-reference.com/cfb/players/billy-winn-1.html,1,Billy Winn,DL,3.0,Boise State,2026-04-01T15:33:53.507Z,19,season_totals,8.0
12,AA,JR,42,ACC,2012,1,1,0,9,14,0,0,0,https://www.sports-reference.com/cfb/players/bjoern-werner-1.html,8,Bjoern Werner,DL,13.0,Florida State,2026-04-01T15:34:00.501Z,30,season_totals,18.0
57,,SR,128,MAC,2016,1,0,0,0,14,0,0,0,https://www.sports-reference.com/cfb/players/blair-brown-1.html,0,Blair Brown,LB,4.5,Ohio,2026-04-01T15:34:07.575Z,71,season_totals,15.0
42,,SR,104,Big Ten,2018,1,1,1,40,12,0,0,0,https://www.sports-reference.com/cfb/players/blake-cashman-1.html,5,Blake Cashman,DB/LB,2.5,Minnesota,2026-04-01T15:34:14.646Z,62,season_totals,15.0
66,,SR,141,Pac-12,2015,1,0,0,0,14,0,10,1,https://www.sports-reference.com/cfb/players/blake-martinez-1.html,6,Blake Martinez,LB,1.5,Stanford,2026-04-01T15:34:28.609Z,75,season_totals,6.5
15,,SR,46,Big East,2012,0,0,0,0,11,0,0,1,https://www.sports-reference.com/cfb/players/blidi-wreh-wilson-1.html,0,Blidi Wreh-Wilson,DB,0.0,Connecticut,2026-04-01T15:34:35.717Z,31,season_totals,0.0
16,,SR,49,Big Ten,2005,0,0,0,0,11,0,0,0,https://www.sports-reference.com/cfb/players/bobby-carpenter-1.html,2,Bobby Carpenter,LB,8.0,Ohio State,2026-04-01T15:35:00.708Z,33,season_totals,10.5
8,,SR,46,American,2014,0,1,1,59,13,1,59,5,https://www.sports-reference.com/cfb/players/bobby-mccain-1.html,4,Bobby McCain,DB,0.0,Memphis,2026-04-01T15:35:14.796Z,38,season_totals,1.0
44,,SR,96,Pac-12,2018,2,1,0,0,13,0,0,0,https://www.sports-reference.com/cfb/players/bobby-okereke-1.html,5,Bobby Okereke,LB,3.5,Stanford,2026-04-01T15:35:27.370Z,52,season_totals,7.5
8,,SR,34,Big Ten,2021,1,0,0,0,13,0,0,0,https://www.sports-reference.com/cfb/players/boye-mafe-1.html,0,Boye Mafe,DL,7.0,Minnesota,2026-04-01T15:35:46.940Z,26,season_totals,10.0
26,,SR,43,ACC,2023,0,0,0,0,13,0,0,0,https://www.sports-reference.com/cfb/players/braden-fiske-1.html,0,Braden Fiske,DT/DL,6.0,Florida State,2026-04-01T15:35:53.979Z,17,season_totals,9.0
11,AA,SR,41,Pac-12,2019,1,0,0,0,14,0,0,0,https://www.sports-reference.com/cfb/players/bradlee-anae-1.html,1,Bradlee Anae,DE,13.0,Utah,2026-04-01T15:36:07.991Z,30,season_totals,14.0
33,"Nagurski,AA",SR,73,ACC,2017,3,0,0,0,12,0,0,0,https://www.sports-reference.com/cfb/players/bradley-chubb-1.html,2,Bradley Chubb,DE,10.0,North Carolina State,2026-04-01T15:36:15.130Z,40,season_totals,26.0
16,,SR,60,Big Ten,2008,1,0,0,0,13,0,5,3,https://www.sports-reference.com/cfb/players/bradley-fletcher-1.html,0,Bradley Fletcher,DB,0.0,Iowa,2026-04-01T15:36:22.087Z,44,season_totals,0.5
14,,JR,68,Big Ten,2013,0,0,0,0,12,1,120,3,https://www.sports-reference.com/cfb/players/bradley-roby-1.html,13,Bradley Roby,DB/CB,0.0,Ohio State,2026-04-01T15:36:29.242Z,54,season_totals,2.0
19,,JR,62,Pac-12,2019,1,4,2,45,14,1,32,2,https://www.sports-reference.com/cfb/players/brady-breeze-1.html,3,Brady Breeze,DB/S,0.0,Oregon,2026-04-01T15:36:36.127Z,43,season_totals,0.0
28,,SR,58,SEC,2024,2,0,0,0,13,0,0,0,https://www.sports-reference.com/cfb/players/bradyn-swinson-1.html,3,Bradyn Swinson,DE,8.5,LSU,2026-04-01T15:36:50.164Z,30,season_totals,13.0
20,,SR,55,SEC,2011,2,0,0,0,14,0,-1,3,https://www.sports-reference.com/cfb/players/brandon-boykin-1.html,0,Brandon Boykin,DB,0.0,Georgia,2026-04-01T15:36:57.160Z,35,season_totals,11.0
17,,JR,51,MWC,2010,1,0,0,0,13,0,69,2,https://www.sports-reference.com/cfb/players/brandon-burton-1.html,0,Brandon Burton,DB,0.0,Utah,2026-04-01T15:37:04.190Z,34,season_totals,1.0
13,,SR,23,SEC,2009,0,0,0,0,14,0,0,0,https://www.sports-reference.com/cfb/players/brandon-deaderick-1.html,0,Brandon Deaderick,DL,1.0,Alabama,2026-04-01T15:37:16.419Z,10,season_totals,4.5
11,,SR,25,Pac-12,2023,0,1,0,0,14,0,0,0,https://www.sports-reference.com/cfb/players/brandon-dorlus-1.html,9,Brandon Dorlus,DT/DE,5.0,Oregon,2026-04-01T15:37:28.945Z,14,season_totals,6.5
30,,JR,86,ACC,2007,0,0,0,0,14,1,93,5,https://www.sports-reference.com/cfb/players/brandon-flowers-1.html,0,Brandon Flowers,DB,0.0,Virginia Tech,2026-04-01T15:37:35.963Z,56,season_totals,8.0
21,,SR,56,ACC,2009,0,0,0,0,12,0,0,0,https://www.sports-reference.com/cfb/players/brandon-ghee-1.html,8,Brandon Ghee,DB,0.0,Wake Forest,2026-04-01T15:37:42.935Z,35,season_totals,2.5
22,,SR,64,Big Ten,2009,2,0,0,0,12,0,0,0,https://www.sports-reference.com/cfb/players/brandon-graham-1.html,0,Brandon Graham,LB/DL,10.5,Michigan,2026-04-01T15:37:49.890Z,42,season_totals,26.0
1,,SR,1,Big Ten,2012,0,0,0,0,9,0,0,0,https://www.sports-reference.com/cfb/players/brandon-green-1.html,0,Brandon Green,WR,0.0,Minnesota,2026-04-01T15:37:56.885Z,0,season_totals,0.0
15,,JR,45,ACC,2010,2,0,0,0,13,0,0,1,https://www.sports-reference.com/cfb/players/brandon-harris-1.html,0,Brandon Harris,DB,0.0,Miami (FL),2026-04-01T15:38:03.883Z,30,season_totals,2.0
27,,SR,69,Big Ten,2008,1,0,0,0,12,0,0,0,https://www.sports-reference.com/cfb/players/brandon-harrison-1.html,0,Brandon Harrison,DB,3.0,Michigan,2026-04-01T15:38:11.067Z,42,season_totals,7.0
12,,SR,37,Big East,2010,1,0,0,0,11,0,78,3,https://www.sports-reference.com/cfb/players/brandon-hogan-1.html,0,Brandon Hogan,WR/DB,0.0,West Virginia,2026-04-01T15:38:18.085Z,25,season_totals,0.0
14,,SR,35,Pac-10,2008,0,0,0,0,11,0,0,1,https://www.sports-reference.com/cfb/players/brandon-hughes-1.html,0,Brandon Hughes,DB,0.0,Oregon State,2026-04-01T15:38:24.914Z,21,season_totals,2.5
7,,SR,12,SEC,2007,0,0,0,0,12,0,0,0,https://www.sports-reference.com/cfb/players/brandon-jenkins-1.html,0,Brandon Jenkins,DL,0.0,Ole Miss,2026-04-01T15:38:32.032Z,5,season_totals,1.0
28,,SR,73,Big East,2005,1,0,0,0,12,1,25,2,https://www.sports-reference.com/cfb/players/brandon-johnson-1.html,0,Brandon Johnson,LB,2.0,Louisville,2026-04-01T15:38:39.133Z,45,season_totals,8.5
3,,FR,9,Pac-10,2007,0,0,0,0,12,0,0,0,https://www.sports-reference.com/cfb/players/brandon-jones-1.html,0,Brandon Jones,DB,0.0,California,2026-04-01T15:38:46.020Z,6,season_totals,0.0
1,,SR,1,CUSA,2005,0,0,0,0,13,0,0,0,https://www.sports-reference.com/cfb/players/brandon-marshall-1.html,0,Brandon Marshall,WR,0.0,UCF,2026-04-01T15:38:53.043Z,0,season_totals,0.0
39,,SR,84,CUSA,2006,1,0,0,0,12,0,83,4,https://www.sports-reference.com/cfb/players/brandon-mcdonald-1.html,0,Brandon McDonald,DB,0.0,Memphis,2026-04-01T15:39:00.254Z,45,season_totals,2.0
17,,SR,54,ACC,2012,0,0,0,0,12,0,26,2,https://www.sports-reference.com/cfb/players/brandon-mcgee-1.html,0,Brandon McGee,DB,1.0,Miami (FL),2026-04-01T15:39:07.063Z,37,season_totals,4.0
29,,SR,52,Pac-10,2006,1,0,0,0,13,0,0,0,https://www.sports-reference.com/cfb/players/brandon-mebane-1.html,0,Brandon Mebane,DL,4.0,California,2026-04-01T15:39:14.273Z,23,season_totals,10.0
21,,SR,58,ACC,2006,0,0,0,0,12,0,6,1,https://www.sports-reference.com/cfb/players/brandon-meriweather-1.html,0,Brandon Meriweather,DB,1.0,Miami (FL),2026-04-01T15:39:21.256Z,37,season_totals,5.0
24,,JR,77,SEC,2006,1,0,0,0,13,0,0,0,https://www.sports-reference.com/cfb/players/brandon-siler-1.html,3,Brandon Siler,LB,3.0,Florida,2026-04-01T15:39:28.145Z,53,season_totals,10.0
32,AA,SR,68,SEC,2009,1,0,0,0,12,2,46,2,https://www.sports-reference.com/cfb/players/brandon-spikes-1.html,0,Brandon Spikes,LB,3.0,Florida,2026-04-01T15:39:35.176Z,36,season_totals,6.5
32,,SR,71,SEC,2011,0,0,0,0,14,0,26,2,https://www.sports-reference.com/cfb/players/brandon-taylor-1.html,5,Brandon Taylor,DB,1.0,LSU,2026-04-01T15:39:49.238Z,39,season_totals,7.5
21,,SR,40,Ind,2007,2,0,0,0,12,0,4,1,https://www.sports-reference.com/cfb/players/brandon-thompson-1.html,0,Brandon Thompson,DL,0.5,Army,2026-04-01T15:39:56.465Z,19,season_totals,4.5
24,,SR,66,Big East,2008,2,0,0,0,14,1,60,4,https://www.sports-reference.com/cfb/players/brandon-underwood-1.html,0,Brandon Underwood,DB,1.0,Cincinnati,2026-04-01T15:40:03.245Z,42,season_totals,4.5
12,,SR,31,WAC,2010,1,0,0,0,13,0,20,3,https://www.sports-reference.com/cfb/players/brandyn-thompson-1.html,0,Brandyn Thompson,DB,0.0,Boise State,2026-04-01T15:40:24.390Z,19,season_totals,2.0
40,,JR,67,SEC,2017,1,1,0,0,12,0,0,0,https://www.sports-reference.com/cfb/players/breeland-speaks-1.html,1,Breeland Speaks,DT,7.0,Ole Miss,2026-04-01T15:40:32.173Z,27,season_totals,8.0
31,,SR,57,Pac-12,2023,1,4,3,116,12,0,0,0,https://www.sports-reference.com/cfb/players/brennan-jackson-1.html,3,Brennan Jackson,DL/DE,8.5,Washington State,2026-04-01T15:40:38.419Z,26,season_totals,12.5
27,,SR,40,ACC,2013,0,1,0,0,8,0,0,0,https://www.sports-reference.com/cfb/players/brent-urban-1.html,9,Brent Urban,DL/DT,1.0,Virginia,2026-04-01T15:40:45.420Z,13,season_totals,11.0
32,,JR,90,SEC,2022,0,0,0,0,13,0,2,2,https://www.sports-reference.com/cfb/players/brian-branch-1.html,7,Brian Branch,DB,3.0,Alabama,2026-04-01T15:41:17.514Z,58,season_totals,14.0
0,,JR,4,American,2013,0,0,0,0,3,0,0,0,https://www.sports-reference.com/cfb/players/brian-burns-1.html,0,Brian Burns,DB,0.0,Temple,2026-04-01T15:41:24.502Z,4,season_totals,0.0
26,,SR,73,Pac-10,2008,1,0,0,0,13,0,0,1,https://www.sports-reference.com/cfb/players/brian-cushing-1.html,0,Brian Cushing,LB,3.0,USC,2026-04-01T15:41:31.593Z,47,season_totals,10.5
8,"Nagurski,AA",SR,40,Big 12,2008,4,0,0,0,12,0,0,0,https://www.sports-reference.com/cfb/players/brian-orakpo-1.html,2,Brian Orakpo,DL,11.5,Texas,2026-04-01T15:41:38.518Z,32,season_totals,17.5
7,,JR,48,Pac-10,2009,2,0,0,0,13,0,0,0,https://www.sports-reference.com/cfb/players/brian-price-1.html,1,Brian Price,DL,7.0,UCLA,2026-04-01T15:41:47.074Z,41,season_totals,23.5
4,,SR,19,Big 12,2006,0,0,0,0,12,0,0,0,https://www.sports-reference.com/cfb/players/brian-robison-1.html,3,Brian Robison,DL,5.0,Texas,2026-04-01T15:41:52.445Z,15,season_totals,7.5
41,,SR,76,Big Ten,2010,1,0,0,0,13,1,30,2,https://www.sports-reference.com/cfb/players/brian-rolle-1.html,0,Brian Rolle,LB,2.5,Ohio State,2026-04-01T15:41:59.714Z,35,season_totals,11.5
18,,SR,59,Big Ten,2013,1,0,0,0,13,0,0,1,https://www.sports-reference.com/cfb/players/brock-vereen-1.html,6,Brock Vereen,DB,0.0,Minnesota,2026-04-01T15:42:06.778Z,41,season_totals,2.5
15,,SR,39,Big 12,2019,0,1,0,0,12,0,0,0,https://www.sports-reference.com/cfb/players/broderick-washington-1.html,2,Broderick Washington,DL,2.5,Texas Tech,2026-04-01T15:42:20.672Z,24,season_totals,5.5
27,,SR,66,ACC,2005,0,0,0,0,13,0,0,0,https://www.sports-reference.com/cfb/players/brodrick-bunkley-1.html,0,Brodrick Bunkley,DL,9.0,Florida State,2026-04-01T15:42:34.731Z,39,season_totals,25.0
19,,SR,64,Ind,2015,3,1,0,0,13,0,10,1,https://www.sports-reference.com/cfb/players/bronson-kaufusi-1.html,2,Bronson Kaufusi,DL/LB,11.0,BYU,2026-04-01T15:42:41.730Z,45,season_totals,20.0
21,,SR,47,Pac-10,2010,1,0,0,0,13,0,0,0,https://www.sports-reference.com/cfb/players/brooks-reed-1.html,2,Brooks Reed,DL,6.5,Arizona,2026-04-01T15:42:48.799Z,26,season_totals,10.0
22,,SR,57,ACC,2010,1,0,0,0,11,0,55,1,https://www.sports-reference.com/cfb/players/bruce-carter-1.html,0,Bruce Carter,LB,2.5,North Carolina,2026-04-01T15:42:55.769Z,35,season_totals,3.5
12,,SR,45,Pac-10,2007,2,1,0,12,13,0,0,0,https://www.sports-reference.com/cfb/players/bruce-davis-1.html,9,Bruce Davis,LB/DL,12.0,UCLA,2026-04-01T15:43:03.005Z,33,season_totals,15.5
13,,SR,40,Big East,2011,3,0,0,0,13,0,0,0,https://www.sports-reference.com/cfb/players/bruce-irvin-1.html,0,Bruce Irvin,DL,8.5,West Virginia,2026-04-01T15:43:09.801Z,27,season_totals,15.0
22,,SR,63,CUSA,2010,2,0,0,0,14,2,45,2,https://www.sports-reference.com/cfb/players/bruce-miller-1.html,0,Bruce Miller,LB/DL,8.5,UCF,2026-04-01T15:43:16.889Z,41,season_totals,13.5
6,,SO,15,ACC,2022,0,0,0,0,10,0,0,0,https://www.sports-reference.com/cfb/players/bryan-bresee-1.html,2,Bryan Bresee,DL/DT,3.5,Clemson,2026-04-01T15:43:30.904Z,9,season_totals,5.5
39,,SR,91,MWC,2007,1,0,0,0,13,1,75,3,https://www.sports-reference.com/cfb/players/bryan-kehl-1.html,0,Bryan Kehl,LB,3.5,BYU,2026-04-01T15:43:44.950Z,52,season_totals,11.5
38,,SR,114,Big 12,2014,2,0,0,0,13,0,36,1,https://www.sports-reference.com/cfb/players/bryce-hager-1.html,1,Bryce Hager,LB,2.0,Baylor,2026-04-01T15:44:19.991Z,76,season_totals,12.0
7,,SR,20,ACC,2019,0,0,0,0,6,0,0,0,https://www.sports-reference.com/cfb/players/bryce-hall-1.html,4,Bryce Hall,DB/CB,1.0,Virginia,2026-04-01T15:44:27.054Z,13,season_totals,3.0
22,AA,JR,71,Pac-12,2016,1,0,0,0,14,0,18,2,https://www.sports-reference.com/cfb/players/budda-baker-1.html,6,Budda Baker,DB,3.0,Washington,2026-04-01T15:44:34.049Z,49,season_totals,10.0
20,,JR,37,Big Ten,2018,1,0,0,0,12,0,13,2,https://www.sports-reference.com/cfb/players/byron-cowart-1.html,0,Byron Cowart,DE/DL,3.0,Maryland,2026-04-01T15:44:46.627Z,17,season_totals,5.0
13,,SR,44,ACC,2010,3,0,0,0,13,0,0,2,https://www.sports-reference.com/cfb/players/byron-maxwell-1.html,0,Byron Maxwell,DB,0.0,Clemson,2026-04-01T15:45:00.696Z,31,season_totals,3.5
21,,SO,58,Pac-12,2018,1,0,0,0,14,1,78,4,https://www.sports-reference.com/cfb/players/byron-murphy-1.html,13,Byron Murphy,DB,0.0,Washington,2026-04-01T15:45:07.769Z,37,season_totals,4.0
28,,SR,48,SEC,2022,1,0,0,0,13,0,0,0,https://www.sports-reference.com/cfb/players/byron-young-1.html,2,Byron Young,DL,4.0,Alabama,2026-04-01T15:45:21.582Z,20,season_totals,5.5
16,,SR,41,Big 12,2006,1,0,0,0,14,0,0,0,https://www.sports-reference.com/cfb/players/cj-ah-you-1.html,3,C.J. Ah You,DL,4.0,Oklahoma,2026-04-01T15:45:28.732Z,25,season_totals,8.5
7,,JR,33,SEC,2019,0,0,0,0,9,0,0,0,https://www.sports-reference.com/cfb/players/cj-henderson-1.html,11,C.J. Henderson,CB/DB,1.0,Florida,2026-04-01T15:45:35.849Z,26,season_totals,3.0
44,AA,,106,SEC,2013,1,0,0,0,13,0,0,0,https://www.sports-reference.com/cfb/players/cj-mosley-1.html,5,C.J. Mosley,LB,0.0,Alabama,2026-04-01T15:45:49.682Z,62,season_totals,9.0
34,,SR,57,CUSA,2009,2,0,0,0,14,0,0,0,https://www.sports-reference.com/cfb/players/cj-wilson-1.html,1,C.J. Wilson,DL,5.5,East Carolina,2026-04-01T15:46:03.726Z,23,season_totals,10.5
26,,SR,40,Big Ten,2024,1,1,0,0,13,0,0,0,https://www.sports-reference.com/cfb/players/cj-west-1.html,1,CJ West,DL,2.0,Indiana,2026-04-01T15:46:11.056Z,14,season_totals,7.5
22,,JR,52,Big 12,2020,0,0,0,0,7,0,0,1,https://www.sports-reference.com/cfb/players/caden-sterns-1.html,3,Caden Sterns,DB,0.0,Texas,2026-04-01T15:46:17.907Z,30,season_totals,1.5
13,,JR,42,ACC,2023,1,1,0,0,11,0,0,0,https://www.sports-reference.com/cfb/players/caelen-carson-1.html,8,Caelen Carson,DB,0.0,Wake Forest,2026-04-01T15:46:24.970Z,29,season_totals,1.0
20,,JR,50,ACC,2007,2,0,0,0,12,0,1,1,https://www.sports-reference.com/cfb/players/calais-campbell-1.html,0,Calais Campbell,DL,6.5,Miami (FL),2026-04-01T15:46:31.947Z,30,season_totals,12.5
15,,JR,31,SEC,2016,1,0,0,0,13,0,0,0,https://www.sports-reference.com/cfb/players/caleb-brantley-1.html,0,Caleb Brantley,DL,2.5,Florida,2026-04-01T15:46:38.969Z,16,season_totals,9.5
29,,SR,97,Ind,2007,3,0,0,0,12,0,0,0,https://www.sports-reference.com/cfb/players/caleb-campbell-1.html,2,Caleb Campbell,DB,0.0,Army,2026-04-01T15:46:46.005Z,68,season_totals,2.0
21,,JR,63,Pac-12,2023,0,0,0,0,12,1,41,2,https://www.sports-reference.com/cfb/players/calen-bullock-1.html,7,Calen Bullock,S/DB,0.0,USC,2026-04-01T15:47:00.006Z,42,season_totals,0.0
14,AA,JR,31,ACC,2022,0,0,0,0,11,0,0,0,https://www.sports-reference.com/cfb/players/calijah-kancey-1.html,0,Calijah Kancey,DL,7.5,Pitt,2026-04-01T15:47:07.073Z,17,season_totals,14.5
31,,SR,79,Big Ten,2005,1,0,0,0,12,0,36,4,https://www.sports-reference.com/cfb/players/calvin-lowry-1.html,0,Calvin Lowry,DB,1.0,Penn State,2026-04-01T15:47:14.246Z,48,season_totals,1.5
20,,JR,72,American,2013,0,0,0,0,10,0,26,3,https://www.sports-reference.com/cfb/players/calvin-pryor-1.html,4,Calvin Pryor,DB/S,0.0,Louisville,2026-04-01T15:47:26.641Z,52,season_totals,3.0
6,,SR,21,Ind,2023,3,1,0,0,12,0,0,0,https://www.sports-reference.com/cfb/players/cam-hart-1.html,4,Cam Hart,CB,0.0,Notre Dame,2026-04-01T15:47:33.751Z,15,season_totals,3.0
15,,SR,30,ACC,2011,2,1,0,0,12,0,0,0,https://www.sports-reference.com/cfb/players/cam-johnson-1.html,1,Cam Johnson,LB/DL,4.0,Virginia,2026-04-01T15:47:46.156Z,15,season_totals,11.0
13,,SR,23,ACC,2009,0,1,1,20,13,0,0,0,https://www.sports-reference.com/cfb/players/cam-thomas-1.html,0,Cam Thomas,DL,0.0,North Carolina,2026-04-01T15:48:06.196Z,10,season_totals,2.5
9,,JR,40,SEC,2019,1,1,0,0,9,0,0,2,https://www.sports-reference.com/cfb/players/cameron-dantzler-1.html,8,Cameron Dantzler,DB/CB,0.5,Mississippi State,2026-04-01T15:48:16.917Z,31,season_totals,2.0
23,,SR,48,Big Ten,2010,0,0,0,0,13,0,80,1,https://www.sports-reference.com/cfb/players/cameron-heyward-1.html,0,Cameron Heyward,DL,3.5,Ohio State,2026-04-01T15:48:20.284Z,25,season_totals,13.0
29,,SR,62,Pac-10,2010,3,1,1,21,12,0,0,0,https://www.sports-reference.com/cfb/players/cameron-jordan-1.html,4,Cameron Jordan,DL,5.5,California,2026-04-01T15:48:27.345Z,33,season_totals,12.5
20,,SR,50,Sun Belt,2009,1,0,0,0,13,0,0,0,https://www.sports-reference.com/cfb/players/cameron-sheffield-1.html,3,Cameron Sheffield,DL,6.5,Troy,2026-04-01T15:48:41.511Z,30,season_totals,10.0
1,,SR,3,American,2015,0,0,0,0,8,0,0,0,https://www.sports-reference.com/cfb/players/cameron-smith-1.html,0,Cameron Smith,LB/DL,0.0,SMU,2026-04-01T15:48:48.389Z,2,season_totals,0.0
4,,SR,23,SEC,2016,0,0,0,0,7,0,0,1,https://www.sports-reference.com/cfb/players/cameron-sutton-1.html,4,Cameron Sutton,DB,0.0,Tennessee,2026-04-01T15:48:55.520Z,19,season_totals,2.0
1,,FR,1,MWC,2016,0,0,0,0,1,0,0,0,https://www.sports-reference.com/cfb/players/cameron-thomas-1.html,0,Cameron Thomas,QB/WR,0.0,New Mexico,2026-04-01T15:49:02.486Z,0,season_totals,0.0
15,,JR,44,SEC,2008,1,0,1,0,13,0,0,0,https://www.sports-reference.com/cfb/players/captain-munnerlyn-1.html,0,Captain Munnerlyn,DB,2.0,South Carolina,2026-04-01T15:49:16.410Z,29,season_totals,3.0
16,,,61,Pac-12,2013,3,0,0,0,12,1,18,1,https://www.sports-reference.com/cfb/players/carl-bradford-1.html,4,Carl Bradford,LB/DE,8.5,Arizona State,2026-04-01T15:49:34.621Z,45,season_totals,19.0
15,AA,SR,46,Big Ten,2015,6,0,0,0,13,0,10,1,https://www.sports-reference.com/cfb/players/carl-nassib-1.html,1,Carl Nassib,DE,15.5,Penn State,2026-04-01T15:49:55.478Z,31,season_totals,19.5
9,,JR,38,SEC,2009,0,0,0,0,13,0,0,0,https://www.sports-reference.com/cfb/players/carlos-dunlap-1.html,6,Carlos Dunlap,DL,9.0,Florida,2026-04-01T15:50:09.605Z,29,season_totals,10.5
20,,SR,50,ACC,2016,0,1,0,0,15,0,0,0,https://www.sports-reference.com/cfb/players/carlos-watkins-1.html,4,Carlos Watkins,DL/T/DT,10.5,Clemson,2026-04-01T15:50:37.662Z,30,season_totals,13.5
9,,JR,36,SEC,2017,1,1,0,12,13,0,0,1,https://www.sports-reference.com/cfb/players/carlton-davis-1.html,11,Carlton Davis,DB,0.0,Auburn,2026-04-01T15:50:44.677Z,27,season_totals,0.5
28,,SR,39,ACC,2007,0,0,0,0,14,0,0,0,https://www.sports-reference.com/cfb/players/carlton-powell-1.html,0,Carlton Powell,DL,3.5,Virginia Tech,2026-04-01T15:50:51.688Z,11,season_totals,7.0
14,,JR,48,SEC,2022,0,1,0,21,12,0,0,1,https://www.sports-reference.com/cfb/players/carrington-valentine-1.html,10,Carrington Valentine,DB,1.0,Kentucky,2026-04-01T15:50:58.680Z,34,season_totals,1.5
46,,JR,136,Big Ten,2024,1,0,0,0,12,0,13,2,https://www.sports-reference.com/cfb/players/carson-schwesinger-1.html,3,Carson Schwesinger,LB,4.0,UCLA,2026-04-01T15:51:05.680Z,90,season_totals,8.5
20,,SR,49,Big Ten,2019,2,1,0,0,13,0,0,0,https://www.sports-reference.com/cfb/players/carter-coughlin-1.html,4,Carter Coughlin,LB,4.5,Minnesota,2026-04-01T15:51:12.726Z,29,season_totals,9.5
12,,SR,38,Pac-10,2008,2,0,0,0,13,0,0,3,https://www.sports-reference.com/cfb/players/cary-harris-1.html,0,Cary Harris,DB,0.0,USC,2026-04-01T15:51:19.783Z,26,season_totals,4.0
16,,SR,62,SEC,2011,0,0,0,0,13,1,107,7,https://www.sports-reference.com/cfb/players/casey-hayward-1.html,0,Casey Hayward,DB,0.0,Vanderbilt,2026-04-01T15:51:33.976Z,46,season_totals,7.5
42,,SR,79,Pac-10,2010,1,0,0,0,13,0,15,3,https://www.sports-reference.com/cfb/players/casey-matthews-1.html,0,Casey Matthews,LB,3.0,Oregon,2026-04-01T15:51:40.913Z,37,season_totals,9.0
22,,SR,60,Pac-12,2019,1,0,0,0,12,0,0,0,https://www.sports-reference.com/cfb/players/casey-toohill-1.html,1,Casey Toohill,LB,8.0,Stanford,2026-04-01T15:51:47.871Z,38,season_totals,11.5
20,,SR,55,Pac-12,2013,0,1,0,0,13,0,0,0,https://www.sports-reference.com/cfb/players/cassius-marsh-1.html,1,Cassius Marsh,DL/DE,6.0,UCLA,2026-04-01T15:51:54.931Z,35,season_totals,8.5
57,,SR,121,ACC,2023,2,2,0,6,12,0,0,1,https://www.sports-reference.com/cfb/players/cedric-gray-1.html,4,Cedric Gray,LB,5.0,North Carolina,2026-04-01T15:52:08.963Z,64,season_totals,11.0
27,,SR,71,Big 12,2005,2,0,0,0,13,0,0,0,https://www.sports-reference.com/cfb/players/cedric-griffin-1.html,0,Cedric Griffin,DB,0.0,Texas,2026-04-01T15:52:16.036Z,44,season_totals,0.0
64,,SR,156,Big Ten,2005,0,0,0,0,12,0,16,1,https://www.sports-reference.com/cfb/players/chad-greenway-1.html,0,Chad Greenway,LB,2.0,Iowa,2026-04-01T15:52:37.200Z,92,season_totals,10.0
57,,SR,142,MWC,2021,0,1,0,0,13,2,68,3,https://www.sports-reference.com/cfb/players/chad-muma-1.html,1,Chad Muma,LB,1.5,Wyoming,2026-04-01T15:52:51.230Z,85,season_totals,8.0
22,,SR,41,ACC,2017,0,0,0,0,13,0,0,0,https://www.sports-reference.com/cfb/players/chad-thomas-1.html,1,Chad Thomas,DE/DL,5.5,Miami (FL),2026-04-01T15:53:03.547Z,19,season_totals,12.5
29,,SR,67,ACC,2022,0,0,0,0,11,0,0,0,https://www.sports-reference.com/cfb/players/chamarri-conner-1.html,2,Chamarri Conner,DB,0.0,Virginia Tech,2026-04-01T15:53:17.669Z,38,season_totals,2.0
61,,SR,110,SEC,2021,4,3,0,0,13,0,0,0,https://www.sports-reference.com/cfb/players/chance-campbell-1.html,2,Chance Campbell,LB,6.0,Ole Miss,2026-04-01T15:53:24.672Z,49,season_totals,12.5
1,,SR,4,MWC,2013,0,0,0,0,12,0,0,0,https://www.sports-reference.com/cfb/players/chandler-jones-1.html,0,Chandler Jones,WR,0.0,San Jose State,2026-04-01T15:53:31.835Z,3,season_totals,0.0
32,,SR,67,SEC,2021,1,0,0,0,15,0,0,0,https://www.sports-reference.com/cfb/players/channing-tindall-1.html,0,Channing Tindall,LB,5.5,Georgia,2026-04-01T15:53:45.754Z,35,season_totals,7.5
25,,SR,72,American,2019,0,0,0,0,13,0,0,0,https://www.sports-reference.com/cfb/players/chapelle-russell-1.html,3,Chapelle Russell,LB,0.0,Temple,2026-04-01T15:53:52.692Z,47,season_totals,9.0
14,,SR,43,ACC,2005,0,0,0,0,12,0,5,1,https://www.sports-reference.com/cfb/players/charles-bennett-1.html,0,Charles Bennett,DL,4.0,Clemson,2026-04-01T15:53:59.819Z,29,season_totals,14.5
6,,SR,15,Big 12,2007,0,0,0,0,13,0,0,0,https://www.sports-reference.com/cfb/players/charles-gaines-1.html,0,Charles Gaines,DL,0.0,Missouri,2026-04-01T15:54:06.749Z,9,season_totals,2.0
23,,SR,65,Big Ten,2007,0,0,0,0,12,0,33,5,https://www.sports-reference.com/cfb/players/charles-godfrey-1.html,0,Charles Godfrey,DB,0.0,Iowa,2026-04-01T15:54:13.766Z,42,season_totals,1.0
14,,SR,34,CUSA,2009,0,0,0,0,12,0,8,1,https://www.sports-reference.com/cfb/players/charles-harris-1.html,0,Charles Harris,DB,0.0,Tulane,2026-04-01T15:54:27.794Z,20,season_totals,1.5
45,,SR,95,SEC,2011,1,0,0,0,13,0,0,0,https://www.sports-reference.com/cfb/players/charles-mitchell-1.html,3,Charles Mitchell,DB,1.0,Mississippi State,2026-04-01T15:54:40.271Z,50,season_totals,3.0
13,,SR,45,Big 12,2018,1,1,0,6,14,0,0,0,https://www.sports-reference.com/cfb/players/charles-omenihu-1.html,2,Charles Omenihu,DE/DL,9.5,Texas,2026-04-01T15:54:47.379Z,32,season_totals,18.0
19,,SR,50,Big 12,2015,4,1,0,1,13,0,0,0,https://www.sports-reference.com/cfb/players/charles-tapper-1.html,3,Charles Tapper,DL/DE,7.0,Oklahoma,2026-04-01T15:54:54.384Z,31,season_totals,10.0
15,,SR,43,SEC,2005,2,1,0,0,12,0,0,0,https://www.sports-reference.com/cfb/players/charlie-peprah-1.html,5,Charlie Peprah,DB,0.0,Alabama,2026-04-01T15:55:08.605Z,28,season_totals,3.0
4,,SR,34,Pac-12,2021,0,0,0,0,10,0,0,0,https://www.sports-reference.com/cfb/players/chase-lucas-1.html,6,Chase Lucas,DB,0.0,Arizona State,2026-04-01T15:55:15.437Z,30,season_totals,1.0
37,,SR,68,Big Ten,2018,0,1,0,0,13,0,0,0,https://www.sports-reference.com/cfb/players/chase-winovich-1.html,1,Chase Winovich,TE/DE/DL,5.0,Michigan,2026-04-01T15:55:22.473Z,31,season_totals,17.0
14,"H-4,Nagurski,Bednarik,AA",JR,46,Big Ten,2019,6,0,0,0,12,0,0,0,https://www.sports-reference.com/cfb/players/chase-young-1.html,3,Chase Young,DE,16.5,Ohio State,2026-04-01T15:55:29.438Z,32,season_totals,21.0
13,,JR,35,Pac-12,2023,0,0,0,0,7,0,0,0,https://www.sports-reference.com/cfb/players/chau-smith-wade-1.html,6,Chau Smith-Wade,DB,0.0,Washington State,2026-04-01T15:55:36.485Z,22,season_totals,2.0
21,,SR,45,Big Ten,2020,1,0,0,0,8,0,-1,1,https://www.sports-reference.com/cfb/players/chauncey-golston-1.html,1,Chauncey Golston,DE/DL,5.5,Iowa,2026-04-01T15:55:56.042Z,24,season_totals,8.5
42,,SR,91,ACC,2020,1,1,0,0,11,0,0,1,https://www.sports-reference.com/cfb/players/chazz-surratt-1.html,3,Chazz Surratt,QB/LB,6.0,North Carolina,2026-04-01T15:56:03.118Z,49,season_totals,7.5
21,,SR,54,CUSA,2010,3,0,0,0,12,0,0,0,https://www.sports-reference.com/cfb/players/cheta-ozougwu-1.html,2,Cheta Ozougwu,DL,3.0,Rice,2026-04-01T15:56:10.115Z,33,season_totals,6.0
11,,SR,44,SEC,2007,0,0,0,0,14,0,52,5,https://www.sports-reference.com/cfb/players/chevis-jackson-1.html,0,Chevis Jackson,DB,0.0,LSU,2026-04-01T15:56:17.087Z,33,season_totals,3.0
13,,SR,65,Pac-12,2016,2,1,0,0,14,0,14,1,https://www.sports-reference.com/cfb/players/chidobe-awuzie-1.html,12,Chidobe Awuzie,DB,4.0,Colorado,2026-04-01T15:56:24.130Z,52,season_totals,6.0
8,,SR,42,Big Ten,2010,2,0,0,0,13,0,22,3,https://www.sports-reference.com/cfb/players/chimdi-chekwa-1.html,0,Chimdi Chekwa,DB,1.0,Ohio State,2026-04-01T15:56:31.290Z,34,season_totals,4.0
40,,SR,98,Ind,2006,2,0,0,0,13,0,52,2,https://www.sports-reference.com/cfb/players/chinedum-ndukwe-1.html,0,Chinedum Ndukwe,WR/DB,1.0,Notre Dame,2026-04-01T15:56:38.302Z,58,season_totals,3.0
28,,SR,87,ACC,2008,0,0,0,0,13,0,37,2,https://www.sports-reference.com/cfb/players/chip-vaughn-1.html,0,Chip Vaughn,DB,0.0,Wake Forest,2026-04-01T15:56:45.348Z,59,season_totals,2.5
39,,SR,111,Big Ten,2013,1,2,0,0,12,0,0,0,https://www.sports-reference.com/cfb/players/chris-borland-1.html,2,Chris Borland,LB,4.0,Wisconsin,2026-04-01T15:56:52.275Z,72,season_totals,8.5
26,,SR,42,SEC,2023,3,0,0,0,14,1,28,1,https://www.sports-reference.com/cfb/players/chris-braswell-1.html,1,Chris Braswell,LB,8.0,Alabama,2026-04-01T15:56:59.255Z,16,season_totals,10.5
31,,SR,82,ACC,2008,0,0,0,0,13,1,43,2,https://www.sports-reference.com/cfb/players/chris-clemons-1.html,0,Chris Clemons,DB,0.0,Clemson,2026-04-01T15:57:27.647Z,51,season_totals,2.5
26,,SR,72,Pac-10,2010,1,0,0,0,12,0,0,1,https://www.sports-reference.com/cfb/players/chris-conte-1.html,0,Chris Conte,DB,0.0,California,2026-04-01T15:57:34.388Z,46,season_totals,2.0
1,,SO,2,Sun Belt,2007,0,0,0,0,12,0,0,0,https://www.sports-reference.com/cfb/players/chris-cook-1.html,0,Chris Cook,P,0.0,Florida International,2026-04-01T15:57:41.575Z,1,season_totals,0.0
35,,SR,85,Big Ten,2017,0,1,0,0,12,0,0,0,https://www.sports-reference.com/cfb/players/chris-covington-1.html,5,Chris Covington,LB,3.0,Indiana,2026-04-01T15:57:53.912Z,50,season_totals,12.0
6,,SR,34,SEC,2010,1,0,0,0,7,0,0,0,https://www.sports-reference.com/cfb/players/chris-culliver-1.html,0,Chris Culliver,WR/DB,1.0,South Carolina,2026-04-01T15:58:00.942Z,28,season_totals,2.5
28,,SR,53,ACC,2007,1,0,0,0,14,1,5,1,https://www.sports-reference.com/cfb/players/chris-ellis-1.html,0,Chris Ellis,DL,8.5,Virginia Tech,2026-04-01T15:58:08.132Z,25,season_totals,9.0
36,,SR,58,Big 12,2007,2,0,0,0,13,0,0,0,https://www.sports-reference.com/cfb/players/chris-harrington-1.html,1,Chris Harrington,DL,2.0,Texas A&M,2026-04-01T15:58:27.585Z,22,season_totals,7.0
25,,SR,90,Pac-10,2007,1,0,0,0,13,0,0,0,https://www.sports-reference.com/cfb/players/chris-horton-1.html,4,Chris Horton,DB,3.0,UCLA,2026-04-01T15:58:41.729Z,65,season_totals,7.0
5,,JR,46,SEC,2006,2,0,0,0,14,1,129,3,https://www.sports-reference.com/cfb/players/chris-houston-1.html,0,Chris Houston,DB,0.0,Arkansas,2026-04-01T15:58:48.612Z,41,season_totals,1.5
43,"H-10,AA",SR,79,ACC,2007,2,0,0,0,13,0,25,1,https://www.sports-reference.com/cfb/players/chris-long-1.html,0,Chris Long,DL,14.0,Virginia,2026-04-01T15:59:08.172Z,36,season_totals,19.0
18,,SR,35,Big East,2010,0,0,0,0,13,0,0,0,https://www.sports-reference.com/cfb/players/chris-neild-1.html,0,Chris Neild,DL,3.0,West Virginia,2026-04-01T15:59:15.229Z,17,season_totals,4.0
0,,FR,1,MAC,2012,0,0,0,0,2,0,0,0,https://www.sports-reference.com/cfb/players/chris-owens-1.html,0,Chris Owens,LB,0.0,Ohio,2026-04-01T15:59:22.212Z,1,season_totals,0.0
16,,SR,62,Sun Belt,2006,0,0,0,0,7,0,0,0,https://www.sports-reference.com/cfb/players/chris-smith-1.html,4,Chris Smith,DB,0.0,Florida International,2026-04-01T15:59:40.226Z,46,season_totals,6.5
0,,SR,1,ACC,2012,0,0,0,0,9,0,0,0,https://www.sports-reference.com/cfb/players/chris-thompson-1.html,0,Chris Thompson,RB,0.0,Florida State,2026-04-01T15:59:47.324Z,1,season_totals,0.0
56,,SR,110,SEC,2010,0,0,0,0,13,0,5,2,https://www.sports-reference.com/cfb/players/chris-white-1.html,0,Chris White,LB,6.0,Mississippi State,2026-04-01T15:59:54.376Z,54,season_totals,15.5
23,,SR,40,Big Ten,2016,0,0,0,0,13,0,0,0,https://www.sports-reference.com/cfb/players/chris-wormley-1.html,0,Chris Wormley,DL/DE,6.0,Michigan,2026-04-01T16:00:01.471Z,17,season_totals,9.0
20,,SR,43,Big Ten,2010,1,0,0,0,13,0,0,0,https://www.sports-reference.com/cfb/players/christian-ballard-1.html,2,Christian Ballard,DL,3.0,Iowa,2026-04-01T16:00:15.414Z,23,season_totals,5.0
15,,SO,37,SEC,2020,3,0,0,0,12,0,0,0,https://www.sports-reference.com/cfb/players/christian-barmore-1.html,3,Christian Barmore,DL,8.0,Alabama,2026-04-01T16:00:22.430Z,22,season_totals,9.5
6,,JR,20,CUSA,2014,0,1,0,0,7,0,0,0,https://www.sports-reference.com/cfb/players/christian-covington-1.html,1,Christian Covington,DL/DT,2.5,Rice,2026-04-01T16:00:29.470Z,14,season_totals,3.5
0,,SR,1,MAC,2019,0,0,0,0,1,0,0,0,https://www.sports-reference.com/cfb/players/christian-gonzalez-1.html,0,Christian Gonzalez,DT,0.0,Buffalo,2026-04-01T16:00:36.489Z,1,season_totals,1.0
1,,SO,5,SEC,2013,0,0,0,0,3,0,0,0,https://www.sports-reference.com/cfb/players/christian-harris-1.html,0,Christian Harris,LB,0.0,Tennessee,2026-04-01T16:00:43.556Z,4,season_totals,0.0
57,,SR,104,Big Ten,2013,2,2,0,0,13,0,0,1,https://www.sports-reference.com/cfb/players/christian-kirksey-1.html,1,Christian Kirksey,LB,2.5,Iowa,2026-04-01T16:00:50.562Z,47,season_totals,5.0
0,,JR,1,American,2013,0,0,0,0,1,0,0,0,https://www.sports-reference.com/cfb/players/christian-miller-1.html,0,Christian Miller,OL,0.0,SMU,2026-04-01T16:00:58.393Z,1,season_totals,0.0
24,AA,SR,50,ACC,2018,2,2,0,21,15,0,0,0,https://www.sports-reference.com/cfb/players/christian-wilkins-1.html,2,Christian Wilkins,DT/DL,6.0,Clemson,2026-04-01T16:01:04.623Z,26,season_totals,15.0
16,AA,SR,61,SEC,2022,1,1,0,0,15,0,29,3,https://www.sports-reference.com/cfb/players/christopher-smith-1.html,5,Christopher Smith,DB,1.0,Georgia,2026-04-01T16:01:11.638Z,45,season_totals,5.0
44,,SR,94,ACC,2016,1,0,0,0,14,0,24,0,https://www.sports-reference.com/cfb/players/chuck-clark-1.html,2,Chuck Clark,S/CB/DB,0.0,Virginia Tech,2026-04-01T16:01:18.652Z,50,season_totals,2.5
3,,SR,16,Big 12,2010,1,0,0,0,9,0,0,0,https://www.sports-reference.com/cfb/players/chykie-brown-1.html,6,Chykie Brown,DB,1.0,Texas,2026-04-01T16:01:25.865Z,13,season_totals,2.0
8,AA,SO,24,Pac-12,2022,0,0,0,0,12,2,142,6,https://www.sports-reference.com/cfb/players/clark-phillips-iii-1.html,6,Clark Phillips III,CB,1.0,Utah,2026-04-01T16:01:39.740Z,16,season_totals,2.0
27,,SR,44,SEC,2005,0,0,0,0,13,0,0,0,https://www.sports-reference.com/cfb/players/claude-wroten-1.html,2,Claude Wroten,DL,4.5,LSU,2026-04-01T16:01:46.842Z,17,season_totals,10.5
23,,SR,58,Big 12,2019,0,0,0,0,6,0,8,1,https://www.sports-reference.com/cfb/players/clay-johnston-1.html,5,Clay Johnston,LB,2.5,Baylor,2026-04-01T16:01:53.753Z,35,season_totals,8.0
28,,SR,57,Pac-10,2008,2,0,0,0,13,0,0,0,https://www.sports-reference.com/cfb/players/clay-matthews-1.html,2,Clay Matthews,LB,4.5,USC,2026-04-01T16:02:01.189Z,29,season_totals,9.0
39,,SR,97,American,2014,1,1,0,0,13,0,2,1,https://www.sports-reference.com/cfb/players/clayton-geathers-1.html,9,Clayton Geathers,DB,1.0,UCF,2026-04-01T16:02:07.770Z,58,season_totals,6.5
25,AA,JR,54,ACC,2018,3,1,1,0,15,0,0,0,https://www.sports-reference.com/cfb/players/clelin-ferrell-1.html,4,Clelin Ferrell,DE,11.5,Clemson,2026-04-01T16:02:16.286Z,29,season_totals,19.5
8,,SR,40,Big Ten,2007,3,0,0,0,13,1,43,1,https://www.sports-reference.com/cfb/players/cliff-avril-1.html,0,Cliff Avril,LB,6.5,Purdue,2026-04-01T16:02:21.912Z,32,season_totals,15.0
14,,SR,44,SEC,2010,4,0,0,0,14,0,0,0,https://www.sports-reference.com/cfb/players/cliff-matthews-1.html,1,Cliff Matthews,DL,5.5,South Carolina,2026-04-01T16:02:28.896Z,30,season_totals,8.5
14,,JR,41,SEC,2009,2,0,0,0,12,0,0,0,https://www.sports-reference.com/cfb/players/clifton-geathers-1.html,1,Clifton Geathers,DL,3.5,South Carolina,2026-04-01T16:06:03.116Z,27,season_totals,8.5
8,,SR,25,Big Ten,2006,2,0,0,0,12,0,0,0,https://www.sports-reference.com/cfb/players/clifton-ryan-1.html,1,Clifton Ryan,LB/DL,4.0,Michigan State,2026-04-01T16:06:11.919Z,17,season_totals,6.0
26,,SR,61,Big 12,2005,2,0,0,0,12,1,63,5,https://www.sports-reference.com/cfb/players/clint-ingram-1.html,0,Clint Ingram,LB,5.0,Oklahoma,2026-04-01T16:06:16.936Z,35,season_totals,10.5
31,,SR,69,ACC,2008,1,0,0,0,12,0,0,0,https://www.sports-reference.com/cfb/players/clint-sintim-1.html,3,Clint Sintim,LB,11.0,Virginia,2026-04-01T16:06:24.087Z,38,season_totals,12.5
11,,SR,46,American,2021,3,0,0,0,14,1,95,3,https://www.sports-reference.com/cfb/players/coby-bryant-1.html,11,Coby Bryant,S/CB,0.0,Cincinnati,2026-04-01T16:06:36.380Z,35,season_totals,1.0
48,,SR,116,Pac-12,2018,1,0,0,0,14,0,7,1,https://www.sports-reference.com/cfb/players/cody-barton-1.html,6,Cody Barton,LB,4.0,Utah,2026-04-01T16:06:43.606Z,68,season_totals,10.5
25,,SR,51,Big 12,2008,1,0,0,0,10,0,0,0,https://www.sports-reference.com/cfb/players/cody-glenn-1.html,4,Cody Glenn,RB,0.0,Nebraska,2026-04-01T16:06:50.665Z,26,season_totals,5.0
56,,SR,106,ACC,2009,7,0,0,0,13,0,0,0,https://www.sports-reference.com/cfb/players/cody-grimm-1.html,5,Cody Grimm,LB,4.0,Virginia Tech,2026-04-01T16:06:57.774Z,50,season_totals,12.5
49,,SR,94,Big Ten,2024,0,0,0,0,12,0,0,1,https://www.sports-reference.com/cfb/players/cody-lindenberg-1.html,6,Cody Lindenberg,LB,1.0,Minnesota,2026-04-01T16:07:04.683Z,45,season_totals,5.0
61,,SR,112,Big Ten,2024,1,1,0,0,15,0,0,0,https://www.sports-reference.com/cfb/players/cody-simon-1.html,7,Cody Simon,LB,7.0,Ohio State,2026-04-01T16:07:11.559Z,51,season_totals,12.5
9,,JR,45,SEC,2022,3,2,0,0,12,0,0,0,https://www.sports-reference.com/cfb/players/colby-wooden-1.html,3,Colby Wooden,LB/DE/DL,6.0,Auburn,2026-04-01T16:07:30.850Z,36,season_totals,11.5
25,,JR,60,Pac-12,2023,1,2,0,0,11,0,10,2,https://www.sports-reference.com/cfb/players/cole-bishop-1.html,4,Cole Bishop,S,3.0,Utah,2026-04-01T16:07:37.895Z,35,season_totals,6.5
2,,SR,2,ACC,2016,0,0,0,0,13,0,0,0,https://www.sports-reference.com/cfb/players/colin-holba-1.html,0,Colin Holba,LS,0.0,Louisville,2026-04-01T16:07:51.957Z,0,season_totals,0.0
68,,SR,120,ACC,2010,1,0,0,0,12,0,13,1,https://www.sports-reference.com/cfb/players/colin-mccarthy-1.html,0,Colin McCarthy,LB,2.0,Miami (FL),2026-04-01T16:07:59.023Z,52,season_totals,11.5
2,,SR,4,Big 12,2024,0,0,0,0,2,0,0,0,https://www.sports-reference.com/cfb/players/collin-oliver-1.html,1,Collin Oliver,DE/LB,1.0,Oklahoma State,2026-04-01T16:08:06.007Z,2,season_totals,2.0
22,,SR,49,Big East,2008,0,0,0,0,14,0,0,0,https://www.sports-reference.com/cfb/players/connor-barwin-1.html,0,Connor Barwin,TE/DL,11.0,Cincinnati,2026-04-01T16:08:13.038Z,27,season_totals,14.5
15,AA,JR,41,Big Ten,2023,0,0,0,0,10,0,41,2,https://www.sports-reference.com/cfb/players/cooper-dejean-1.html,5,Cooper DeJean,DB,0.0,Iowa,2026-04-01T16:08:20.301Z,26,season_totals,2.0
13,,JR,41,SEC,2021,1,0,0,0,11,0,0,1,https://www.sports-reference.com/cfb/players/cordale-flott-1.html,3,Cordale Flott,CB,0.0,LSU,2026-04-01T16:08:27.077Z,28,season_totals,1.0
13,,SR,52,ACC,2016,0,0,0,0,15,0,22,4,https://www.sports-reference.com/cfb/players/cordrea-tankersley-1.html,11,Cordrea Tankersley,DB/CB,0.0,Clemson,2026-04-01T16:08:34.102Z,39,season_totals,6.0
10,,SR,38,Pac-10,2009,0,0,0,0,13,0,0,0,https://www.sports-reference.com/cfb/players/corey-hall-1.html,1,Corey Hall,DB,2.0,Arizona,2026-04-01T16:08:52.202Z,28,season_totals,4.0
16,,JR,34,SEC,2012,1,0,0,0,12,0,0,0,https://www.sports-reference.com/cfb/players/corey-lemonier-1.html,1,Corey Lemonier,DL,5.5,Auburn,2026-04-01T16:08:59.311Z,18,season_totals,5.5
34,,JR,63,Big Ten,2010,0,0,0,0,13,0,0,0,https://www.sports-reference.com/cfb/players/corey-liuget-1.html,3,Corey Liuget,DL,4.5,Illinois,2026-04-01T16:09:06.349Z,29,season_totals,12.5
27,,SR,56,SEC,2009,1,0,0,0,13,0,0,0,https://www.sports-reference.com/cfb/players/corey-peters-1.html,5,Corey Peters,DL,4.0,Kentucky,2026-04-01T16:09:13.263Z,29,season_totals,12.0
1,,SO,1,WAC,2009,0,0,0,0,8,0,0,0,https://www.sports-reference.com/cfb/players/corey-white-1.html,0,Corey White,RB,0.0,Idaho,2026-04-01T16:09:27.435Z,0,season_totals,0.0
0,,SR,1,Pac-10,2007,0,0,0,0,13,0,0,0,https://www.sports-reference.com/cfb/players/corey-williams-1.html,0,Corey Williams,WR,0.0,Washington,2026-04-01T16:09:34.390Z,1,season_totals,0.0
5,,SR,21,Big Ten,2009,1,0,0,0,13,0,0,0,https://www.sports-reference.com/cfb/players/corey-wootton-1.html,0,Corey Wootton,DL,4.0,Northwestern,2026-04-01T16:09:41.321Z,16,season_totals,6.0
21,,SR,76,ACC,2016,1,1,0,0,13,0,2,1,https://www.sports-reference.com/cfb/players/corn-elder-1.html,12,Corn Elder,DB,3.0,Miami (FL),2026-04-01T16:09:48.365Z,55,season_totals,4.5
14,,SR,22,SEC,2012,0,0,0,0,14,0,0,0,https://www.sports-reference.com/cfb/players/cornelius-washington-1.html,1,Cornelius Washington,DL/LB,0.5,Georgia,2026-04-01T16:09:55.318Z,8,season_totals,3.0
12,,SR,34,SEC,2008,0,0,0,0,13,0,0,0,https://www.sports-reference.com/cfb/players/corvey-irvin-1.html,3,Corvey Irvin,DL,3.0,Georgia,2026-04-01T16:10:15.187Z,22,season_totals,8.5
6,,SR,34,Big Ten,2022,0,0,0,0,13,1,8,2,https://www.sports-reference.com/cfb/players/cory-trice-1.html,10,Cory Trice,DB/S/CB,0.0,Purdue,2026-04-01T16:10:36.200Z,28,season_totals,2.0
14,,SR,48,ACC,2011,0,0,0,0,14,0,0,1,https://www.sports-reference.com/cfb/players/coty-sensabaugh-1.html,13,Coty Sensabaugh,DB,0.0,Clemson,2026-04-01T16:10:42.743Z,34,season_totals,1.0
42,,SR,87,Big East,2008,2,0,0,0,13,0,14,2,https://www.sports-reference.com/cfb/players/courtney-greene-1.html,0,Courtney Greene,DB,1.0,Rutgers,2026-04-01T16:10:56.803Z,45,season_totals,1.5
15,,SR,52,SEC,2011,2,0,0,0,13,1,45,1,https://www.sports-reference.com/cfb/players/courtney-upshaw-1.html,0,Courtney Upshaw,LB,9.5,Alabama,2026-04-01T16:11:03.842Z,37,season_totals,18.0
22,,SR,69,WAC,2008,0,0,0,0,12,0,17,3,https://www.sports-reference.com/cfb/players/coye-francies-1.html,6,Coye Francies,DB,0.0,San Jose State,2026-04-01T16:11:25.037Z,47,season_totals,3.5
17,,SR,63,Sun Belt,2014,0,0,0,0,12,0,21,3,https://www.sports-reference.com/cfb/players/craig-mager-1.html,10,Craig Mager,DB/CB,2.0,Texas State,2026-04-01T16:11:32.136Z,46,season_totals,6.0
38,AA,SR,101,SEC,2007,3,0,0,0,14,0,153,6,https://www.sports-reference.com/cfb/players/craig-steltz-1.html,0,Craig Steltz,DB,1.0,LSU,2026-04-01T16:11:39.177Z,63,season_totals,5.0
10,,SR,36,ACC,2009,0,0,0,0,14,0,47,1,https://www.sports-reference.com/cfb/players/crezdon-butler-1.html,0,Crezdon Butler,DB,1.0,Clemson,2026-04-01T16:11:58.565Z,26,season_totals,1.0
0,,JR,0,MAC,2010,0,0,0,0,4,0,0,0,https://www.sports-reference.com/cfb/players/curtis-brown-1.html,0,Curtis Brown,WR,0.0,Akron,2026-04-01T16:12:12.735Z,0,season_totals,0.0
63,AA,JR,157,Big 12,2007,4,0,1,12,14,1,71,3,https://www.sports-reference.com/cfb/players/curtis-lofton-1.html,0,Curtis Lofton,LB,1.0,Oklahoma,2026-04-01T16:12:26.709Z,94,season_totals,10.5
8,,SR,45,WAC,2010,0,0,0,0,12,0,0,2,https://www.sports-reference.com/cfb/players/curtis-marsh-1.html,0,Curtis Marsh,RB/DB,0.0,Utah State,2026-04-01T16:12:33.600Z,37,season_totals,1.0
19,,SR,43,SEC,2008,0,0,0,0,13,0,37,2,https://www.sports-reference.com/cfb/players/curtis-taylor-1.html,0,Curtis Taylor,DB,1.0,LSU,2026-04-01T16:12:40.621Z,24,season_totals,1.0
20,,JR,52,MWC,2019,1,0,0,0,14,0,0,1,https://www.sports-reference.com/cfb/players/curtis-weaver-1.html,3,Curtis Weaver,DE/LB,13.5,Boise State,2026-04-01T16:12:47.673Z,32,season_totals,18.5
8,,SR,37,SEC,2015,2,1,0,18,15,0,21,2,https://www.sports-reference.com/cfb/players/cyrus-jones-1.html,7,Cyrus Jones,WR/DB,0.0,Alabama,2026-04-01T16:12:54.943Z,29,season_totals,4.0
32,,SR,51,WAC,2009,0,1,0,0,12,0,0,0,https://www.sports-reference.com/cfb/players/danthony-smith-1.html,0,D'Anthony Smith,DL,3.5,Louisiana Tech,2026-04-01T16:13:01.930Z,19,season_totals,5.5
8,,SR,40,Pac-10,2010,0,0,0,0,13,0,0,0,https://www.sports-reference.com/cfb/players/daundre-reed-1.html,1,D'Aundre Reed,DL,2.0,Arizona,2026-04-01T16:13:08.733Z,32,season_totals,6.0
21,,SR,53,CUSA,2014,1,2,0,5,11,1,23,1,https://www.sports-reference.com/cfb/players/djoun-smith-1.html,8,D'Joun Smith,DB,0.0,Florida Atlantic,2026-04-01T16:13:15.746Z,32,season_totals,2.5
63,,SR,120,Sun Belt,2021,1,0,0,0,14,0,6,1,https://www.sports-reference.com/cfb/players/dmarco-jackson-1.html,5,D'Marco Jackson,LB,6.0,Appalachian State,2026-04-01T16:13:22.813Z,57,season_totals,19.0
81,,SR,137,ACC,2005,0,0,0,0,10,0,22,2,https://www.sports-reference.com/cfb/players/dqwell-jackson-1.html,0,D'Qwell Jackson,LB,4.0,Maryland,2026-04-01T16:13:29.787Z,56,season_totals,6.5
23,,SR,61,CUSA,2012,1,0,0,0,9,2,171,4,https://www.sports-reference.com/cfb/players/dj-hayden-1.html,0,D.J. Hayden,DB,0.0,Houston,2026-04-01T16:13:36.925Z,38,season_totals,1.5
28,,JR,58,SEC,2008,1,0,0,0,13,0,56,6,https://www.sports-reference.com/cfb/players/dj-moore-1.html,0,D.J. Moore,DB,1.0,Vanderbilt,2026-04-01T16:13:50.827Z,30,season_totals,4.5
5,,SR,13,ACC,2015,0,0,0,0,9,0,0,0,https://www.sports-reference.com/cfb/players/dj-reader-1.html,0,D.J. Reader,DL/DT,0.5,Clemson,2026-04-01T16:13:57.905Z,8,season_totals,1.5
13,,SR,50,SEC,2017,0,0,0,0,12,0,0,0,https://www.sports-reference.com/cfb/players/dj-smith-1.html,4,D.J. Smith,DB,0.0,South Carolina,2026-04-01T16:14:11.914Z,37,season_totals,1.5
17,,SR,79,SEC,2012,2,0,1,65,12,1,72,2,https://www.sports-reference.com/cfb/players/dj-swearinger-1.html,0,D.J. Swearinger,DB,0.0,South Carolina,2026-04-01T16:14:19.075Z,62,season_totals,3.0
5,,SR,41,ACC,2015,1,0,0,0,11,0,0,2,https://www.sports-reference.com/cfb/players/dj-white-1.html,8,D.J. White,CB/DB,0.0,Georgia Tech,2026-04-01T16:14:25.966Z,36,season_totals,0.0
0,,SR,1,SEC,2010,0,0,0,0,13,0,0,0,https://www.sports-reference.com/cfb/players/dj-williams-1.html,0,D.J. Williams,TE,0.0,Arkansas,2026-04-01T16:14:33.036Z,1,season_totals,0.0
13,,SR,37,SEC,2019,1,0,0,0,12,0,21,1,https://www.sports-reference.com/cfb/players/dj-wonnum-1.html,0,D.J. Wonnum,DL/LB,4.5,South Carolina,2026-04-01T16:14:40.388Z,24,season_totals,9.5
36,,SR,57,Pac-12,2021,0,1,0,0,12,0,0,0,https://www.sports-reference.com/cfb/players/dj-davidson-1.html,4,D.J. Davidson,DL,0.5,Arizona State,2026-04-01T16:14:47.306Z,21,season_totals,6.0
0,,SR,1,ACC,2020,0,0,0,0,11,0,0,0,https://www.sports-reference.com/cfb/players/dj-turner-1.html,0,DJ Turner,WR,0.0,Pitt,2026-04-01T16:14:54.402Z,1,season_totals,0.0
15,,SR,37,ACC,2010,0,0,0,0,10,1,53,4,https://www.sports-reference.com/cfb/players/danorris-searcy-1.html,0,Da'Norris Searcy,DB,0.0,North Carolina,2026-04-01T16:15:01.787Z,22,season_totals,2.0
26,"Nagurski,AA",JR,67,ACC,2010,1,0,0,0,13,0,0,1,https://www.sports-reference.com/cfb/players/daquan-bowers-1.html,0,Da'Quan Bowers,DL,15.5,Clemson,2026-04-01T16:15:08.376Z,41,season_totals,26.0
24,,JR,97,ACC,2007,1,0,0,0,12,0,0,3,https://www.sports-reference.com/cfb/players/dajuan-morgan-1.html,0,Dajuan Morgan,WR/DB,0.0,North Carolina State,2026-04-01T16:15:15.411Z,73,season_totals,2.0
23,,SR,56,Big Ten,2013,0,1,0,0,11,0,0,0,https://www.sports-reference.com/cfb/players/daquan-jones-1.html,0,Daquan Jones,DL/DT,3.0,Penn State,2026-04-01T16:15:22.339Z,33,season_totals,11.5
10,,SR,28,Big Ten,2019,0,1,0,0,14,0,0,0,https://www.sports-reference.com/cfb/players/davon-hamilton-1.html,0,Davon Hamilton,DT,6.0,Ohio State,2026-04-01T16:15:29.415Z,18,season_totals,10.5
20,,SR,73,Big 12,2023,0,0,0,0,13,0,23,4,https://www.sports-reference.com/cfb/players/dadrion-taylor-demerson-1.html,8,Dadrion Taylor-Demerson,DB,1.0,Texas Tech,2026-04-01T16:15:36.562Z,53,season_totals,1.5
22,,SR,50,SEC,2016,2,2,0,0,13,0,0,0,https://www.sports-reference.com/cfb/players/daeshon-hall-1.html,1,Daeshon Hall,DL,4.5,Texas A&M,2026-04-01T16:15:43.396Z,28,season_totals,13.0
33,,SR,61,SEC,2023,1,0,0,0,13,0,19,3,https://www.sports-reference.com/cfb/players/daijahn-anthony-1.html,8,Daijahn Anthony,CB/S,0.0,Ole Miss,2026-04-01T16:15:50.418Z,28,season_totals,2.5
45,,SR,96,Big Ten,2012,2,0,0,0,14,0,28,4,https://www.sports-reference.com/cfb/players/daimion-stafford-1.html,0,Daimion Stafford,DB,1.0,Nebraska,2026-04-01T16:15:57.525Z,51,season_totals,3.5
52,,SR,106,Pac-12,2022,3,2,0,11,12,0,11,1,https://www.sports-reference.com/cfb/players/daiyan-henley-1.html,1,Daiyan Henley,WR/DB/LB,4.0,Washington State,2026-04-01T16:16:04.595Z,54,season_totals,12.0
40,,SR,73,Big 12,2018,0,2,1,0,11,0,0,0,https://www.sports-reference.com/cfb/players/dakota-allen-1.html,2,Dakota Allen,LB,0.5,Texas Tech,2026-04-01T16:16:11.734Z,33,season_totals,6.5
25,AA,JR,53,SEC,2023,2,0,0,0,14,0,0,0,https://www.sports-reference.com/cfb/players/dallas-turner-1.html,1,Dallas Turner,LB,10.0,Alabama,2026-04-01T16:16:23.968Z,28,season_totals,14.5
45,,SR,62,SEC,2016,1,0,0,0,15,0,0,0,https://www.sports-reference.com/cfb/players/dalvin-tomlinson-1.html,4,Dalvin Tomlinson,DL,3.0,Alabama,2026-04-01T16:16:31.087Z,17,season_totals,5.5
30,,SR,66,ACC,2020,0,0,0,0,10,0,4,2,https://www.sports-reference.com/cfb/players/damar-hamlin-1.html,7,Damar Hamlin,DB,0.0,Pitt,2026-04-01T16:16:38.270Z,36,season_totals,3.5
10,,SR,63,American,2021,0,0,0,0,14,0,0,1,https://www.sports-reference.com/cfb/players/damarion-williams-1.html,9,Damarion Williams,CB,0.0,Houston,2026-04-01T16:16:45.068Z,53,season_totals,3.0
19,,SR,106,Pac-12,2014,2,1,0,0,13,1,89,3,https://www.sports-reference.com/cfb/players/damarious-randall-1.html,9,Damarious Randall,DB,1.0,Arizona State,2026-04-01T16:16:52.138Z,87,season_totals,9.5
12,,SR,44,ACC,2021,0,0,0,0,13,1,50,2,https://www.sports-reference.com/cfb/players/damarri-mathis-1.html,6,Damarri Mathis,DB,0.0,Pitt,2026-04-01T16:16:59.171Z,32,season_totals,0.0
30,,SR,65,SEC,2014,4,1,1,99,12,0,18,4,https://www.sports-reference.com/cfb/players/damian-swann-1.html,8,Damian Swann,DB/CB,2.0,Georgia,2026-04-01T16:17:06.211Z,35,season_totals,4.5
56,,SR,119,Big Ten,2014,1,2,0,0,13,0,1,1,https://www.sports-reference.com/cfb/players/damien-wilson-1.html,3,Damien Wilson,LB,4.0,Minnesota,2026-04-01T16:17:13.369Z,63,season_totals,10.5
8,,SR,35,Big Ten,2019,1,0,0,0,13,1,96,1,https://www.sports-reference.com/cfb/players/damon-arnette-1.html,8,Damon Arnette,CB,0.0,Ohio State,2026-04-01T16:17:25.720Z,27,season_totals,1.0
57,,SR,135,SEC,2021,2,1,0,35,12,0,0,1,https://www.sports-reference.com/cfb/players/damone-clark-1.html,3,Damone Clark,LB,5.5,LSU,2026-04-01T16:17:32.740Z,78,season_totals,15.5
20,,SR,65,MWC,2016,0,0,0,0,14,1,156,7,https://www.sports-reference.com/cfb/players/damontae-kazee-1.html,8,Damontae Kazee,DB/CB,0.0,San Diego State,2026-04-01T16:17:39.754Z,45,season_totals,3.0
28,AA,JR,85,SEC,2012,1,0,0,0,13,0,0,0,https://www.sports-reference.com/cfb/players/damontre-moore-1.html,2,Damontre Moore,DL,12.5,Texas A&M,2026-04-01T16:17:46.809Z,57,season_totals,21.0
76,"Bednarik,AA",SR,145,Big Ten,2007,0,0,0,0,13,0,2,1,https://www.sports-reference.com/cfb/players/dan-connor-1.html,0,Dan Connor,LB,6.5,Penn State,2026-04-01T16:17:59.405Z,69,season_totals,15.0
17,,JR,46,Big Ten,2021,0,0,0,0,14,0,0,5,https://www.sports-reference.com/cfb/players/dane-belton-1.html,7,Dane Belton,DB,0.0,Iowa,2026-04-01T16:18:27.556Z,29,season_totals,3.0
20,,SR,75,Pac-12,2017,1,0,0,0,13,0,65,3,https://www.sports-reference.com/cfb/players/dane-cruikshank-1.html,5,Dane Cruikshank,CB,1.5,Arizona,2026-04-01T16:18:34.564Z,55,season_totals,5.5
13,,SR,43,ACC,2019,0,0,0,0,13,0,21,1,https://www.sports-reference.com/cfb/players/dane-jackson-1.html,12,Dane Jackson,DB,0.5,Pitt,2026-04-01T16:18:41.713Z,30,season_totals,3.0
37,,SR,83,Big 12,2005,2,0,1,30,12,0,12,1,https://www.sports-reference.com/cfb/players/daniel-bullocks-1.html,0,Daniel Bullocks,DB,0.0,Nebraska,2026-04-01T16:18:54.114Z,46,season_totals,4.0
12,,SR,33,SEC,2013,0,1,0,0,12,0,0,0,https://www.sports-reference.com/cfb/players/daniel-mccullers-1.html,1,Daniel McCullers,DL,0.5,Tennessee,2026-04-01T16:19:00.998Z,21,season_totals,4.5
28,,SR,85,Pac-12,2022,2,0,0,0,12,0,59,3,https://www.sports-reference.com/cfb/players/daniel-scott-1.html,4,Daniel Scott,S,0.0,California,2026-04-01T16:19:08.010Z,57,season_totals,2.5
10,,SR,37,Pac-10,2009,5,1,0,8,12,0,0,0,https://www.sports-reference.com/cfb/players/daniel-teo-nesheim-1.html,0,Daniel Te'o-Nesheim,DL,10.0,Washington,2026-04-01T16:19:15.073Z,27,season_totals,13.0
0,,SR,1,Big 12,2010,0,0,0,0,13,0,0,0,https://www.sports-reference.com/cfb/players/daniel-thomas-1.html,0,Daniel Thomas,RB,0.0,Kansas State,2026-04-01T16:19:22.116Z,1,season_totals,0.0
43,,JR,73,SEC,2014,1,1,1,25,13,0,0,0,https://www.sports-reference.com/cfb/players/danielle-hunter-1.html,6,Danielle Hunter,DL/DE,1.5,LSU,2026-04-01T16:19:29.179Z,30,season_totals,13.0
40,,SR,93,Pac-12,2014,0,5,0,0,14,0,0,0,https://www.sports-reference.com/cfb/players/danny-shelton-1.html,0,Danny Shelton,DL/DT,9.0,Washington,2026-04-01T16:19:36.195Z,53,season_totals,16.5
65,AA,SR,109,SEC,2024,0,0,0,0,12,0,0,0,https://www.sports-reference.com/cfb/players/danny-stutsman-1.html,0,Danny Stutsman,LB,1.0,Oklahoma,2026-04-01T16:19:43.314Z,44,season_totals,8.0
76,,SR,143,SEC,2011,5,1,0,0,12,0,73,4,https://www.sports-reference.com/cfb/players/danny-trevathan-1.html,5,Danny Trevathan,LB,3.0,Kentucky,2026-04-01T16:19:50.214Z,67,season_totals,11.5
13,,SR,26,Big 12,2022,2,1,0,0,12,0,0,0,https://www.sports-reference.com/cfb/players/dante-stills-1.html,1,Dante Stills,DL,4.5,West Virginia,2026-04-01T16:20:08.739Z,13,season_totals,9.0
20,,SR,75,Big 12,2008,1,0,0,0,13,2,97,7,https://www.sports-reference.com/cfb/players/darcel-mcbath-1.html,0,Darcel McBath,DB,0.0,Texas Tech,2026-04-01T16:20:26.936Z,55,season_totals,0.0
28,,SR,65,MWC,2015,2,0,0,0,12,0,46,5,https://www.sports-reference.com/cfb/players/darian-thompson-1.html,4,Darian Thompson,DB/S,1.0,Boise State,2026-04-01T16:20:44.966Z,37,season_totals,8.5
6,,SR,18,Big 12,2024,0,0,0,0,12,0,5,3,https://www.sports-reference.com/cfb/players/darien-porter-1.html,2,Darien Porter,WR/DB,0.0,Iowa State,2026-04-01T16:20:52.001Z,12,season_totals,2.0
23,,SR,40,MAC,2024,0,0,0,0,12,1,58,1,https://www.sports-reference.com/cfb/players/darius-alexander-1.html,4,Darius Alexander,DT,3.5,Toledo,2026-04-01T16:20:58.954Z,17,season_totals,7.5
12,,SR,40,Big East,2008,0,0,0,0,10,0,0,0,https://www.sports-reference.com/cfb/players/darius-butler-1.html,0,Darius Butler,DB/WR,0.0,Connecticut,2026-04-01T16:21:05.897Z,28,season_totals,3.0
31,,SR,55,Ind,2011,0,0,0,0,13,0,34,1,https://www.sports-reference.com/cfb/players/darius-fleming-1.html,3,Darius Fleming,LB,3.5,Notre Dame,2026-04-01T16:21:13.064Z,24,season_totals,7.0
32,,SR,75,Pac-12,2023,0,0,0,0,13,0,0,1,https://www.sports-reference.com/cfb/players/darius-muasau-1.html,6,Darius Muasau,LB,4.0,UCLA,2026-04-01T16:21:19.905Z,43,season_totals,10.5
12,,SR,40,MAC,2017,2,1,1,67,12,1,63,3,https://www.sports-reference.com/cfb/players/darius-phillips-1.html,10,Darius Phillips,WR/CB,1.0,Western Michigan,2026-04-01T16:21:26.992Z,28,season_totals,5.0
21,,SO,46,SEC,2014,1,3,1,21,13,0,0,0,https://www.sports-reference.com/cfb/players/darius-philon-1.html,2,Darius Philon,DT,4.5,Arkansas,2026-04-01T16:21:34.317Z,25,season_totals,11.5
5,,SR,30,ACC,2013,0,0,0,0,12,1,35,3,https://www.sports-reference.com/cfb/players/darius-robinson-1.html,1,Darius Robinson,DB/CB,0.0,Clemson,2026-04-01T16:21:40.945Z,25,season_totals,3.5
10,,SR,38,SEC,2022,1,0,0,0,10,0,59,2,https://www.sports-reference.com/cfb/players/darius-rush-1.html,7,Darius Rush,DB,0.0,South Carolina,2026-04-01T16:21:48.024Z,28,season_totals,2.0
14,,SR,40,SEC,2012,0,0,0,0,13,1,101,5,https://www.sports-reference.com/cfb/players/darius-slay-1.html,0,Darius Slay,DB,0.0,Mississippi State,2026-04-01T16:21:54.970Z,26,season_totals,1.0
10,,JR,34,Pac-12,2019,0,1,0,0,10,0,0,2,https://www.sports-reference.com/cfb/players/darnay-holmes-1.html,6,Darnay Holmes,DB,0.0,UCLA,2026-04-01T16:22:07.520Z,24,season_totals,1.0
14,,JR,50,Pac-10,2005,1,0,0,0,12,1,119,4,https://www.sports-reference.com/cfb/players/darnell-bing-1.html,0,Darnell Bing,DB,0.0,USC,2026-04-01T16:22:09.289Z,36,season_totals,2.5
32,,JR,53,SEC,2017,0,1,0,0,14,0,21,1,https://www.sports-reference.com/cfb/players/daron-payne-1.html,3,Daron Payne,DL,1.0,Alabama,2026-04-01T16:22:30.128Z,21,season_totals,1.0
28,AA,SR,60,Big Ten,2013,2,0,0,0,13,0,38,4,https://www.sports-reference.com/cfb/players/darqueze-dennard-1.html,10,Darqueze Dennard,DB/CB,0.0,Michigan State,2026-04-01T16:22:37.228Z,32,season_totals,3.5
13,,SR,42,Sun Belt,2022,0,0,0,0,13,0,21,1,https://www.sports-reference.com/cfb/players/darrell-luter-jr-1.html,7,Darrell Luter Jr.,CB,0.0,South Alabama,2026-04-01T16:22:44.276Z,29,season_totals,0.5
30,,SR,93,Big 12,2009,1,0,0,0,12,0,0,1,https://www.sports-reference.com/cfb/players/darrell-stuckey-1.html,0,Darrell Stuckey,DB,1.0,Kansas,2026-04-01T16:22:56.755Z,63,season_totals,3.5
18,,SR,46,SEC,2019,1,1,0,0,13,0,0,0,https://www.sports-reference.com/cfb/players/darrell-taylor-1.html,4,Darrell Taylor,DL/LB,8.5,Tennessee,2026-04-01T16:23:03.744Z,28,season_totals,10.0
6,,JR,39,Big East,2006,0,0,0,0,12,2,76,2,https://www.sports-reference.com/cfb/players/darrelle-revis-1.html,0,Darrelle Revis,DB,0.0,Pitt,2026-04-01T16:23:10.905Z,33,season_totals,4.0
7,,JR,38,MWC,2020,0,0,0,0,8,1,72,3,https://www.sports-reference.com/cfb/players/darren-hall-1.html,6,Darren Hall,S/CB,0.0,San Diego State,2026-04-01T16:23:18.178Z,31,season_totals,2.0
9,,SR,40,American,2020,0,0,0,0,10,0,22,2,https://www.sports-reference.com/cfb/players/darrick-forrest-1.html,1,Darrick Forrest,S,0.0,Cincinnati,2026-04-01T16:23:31.913Z,31,season_totals,1.0
30,,SO,66,Big Ten,2015,2,0,0,0,13,1,41,1,https://www.sports-reference.com/cfb/players/darron-lee-1.html,2,Darron Lee,LB,4.5,Ohio State,2026-04-01T16:23:46.168Z,36,season_totals,11.0
41,,SR,106,ACC,2009,1,0,0,0,13,1,73,1,https://www.sports-reference.com/cfb/players/darryl-sharpton-1.html,0,Darryl Sharpton,LB,0.0,Miami (FL),2026-04-01T16:24:07.333Z,65,season_totals,9.0
21,,SR,48,ACC,2005,3,0,0,0,13,0,0,0,https://www.sports-reference.com/cfb/players/darryl-tapp-1.html,3,Darryl Tapp,DL,10.0,Virginia Tech,2026-04-01T16:24:14.458Z,27,season_totals,14.5
41,,SR,109,MWC,2009,0,0,0,0,13,1,48,3,https://www.sports-reference.com/cfb/players/daryl-washington-1.html,0,Daryl Washington,LB,2.0,Texas Christian,2026-04-01T16:24:28.151Z,68,season_totals,11.0
3,,JR,49,Big 12,2015,2,1,0,0,12,0,0,6,https://www.sports-reference.com/cfb/players/daryl-worley-1.html,12,Daryl Worley,CB,0.0,West Virginia,2026-04-01T16:24:35.576Z,46,season_totals,2.0
17,,SR,50,Pac-10,2006,0,0,0,0,11,0,6,1,https://www.sports-reference.com/cfb/players/dashon-goldson-1.html,0,Dashon Goldson,DB,0.0,Washington,2026-04-01T16:24:42.888Z,33,season_totals,1.0
17,,SR,62,Pac-12,2012,1,0,0,0,14,0,0,0,https://www.sports-reference.com/cfb/players/datone-jones-1.html,0,Datone Jones,DL,5.5,UCLA,2026-04-01T16:24:49.984Z,45,season_totals,19.0
13,,JR,61,ACC,2012,0,0,0,0,13,1,82,5,https://www.sports-reference.com/cfb/players/david-amerson-1.html,0,David Amerson,DB,0.0,North Carolina State,2026-04-01T16:25:11.702Z,48,season_totals,1.0
36,,SR,97,Ind,2008,2,0,0,0,13,0,57,4,https://www.sports-reference.com/cfb/players/david-bruton-1.html,0,David Bruton,DB,0.0,Notre Dame,2026-04-01T16:25:23.197Z,61,season_totals,1.5
19,,SR,42,SEC,2006,1,0,0,0,13,0,0,2,https://www.sports-reference.com/cfb/players/david-irons-1.html,0,David Irons,DB,0.0,Auburn,2026-04-01T16:25:37.191Z,23,season_totals,3.0
11,,JR,35,Big Ten,2021,5,1,0,0,14,0,0,0,https://www.sports-reference.com/cfb/players/david-ojabo-1.html,3,David Ojabo,LB,11.0,Michigan,2026-04-01T16:25:58.237Z,24,season_totals,12.0
23,,SR,34,Pac-12,2014,0,0,0,0,12,0,0,0,https://www.sports-reference.com/cfb/players/david-parry-1.html,0,David Parry,DL/DT,4.5,Stanford,2026-04-01T16:26:05.425Z,11,season_totals,7.5
26,,SR,73,WAC,2008,4,0,0,0,14,0,0,0,https://www.sports-reference.com/cfb/players/david-veikune-1.html,3,David Veikune,DL,9.0,Hawaii,2026-04-01T16:26:33.315Z,47,season_totals,16.5
15,,SR,72,Pac-12,2019,0,1,0,0,12,0,0,0,https://www.sports-reference.com/cfb/players/davion-taylor-1.html,4,Davion Taylor,LB,1.0,Colorado,2026-04-01T16:26:40.377Z,57,season_totals,8.0
23,AA,JR,45,Big Ten,2020,1,0,0,0,8,1,71,1,https://www.sports-reference.com/cfb/players/daviyon-nixon-1.html,1,Daviyon Nixon,DT,5.5,Iowa,2026-04-01T16:26:47.324Z,22,season_totals,13.5
28,,SR,57,WAC,2010,1,0,0,0,12,1,48,2,https://www.sports-reference.com/cfb/players/davon-house-1.html,0,Davon House,DB,0.0,New Mexico State,2026-04-01T16:26:54.589Z,29,season_totals,0.5
23,,SR,76,ACC,2005,1,0,0,0,12,0,12,4,https://www.sports-reference.com/cfb/players/dawan-landry-1.html,0,Dawan Landry,DB,0.0,Georgia Tech,2026-04-01T16:27:07.266Z,53,season_totals,3.5
26,,SR,56,Big Ten,2016,2,0,0,0,12,0,0,0,https://www.sports-reference.com/cfb/players/dawuane-smoot-1.html,1,Dawuane Smoot,LB/DL,5.0,Illinois,2026-04-01T16:27:14.280Z,30,season_totals,15.0
17,,SR,32,SEC,2020,0,0,0,0,8,0,0,0,https://www.sports-reference.com/cfb/players/dayo-odeyingbo-1.html,1,Dayo Odeyingbo,DL,5.5,Vanderbilt,2026-04-01T16:27:21.353Z,15,season_totals,8.0
39,,SR,92,Big Ten,2015,1,0,0,0,13,0,-3,1,https://www.sports-reference.com/cfb/players/devondre-campbell-1.html,3,De'Vondre Campbell,LB,4.0,Minnesota,2026-04-01T16:27:28.421Z,53,season_totals,6.5
45,,SR,73,Big Ten,2008,0,0,0,0,13,0,1,1,https://www.sports-reference.com/cfb/players/deandre-levy-1.html,0,Deandre Levy,LB,5.0,Wisconsin,2026-04-01T16:27:35.507Z,28,season_totals,9.5
50,,SR,94,CUSA,2021,4,0,0,0,14,0,0,0,https://www.sports-reference.com/cfb/players/deangelo-malone-1.html,4,DeAngelo Malone,DL/DE,9.0,Western Kentucky,2026-04-01T16:27:49.464Z,44,season_totals,17.5
15,,SR,50,Big East,2008,1,0,0,0,13,0,2,2,https://www.sports-reference.com/cfb/players/deangelo-smith-1.html,0,Deangelo Smith,DB,0.0,Cincinnati,2026-04-01T16:27:56.432Z,35,season_totals,3.5
9,,SR,20,SEC,2011,0,0,0,0,11,0,0,0,https://www.sports-reference.com/cfb/players/deangelo-tyson-1.html,1,Deangelo Tyson,DL,1.5,Georgia,2026-04-01T16:28:03.605Z,11,season_totals,3.5
44,,SR,99,Big 12,2010,2,0,0,0,14,1,67,3,https://www.sports-reference.com/cfb/players/dejon-gomes-1.html,0,Dejon Gomes,DB,1.0,Nebraska,2026-04-01T16:28:10.425Z,55,season_totals,3.0
41,,SR,108,SEC,2022,1,1,0,0,13,0,0,1,https://www.sports-reference.com/cfb/players/demarcco-hellams-1.html,7,Demarcco Hellams,DB,1.0,Alabama,2026-04-01T16:28:31.608Z,67,season_totals,3.0
22,,SR,38,ACC,2007,0,0,0,0,10,0,3,2,https://www.sports-reference.com/cfb/players/demario-pressley-1.html,0,Demario Pressley,DL,1.5,North Carolina State,2026-04-01T16:28:45.828Z,16,season_totals,6.0
30,AA,JR,57,SEC,2021,1,0,0,0,12,0,0,0,https://www.sports-reference.com/cfb/players/demarvin-leal-1.html,2,Demarvin Leal,DL,8.5,Texas A&M,2026-04-01T16:28:52.701Z,27,season_totals,12.5
47,,SR,96,Big 12,2022,0,0,0,0,12,0,0,0,https://www.sports-reference.com/cfb/players/demarvion-overshown-1.html,5,Demarvion Overshown,DB/LB,4.0,Texas,2026-04-01T16:28:59.712Z,49,season_totals,10.0
35,AA,SR,76,SEC,2005,1,0,0,0,12,0,7,1,https://www.sports-reference.com/cfb/players/demeco-ryans-1.html,0,Demeco Ryans,LB,5.0,Alabama,2026-04-01T16:29:07.180Z,41,season_totals,11.5
20,,SR,57,SEC,2012,2,0,0,0,13,0,25,3,https://www.sports-reference.com/cfb/players/devonte-holloman-1.html,0,Devonte Holloman,DB,2.0,South Carolina,2026-04-01T16:29:13.784Z,37,season_totals,8.0
31,,SR,66,American,2017,0,0,0,0,12,0,0,0,https://www.sports-reference.com/cfb/players/deadrin-senat-1.html,0,Deadrin Senat,DT,6.0,South Florida,2026-04-01T16:29:34.729Z,35,season_totals,10.5
21,,SR,52,Big Ten,2015,0,1,0,10,13,0,18,1,https://www.sports-reference.com/cfb/players/dean-lowry-1.html,6,Dean Lowry,DL,3.0,Northwestern,2026-04-01T16:29:41.989Z,31,season_totals,13.5
2,AA,SR,11,SEC,2018,0,0,0,0,13,0,0,0,https://www.sports-reference.com/cfb/players/deandre-baker-1.html,3,Deandre Baker,CB/DB,0.0,Georgia,2026-04-01T16:29:48.796Z,9,season_totals,1.0
12,,SR,36,SEC,2023,1,0,0,0,13,0,44,1,https://www.sports-reference.com/cfb/players/deantre-prince-1.html,5,Deantre Prince,DB/CB,1.0,Ole Miss,2026-04-01T16:30:01.474Z,24,season_totals,5.0
28,,SR,49,SEC,2016,1,0,0,0,13,0,0,0,https://www.sports-reference.com/cfb/players/deatrich-wise-jr-1.html,3,Deatrich Wise Jr.,DL/DE,3.5,Arkansas,2026-04-01T16:30:08.655Z,21,season_totals,5.5
36,,SR,79,SEC,2023,0,0,0,0,12,0,0,0,https://www.sports-reference.com/cfb/players/decamerion-richardson-1.html,7,Decamerion Richardson,CB,1.0,Mississippi State,2026-04-01T16:30:15.561Z,43,season_totals,1.0
11,,SR,29,SEC,2013,2,0,0,0,12,0,0,0,https://www.sports-reference.com/cfb/players/dee-ford-1.html,1,Dee Ford,DL/DE,10.5,Auburn,2026-04-01T16:30:22.685Z,18,season_totals,14.5
0,,,0,SEC,2012,0,0,0,0,13,0,35,2,https://www.sports-reference.com/cfb/players/dee-milliner-1.html,0,Dee Milliner,DB,0.0,Alabama,2026-04-01T16:30:29.665Z,0,season_totals,0.0
31,,SR,79,Big 12,2022,0,1,0,0,15,1,29,1,https://www.sports-reference.com/cfb/players/dee-winters-1.html,2,Dee Winters,LB,7.5,Texas Christian,2026-04-01T16:30:42.098Z,48,season_totals,14.5
38,,SR,83,Pac-12,2015,0,1,0,0,13,0,0,0,https://www.sports-reference.com/cfb/players/deforest-buckner-1.html,5,Deforest Buckner,DL,10.5,Oregon,2026-04-01T16:30:49.190Z,45,season_totals,17.0
43,,SR,100,SEC,2015,1,0,0,0,12,1,26,2,https://www.sports-reference.com/cfb/players/deion-jones-1.html,3,Deion Jones,LB,5.0,LSU,2026-04-01T16:30:56.376Z,57,season_totals,13.5
31,AA,JR,79,SEC,2018,4,1,0,0,15,0,65,2,https://www.sports-reference.com/cfb/players/deionte-thompson-1.html,6,Deionte Thompson,DB,0.0,Alabama,2026-04-01T16:31:03.328Z,48,season_totals,3.5
28,,SR,65,ACC,2009,0,0,0,0,12,0,0,0,https://www.sports-reference.com/cfb/players/dekoda-watson-1.html,1,Dekoda Watson,LB,6.5,Florida State,2026-04-01T16:31:10.412Z,37,season_totals,13.0
17,,SR,52,Big 12,2021,0,0,0,0,10,0,0,3,https://www.sports-reference.com/cfb/players/delarrin-turner-yell-1.html,1,Delarrin Turner-Yell,S,0.0,Oklahoma,2026-04-01T16:31:17.868Z,35,season_totals,2.5
10,,SR,20,ACC,2010,1,0,0,0,13,0,74,2,https://www.sports-reference.com/cfb/players/demarcus-van-dyke-1.html,0,Demarcus Van Dyke,DB,0.0,Miami (FL),2026-04-01T16:31:31.329Z,10,season_totals,1.0
38,,SR,69,Sun Belt,2011,0,0,0,0,13,0,27,1,https://www.sports-reference.com/cfb/players/demario-davis-1.html,0,Demario Davis,LB,3.0,Arkansas State,2026-04-01T16:31:38.781Z,31,season_totals,10.0
4,,SR,26,Big 12,2013,0,0,0,0,11,0,63,3,https://www.sports-reference.com/cfb/players/demetri-goodson-1.html,13,Demetri Goodson,DB/CB,0.0,Baylor,2026-04-01T16:31:45.354Z,22,season_totals,0.0
1,,SR,1,Big Ten,2009,0,0,0,0,12,0,0,0,https://www.sports-reference.com/cfb/players/demetrius-mccray-1.html,0,Demetrius McCray,RB,0.0,Indiana,2026-04-01T16:32:03.555Z,0,season_totals,0.0
0,,SR,0,SEC,2012,0,0,0,0,12,0,0,0,https://www.sports-reference.com/cfb/players/dennis-johnson-1.html,0,Dennis Johnson,RB,0.0,Arkansas,2026-04-01T16:32:17.686Z,0,season_totals,0.0
11,,SR,48,Big Ten,2024,0,0,0,0,16,0,31,2,https://www.sports-reference.com/cfb/players/denzel-burke-1.html,2,Denzel Burke,CB/DB,0.0,Ohio State,2026-04-01T16:32:24.685Z,37,season_totals,3.0
31,,SR,110,ACC,2014,3,0,0,0,13,0,20,1,https://www.sports-reference.com/cfb/players/denzel-perryman-1.html,5,Denzel Perryman,LB,2.0,Miami (FL),2026-04-01T16:32:31.735Z,79,season_totals,9.5
10,,SR,35,Pac-12,2020,1,0,0,0,7,0,24,1,https://www.sports-reference.com/cfb/players/deommodore-lenoir-1.html,0,Deommodore Lenoir,CB,0.0,Oregon,2026-04-01T16:32:45.720Z,25,season_totals,0.0
17,,SR,50,ACC,2015,0,2,0,0,13,0,0,1,https://www.sports-reference.com/cfb/players/deon-bush-1.html,6,Deon Bush,DB,1.0,Miami (FL),2026-04-01T16:32:54.621Z,33,season_totals,3.0
31,,SR,93,Pac-12,2013,2,1,0,0,13,0,110,6,https://www.sports-reference.com/cfb/players/deone-bucannon-1.html,1,Deone Bucannon,DB/S,0.0,Washington State,2026-04-01T16:33:05.380Z,62,season_totals,3.5
24,,JR,37,SEC,2024,0,1,0,0,11,0,0,0,https://www.sports-reference.com/cfb/players/deone-walker-1.html,2,Deone Walker,DL,1.5,Kentucky,2026-04-01T16:33:12.329Z,13,season_totals,5.0
13,,SR,38,Big Ten,2022,0,0,0,0,12,0,0,1,https://www.sports-reference.com/cfb/players/deonte-banks-1.html,8,Deonte Banks,CB/DB,0.5,Maryland,2026-04-01T16:33:19.383Z,25,season_totals,0.5
31,,SR,65,Ind,2006,0,0,0,0,13,0,0,0,https://www.sports-reference.com/cfb/players/derek-landri-1.html,1,Derek Landri,DL,7.0,Notre Dame,2026-04-01T16:33:33.382Z,34,season_totals,15.5
33,,SR,70,Big East,2011,2,1,0,0,13,0,0,0,https://www.sports-reference.com/cfb/players/derek-wolfe-1.html,1,Derek Wolfe,DL,9.5,Cincinnati,2026-04-01T16:34:05.608Z,37,season_totals,21.5
18,,SR,60,SEC,2022,2,1,0,0,12,0,19,1,https://www.sports-reference.com/cfb/players/derick-hall-1.html,0,Derick Hall,LB/DL,7.0,Auburn,2026-04-01T16:34:12.676Z,42,season_totals,12.0
17,,SR,41,SEC,2021,0,0,0,0,15,0,14,4,https://www.sports-reference.com/cfb/players/derion-kendrick-1.html,3,Derion Kendrick,WR/CB/DB,0.0,Georgia,2026-04-01T16:34:19.623Z,24,season_totals,2.0
18,,JR,49,SEC,2007,1,0,0,0,13,0,0,0,https://www.sports-reference.com/cfb/players/derrick-harvey-1.html,5,Derrick Harvey,DL,8.5,Florida,2026-04-01T16:35:07.350Z,31,season_totals,17.0
30,,SR,87,Big 12,2015,2,1,0,0,13,1,60,2,https://www.sports-reference.com/cfb/players/derrick-kindred-1.html,3,Derrick Kindred,DB/S,0.0,Texas Christian,2026-04-01T16:35:21.393Z,57,season_totals,3.5
15,,JR,47,MWC,2005,1,0,0,0,11,1,13,3,https://www.sports-reference.com/cfb/players/derrick-martin-1.html,0,Derrick Martin,DB,1.0,Wyoming,2026-04-01T16:35:28.458Z,32,season_totals,3.5
16,,JR,55,ACC,2009,2,0,0,0,14,0,0,0,https://www.sports-reference.com/cfb/players/derrick-morgan-1.html,1,Derrick Morgan,DL,12.5,Georgia Tech,2026-04-01T16:35:35.394Z,39,season_totals,18.5
31,,SR,53,ACC,2017,1,0,0,0,13,0,0,0,https://www.sports-reference.com/cfb/players/derrick-nnadi-1.html,1,Derrick Nnadi,DT,3.5,Florida State,2026-04-01T16:35:42.411Z,22,season_totals,10.0
27,,SR,93,MWC,2014,0,2,0,6,14,0,21,1,https://www.sports-reference.com/cfb/players/derron-smith-1.html,7,Derron Smith,DB/S,0.0,Fresno State,2026-04-01T16:36:03.514Z,66,season_totals,2.5
35,,SO,84,ACC,2017,0,0,0,0,12,1,41,2,https://www.sports-reference.com/cfb/players/derwin-james-1.html,11,Derwin James,DB,1.0,Florida State,2026-04-01T16:36:10.550Z,49,season_totals,5.5
13,AA,JR,63,Big 12,2017,3,1,0,0,12,2,127,6,https://www.sports-reference.com/cfb/players/deshon-elliott-1.html,9,DeShon Elliott,S/DB,1.5,Texas,2026-04-01T16:36:17.734Z,50,season_totals,8.5
61,,SR,126,Pac-10,2006,2,0,0,0,13,0,79,3,https://www.sports-reference.com/cfb/players/desmond-bishop-1.html,0,Desmond Bishop,LB,3.0,California,2026-04-01T16:36:24.617Z,65,season_totals,15.0
16,,SR,58,Big Ten,2016,1,1,0,0,13,1,41,3,https://www.sports-reference.com/cfb/players/desmond-king-1.html,7,Desmond King,DB,0.0,Iowa,2026-04-01T16:36:31.493Z,42,season_totals,3.5
9,,SR,36,Pac-12,2012,1,0,0,0,12,0,0,1,https://www.sports-reference.com/cfb/players/desmond-trufant-1.html,0,Desmond Trufant,DB,1.0,Washington,2026-04-01T16:36:38.592Z,27,season_totals,4.5
15,,SO,43,Big 12,2015,1,1,0,0,9,0,0,0,https://www.sports-reference.com/cfb/players/devante-bond-1.html,2,Devante Bond,LB,3.0,Oklahoma,2026-04-01T16:36:45.700Z,28,season_totals,7.0
45,AA,JR,110,Pac-12,2021,0,1,0,0,14,2,36,4,https://www.sports-reference.com/cfb/players/devin-lloyd-1.html,6,Devin Lloyd,LB,8.0,Utah,2026-04-01T16:36:59.777Z,65,season_totals,22.0
31,,SR,80,Big East,2009,1,0,0,0,13,0,0,1,https://www.sports-reference.com/cfb/players/devin-mccourty-1.html,0,Devin McCourty,DB,0.0,Rutgers,2026-04-01T16:37:06.666Z,49,season_totals,7.5
18,,SR,45,SEC,2012,0,0,0,0,13,0,0,0,https://www.sports-reference.com/cfb/players/devin-taylor-1.html,6,Devin Taylor,DL,3.0,South Carolina,2026-04-01T16:37:13.868Z,27,season_totals,8.5
61,AA,JR,123,SEC,2018,3,2,0,29,13,0,0,0,https://www.sports-reference.com/cfb/players/devin-white-1.html,6,Devin White,LB,3.0,LSU,2026-04-01T16:37:20.813Z,62,season_totals,12.0
25,,SR,60,Pac-12,2013,1,1,0,0,14,0,0,0,https://www.sports-reference.com/cfb/players/devon-kennard-1.html,4,Devon Kennard,DL/LB/DE,8.5,USC,2026-04-01T16:37:31.348Z,35,season_totals,13.0
26,AA,SR,55,Big Ten,2011,1,0,0,0,13,0,0,0,https://www.sports-reference.com/cfb/players/devon-still-1.html,1,Devon Still,DL,4.5,Penn State,2026-04-01T16:37:33.470Z,29,season_totals,17.0
9,AA,JR,41,Big Ten,2022,0,0,0,0,12,0,97,3,https://www.sports-reference.com/cfb/players/devon-witherspoon-1.html,14,Devon Witherspoon,DB,0.0,Illinois,2026-04-01T16:37:40.090Z,32,season_totals,2.5
21,,SR,39,SEC,2021,2,1,0,0,14,0,0,0,https://www.sports-reference.com/cfb/players/devonte-wyatt-1.html,1,Devonte Wyatt,DL,2.5,Georgia,2026-04-01T16:37:47.063Z,18,season_totals,6.0
20,,JR,37,ACC,2018,0,1,0,0,13,0,0,0,https://www.sports-reference.com/cfb/players/dexter-lawrence-1.html,3,Dexter Lawrence,DT,1.5,Clemson,2026-04-01T16:38:01.101Z,17,season_totals,7.5
1,,SR,14,ACC,2013,0,0,0,0,3,1,49,3,https://www.sports-reference.com/cfb/players/dexter-mcdougle-1.html,2,Dexter McDougle,DB,0.0,Maryland,2026-04-01T16:38:08.209Z,13,season_totals,0.0
14,,SR,40,Big Ten,2013,1,1,0,0,12,0,0,1,https://www.sports-reference.com/cfb/players/dezmen-southward-1.html,5,Dezmen Southward,DB,0.0,Wisconsin,2026-04-01T16:38:29.311Z,26,season_totals,3.5
18,,SR,44,Pac-12,2012,3,0,0,0,12,0,0,0,https://www.sports-reference.com/cfb/players/dion-jordan-1.html,1,Dion Jordan,WR/DL,5.0,Oregon,2026-04-01T16:38:36.208Z,26,season_totals,10.5
23,,SR,55,ACC,2020,1,0,0,0,9,0,5,4,https://www.sports-reference.com/cfb/players/divine-deablo-1.html,4,Divine Deablo,WR/DB,0.0,Virginia Tech,2026-04-01T16:38:43.205Z,32,season_totals,2.0
20,,SR,53,Big Ten,2005,1,1,1,74,11,0,0,0,https://www.sports-reference.com/cfb/players/domata-peko-1.html,1,Domata Peko,DL,1.0,Michigan State,2026-04-01T16:38:50.419Z,33,season_totals,2.5
29,,SR,100,Big Ten,2007,1,2,1,53,12,0,0,0,https://www.sports-reference.com/cfb/players/dominique-barber-1.html,8,Dominique Barber,DB,1.0,Minnesota,2026-04-01T16:38:57.490Z,71,season_totals,5.5
1,,SR,5,SEC,2013,0,0,0,0,3,0,0,0,https://www.sports-reference.com/cfb/players/dominique-easley-1.html,0,Dominique Easley,DL,0.0,Florida,2026-04-01T16:39:04.274Z,4,season_totals,2.0
14,,JR,47,Big 12,2009,1,0,0,0,13,1,97,2,https://www.sports-reference.com/cfb/players/dominique-franks-1.html,0,Dominique Franks,DB,0.0,Oklahoma,2026-04-01T16:39:11.415Z,33,season_totals,1.5
15,,SR,29,MAC,2021,0,0,0,0,12,0,0,0,https://www.sports-reference.com/cfb/players/dominique-robinson-1.html,0,Dominique Robinson,WR/DL,4.5,Miami (OH),2026-04-01T16:39:18.352Z,14,season_totals,7.5
22,,SR,94,Pac-10,2009,3,0,0,0,12,0,15,2,https://www.sports-reference.com/cfb/players/donald-butler-1.html,0,Donald Butler,LB,1.0,Washington,2026-04-01T16:39:44.982Z,72,season_totals,15.5
4,,JR,22,Big Ten,2008,0,0,0,0,11,0,34,1,https://www.sports-reference.com/cfb/players/donald-washington-1.html,0,Donald Washington,DB,0.0,Ohio State,2026-04-01T16:39:58.975Z,18,season_totals,0.0
43,AA,SR,80,ACC,2024,3,0,0,0,12,0,0,0,https://www.sports-reference.com/cfb/players/donovan-ezeiruaku-1.html,1,Donovan Ezeiruaku,DE,16.5,Boston College,2026-04-01T16:40:13.175Z,37,season_totals,20.5
0,,SR,0,MAC,2017,0,0,0,0,12,0,0,0,https://www.sports-reference.com/cfb/players/donovan-wilson-1.html,0,Donovan Wilson,RB,0.0,Bowling Green,2026-04-01T16:42:56.845Z,0,season_totals,0.0
45,AA,JR,85,SEC,2011,1,0,0,0,13,0,29,1,https://www.sports-reference.com/cfb/players/donta-hightower-1.html,3,Dont'a Hightower,LB,4.0,Alabama,2026-04-01T16:43:04.118Z,40,season_totals,11.0
31,,SR,81,ACC,2013,0,0,0,0,12,0,21,3,https://www.sports-reference.com/cfb/players/dontae-johnson-1.html,2,Dontae Johnson,DB/CB,0.0,North Carolina State,2026-04-01T16:43:10.975Z,50,season_totals,0.0
15,,JR,33,CUSA,2011,1,0,0,0,12,0,0,0,https://www.sports-reference.com/cfb/players/dontari-poe-1.html,3,Dontari Poe,DL,1.0,Memphis,2026-04-01T16:43:17.998Z,18,season_totals,8.0
23,,SR,36,SEC,2018,0,0,0,0,13,0,0,0,https://www.sports-reference.com/cfb/players/dontavius-russell-1.html,0,Dontavius Russell,DL,1.5,Auburn,2026-04-01T16:43:32.141Z,13,season_totals,6.0
21,,SR,64,WAC,2010,2,0,0,0,14,0,0,0,https://www.sports-reference.com/cfb/players/dontay-moch-1.html,2,Dontay Moch,DB/LB/DL,8.5,Nevada,2026-04-01T16:43:39.290Z,43,season_totals,22.0
17,,JR,49,SEC,2017,0,0,0,0,13,0,0,1,https://www.sports-reference.com/cfb/players/donte-jackson-1.html,10,Donte Jackson,DB,1.0,LSU,2026-04-01T16:43:46.212Z,32,season_totals,3.5
17,,JR,73,Big Ten,2005,1,0,0,0,12,1,26,2,https://www.sports-reference.com/cfb/players/donte-whitner-1.html,0,Donte Whitner,DB,4.0,Ohio State,2026-04-01T16:44:00.257Z,56,season_totals,9.0
37,,SR,88,ACC,2017,0,2,0,0,14,2,66,2,https://www.sports-reference.com/cfb/players/dorian-odaniel-1.html,5,Dorian O'Daniel,LB,5.0,Clemson,2026-04-01T16:44:12.615Z,51,season_totals,11.5
12,,SR,32,ACC,2024,1,1,0,12,12,0,-7,2,https://www.sports-reference.com/cfb/players/dorian-strong-1.html,6,Dorian Strong,DB/CB,0.0,Virginia Tech,2026-04-01T16:44:19.671Z,20,season_totals,0.0
35,,SR,95,Big East,2010,1,0,0,0,13,0,58,2,https://www.sports-reference.com/cfb/players/doug-hogue-1.html,0,Doug Hogue,RB/LB,3.0,Syracuse,2026-04-01T16:44:39.354Z,60,season_totals,10.5
22,,SR,42,Big Ten,2009,0,0,0,0,13,0,0,0,https://www.sports-reference.com/cfb/players/doug-worthington-1.html,2,Doug Worthington,DL,2.0,Ohio State,2026-04-01T16:44:46.359Z,20,season_totals,5.0
26,,SR,56,SEC,2010,3,0,0,0,13,0,3,1,https://www.sports-reference.com/cfb/players/drake-nevis-1.html,0,Drake Nevis,DL,6.0,LSU,2026-04-01T16:44:53.425Z,30,season_totals,13.0
42,,SR,80,SEC,2018,1,1,0,24,9,0,5,2,https://www.sports-reference.com/cfb/players/dre-greenlaw-1.html,0,Dre Greenlaw,LB,2.0,Arkansas,2026-04-01T16:45:06.071Z,38,season_totals,6.5
6,,JR,30,SEC,2011,2,0,1,0,13,0,0,0,https://www.sports-reference.com/cfb/players/dre-kirkpatrick-1.html,9,Dre Kirkpatrick,DB,0.0,Alabama,2026-04-01T16:45:13.531Z,24,season_totals,4.0
36,,SR,62,ACC,2007,2,0,0,0,13,0,12,1,https://www.sports-reference.com/cfb/players/dre-moore-1.html,0,Dre Moore,DL,6.0,Maryland,2026-04-01T16:45:20.263Z,26,season_totals,8.5
17,,JR,43,Big Ten,2018,1,3,1,0,14,1,28,1,https://www.sports-reference.com/cfb/players/dremont-jones-1.html,2,Dre'Mont Jones,DL/DT,8.5,Ohio State,2026-04-01T16:45:27.375Z,26,season_totals,13.0
63,,JR,103,SEC,2022,3,1,0,0,12,0,13,1,https://www.sports-reference.com/cfb/players/drew-sanders-1.html,5,Drew Sanders,LB,9.5,Arkansas,2026-04-01T16:45:34.307Z,40,season_totals,13.5
23,,SR,86,Ind,2018,0,1,0,0,13,0,0,0,https://www.sports-reference.com/cfb/players/drue-tranquill-1.html,4,Drue Tranquill,S/LB,3.5,Notre Dame,2026-04-01T16:45:41.476Z,63,season_totals,9.0
11,,SR,34,SEC,2017,0,0,0,0,11,1,54,4,https://www.sports-reference.com/cfb/players/duke-dawson-1.html,9,Duke Dawson,DB,0.0,Florida,2026-04-01T16:45:48.386Z,23,season_totals,2.0
17,,SR,43,ACC,2017,2,0,0,0,12,0,0,0,https://www.sports-reference.com/cfb/players/duke-ejiofor-1.html,1,Duke Ejiofor,DE/DL,6.5,Wake Forest,2026-04-01T16:45:55.360Z,26,season_totals,16.5
53,,SR,93,SEC,2016,0,1,0,0,12,0,3,1,https://www.sports-reference.com/cfb/players/duke-riley-1.html,1,Duke Riley,LB,1.5,LSU,2026-04-01T16:46:02.346Z,40,season_totals,9.0
38,,SR,106,MWC,2012,3,0,0,0,13,0,27,1,https://www.sports-reference.com/cfb/players/duke-williams-1.html,0,Duke Williams,DB,0.0,Nevada,2026-04-01T16:46:09.322Z,68,season_totals,5.5
22,,SR,39,Big 12,2005,0,0,0,0,12,0,6,1,https://www.sports-reference.com/cfb/players/dusty-dvoracek-1.html,0,Dusty Dvoracek,LB,4.0,Oklahoma,2026-04-01T16:46:30.464Z,17,season_totals,13.5
17,,SR,53,Big East,2012,1,0,0,0,12,1,37,3,https://www.sports-reference.com/cfb/players/dwayne-gratz-1.html,0,Dwayne Gratz,DB,0.0,Connecticut,2026-04-01T16:46:43.013Z,36,season_totals,3.5
14,,SR,44,WAC,2007,0,0,0,0,12,1,36,4,https://www.sports-reference.com/cfb/players/dwight-lowery-1.html,0,Dwight Lowery,DB,0.0,San Jose State,2026-04-01T16:46:57.122Z,30,season_totals,0.0
20,,SR,52,Big 12,2022,1,0,0,0,15,0,0,0,https://www.sports-reference.com/cfb/players/dylan-horton-1.html,4,Dylan Horton,LB/DE/DL,10.5,Texas Christian,2026-04-01T16:47:16.805Z,32,season_totals,15.0
18,,SR,75,SEC,2013,0,1,0,0,12,0,17,5,https://www.sports-reference.com/cfb/players/ej-gaines-1.html,3,E.J. Gaines,DB,0.0,Missouri,2026-04-01T16:47:23.724Z,57,season_totals,4.0
9,,SR,49,ACC,2009,5,1,0,12,13,0,0,0,https://www.sports-reference.com/cfb/players/ej-wilson-1.html,1,E.J. Wilson,DL,4.0,North Carolina,2026-04-01T16:47:37.767Z,40,season_totals,12.0
14,,SR,48,Pac-10,2009,1,0,0,0,12,0,0,0,https://www.sports-reference.com/cfb/players/earl-mitchell-1.html,1,Earl Mitchell,RB/DL,6.5,Arizona,2026-04-01T16:47:45.063Z,34,season_totals,12.5
19,AA,SO,65,Big 12,2009,1,0,0,0,14,2,149,8,https://www.sports-reference.com/cfb/players/earl-thomas-1.html,0,Earl Thomas,DB,0.0,Texas,2026-04-01T16:47:51.889Z,46,season_totals,4.5
44,,SR,119,ACC,2012,1,0,0,0,13,0,35,2,https://www.sports-reference.com/cfb/players/earl-wolff-1.html,0,Earl Wolff,DB,0.0,North Carolina State,2026-04-01T16:47:58.909Z,75,season_totals,4.0
30,,SR,82,Pac-12,2013,0,0,0,0,14,0,0,1,https://www.sports-reference.com/cfb/players/ed-reynolds-1.html,4,Ed Reynolds,DB/S,0.0,Stanford,2026-04-01T16:48:19.967Z,52,season_totals,1.0
22,,,41,SEC,2013,0,1,0,0,13,0,0,0,https://www.sports-reference.com/cfb/players/ed-stinson-1.html,1,Ed Stinson,LB/DL,1.5,Alabama,2026-04-01T16:48:27.001Z,19,season_totals,2.0
16,,JR,35,ACC,2014,1,1,0,0,14,0,0,0,https://www.sports-reference.com/cfb/players/eddie-goldman-1.html,1,Eddie Goldman,DL/DT,4.0,Florida State,2026-04-01T16:48:39.710Z,19,season_totals,8.0
14,,JR,29,Pac-12,2016,0,0,0,0,12,0,0,0,https://www.sports-reference.com/cfb/players/eddie-vanderdoes-1.html,0,Eddie Vanderdoes,DE/DL,1.5,UCLA,2026-04-01T16:49:00.728Z,15,season_totals,1.5
32,,SR,94,Pac-12,2023,1,0,0,0,15,1,45,1,https://www.sports-reference.com/cfb/players/edefuan-ulofoshio-1.html,3,Edefuan Ulofoshio,LB,3.0,Washington,2026-04-01T16:49:07.726Z,62,season_totals,8.0
45,AA,JR,84,SEC,2023,2,1,0,0,12,0,0,0,https://www.sports-reference.com/cfb/players/edgerrin-cooper-1.html,2,Edgerrin Cooper,LB,8.0,Texas A&M,2026-04-01T16:49:14.762Z,39,season_totals,17.0
40,,JR,58,SEC,2013,0,0,0,0,12,0,0,0,https://www.sports-reference.com/cfb/players/ego-ferguson-1.html,3,Ego Ferguson,DL/DT,1.0,LSU,2026-04-01T16:49:27.272Z,18,season_totals,3.5
10,,SO,33,Big Ten,2015,0,1,0,1,13,0,8,1,https://www.sports-reference.com/cfb/players/eli-apple-1.html,8,Eli Apple,CB,0.0,Ohio State,2026-04-01T16:49:39.953Z,23,season_totals,2.0
25,,JR,54,ACC,2014,1,2,1,22,12,0,0,1,https://www.sports-reference.com/cfb/players/eli-harold-1.html,2,Eli Harold,DL/DE,7.0,Virginia,2026-04-01T16:49:47.309Z,29,season_totals,14.5
15,,JR,31,MAC,2012,2,0,0,0,13,0,16,1,https://www.sports-reference.com/cfb/players/elijah-jones-1.html,0,Elijah Jones,DL,1.5,Toledo,2026-04-01T16:49:54.292Z,16,season_totals,7.5
5,,SR,26,Pac-12,2020,0,0,0,0,4,0,24,1,https://www.sports-reference.com/cfb/players/elijah-molden-1.html,1,Elijah Molden,DB,0.0,Washington,2026-04-01T16:50:01.180Z,21,season_totals,1.0
20,,JR,38,Pac-12,2016,0,0,0,0,14,0,0,0,https://www.sports-reference.com/cfb/players/elijah-qualls-1.html,0,Elijah Qualls,DL,3.0,Washington,2026-04-01T16:50:08.138Z,18,season_totals,5.0
18,,SR,35,ACC,2024,2,1,0,0,13,0,0,0,https://www.sports-reference.com/cfb/players/elijah-roberts-1.html,1,Elijah Roberts,DL,7.5,SMU,2026-04-01T16:50:15.190Z,17,season_totals,11.0
27,"H-10,Nagurski,AA",SR,63,Big East,2005,10,0,0,0,12,0,9,1,https://www.sports-reference.com/cfb/players/elvis-dumervil-1.html,0,Elvis Dumervil,DL,20.0,Louisville,2026-04-01T16:50:36.296Z,36,season_totals,22.0
30,,SR,69,American,2018,2,4,1,11,13,0,0,2,https://www.sports-reference.com/cfb/players/emeke-egbule-1.html,5,Emeke Egbule,LB,2.0,Houston,2026-04-01T16:50:43.343Z,39,season_totals,5.5
55,,SR,110,Big 12,2011,1,0,0,0,13,0,0,0,https://www.sports-reference.com/cfb/players/emmanuel-acho-1.html,6,Emmanuel Acho,LB,3.0,Texas,2026-04-01T16:50:50.354Z,55,season_totals,14.5
20,AA,JR,46,SEC,2022,0,0,0,0,12,3,174,6,https://www.sports-reference.com/cfb/players/emmanuel-forbes-1.html,10,Emmanuel Forbes,CB,0.0,Mississippi State,2026-04-01T16:50:57.505Z,26,season_totals,1.0
20,,JR,64,Big 12,2015,3,2,1,0,13,0,0,0,https://www.sports-reference.com/cfb/players/emmanuel-ogbah-1.html,4,Emmanuel Ogbah,DE,13.0,Oklahoma State,2026-04-01T16:51:04.461Z,44,season_totals,17.5
11,,SR,35,SEC,2023,1,0,0,0,9,0,0,0,https://www.sports-reference.com/cfb/players/ennis-rakestraw-jr-1.html,4,Ennis Rakestraw Jr.,DB,0.0,Missouri,2026-04-01T16:51:11.396Z,24,season_totals,1.5
31,AA,JR,87,SEC,2009,1,0,0,0,13,0,7,2,https://www.sports-reference.com/cfb/players/eric-berry-1.html,0,Eric Berry,DB,0.0,Tennessee,2026-04-01T16:51:25.451Z,56,season_totals,7.0
45,,SR,100,Pac-10,2006,2,0,0,0,12,1,50,5,https://www.sports-reference.com/cfb/players/eric-frampton-1.html,0,Eric Frampton,DB,1.0,Washington State,2026-04-01T16:51:38.153Z,55,season_totals,4.0
8,,SR,49,Big 12,2010,1,0,0,0,14,0,37,5,https://www.sports-reference.com/cfb/players/eric-hagg-1.html,0,Eric Hagg,DB,1.0,Nebraska,2026-04-01T16:51:52.241Z,41,season_totals,3.0
48,,SR,149,Pac-12,2014,1,1,0,0,13,1,58,3,https://www.sports-reference.com/cfb/players/eric-kendricks-1.html,2,Eric Kendricks,LB,4.0,UCLA,2026-04-01T16:52:06.302Z,101,season_totals,11.5
19,,SR,66,Big Ten,2015,3,1,0,0,13,0,5,1,https://www.sports-reference.com/cfb/players/eric-murray-1.html,7,Eric Murray,DB,1.0,Minnesota,2026-04-01T16:52:27.299Z,47,season_totals,4.0
23,,SR,81,SEC,2009,1,0,0,0,13,1,36,2,https://www.sports-reference.com/cfb/players/eric-norwood-1.html,0,Eric Norwood,DL,7.0,South Carolina,2026-04-01T16:52:34.282Z,58,season_totals,11.5
49,,JR,91,SEC,2012,0,0,0,0,13,0,29,2,https://www.sports-reference.com/cfb/players/eric-reid-1.html,0,Eric Reid,DB,0.0,LSU,2026-04-01T16:52:41.245Z,42,season_totals,1.0
17,,SR,59,Pac-12,2014,0,1,0,6,12,1,11,1,https://www.sports-reference.com/cfb/players/eric-rowe-1.html,13,Eric Rowe,DB,0.0,Utah,2026-04-01T16:52:48.325Z,42,season_totals,3.0
2,,JR,5,SEC,2010,0,0,0,0,14,0,0,0,https://www.sports-reference.com/cfb/players/eric-smith-1.html,0,Eric Smith,RB,0.0,Auburn,2026-04-01T16:52:55.349Z,3,season_totals,0.0
24,AA,SR,65,MWC,2006,0,0,1,35,13,2,80,7,https://www.sports-reference.com/cfb/players/eric-weddle-1.html,0,Eric Weddle,DB,1.0,Utah,2026-04-01T16:53:09.497Z,41,season_totals,2.5
12,,JR,29,MWC,2006,1,0,0,0,9,0,32,1,https://www.sports-reference.com/cfb/players/eric-wright-1.html,0,Eric Wright,DB,0.0,Nevada-Las Vegas,2026-04-01T16:53:23.553Z,17,season_totals,0.5
5,,SR,13,Pac-10,2009,1,0,0,0,5,0,0,0,https://www.sports-reference.com/cfb/players/erik-lorig-1.html,1,Erik Lorig,TE/DL,1.0,Stanford,2026-04-01T16:53:37.709Z,8,season_totals,3.5
51,,SR,91,ACC,2007,0,0,0,0,12,0,0,0,https://www.sports-reference.com/cfb/players/ernest-jones-1.html,3,Ernest Jones,LB,1.0,North Carolina State,2026-04-01T16:53:46.022Z,40,season_totals,6.0
50,,JR,72,ACC,2005,0,0,0,0,13,0,3,2,https://www.sports-reference.com/cfb/players/ernie-sims-1.html,0,Ernie Sims,LB,2.5,Florida State,2026-04-01T16:53:51.616Z,22,season_totals,10.0
6,,SR,30,Big Ten,2021,0,0,0,0,13,0,0,0,https://www.sports-reference.com/cfb/players/esezi-otomewo-1.html,0,Esezi Otomewo,DL,3.0,Minnesota,2026-04-01T16:53:58.731Z,24,season_totals,4.5
5,,SR,10,Ind,2007,0,0,0,0,8,0,0,0,https://www.sports-reference.com/cfb/players/evan-williams-1.html,0,Evan Williams,DL,1.0,Army,2026-04-01T16:54:19.710Z,5,season_totals,1.5
6,,JR,36,ACC,2008,4,1,0,5,13,0,0,0,https://www.sports-reference.com/cfb/players/everette-brown-1.html,2,Everette Brown,DL,13.5,Florida State,2026-04-01T16:54:26.848Z,30,season_totals,21.5
23,,JR,45,Pac-10,2009,1,1,0,9,12,0,0,0,https://www.sports-reference.com/cfb/players/everson-griffen-1.html,1,Everson Griffen,DL,8.0,USC,2026-04-01T16:54:33.739Z,22,season_totals,9.5
7,,SR,31,Pac-12,2016,1,0,0,0,12,0,32,2,https://www.sports-reference.com/cfb/players/fabian-moreau-1.html,10,Fabian Moreau,DB/CB,0.0,UCLA,2026-04-01T16:54:46.435Z,24,season_totals,1.0
15,,JR,46,Big 12,2022,2,0,0,0,14,0,0,0,https://www.sports-reference.com/cfb/players/felix-anudike-uzomah-1.html,1,Felix Anudike-Uzomah,DE,8.5,Kansas State,2026-04-01T16:55:00.399Z,31,season_totals,11.0
14,,SR,30,Pac-10,2008,0,0,0,0,13,0,0,0,https://www.sports-reference.com/cfb/players/fili-moala-1.html,1,Fili Moala,DL,4.5,USC,2026-04-01T16:55:07.443Z,16,season_totals,10.0
30,,JR,56,SEC,2011,1,1,0,52,12,0,0,0,https://www.sports-reference.com/cfb/players/fletcher-cox-1.html,0,Fletcher Cox,DL,5.0,Mississippi State,2026-04-01T16:55:14.530Z,26,season_totals,14.5
19,,SR,54,Big 12,2011,3,0,0,0,13,0,27,1,https://www.sports-reference.com/cfb/players/frank-alexander-1.html,0,Frank Alexander,DL,8.5,Oklahoma,2026-04-01T16:55:21.662Z,35,season_totals,19.0
13,,SR,42,Big Ten,2014,0,1,0,0,10,0,0,0,https://www.sports-reference.com/cfb/players/frank-clark-1.html,2,Frank Clark,LB/DE,4.5,Michigan,2026-04-01T16:55:28.528Z,29,season_totals,13.5
19,,SR,36,Big 12,2007,1,1,0,7,13,0,0,0,https://www.sports-reference.com/cfb/players/frank-okam-1.html,4,Frank Okam,DL,5.0,Texas,2026-04-01T16:55:35.565Z,17,season_totals,8.0
11,,SR,37,SEC,2006,0,0,0,0,13,0,28,2,https://www.sports-reference.com/cfb/players/fred-bennett-1.html,0,Fred Bennett,DB,0.0,South Carolina,2026-04-01T16:55:42.646Z,26,season_totals,1.0
39,,SR,87,Ind,2017,1,1,0,0,13,0,26,1,https://www.sports-reference.com/cfb/players/fred-warner-1.html,5,Fred Warner,LB,1.0,BYU,2026-04-01T16:55:56.658Z,48,season_totals,9.0
45,,SR,113,MWC,2005,0,0,0,0,11,0,15,1,https://www.sports-reference.com/cfb/players/freddy-keiaho-1.html,0,Freddy Keiaho,RB/LB,1.0,San Diego State,2026-04-01T16:56:03.736Z,68,season_totals,11.5
21,,SR,58,Pac-10,2005,2,0,0,0,13,0,2,1,https://www.sports-reference.com/cfb/players/frostee-rucker-1.html,0,Frostee Rucker,DL,6.5,USC,2026-04-01T16:56:10.655Z,37,season_totals,13.0
14,,SR,24,SEC,2014,0,0,0,0,13,0,0,0,https://www.sports-reference.com/cfb/players/gabe-wright-1.html,0,Gabe Wright,DL,1.0,Auburn,2026-04-01T16:56:23.271Z,10,season_totals,4.5
18,AA,SR,51,ACC,2006,2,3,1,85,13,0,0,0,https://www.sports-reference.com/cfb/players/gaines-adams-1.html,6,Gaines Adams,DL,12.5,Clemson,2026-04-01T16:56:30.357Z,33,season_totals,16.5
5,,JR,26,Big Ten,2016,0,0,0,0,13,0,0,4,https://www.sports-reference.com/cfb/players/gareon-conley-1.html,8,Gareon Conley,CB,0.0,Ohio State,2026-04-01T16:56:37.335Z,21,season_totals,0.0
40,,SR,90,Big 12,2020,3,0,0,0,10,0,0,0,https://www.sports-reference.com/cfb/players/garret-wallow-1.html,1,Garret Wallow,S/LB,3.0,Texas Christian,2026-04-01T16:56:44.515Z,50,season_totals,9.0
0,,JR,0,ACC,2018,0,0,0,0,14,0,0,0,https://www.sports-reference.com/cfb/players/garrett-williams-1.html,0,Garrett Williams,TE,0.0,Clemson,2026-04-01T16:56:51.434Z,0,season_totals,0.0
28,,SR,80,American,2017,2,1,0,0,13,0,0,0,https://www.sports-reference.com/cfb/players/genard-avery-1.html,2,Genard Avery,LB,8.5,Memphis,2026-04-01T16:57:05.557Z,52,season_totals,22.0
12,,SR,39,Big 12,2014,2,1,0,0,10,1,38,1,https://www.sports-reference.com/cfb/players/geneo-grissom-1.html,4,Geneo Grissom,DL/TE/DE,3.5,Oklahoma,2026-04-01T16:57:12.479Z,27,season_totals,6.5
14,,SR,36,SEC,2009,1,0,0,0,13,0,0,0,https://www.sports-reference.com/cfb/players/geno-atkins-1.html,0,Geno Atkins,DL,3.0,Georgia,2026-04-01T16:57:19.424Z,22,season_totals,10.5
29,,JR,80,ACC,2007,2,0,0,0,13,1,38,1,https://www.sports-reference.com/cfb/players/geno-hayes-1.html,0,Geno Hayes,LB,5.0,Florida State,2026-04-01T16:57:26.462Z,51,season_totals,17.5
24,,JR,70,Big Ten,2019,3,1,0,0,13,0,0,1,https://www.sports-reference.com/cfb/players/geno-stone-1.html,4,Geno Stone,DB,1.0,Iowa,2026-04-01T16:57:33.514Z,46,season_totals,3.0
16,,SR,58,MWC,2011,1,0,0,0,13,0,0,0,https://www.sports-reference.com/cfb/players/george-iloka-1.html,1,George Iloka,DB,0.0,Boise State,2026-04-01T16:57:40.584Z,42,season_totals,3.0
10,,JR,41,Big Ten,2021,3,2,1,0,12,0,0,0,https://www.sports-reference.com/cfb/players/george-karlaftis-1.html,2,George Karlaftis,DE,5.0,Purdue,2026-04-01T16:57:47.561Z,31,season_totals,11.5
22,,SR,41,Big East,2009,1,0,0,0,13,0,0,0,https://www.sports-reference.com/cfb/players/george-selvie-1.html,2,George Selvie,DL,3.0,South Florida,2026-04-01T16:57:54.745Z,19,season_totals,9.0
11,,SR,38,WAC,2006,1,0,0,0,13,0,25,2,https://www.sports-reference.com/cfb/players/gerald-alexander-1.html,0,Gerald Alexander,DB,0.0,Boise State,2026-04-01T16:58:01.581Z,27,season_totals,1.0
64,,SR,109,Big Ten,2012,1,0,0,0,12,0,0,2,https://www.sports-reference.com/cfb/players/gerald-hodges-1.html,0,Gerald Hodges,DB,1.0,Penn State,2026-04-01T16:58:15.639Z,45,season_totals,8.5
9,AA,JR,34,Big 12,2009,1,0,0,0,13,0,0,0,https://www.sports-reference.com/cfb/players/gerald-mccoy-1.html,2,Gerald McCoy,DL,6.0,Oklahoma,2026-04-01T16:58:22.664Z,25,season_totals,15.5
59,,JR,137,CUSA,2008,2,0,0,0,13,0,0,0,https://www.sports-reference.com/cfb/players/gerald-mcrath-1.html,2,Gerald McRath,LB,1.5,Southern Mississippi,2026-04-01T16:58:29.780Z,78,season_totals,9.5
49,,SR,104,ACC,2018,2,1,0,0,11,0,0,0,https://www.sports-reference.com/cfb/players/germaine-pratt-1.html,3,Germaine Pratt,S/LB,6.0,North Carolina State,2026-04-01T16:58:49.120Z,55,season_totals,10.5
41,,SR,85,ACC,2005,0,0,0,0,12,0,40,2,https://www.sports-reference.com/cfb/players/gerris-wilkinson-1.html,0,Gerris Wilkinson,LB,4.0,Georgia Tech,2026-04-01T16:59:06.750Z,44,season_totals,9.0
20,,SR,74,American,2022,2,1,0,0,12,0,24,1,https://www.sports-reference.com/cfb/players/gervarrius-owens-1.html,8,Gervarrius Owens,S/DB,0.0,Houston,2026-04-01T16:59:08.291Z,54,season_totals,1.0
32,,JR,55,SEC,2022,0,0,0,0,13,0,0,1,https://www.sports-reference.com/cfb/players/gervon-dexter-1.html,1,Gervon Dexter,DL,2.0,Florida,2026-04-01T16:59:15.343Z,23,season_totals,4.0
35,"H-9,Nagurski,AA",SR,69,SEC,2007,1,0,0,0,14,0,0,0,https://www.sports-reference.com/cfb/players/glenn-dorsey-1.html,3,Glenn Dorsey,DL,7.0,LSU,2026-04-01T16:59:36.541Z,34,season_totals,12.5
20,,SR,53,MWC,2008,0,0,0,0,12,0,95,5,https://www.sports-reference.com/cfb/players/glover-quin-1.html,0,Glover Quin,DB,0.0,New Mexico,2026-04-01T16:59:50.541Z,33,season_totals,4.5
19,,SR,45,ACC,2014,2,1,0,0,13,0,0,0,https://www.sports-reference.com/cfb/players/grady-jarrett-1.html,0,Grady Jarrett,DL/DT,1.5,Clemson,2026-04-01T17:00:00.878Z,26,season_totals,10.0
27,AA,JR,65,SEC,2019,1,1,0,0,14,0,0,2,https://www.sports-reference.com/cfb/players/grant-delpit-1.html,7,Grant Delpit,S,2.0,LSU,2026-04-01T17:00:04.533Z,38,season_totals,4.5
10,AA,SO,33,SEC,2018,0,0,0,0,12,0,20,2,https://www.sports-reference.com/cfb/players/greedy-williams-1.html,9,Greedy Williams,CB,0.0,LSU,2026-04-01T17:00:11.542Z,23,season_totals,0.0
26,AA,SR,96,SEC,2005,1,0,0,0,13,0,0,2,https://www.sports-reference.com/cfb/players/greg-blue-1.html,0,Greg Blue,DB,0.0,Georgia,2026-04-01T17:00:18.631Z,70,season_totals,3.5
20,,SR,35,Sun Belt,2009,0,0,0,0,11,0,0,0,https://www.sports-reference.com/cfb/players/greg-hardy-1.html,0,Greg Hardy,LB,0.0,Arkansas State,2026-04-01T17:00:39.693Z,15,season_totals,0.0
6,,SR,20,ACC,2017,0,0,0,0,13,1,47,4,https://www.sports-reference.com/cfb/players/greg-stroman-1.html,11,Greg Stroman,CB/WR/DB,0.0,Virginia Tech,2026-04-01T17:00:59.492Z,14,season_totals,0.0
61,,SR,147,Big East,2006,1,0,0,0,12,0,4,2,https://www.sports-reference.com/cfb/players/hb-blades-1.html,0,H.B. Blades,LB,1.0,Pitt,2026-04-01T17:01:13.328Z,86,season_totals,10.5
20,AA,JR,50,SEC,2013,0,0,0,0,11,0,24,2,https://www.sports-reference.com/cfb/players/ha-ha-clinton-dix-1.html,4,Ha Ha Clinton-Dix,DB,0.0,Alabama,2026-04-01T17:01:20.434Z,30,season_totals,3.5
22,,SR,65,American,2016,3,1,0,0,14,0,5,1,https://www.sports-reference.com/cfb/players/haason-reddick-1.html,3,Haason Reddick,LB/DL,10.5,Temple,2026-04-01T17:01:27.362Z,43,season_totals,22.5
29,AA,JR,61,Pac-10,2005,1,0,0,0,12,0,0,0,https://www.sports-reference.com/cfb/players/haloti-ngata-1.html,0,Haloti Ngata,DL,3.0,Oregon,2026-04-01T17:01:41.561Z,32,season_totals,9.0
8,,SR,13,ACC,2020,0,0,0,0,2,0,25,1,https://www.sports-reference.com/cfb/players/hamsah-nasirildeen-1.html,1,Hamsah Nasirildeen,DB,0.0,Florida State,2026-04-01T17:01:48.398Z,5,season_totals,1.5
15,,SR,38,ACC,2017,0,0,0,0,9,0,0,0,https://www.sports-reference.com/cfb/players/harold-landry-1.html,2,Harold Landry,DL/DE,5.0,Boston College,2026-04-01T17:02:21.992Z,23,season_totals,8.5
66,,SR,103,Pac-12,2017,2,2,0,0,14,0,0,0,https://www.sports-reference.com/cfb/players/harrison-phillips-1.html,0,Harrison Phillips,DE/DT,7.5,Stanford,2026-04-01T17:02:34.544Z,37,season_totals,17.0
22,,SR,72,Pac-10,2005,0,0,0,0,12,0,39,2,https://www.sports-reference.com/cfb/players/harrison-smith-1.html,0,Harrison Smith,DB,1.0,California,2026-04-01T17:02:41.663Z,50,season_totals,3.0
12,,JR,36,Big 12,2015,0,2,1,26,11,0,0,0,https://www.sports-reference.com/cfb/players/hassan-ridgeway-1.html,0,Hassan Ridgeway,DT,3.5,Texas,2026-04-01T17:02:48.679Z,24,season_totals,6.5
42,,SR,95,Pac-12,2014,0,1,0,1,13,0,19,1,https://www.sports-reference.com/cfb/players/hayes-pullard-1.html,8,Hayes Pullard,LB,0.0,USC,2026-04-01T17:03:01.790Z,53,season_totals,5.5
26,,,66,Pac-12,2014,0,0,0,0,13,0,0,0,https://www.sports-reference.com/cfb/players/henry-anderson-1.html,2,Henry Anderson,DL/DE,8.5,Stanford,2026-04-01T17:03:08.751Z,40,season_totals,15.0
49,,SR,94,SEC,2022,0,0,0,0,13,0,0,0,https://www.sports-reference.com/cfb/players/henry-tootoo-1.html,0,Henry To'oto'o,LB,2.5,Alabama,2026-04-01T17:03:15.865Z,45,season_totals,8.0
26,,,47,CUSA,2013,0,0,0,0,12,0,22,2,https://www.sports-reference.com/cfb/players/ik-enemkpali-1.html,1,Ik Enemkpali,DL,5.5,Louisiana Tech,2026-04-01T17:03:22.815Z,21,season_totals,11.0
15,,SR,54,Big Ten,2014,4,1,0,0,8,0,79,3,https://www.sports-reference.com/cfb/players/ibraheim-campbell-1.html,3,Ibraheim Campbell,DB/S,0.0,Northwestern,2026-04-01T17:03:36.749Z,39,season_totals,1.0
6,,JR,22,Big Ten,2016,2,0,0,0,13,0,0,0,https://www.sports-reference.com/cfb/players/ifeadi-odenigbo-1.html,0,Ifeadi Odenigbo,DL/QB,10.0,Northwestern,2026-04-01T17:03:50.827Z,16,season_totals,12.0
13,,JR,55,ACC,2020,0,0,0,0,11,0,0,1,https://www.sports-reference.com/cfb/players/ifeatu-melifonwu-1.html,9,Ifeatu Melifonwu,DB,1.0,Syracuse,2026-04-01T17:03:57.837Z,42,season_totals,3.0
18,,SR,39,WAC,2006,1,0,0,0,13,0,0,0,https://www.sports-reference.com/cfb/players/ikaika-alama-francis-1.html,2,Ikaika Alama-Francis,DL,4.0,Hawaii,2026-04-01T17:04:11.367Z,21,season_totals,10.0
27,,SR,56,Ind,2016,0,0,0,0,12,0,0,0,https://www.sports-reference.com/cfb/players/isaac-rochell-1.html,1,Isaac Rochell,DL,1.0,Notre Dame,2026-04-01T17:04:18.251Z,29,season_totals,7.0
17,,SR,53,ACC,2017,0,0,0,0,13,0,30,2,https://www.sports-reference.com/cfb/players/isaac-yiadom-1.html,7,Isaac Yiadom,DB,0.0,Boston College,2026-04-01T17:04:30.775Z,36,season_totals,1.0
27,,SR,51,SEC,2018,2,1,0,0,15,0,0,0,https://www.sports-reference.com/cfb/players/isaiah-buggs-1.html,3,Isaiah Buggs,DL,9.5,Alabama,2026-04-01T17:04:37.759Z,24,season_totals,13.5
22,,JR,45,Ind,2022,1,1,0,0,12,0,0,0,https://www.sports-reference.com/cfb/players/isaiah-foskey-1.html,0,Isaiah Foskey,DL,11.0,Notre Dame,2026-04-01T17:04:44.987Z,23,season_totals,14.0
21,,SR,72,ACC,2014,2,2,0,7,13,0,19,1,https://www.sports-reference.com/cfb/players/isaiah-johnson-1.html,5,Isaiah Johnson,DB/S,0.0,Georgia Tech,2026-04-01T17:04:51.978Z,51,season_totals,3.0
15,,SR,39,SEC,2022,1,0,0,0,12,0,0,0,https://www.sports-reference.com/cfb/players/isaiah-mcguire-1.html,0,Isaiah McGuire,DL,7.5,Missouri,2026-04-01T17:04:58.852Z,24,season_totals,13.0
7,,JR,26,Pac-12,2017,0,0,0,0,10,0,41,2,https://www.sports-reference.com/cfb/players/isaiah-oliver-1.html,13,Isaiah Oliver,WR/DB,0.0,Colorado,2026-04-01T17:05:06.087Z,19,season_totals,0.0
36,AA,JR,103,ACC,2019,1,1,0,0,15,0,42,3,https://www.sports-reference.com/cfb/players/isaiah-simmons-1.html,7,Isaiah Simmons,S/LB,7.0,Clemson,2026-04-01T17:05:13.059Z,67,season_totals,16.0
20,,SR,38,Big 12,2021,3,1,0,0,12,0,0,0,https://www.sports-reference.com/cfb/players/isaiah-thomas-1.html,4,Isaiah Thomas,DE/DL,8.0,Oklahoma,2026-04-01T17:05:19.944Z,18,season_totals,11.5
4,,SR,13,Big Ten,2020,0,0,0,0,6,0,0,0,https://www.sports-reference.com/cfb/players/isaiahh-loudermilk-1.html,0,Isaiahh Loudermilk,DE,2.0,Wisconsin,2026-04-01T17:05:27.002Z,9,season_totals,2.5
4,,JR,10,SEC,2020,0,0,0,0,6,0,56,2,https://www.sports-reference.com/cfb/players/israel-mukuamu-1.html,0,Israel Mukuamu,DB,0.0,South Carolina,2026-04-01T17:05:34.129Z,6,season_totals,0.0
20,,JR,62,Big Ten,2010,3,0,0,0,13,0,15,1,https://www.sports-reference.com/cfb/players/jj-watt-1.html,0,J.J. Watt,TE/DL,7.0,Wisconsin,2026-04-01T17:05:41.066Z,42,season_totals,21.0
9,,SR,20,ACC,2011,1,0,0,0,9,0,0,0,https://www.sports-reference.com/cfb/players/jr-sweezy-1.html,0,Jr Sweezy,DL,2.0,North Carolina State,2026-04-01T17:05:53.777Z,11,season_totals,4.0
37,,SR,73,Big East,2010,2,1,0,12,13,0,0,0,https://www.sports-reference.com/cfb/players/jt-thomas-1.html,4,J.T. Thomas,LB,2.5,West Virginia,2026-04-01T17:06:00.794Z,36,season_totals,7.0
35,,SR,76,Ind,2023,1,0,0,0,12,0,0,0,https://www.sports-reference.com/cfb/players/jd-bertrand-1.html,5,JD Bertrand,LB,2.5,Notre Dame,2026-04-01T17:06:07.823Z,41,season_totals,7.5
24,,SR,42,SEC,2024,0,1,0,0,13,0,0,0,https://www.sports-reference.com/cfb/players/jj-pegues-1.html,1,J.J. Pegues,TE/DT,3.5,Ole Miss,2026-04-01T17:06:14.923Z,18,season_totals,13.5
29,,SR,65,MWC,2022,0,0,0,0,12,0,30,4,https://www.sports-reference.com/cfb/players/jl-skinner-1.html,5,JL Skinner,S,0.0,Boise State,2026-04-01T17:06:21.808Z,36,season_totals,0.5
26,,SR,61,Big Ten,2024,2,0,0,0,16,0,0,0,https://www.sports-reference.com/cfb/players/jt-tuimoloau-1.html,3,J.T. Tuimoloau,DE/DL,12.5,Ohio State,2026-04-01T17:06:28.768Z,35,season_totals,21.5
13,,SR,57,Big 12,2021,0,1,1,97,14,1,109,6,https://www.sports-reference.com/cfb/players/jt-woods-1.html,2,J.T. Woods,S,0.0,Baylor,2026-04-01T17:06:35.976Z,44,season_totals,4.5
3,,SR,6,CUSA,2008,0,0,0,0,13,0,1,1,https://www.sports-reference.com/cfb/players/jacorey-shepherd-1.html,0,Ja'Corey Shepherd,DB,0.0,Rice,2026-04-01T17:06:42.971Z,3,season_totals,0.0
18,,SR,52,Big East,2010,4,1,0,6,12,0,0,0,https://www.sports-reference.com/cfb/players/jabaal-sheard-1.html,4,Jabaal Sheard,DL,9.0,Pitt,2026-04-01T17:06:49.893Z,34,season_totals,14.5
18,,SR,80,ACC,2013,1,1,0,0,13,0,0,0,https://www.sports-reference.com/cfb/players/jabari-price-1.html,9,Jabari Price,DB/CB,0.0,North Carolina,2026-04-01T17:06:56.844Z,62,season_totals,4.5
7,,SR,14,SEC,2019,0,0,0,0,6,0,0,0,https://www.sports-reference.com/cfb/players/jabari-zuniga-1.html,0,Jabari Zuniga,DL,3.0,Florida,2026-04-01T17:07:03.962Z,7,season_totals,7.0
19,,SR,58,SEC,2020,0,1,0,0,10,1,64,3,https://www.sports-reference.com/cfb/players/jabril-cox-1.html,5,Jabril Cox,LB,1.0,LSU,2026-04-01T17:07:10.911Z,39,season_totals,6.5
25,"H-5,AA",JR,72,Big Ten,2016,1,0,0,0,12,0,11,1,https://www.sports-reference.com/cfb/players/jabrill-peppers-1.html,0,Jabrill Peppers,DB/S/LB,4.0,Michigan,2026-04-01T17:07:17.916Z,47,season_totals,16.0
18,,JR,45,SEC,2018,6,0,0,0,13,0,0,0,https://www.sports-reference.com/cfb/players/jachai-polite-1.html,4,Jachai Polite,DL,11.0,Florida,2026-04-01T17:07:25.055Z,27,season_totals,17.5
68,AA,SR,128,Big Ten,2022,1,1,0,0,13,0,30,2,https://www.sports-reference.com/cfb/players/jack-campbell-1.html,1,Jack Campbell,LB,1.0,Iowa,2026-04-01T17:07:31.983Z,60,season_totals,5.5
15,,JR,60,Big Ten,2016,2,0,0,0,7,0,0,0,https://www.sports-reference.com/cfb/players/jack-cichy-1.html,2,Jack Cichy,LB,1.5,Wisconsin,2026-04-01T17:07:38.998Z,45,season_totals,7.0
22,,SR,40,Big Ten,2011,0,0,0,0,13,0,0,0,https://www.sports-reference.com/cfb/players/jack-crawford-1.html,6,Jack Crawford,DL,6.5,Penn State,2026-04-01T17:07:46.008Z,18,season_totals,7.5
35,,SR,90,Ind,2024,2,2,0,0,16,0,0,0,https://www.sports-reference.com/cfb/players/jack-kiser-1.html,1,Jack Kiser,LB,2.0,Notre Dame,2026-04-01T17:08:00.079Z,55,season_totals,5.0
10,,JR,50,Big 12,2024,0,0,0,0,12,0,0,1,https://www.sports-reference.com/cfb/players/jacob-parrish-1.html,7,Jacob Parrish,CB,0.0,Kansas State,2026-04-01T17:08:19.706Z,40,season_totals,2.5
57,,JR,113,SEC,2019,1,0,0,0,15,0,0,0,https://www.sports-reference.com/cfb/players/jacob-phillips-1.html,1,Jacob Phillips,LB,1.0,LSU,2026-04-01T17:08:26.868Z,56,season_totals,7.5
30,,SR,63,SEC,2020,1,3,0,0,10,0,0,0,https://www.sports-reference.com/cfb/players/jacoby-stevens-1.html,4,JaCoby Stevens,WR/S,3.0,LSU,2026-04-01T17:08:33.758Z,33,season_totals,6.0
25,,SR,35,SEC,2023,0,0,0,0,12,0,0,0,https://www.sports-reference.com/cfb/players/jaden-crumedy-1.html,2,Jaden Crumedy,DT,2.5,Mississippi State,2026-04-01T17:08:40.729Z,10,season_totals,3.5
30,,SO,79,Pac-12,2023,1,0,0,0,12,1,37,2,https://www.sports-reference.com/cfb/players/jaden-hicks-1.html,4,Jaden Hicks,DB,2.5,Washington State,2026-04-01T17:08:47.838Z,49,season_totals,6.0
11,,JR,39,SEC,2013,1,0,0,0,11,0,0,0,https://www.sports-reference.com/cfb/players/jadeveon-clowney-1.html,4,Jadeveon Clowney,DL/DE,3.0,South Carolina,2026-04-01T17:08:54.830Z,28,season_totals,11.5
24,,JR,45,ACC,2020,0,0,0,0,10,0,0,1,https://www.sports-reference.com/cfb/players/jaelan-phillips-1.html,3,Jaelan Phillips,DL,8.0,Miami (FL),2026-04-01T17:09:02.401Z,21,season_totals,15.5
21,AA,SR,67,SEC,2024,0,1,0,2,16,0,82,5,https://www.sports-reference.com/cfb/players/jahdae-barron-1.html,11,Jahdae Barron,DB,1.0,Texas,2026-04-01T17:09:08.965Z,46,season_totals,2.5
40,,SR,82,MWC,2018,1,0,0,0,8,0,0,0,https://www.sports-reference.com/cfb/players/jahlani-tavai-1.html,2,Jahlani Tavai,LB,2.0,Hawaii,2026-04-01T17:09:15.940Z,42,season_totals,5.5
33,,SR,74,MAC,2010,1,0,0,0,12,0,30,2,https://www.sports-reference.com/cfb/players/jaiquawn-jarrett-1.html,0,Jaiquawn Jarrett,DB,0.0,Temple,2026-04-01T17:09:23.160Z,41,season_totals,2.0
6,,JR,19,ACC,2017,0,0,0,0,6,0,0,1,https://www.sports-reference.com/cfb/players/jaire-alexander-1.html,4,Jaire Alexander,CB,0.0,Louisville,2026-04-01T17:09:29.936Z,13,season_totals,1.0
23,,JR,83,Pac-10,2008,1,0,0,0,13,0,52,5,https://www.sports-reference.com/cfb/players/jairus-byrd-1.html,0,Jairus Byrd,DB,0.0,Oregon,2026-04-01T17:09:37.003Z,60,season_totals,1.5
45,,SR,112,Big Ten,2014,2,0,0,0,12,0,2,1,https://www.sports-reference.com/cfb/players/jake-ryan-1.html,3,Jake Ryan,LB,2.0,Michigan,2026-04-01T17:09:44.135Z,67,season_totals,14.0
13,,SR,39,Big Ten,2022,0,0,0,0,12,0,0,2,https://www.sports-reference.com/cfb/players/jakorian-bennett-1.html,11,Jakorian Bennett,DB,0.0,Maryland,2026-04-01T17:09:51.077Z,26,season_totals,1.5
26,,SR,55,Big Ten,2016,0,0,0,0,13,0,0,0,https://www.sports-reference.com/cfb/players/jaleel-johnson-1.html,2,Jaleel Johnson,DL,7.5,Iowa,2026-04-01T17:09:58.074Z,29,season_totals,10.0
16,AA,JR,32,SEC,2022,2,0,0,0,13,0,0,0,https://www.sports-reference.com/cfb/players/jalen-carter-1.html,3,Jalen Carter,DL,3.0,Georgia,2026-04-01T17:10:07.658Z,16,season_totals,7.0
0,,JR,0,SEC,2014,0,0,0,0,13,0,0,0,https://www.sports-reference.com/cfb/players/jalen-collins-1.html,0,Jalen Collins,DB/CB,0.0,LSU,2026-04-01T17:10:12.244Z,0,season_totals,0.0
15,,SR,52,Big Ten,2022,1,0,0,0,9,0,29,1,https://www.sports-reference.com/cfb/players/jalen-graham-1.html,5,Jalen Graham,S/LB,1.0,Purdue,2026-04-01T17:10:19.225Z,37,season_totals,5.0
5,,SR,30,SEC,2015,0,0,0,0,7,0,0,0,https://www.sports-reference.com/cfb/players/jalen-mills-1.html,3,Jalen Mills,DB/CB/S,1.0,LSU,2026-04-01T17:10:26.357Z,25,season_totals,1.0
12,,SR,41,Big Ten,2016,0,0,0,0,13,0,0,1,https://www.sports-reference.com/cfb/players/jalen-myrick-1.html,11,Jalen Myrick,DB,0.0,Minnesota,2026-04-01T17:10:33.446Z,29,season_totals,3.5
19,AA,SR,75,Big 12,2021,3,3,0,10,14,0,20,2,https://www.sports-reference.com/cfb/players/jalen-pitre-1.html,7,Jalen Pitre,LB/S,3.5,Baylor,2026-04-01T17:10:40.229Z,56,season_totals,17.0
15,AA,JR,52,ACC,2015,0,1,1,36,13,0,0,0,https://www.sports-reference.com/cfb/players/jalen-ramsey-1.html,10,Jalen Ramsey,DB,1.0,Florida State,2026-04-01T17:10:47.494Z,37,season_totals,3.5
8,,SR,20,SEC,2016,0,0,0,0,4,0,0,0,https://www.sports-reference.com/cfb/players/jalen-reeves-maybin-1.html,0,Jalen Reeves-Maybin,DB/LB,0.0,Tennessee,2026-04-01T17:10:54.309Z,12,season_totals,2.0
7,,SR,43,Big 12,2010,0,0,0,0,12,0,0,3,https://www.sports-reference.com/cfb/players/jalil-brown-1.html,0,Jalil Brown,DB,0.0,Colorado,2026-04-01T17:11:01.715Z,36,season_totals,1.0
23,,JR,60,SEC,2024,0,2,0,0,14,0,0,0,https://www.sports-reference.com/cfb/players/jalon-walker-1.html,2,Jalon Walker,LB,6.5,Georgia,2026-04-01T17:11:07.599Z,37,season_totals,10.5
10,,JR,32,SEC,2021,0,0,0,0,11,0,51,3,https://www.sports-reference.com/cfb/players/jalyn-armour-davis-1.html,4,Jalyn Armour-Davis,DB,0.0,Alabama,2026-04-01T17:11:13.933Z,22,season_totals,1.0
12,,SR,29,Big Ten,2017,1,0,0,0,14,0,0,0,https://www.sports-reference.com/cfb/players/jalyn-holmes-1.html,3,Jalyn Holmes,DL/DE,2.0,Ohio State,2026-04-01T17:11:21.042Z,17,season_totals,3.0
14,,JR,46,SEC,2006,1,0,0,0,14,0,0,0,https://www.sports-reference.com/cfb/players/jamaal-anderson-1.html,4,Jamaal Anderson,DL,13.5,Arkansas,2026-04-01T17:11:27.969Z,32,season_totals,20.0
34,,JR,76,SEC,2016,1,1,0,4,12,0,0,1,https://www.sports-reference.com/cfb/players/jamal-adams-1.html,4,Jamal Adams,S,1.0,LSU,2026-04-01T17:11:41.373Z,42,season_totals,7.5
51,,SR,90,SEC,2009,2,0,0,0,12,0,19,2,https://www.sports-reference.com/cfb/players/jamar-chaney-1.html,0,Jamar Chaney,LB,2.0,Mississippi State,2026-04-01T17:11:55.334Z,39,season_totals,4.5
10,,JR,43,Big Ten,2020,1,0,0,0,8,0,94,4,https://www.sports-reference.com/cfb/players/jamar-johnson-1.html,4,Jamar Johnson,DB,1.0,Indiana,2026-04-01T17:12:08.557Z,33,season_totals,3.5
0,,JR,0,Big East,2009,0,0,0,0,4,0,0,0,https://www.sports-reference.com/cfb/players/jamar-taylor-1.html,0,Jamar Taylor,RB,0.0,South Florida,2026-04-01T17:12:14.746Z,0,season_totals,0.0
9,,SR,58,Big 12,2009,2,0,0,0,13,0,15,2,https://www.sports-reference.com/cfb/players/jamar-wall-1.html,0,Jamar Wall,DB,0.0,Texas Tech,2026-04-01T17:12:20.931Z,49,season_totals,2.0
22,,SR,70,Pac-10,2005,2,0,0,0,11,0,22,3,https://www.sports-reference.com/cfb/players/jamar-williams-1.html,0,Jamar Williams,LB,2.0,Arizona State,2026-04-01T17:12:28.093Z,48,season_totals,4.0
26,,SR,82,SEC,2008,2,0,0,0,13,0,0,0,https://www.sports-reference.com/cfb/players/jamarca-sanford-1.html,0,Jamarca Sanford,DB,0.5,Ole Miss,2026-04-01T17:12:34.988Z,56,season_totals,4.0
13,,SR,29,Big Ten,2024,1,0,0,0,14,0,0,0,https://www.sports-reference.com/cfb/players/jamaree-caldwell-1.html,3,Jamaree Caldwell,DL,0.0,Oregon,2026-04-01T17:12:42.031Z,16,season_totals,4.5
9,,JR,30,SEC,2018,0,1,0,0,12,0,0,2,https://www.sports-reference.com/cfb/players/jamel-dean-1.html,9,Jamel Dean,DB,1.0,Auburn,2026-04-01T17:12:49.105Z,21,season_totals,2.0
10,,SR,60,Big 12,2011,2,0,1,56,11,0,23,2,https://www.sports-reference.com/cfb/players/jamell-fleming-1.html,0,Jamell Fleming,DB,0.0,Oklahoma,2026-04-01T17:12:55.994Z,50,season_totals,4.0
41,,SR,82,ACC,2005,1,0,0,0,13,1,39,2,https://www.sports-reference.com/cfb/players/james-anderson-1.html,0,James Anderson,LB,3.0,Virginia Tech,2026-04-01T17:13:10.005Z,41,season_totals,8.5
0,,FR,1,Sun Belt,2011,0,0,0,0,1,0,0,0,https://www.sports-reference.com/cfb/players/james-bradberry-1.html,0,James Bradberry,DB,0.0,Arkansas State,2026-04-01T17:13:23.279Z,1,season_totals,0.0
78,AA,SR,130,Big Ten,2008,1,0,0,0,13,0,0,2,https://www.sports-reference.com/cfb/players/james-laurinaitis-1.html,0,James Laurinaitis,LB,4.0,Ohio State,2026-04-01T17:13:30.302Z,52,season_totals,7.0
15,,JR,38,SEC,2024,1,1,0,0,13,0,0,0,https://www.sports-reference.com/cfb/players/james-pearce-jr-1.html,1,James Pearce Jr.,DL,7.5,Tennessee,2026-04-01T17:13:51.171Z,23,season_totals,13.0
0,,FR,1,Pac-12,2011,0,0,0,0,3,0,0,0,https://www.sports-reference.com/cfb/players/james-sample-1.html,0,James Sample,DB,0.0,Washington,2026-04-01T17:13:58.271Z,1,season_totals,0.0
11,,SR,20,ACC,2019,0,0,0,0,7,0,0,0,https://www.sports-reference.com/cfb/players/james-smith-williams-1.html,0,James Smith-Williams,DE,1.0,North Carolina State,2026-04-01T17:14:05.334Z,9,season_totals,1.0
7,,SR,32,American,2020,1,0,0,0,9,0,0,1,https://www.sports-reference.com/cfb/players/james-wiggins-1.html,6,James Wiggins,S,1.0,Cincinnati,2026-04-01T17:14:12.410Z,25,season_totals,1.0
18,,SR,58,Big East,2005,4,0,0,0,11,0,0,0,https://www.sports-reference.com/cfb/players/james-wyche-1.html,3,James Wyche,DL,4.5,Syracuse,2026-04-01T17:14:26.365Z,40,season_totals,6.5
46,,SR,100,WAC,2011,1,1,0,0,13,0,0,1,https://www.sports-reference.com/cfb/players/james-michael-johnson-1.html,3,James-Michael Johnson,LB,1.5,Nevada,2026-04-01T17:14:32.771Z,54,season_totals,5.5
26,,SR,92,CUSA,2012,4,0,0,0,12,0,0,0,https://www.sports-reference.com/cfb/players/jamie-collins-1.html,5,Jamie Collins,DB/DL,10.0,Southern Mississippi,2026-04-01T17:14:39.807Z,66,season_totals,20.0
31,,JR,75,SEC,2020,0,2,0,7,11,0,0,0,https://www.sports-reference.com/cfb/players/jamien-sherwood-1.html,3,Jamien Sherwood,DB,1.0,Auburn,2026-04-01T17:15:00.859Z,44,season_totals,3.0
52,,JR,102,SEC,2020,1,1,0,0,10,1,90,3,https://www.sports-reference.com/cfb/players/jamin-davis-1.html,2,Jamin Davis,LB,1.5,Kentucky,2026-04-01T17:15:07.880Z,50,season_totals,4.0
53,,JR,99,ACC,2022,0,1,0,0,13,0,0,1,https://www.sports-reference.com/cfb/players/jammie-robinson-1.html,5,Jammie Robinson,DB,1.0,Florida State,2026-04-01T17:15:14.919Z,46,season_totals,5.0
12,,JR,44,SEC,2010,0,0,0,0,13,1,68,3,https://www.sports-reference.com/cfb/players/janoris-jenkins-1.html,0,Janoris Jenkins,DB,1.0,Florida,2026-04-01T17:15:22.022Z,32,season_totals,5.5
26,,SR,64,Big Ten,2021,0,1,0,12,12,0,39,2,https://www.sports-reference.com/cfb/players/jaquan-brisker-1.html,5,Jaquan Brisker,S,0.0,Penn State,2026-04-01T17:15:29.033Z,38,season_totals,6.0
48,,SR,92,ACC,2018,2,0,0,0,11,0,9,2,https://www.sports-reference.com/cfb/players/jaquan-johnson-1.html,1,Jaquan Johnson,DB,0.0,Miami (FL),2026-04-01T17:15:35.999Z,44,season_totals,1.5
24,,JR,49,SEC,2022,0,1,0,0,13,0,0,0,https://www.sports-reference.com/cfb/players/jaquelin-roy-1.html,0,Jaquelin Roy,DL/DT,0.5,LSU,2026-04-01T17:15:42.909Z,25,season_totals,3.5
15,,SR,22,Big Ten,2011,0,0,0,0,5,0,0,0,https://www.sports-reference.com/cfb/players/jared-crick-1.html,1,Jared Crick,DL,1.0,Nebraska,2026-04-01T17:16:09.523Z,7,season_totals,2.5
26,,SR,43,Big Ten,2009,0,0,0,0,13,0,0,0,https://www.sports-reference.com/cfb/players/jared-odrick-1.html,1,Jared Odrick,DL,7.0,Penn State,2026-04-01T17:16:16.578Z,17,season_totals,11.0
18,,JR,41,ACC,2023,1,1,0,11,13,0,0,0,https://www.sports-reference.com/cfb/players/jared-verse-1.html,3,Jared Verse,DE/DL,9.0,Florida State,2026-04-01T17:16:23.524Z,23,season_totals,12.5
13,,SR,24,SEC,2008,0,0,0,0,13,0,0,0,https://www.sports-reference.com/cfb/players/jarius-wynn-1.html,1,Jarius Wynn,DL,3.0,Georgia,2026-04-01T17:16:30.593Z,11,season_totals,4.0
31,,SR,60,SEC,2016,0,0,0,0,9,0,0,0,https://www.sports-reference.com/cfb/players/jarrad-davis-1.html,4,Jarrad Davis,LB,2.0,Florida,2026-04-01T17:16:37.625Z,29,season_totals,6.0
19,,SR,72,Pac-10,2005,2,0,0,0,12,0,0,1,https://www.sports-reference.com/cfb/players/jarrad-page-1.html,0,Jarrad Page,DB,1.0,UCLA,2026-04-01T17:16:44.646Z,53,season_totals,7.0
40,,SR,57,SEC,2015,0,1,0,0,15,0,0,0,https://www.sports-reference.com/cfb/players/jarran-reed-1.html,2,Jarran Reed,DL,1.0,Alabama,2026-04-01T17:16:51.740Z,17,season_totals,4.5
9,,SR,25,ACC,2023,1,1,0,3,12,1,32,3,https://www.sports-reference.com/cfb/players/jarrian-jones-1.html,3,Jarrian Jones,CB/DB,1.0,Florida State,2026-04-01T17:17:04.351Z,16,season_totals,5.0
16,,SR,52,WAC,2008,2,0,0,0,12,0,0,0,https://www.sports-reference.com/cfb/players/jarron-gilbert-1.html,3,Jarron Gilbert,DL,9.5,San Jose State,2026-04-01T17:17:18.408Z,36,season_totals,22.0
14,,JR,30,ACC,2023,0,1,0,0,11,0,18,1,https://www.sports-reference.com/cfb/players/jarvis-brownlee-1.html,6,Jarvis Brownlee,DB/CB,0.0,Louisville,2026-04-01T17:17:25.425Z,16,season_totals,1.0
16,,SR,39,ACC,2010,1,0,0,0,12,0,0,0,https://www.sports-reference.com/cfb/players/jarvis-jenkins-1.html,1,Jarvis Jenkins,DL,1.0,Clemson,2026-04-01T17:17:39.500Z,23,season_totals,8.0
33,"H-10,AA",JR,85,SEC,2012,7,0,0,0,12,0,21,1,https://www.sports-reference.com/cfb/players/jarvis-jones-1.html,0,Jarvis Jones,LB,14.5,Georgia,2026-04-01T17:17:46.533Z,52,season_totals,24.5
12,,JR,56,SEC,2006,4,0,0,0,13,0,0,0,https://www.sports-reference.com/cfb/players/jarvis-moss-1.html,4,Jarvis Moss,DL,7.5,Florida,2026-04-01T17:17:53.828Z,44,season_totals,11.0
15,,SR,29,Big East,2005,1,0,0,0,12,0,0,0,https://www.sports-reference.com/cfb/players/jason-allen-1.html,2,Jason Allen,LB/DL,7.0,South Florida,2026-04-01T17:18:00.562Z,14,season_totals,10.0
22,,JR,39,SEC,2015,0,0,0,0,9,0,0,0,https://www.sports-reference.com/cfb/players/jason-hatcher-1.html,3,Jason Hatcher,DE,2.0,Kentucky,2026-04-01T17:18:27.846Z,17,season_totals,5.5
27,,SR,70,MAC,2007,1,0,0,0,12,0,0,0,https://www.sports-reference.com/cfb/players/jason-jones-1.html,3,Jason Jones,DL,3.5,Eastern Michigan,2026-04-01T17:18:40.421Z,43,season_totals,19.5
7,,SR,20,SEC,2024,1,0,0,0,7,0,0,0,https://www.sports-reference.com/cfb/players/jason-marshall-jr-1.html,4,Jason Marshall Jr.,CB/DB,0.0,Florida,2026-04-01T17:18:47.597Z,13,season_totals,1.5
27,,SR,84,MWC,2008,0,0,0,0,12,0,0,0,https://www.sports-reference.com/cfb/players/jason-phillips-1.html,2,Jason Phillips,RB/LB,3.5,Texas Christian,2026-04-01T17:18:54.575Z,57,season_totals,13.0
18,,JR,45,Big East,2009,2,0,0,0,13,1,18,1,https://www.sports-reference.com/cfb/players/jason-pierre-paul-1.html,0,Jason Pierre-Paul,DL,6.5,South Florida,2026-04-01T17:19:01.453Z,27,season_totals,16.5
18,,SR,45,ACC,2019,1,3,0,0,12,0,0,0,https://www.sports-reference.com/cfb/players/jason-strowbridge-1.html,1,Jason Strowbridge,DE/DL,3.0,North Carolina,2026-04-01T17:19:15.497Z,27,season_totals,6.5
8,,SR,39,Big 12,2013,1,0,0,0,11,0,0,2,https://www.sports-reference.com/cfb/players/jason-verrett-1.html,13,Jason Verrett,DB/CB,1.0,Texas Christian,2026-04-01T17:19:22.659Z,31,season_totals,2.5
34,,JR,49,ACC,2009,1,0,0,0,13,0,0,0,https://www.sports-reference.com/cfb/players/jason-worilds-1.html,1,Jason Worilds,DL,4.5,Virginia Tech,2026-04-01T17:19:29.543Z,15,season_totals,11.0
23,,SR,65,SEC,2008,2,0,0,0,13,0,0,1,https://www.sports-reference.com/cfb/players/jasper-brinkley-1.html,0,Jasper Brinkley,LB,2.5,South Carolina,2026-04-01T17:19:36.689Z,42,season_totals,5.0
24,AA,SR,71,SEC,2009,0,0,0,0,13,0,25,5,https://www.sports-reference.com/cfb/players/javier-arenas-1.html,0,Javier Arenas,DB,5.0,Alabama,2026-04-01T17:19:43.637Z,47,season_totals,12.0
17,,JR,56,SEC,2023,0,0,0,0,12,0,0,2,https://www.sports-reference.com/cfb/players/javon-bullard-1.html,5,Javon Bullard,DB,0.0,Georgia,2026-04-01T17:19:50.565Z,39,season_totals,1.0
20,,SR,35,SEC,2019,0,2,0,0,12,0,0,0,https://www.sports-reference.com/cfb/players/javon-kinlaw-1.html,2,Javon Kinlaw,DL,6.0,South Carolina,2026-04-01T17:20:03.338Z,15,season_totals,6.0
30,,JR,56,Sun Belt,2023,3,2,0,0,14,0,0,0,https://www.sports-reference.com/cfb/players/javon-solomon-1.html,0,Javon Solomon,DE/LB,16.0,Troy,2026-04-01T17:20:10.357Z,26,season_totals,18.0
28,,SR,49,Ind,2023,1,1,0,0,13,0,0,0,https://www.sports-reference.com/cfb/players/javontae-jean-baptiste-1.html,1,Javontae Jean-Baptiste,DE/DL,5.0,Notre Dame,2026-04-01T17:20:17.455Z,21,season_totals,10.5
9,,SR,32,Big Ten,2006,2,0,0,0,13,0,0,0,https://www.sports-reference.com/cfb/players/jay-alford-1.html,1,Jay Alford,DL,8.0,Penn State,2026-04-01T17:20:24.459Z,23,season_totals,14.5
10,,SR,41,ACC,2013,3,0,0,0,13,0,0,0,https://www.sports-reference.com/cfb/players/jay-bromley-1.html,0,Jay Bromley,DL/DT,9.0,Syracuse,2026-04-01T17:20:31.447Z,31,season_totals,13.5
10,,SR,25,Big Ten,2006,0,0,0,0,13,0,0,0,https://www.sports-reference.com/cfb/players/jay-richardson-1.html,7,Jay Richardson,DL,4.0,Ohio State,2026-04-01T17:20:38.661Z,15,season_totals,8.5
10,,SR,25,Big Ten,2024,0,0,0,0,12,0,0,0,https://www.sports-reference.com/cfb/players/jay-toia-1.html,1,Jay Toia,DL,1.0,UCLA,2026-04-01T17:20:45.597Z,15,season_totals,2.0
20,,SO,42,Pac-12,2019,0,0,0,0,13,0,0,0,https://www.sports-reference.com/cfb/players/jay-tufele-1.html,1,Jay Tufele,DL,4.5,USC,2026-04-01T17:20:52.542Z,22,season_totals,6.5
6,,JR,16,SEC,2020,0,0,0,0,7,0,34,2,https://www.sports-reference.com/cfb/players/jaycee-horn-1.html,6,Jaycee Horn,DB,0.0,South Carolina,2026-04-01T17:21:06.904Z,10,season_totals,1.0
28,,SR,65,SEC,2011,0,2,1,8,13,0,0,0,https://www.sports-reference.com/cfb/players/jaye-howard-1.html,2,Jaye Howard,DL,5.5,Florida,2026-04-01T17:21:13.673Z,37,season_totals,10.0
54,,SR,101,Big 12,2023,1,1,0,0,14,0,5,2,https://www.sports-reference.com/cfb/players/jaylan-ford-1.html,2,Jaylan Ford,LB,1.0,Texas,2026-04-01T17:21:20.766Z,47,season_totals,10.5
16,,SR,31,Big Ten,2023,2,0,0,0,15,0,0,0,https://www.sports-reference.com/cfb/players/jaylen-harrell-1.html,1,Jaylen Harrell,DL/DE,6.5,Michigan,2026-04-01T17:21:27.806Z,15,season_totals,9.0
47,,SR,98,Big Ten,2024,1,1,0,0,16,1,50,3,https://www.sports-reference.com/cfb/players/jaylen-reed-1.html,3,Jaylen Reed,S,2.5,Penn State,2026-04-01T17:21:35.287Z,51,season_totals,6.5
21,,SR,52,SEC,2013,0,0,0,0,12,0,0,0,https://www.sports-reference.com/cfb/players/jaylen-watkins-1.html,7,Jaylen Watkins,DB,0.0,Florida,2026-04-01T17:21:41.875Z,31,season_totals,2.0
8,,SR,36,SEC,2023,0,1,0,13,13,1,87,4,https://www.sports-reference.com/cfb/players/jaylin-simpson-1.html,3,Jaylin Simpson,DB/CB,0.0,Auburn,2026-04-01T17:21:55.872Z,28,season_totals,1.5
19,,SR,59,Big Ten,2024,0,0,0,0,10,0,0,2,https://www.sports-reference.com/cfb/players/jaylin-smith-1.html,2,Jaylin Smith,S/DB/CB,0.0,USC,2026-04-01T17:22:02.758Z,40,season_totals,4.0
16,,SR,56,Pac-12,2019,2,0,0,0,13,0,29,3,https://www.sports-reference.com/cfb/players/jaylinn-hawkins-1.html,2,Jaylinn Hawkins,CB/S,2.0,California,2026-04-01T17:22:09.813Z,40,season_totals,4.5
26,,SR,64,SEC,2023,1,1,0,0,12,0,0,2,https://www.sports-reference.com/cfb/players/jaylon-carlies-1.html,5,Jaylon Carlies,DB,2.0,Missouri,2026-04-01T17:22:16.841Z,38,season_totals,4.5
2,,JR,36,Pac-12,2019,0,0,0,0,13,1,39,2,https://www.sports-reference.com/cfb/players/jaylon-johnson-1.html,11,Jaylon Johnson,DB,0.0,Utah,2026-04-01T17:22:23.814Z,34,season_totals,1.0
9,,SR,26,SEC,2021,0,0,0,0,11,0,0,1,https://www.sports-reference.com/cfb/players/jaylon-jones-1.html,3,Jaylon Jones,DB/LB,0.0,Ole Miss,2026-04-01T17:22:30.961Z,17,season_totals,1.0
45,AA,JR,114,Ind,2015,1,2,0,17,13,0,0,0,https://www.sports-reference.com/cfb/players/jaylon-smith-1.html,5,Jaylon Smith,LB,1.0,Notre Dame,2026-04-01T17:22:37.935Z,69,season_totals,9.0
50,,SR,120,Pac-12,2016,0,2,0,47,12,0,32,3,https://www.sports-reference.com/cfb/players/jayon-brown-1.html,6,Jayon Brown,LB,2.5,UCLA,2026-04-01T17:22:45.002Z,70,season_totals,7.0
26,,JR,59,ACC,2011,2,0,0,0,13,0,56,3,https://www.sports-reference.com/cfb/players/jayron-hosley-1.html,0,Jayron Hosley,DB,0.0,Virginia Tech,2026-04-01T17:22:52.055Z,33,season_totals,1.0
21,,JR,62,ACC,2015,1,1,0,5,15,0,0,1,https://www.sports-reference.com/cfb/players/jayron-kearse-1.html,6,Jayron Kearse,S,0.0,Clemson,2026-04-01T17:22:58.987Z,41,season_totals,6.5
7,,SR,31,Big 12,2019,0,0,0,0,12,0,0,1,https://www.sports-reference.com/cfb/players/jeff-gladney-1.html,14,Jeff Gladney,CB,0.5,Texas Christian,2026-04-01T17:23:06.283Z,24,season_totals,1.5
31,,SR,54,Big Ten,2024,2,0,0,0,14,0,0,0,https://www.sports-reference.com/cfb/players/jeffrey-bassa-1.html,2,Jeffrey Bassa,S/LB,1.5,Oregon,2026-04-01T17:23:25.571Z,23,season_totals,2.5
10,,JR,29,SEC,2012,0,0,0,0,9,0,14,1,https://www.sports-reference.com/cfb/players/jelani-jenkins-1.html,0,Jelani Jenkins,LB,2.0,Florida,2026-04-01T17:23:32.881Z,19,season_totals,5.0
16,,,33,SEC,2013,0,0,0,0,12,0,0,0,https://www.sports-reference.com/cfb/players/jeoffrey-pagan-1.html,0,Jeoffrey Pagan,DL,2.0,Alabama,2026-04-01T17:23:39.775Z,17,season_totals,3.5
26,AA,JR,52,Big Ten,2023,1,1,0,0,12,0,0,0,https://www.sports-reference.com/cfb/players/jerzhan-newton-1.html,2,Jer'Zhan Newton,DL/DT,7.5,Illinois,2026-04-01T17:23:46.673Z,26,season_totals,8.5
11,AA,JR,30,Big Ten,2011,0,1,0,0,14,0,0,0,https://www.sports-reference.com/cfb/players/jerel-worthy-1.html,1,Jerel Worthy,DL,3.5,Michigan State,2026-04-01T17:24:00.729Z,19,season_totals,10.5
8,,SR,45,ACC,2013,1,0,0,0,13,0,0,0,https://www.sports-reference.com/cfb/players/jeremiah-attaochu-1.html,2,Jeremiah Attaochu,LB,12.5,Georgia Tech,2026-04-01T17:24:07.821Z,37,season_totals,16.0
50,,SR,133,Big 12,2013,3,0,0,0,12,0,11,2,https://www.sports-reference.com/cfb/players/jeremiah-george-1.html,6,Jeremiah George,LB,3.5,Iowa State,2026-04-01T17:24:14.726Z,83,season_totals,12.0
32,,SR,49,SEC,2016,1,0,0,0,13,0,0,0,https://www.sports-reference.com/cfb/players/jeremiah-ledbetter-1.html,2,Jeremiah Ledbetter,DL,5.5,Arkansas,2026-04-01T17:24:21.821Z,17,season_totals,7.5
20,AA,SR,62,ACC,2020,3,2,1,23,12,0,0,1,https://www.sports-reference.com/cfb/players/jeremiah-owusu-koramoah-1.html,3,Jeremiah Owusu-Koramoah,LB,1.5,Notre Dame,2026-04-01T17:24:28.822Z,42,season_totals,11.0
34,,JR,88,ACC,2023,2,0,0,0,12,1,28,2,https://www.sports-reference.com/cfb/players/jeremiah-trotter-jr-1.html,5,Jeremiah Trotter Jr.,LB,5.5,Clemson,2026-04-01T17:24:35.802Z,54,season_totals,15.0
31,,SR,62,SEC,2005,1,0,0,0,12,0,0,0,https://www.sports-reference.com/cfb/players/jeremy-mincey-1.html,2,Jeremy Mincey,DL,3.5,Florida,2026-04-01T17:24:48.255Z,31,season_totals,10.5
9,,SR,45,ACC,2007,2,0,0,0,13,0,0,0,https://www.sports-reference.com/cfb/players/jeremy-thompson-1.html,3,Jeremy Thompson,DL,6.5,Wake Forest,2026-04-01T17:24:55.401Z,36,season_totals,11.0
13,,SR,34,SEC,2009,2,0,0,0,12,0,0,0,https://www.sports-reference.com/cfb/players/jermaine-cunningham-1.html,0,Jermaine Cunningham,LB/DL,7.0,Florida,2026-04-01T17:25:02.447Z,21,season_totals,12.0
30,,SR,66,Big Ten,2010,0,0,0,0,13,0,23,1,https://www.sports-reference.com/cfb/players/jermale-hines-1.html,0,Jermale Hines,LB,0.5,Ohio State,2026-04-01T17:25:22.303Z,36,season_totals,2.0
60,,JR,140,SEC,2007,1,0,0,0,14,1,34,1,https://www.sports-reference.com/cfb/players/jerod-mayo-1.html,0,Jerod Mayo,LB,1.5,Tennessee,2026-04-01T17:25:29.180Z,80,season_totals,8.5
30,,JR,72,Big Ten,2017,1,2,1,33,13,0,0,0,https://www.sports-reference.com/cfb/players/jerome-baker-1.html,3,Jerome Baker,LB,3.5,Ohio State,2026-04-01T17:25:36.091Z,42,season_totals,8.0
28,,SR,77,Big East,2009,2,0,0,0,13,0,59,4,https://www.sports-reference.com/cfb/players/jerome-murphy-1.html,0,Jerome Murphy,DB,0.0,South Florida,2026-04-01T17:25:57.250Z,49,season_totals,0.5
17,,JR,47,SEC,2008,0,0,0,0,10,0,0,2,https://www.sports-reference.com/cfb/players/jerraud-powers-1.html,0,Jerraud Powers,DB,0.0,Auburn,2026-04-01T17:26:04.177Z,30,season_totals,0.0
9,,SR,27,SEC,2010,1,0,0,0,12,0,0,0,https://www.sports-reference.com/cfb/players/jerrell-powe-1.html,1,Jerrell Powe,DL,2.5,Ole Miss,2026-04-01T17:26:11.151Z,18,season_totals,8.5
26,AA,SR,58,MWC,2009,2,0,0,0,13,0,0,0,https://www.sports-reference.com/cfb/players/jerry-hughes-1.html,3,Jerry Hughes,DL,11.5,Texas Christian,2026-04-01T17:26:23.635Z,32,season_totals,16.5
27,,SR,61,Big Ten,2021,0,0,0,0,12,1,16,1,https://www.sports-reference.com/cfb/players/jesse-luketa-1.html,0,Jesse Luketa,LB,0.5,Penn State,2026-04-01T17:26:37.930Z,34,season_totals,8.5
17,,SR,35,SEC,2005,1,0,0,0,11,0,0,0,https://www.sports-reference.com/cfb/players/jesse-mahelona-1.html,0,Jesse Mahelona,DL,2.0,Tennessee,2026-04-01T17:26:45.057Z,18,season_totals,7.0
29,,SO,79,ACC,2017,1,0,0,0,11,0,37,1,https://www.sports-reference.com/cfb/players/jessie-bates-1.html,5,Jessie Bates,DB,0.0,Wake Forest,2026-04-01T17:26:51.850Z,50,season_totals,6.0
26,,SO,66,Pac-12,2019,0,0,0,0,14,1,64,4,https://www.sports-reference.com/cfb/players/jevon-holland-1.html,4,Jevon Holland,S,0.0,Oregon,2026-04-01T17:26:58.951Z,40,season_totals,4.5
18,,SR,74,Big Ten,2022,2,1,1,0,13,0,114,4,https://www.sports-reference.com/cfb/players/jiayir-brown-1.html,3,Ji'ayir Brown,S,4.5,Penn State,2026-04-01T17:27:06.035Z,56,season_totals,7.0
63,,JR,117,SEC,2024,2,1,0,0,13,0,24,1,https://www.sports-reference.com/cfb/players/jihaad-campbell-1.html,2,Jihaad Campbell,LB,5.0,Alabama,2026-04-01T17:27:17.382Z,54,season_totals,11.5
29,,SR,53,Big Ten,2015,1,1,0,23,12,0,0,0,https://www.sports-reference.com/cfb/players/jihad-ward-1.html,2,Jihad Ward,DL,1.5,Illinois,2026-04-01T17:27:19.841Z,24,season_totals,3.5
32,,SR,94,MAC,2013,1,1,0,0,14,1,102,7,https://www.sports-reference.com/cfb/players/jimmie-ward-1.html,10,Jimmie Ward,DB/S,1.0,Northern Illinois,2026-04-01T17:27:26.939Z,62,season_totals,2.5
11,,SR,68,Big 12,2010,0,1,0,22,12,0,0,0,https://www.sports-reference.com/cfb/players/jimmy-smith-1.html,5,Jimmy Smith,DB,0.0,Colorado,2026-04-01T17:27:41.121Z,57,season_totals,2.5
14,,SR,44,CUSA,2008,0,0,0,0,12,0,103,4,https://www.sports-reference.com/cfb/players/joe-burnett-1.html,0,Joe Burnett,DB,0.0,UCF,2026-04-01T17:28:07.706Z,30,season_totals,4.5
0,,SR,1,Ind,2014,0,0,0,0,13,0,0,0,https://www.sports-reference.com/cfb/players/joe-cardona-1.html,0,Joe Cardona,OL/LS,0.0,Navy,2026-04-01T17:28:14.526Z,1,season_totals,0.0
15,,SR,26,SEC,2006,1,0,0,0,14,0,0,0,https://www.sports-reference.com/cfb/players/joe-cohen-1.html,1,Joe Cohen,RB/DL,0.5,Florida,2026-04-01T17:28:21.662Z,11,season_totals,2.0
15,AA,JR,68,SEC,2009,2,0,0,0,14,0,20,4,https://www.sports-reference.com/cfb/players/joe-haden-1.html,0,Joe Haden,DB,3.0,Florida,2026-04-01T17:28:28.629Z,53,season_totals,5.0
2,,JR,4,ACC,2015,0,0,0,0,1,0,0,0,https://www.sports-reference.com/cfb/players/joe-jackson-1.html,0,Joe Jackson,S/LB,0.0,North Carolina,2026-04-01T17:28:35.669Z,2,season_totals,0.0
40,,JR,79,Big Ten,2015,5,2,0,0,13,0,14,1,https://www.sports-reference.com/cfb/players/joe-schobert-1.html,2,Joe Schobert,LB,9.5,Wisconsin,2026-04-01T17:28:49.638Z,39,season_totals,19.5
13,,JR,61,SEC,2018,0,0,0,0,13,0,8,4,https://www.sports-reference.com/cfb/players/joejuan-williams-1.html,14,Joejuan Williams,CB,0.0,Vanderbilt,2026-04-01T17:29:03.720Z,48,season_totals,2.0
63,,JR,116,CUSA,2017,2,1,0,0,13,0,0,0,https://www.sports-reference.com/cfb/players/joel-iyiegbuniwe-1.html,1,Joel Iyiegbuniwe,LB,2.0,Western Kentucky,2026-04-01T17:29:14.540Z,53,season_totals,11.5
16,AA,JR,51,Big Ten,2015,1,0,0,0,12,0,28,1,https://www.sports-reference.com/cfb/players/joey-bosa-1.html,4,Joey Bosa,DL,5.0,Ohio State,2026-04-01T17:29:16.013Z,35,season_totals,16.0
6,,JR,27,Big Ten,2022,0,1,0,0,10,0,0,0,https://www.sports-reference.com/cfb/players/joey-porter-jr-1.html,11,Joey Porter Jr.,CB,0.0,Penn State,2026-04-01T17:29:23.023Z,21,season_totals,0.0
1,,SR,1,Big 12,2007,0,0,0,0,13,0,0,0,https://www.sports-reference.com/cfb/players/joey-thomas-1.html,0,Joey Thomas,TE,0.0,Texas A&M,2026-04-01T17:29:30.103Z,0,season_totals,0.0
2,,SR,13,SEC,2006,0,0,0,0,10,0,0,1,https://www.sports-reference.com/cfb/players/john-johnson-1.html,0,John Johnson,LB,0.0,Arkansas,2026-04-01T17:30:16.350Z,11,season_totals,0.0
14,,JR,24,ACC,2005,0,0,0,0,7,0,0,0,https://www.sports-reference.com/cfb/players/john-mccargo-1.html,0,John McCargo,DL,0.5,North Carolina State,2026-04-01T17:30:23.349Z,10,season_totals,9.0
29,,SR,38,Pac-12,2019,2,0,0,0,14,0,0,0,https://www.sports-reference.com/cfb/players/john-penisini-1.html,1,John Penisini,DT,2.0,Utah,2026-04-01T17:30:30.180Z,9,season_totals,7.0
11,,SR,37,Big Ten,2019,0,0,0,0,13,1,61,2,https://www.sports-reference.com/cfb/players/john-reid-1.html,8,John Reid,CB,1.0,Penn State,2026-04-01T17:30:37.267Z,26,season_totals,2.5
28,,SR,39,SEC,2021,0,0,0,0,12,0,0,0,https://www.sports-reference.com/cfb/players/john-ridgeway-1.html,0,John Ridgeway,DL,2.0,Arkansas,2026-04-01T17:30:44.361Z,11,season_totals,4.0
1,,JR,8,ACC,2010,0,0,0,0,12,0,0,0,https://www.sports-reference.com/cfb/players/john-stamper-1.html,0,John Stamper,DB,0.0,Wake Forest,2026-04-01T17:30:58.357Z,7,season_totals,0.0
40,,SR,79,MWC,2006,1,0,1,54,12,0,15,1,https://www.sports-reference.com/cfb/players/john-wendling-1.html,0,John Wendling,DB,1.0,Wyoming,2026-04-01T17:31:05.392Z,39,season_totals,3.5
46,,SR,99,SEC,2018,1,1,0,6,13,0,9,2,https://www.sports-reference.com/cfb/players/johnathan-abram-1.html,5,Johnathan Abram,S/DB,3.0,Mississippi State,2026-04-01T17:31:12.343Z,53,season_totals,9.0
32,,JR,55,Big Ten,2012,0,0,0,0,12,0,0,0,https://www.sports-reference.com/cfb/players/johnathan-hankins-1.html,0,Johnathan Hankins,DL,1.0,Ohio State,2026-04-01T17:31:19.427Z,23,season_totals,4.0
44,,SR,63,Big 12,2005,0,0,0,0,11,0,0,0,https://www.sports-reference.com/cfb/players/johnny-jolly-1.html,1,Johnny Jolly,DL,5.0,Texas A&M,2026-04-01T17:31:37.415Z,19,season_totals,11.5
6,,SR,49,Big East,2010,1,0,0,0,13,1,99,5,https://www.sports-reference.com/cfb/players/johnny-patrick-1.html,0,Johnny Patrick,WR/DB,1.0,Louisville,2026-04-01T17:31:44.580Z,43,season_totals,6.5
24,,SR,63,SEC,2012,1,0,0,0,13,0,124,4,https://www.sports-reference.com/cfb/players/johnthan-banks-1.html,0,Johnthan Banks,DB,0.0,Mississippi State,2026-04-01T17:31:51.612Z,39,season_totals,2.0
21,,SR,52,Pac-10,2005,3,0,0,0,11,0,2,1,https://www.sports-reference.com/cfb/players/jon-alston-1.html,0,Jon Alston,LB,6.5,Stanford,2026-04-01T17:31:58.708Z,31,season_totals,9.5
25,,JR,76,ACC,2006,1,0,0,0,12,0,4,1,https://www.sports-reference.com/cfb/players/jon-beason-1.html,0,Jon Beason,DB/LB,1.5,Miami (FL),2026-04-01T17:32:05.648Z,51,season_totals,8.0
14,AA,JR,37,Pac-12,2023,1,0,0,0,10,0,0,0,https://www.sports-reference.com/cfb/players/jonah-elliss-1.html,3,Jonah Elliss,LB/DE,12.0,Utah,2026-04-01T17:32:25.107Z,23,season_totals,16.0
57,,SR,117,Big Ten,2010,1,0,0,0,12,0,18,2,https://www.sports-reference.com/cfb/players/jonas-mouton-1.html,0,Jonas Mouton,LB,2.0,Michigan,2026-04-01T17:32:32.425Z,60,season_totals,8.5
33,,SR,98,ACC,2024,0,2,1,40,12,0,45,1,https://www.sports-reference.com/cfb/players/jonas-sanker-1.html,4,Jonas Sanker,DB/S,2.0,Virginia,2026-04-01T17:32:39.331Z,65,season_totals,8.5
36,"H-7,Nagurski,Bednarik,AA",SR,69,SEC,2016,0,3,2,115,15,0,0,0,https://www.sports-reference.com/cfb/players/jonathan-allen-1.html,2,Jonathan Allen,LB/DL,10.5,Alabama,2026-04-01T17:32:46.334Z,33,season_totals,16.0
27,,SR,66,SEC,2015,0,0,0,0,14,0,0,0,https://www.sports-reference.com/cfb/players/jonathan-bullard-1.html,2,Jonathan Bullard,DL,6.5,Florida,2026-04-01T17:33:00.292Z,39,season_totals,17.5
39,,SR,93,Sun Belt,2012,1,0,0,0,12,0,32,4,https://www.sports-reference.com/cfb/players/jonathan-cyprien-1.html,0,Jonathan Cyprien,DB,0.0,Florida International,2026-04-01T17:33:07.282Z,54,season_totals,3.5
12,,JR,59,Sun Belt,2013,6,1,0,0,11,0,21,3,https://www.sports-reference.com/cfb/players/jonathan-dowling-1.html,6,Jonathan Dowling,DB,0.0,Western Kentucky,2026-04-01T17:33:14.390Z,47,season_totals,1.0
10,,SR,14,ACC,2021,0,0,0,0,10,0,0,0,https://www.sports-reference.com/cfb/players/jonathan-ford-1.html,0,Jonathan Ford,DL,0.0,Miami (FL),2026-04-01T17:33:21.255Z,4,season_totals,1.0
16,,JR,37,ACC,2019,2,0,0,0,12,0,0,0,https://www.sports-reference.com/cfb/players/jonathan-garvin-1.html,0,Jonathan Garvin,DL,5.0,Miami (FL),2026-04-01T17:33:28.340Z,21,season_totals,9.0
56,,SR,113,SEC,2007,0,0,0,0,12,0,12,2,https://www.sports-reference.com/cfb/players/jonathan-goff-1.html,0,Jonathan Goff,LB,3.0,Vanderbilt,2026-04-01T17:33:35.273Z,57,season_totals,6.5
25,,SO,52,SEC,2019,3,1,1,80,12,0,16,1,https://www.sports-reference.com/cfb/players/jonathan-greenard-1.html,4,Jonathan Greenard,LB,9.5,Florida,2026-04-01T17:33:42.436Z,27,season_totals,15.5
23,,JR,52,Sun Belt,2011,1,0,0,0,12,0,0,0,https://www.sports-reference.com/cfb/players/jonathan-massaquoi-1.html,2,Jonathan Massaquoi,DL,6.0,Troy,2026-04-01T17:33:56.980Z,29,season_totals,10.5
8,,SO,15,Big Ten,2010,0,0,0,0,13,0,0,0,https://www.sports-reference.com/cfb/players/jonathan-newsome-1.html,0,Jonathan Newsome,DL/LB,0.0,Ohio State,2026-04-01T17:34:03.643Z,7,season_totals,0.0
9,,SR,52,SEC,2006,1,0,0,0,13,0,59,4,https://www.sports-reference.com/cfb/players/jonathan-wade-1.html,0,Jonathan Wade,WR/DB,0.0,Tennessee,2026-04-01T17:34:17.546Z,43,season_totals,6.0
8,,SR,30,SEC,2007,0,0,0,0,12,0,0,2,https://www.sports-reference.com/cfb/players/jonathan-wilhite-1.html,0,Jonathan Wilhite,DB,1.0,Auburn,2026-04-01T17:34:30.059Z,22,season_totals,1.5
12,,SR,24,Big Ten,2020,1,0,0,0,8,0,0,0,https://www.sports-reference.com/cfb/players/jonathon-cooper-1.html,1,Jonathon Cooper,DE/DL,3.5,Ohio State,2026-04-01T17:34:36.969Z,12,season_totals,3.5
37,,SR,71,SEC,2022,0,0,0,0,13,0,0,1,https://www.sports-reference.com/cfb/players/jordan-battle-1.html,2,Jordan Battle,DB,0.0,Alabama,2026-04-01T17:34:44.168Z,34,season_totals,0.5
17,,JR,54,Big 12,2018,1,0,0,0,13,0,0,0,https://www.sports-reference.com/cfb/players/jordan-brailford-1.html,1,Jordan Brailford,DE,9.0,Oklahoma State,2026-04-01T17:34:56.933Z,37,season_totals,16.0
18,,SR,31,Big Ten,2024,1,1,0,0,10,0,0,0,https://www.sports-reference.com/cfb/players/jordan-burch-1.html,6,Jordan Burch,DL/DE,8.5,Oregon,2026-04-01T17:35:03.924Z,13,season_totals,11.0
14,,JR,44,SEC,2019,0,0,0,0,12,0,0,0,https://www.sports-reference.com/cfb/players/jordan-elliott-1.html,3,Jordan Elliott,DL,2.5,Missouri,2026-04-01T17:35:17.923Z,30,season_totals,8.5
20,,SR,62,Big Ten,2019,0,1,0,0,14,0,26,2,https://www.sports-reference.com/cfb/players/jordan-fuller-1.html,4,Jordan Fuller,S,0.0,Ohio State,2026-04-01T17:35:24.978Z,42,season_totals,0.0
19,,SR,48,Big Ten,2024,2,0,0,0,16,0,0,1,https://www.sports-reference.com/cfb/players/jordan-hancock-1.html,8,Jordan Hancock,CB/DB,0.5,Ohio State,2026-04-01T17:35:32.054Z,29,season_totals,1.5
54,,SR,107,Big 12,2014,0,0,0,0,13,0,19,2,https://www.sports-reference.com/cfb/players/jordan-hicks-1.html,2,Jordan Hicks,LB,3.5,Texas,2026-04-01T17:35:39.218Z,53,season_totals,11.0
10,,SR,26,Pac-10,2006,1,0,0,0,13,0,26,1,https://www.sports-reference.com/cfb/players/jordan-hill-1.html,0,Jordan Hill,LB/DL,2.5,Arizona State,2026-04-01T17:35:46.230Z,16,season_totals,3.5
18,,SR,58,Big Ten,2022,0,0,0,0,13,0,0,2,https://www.sports-reference.com/cfb/players/jordan-howden-1.html,5,Jordan Howden,DB,0.0,Minnesota,2026-04-01T17:35:53.042Z,40,season_totals,3.5
1,,SR,3,Sun Belt,2007,0,0,0,0,10,0,0,0,https://www.sports-reference.com/cfb/players/jordan-jackson-1.html,0,Jordan Jackson,WR,0.0,Louisiana,2026-04-01T17:36:00.303Z,2,season_totals,0.0
0,,SR,2,SEC,2011,0,0,0,0,10,0,0,0,https://www.sports-reference.com/cfb/players/jordan-jefferson-1.html,0,Jordan Jefferson,QB,0.0,LSU,2026-04-01T17:36:07.167Z,2,season_totals,0.0
4,,SR,9,Pac-12,2012,0,0,0,0,12,0,0,0,https://www.sports-reference.com/cfb/players/jordan-jenkins-1.html,0,Jordan Jenkins,RB,0.0,Oregon State,2026-04-01T17:36:14.289Z,5,season_totals,0.0
22,,SR,56,Big Ten,2015,1,0,0,0,9,0,0,0,https://www.sports-reference.com/cfb/players/jordan-lucas-1.html,3,Jordan Lucas,DB/CB/S,1.0,Penn State,2026-04-01T17:36:21.139Z,34,season_totals,2.5
35,,JR,80,American,2023,1,0,0,0,11,0,0,0,https://www.sports-reference.com/cfb/players/jordan-magee-1.html,4,Jordan Magee,LB,3.5,Temple,2026-04-01T17:36:28.308Z,45,season_totals,14.0
19,,SO,39,Big 12,2014,0,1,0,3,13,0,0,0,https://www.sports-reference.com/cfb/players/jordan-phillips-1.html,1,Jordan Phillips,DL/DT,2.0,Oklahoma,2026-04-01T17:36:42.218Z,20,season_totals,7.0
17,AA,SR,51,Pac-12,2012,1,0,0,0,12,1,122,7,https://www.sports-reference.com/cfb/players/jordan-poyer-1.html,0,Jordan Poyer,DB,2.0,Oregon State,2026-04-01T17:36:49.544Z,34,season_totals,5.0
11,,SR,22,CUSA,2009,1,0,0,0,11,0,0,0,https://www.sports-reference.com/cfb/players/jordan-richards-1.html,0,Jordan Richards,LB,0.0,UCF,2026-04-01T17:36:56.379Z,11,season_totals,2.5
7,,SR,18,Big Ten,2016,0,1,0,0,12,0,0,1,https://www.sports-reference.com/cfb/players/jordan-smith-1.html,4,Jordan Smith,CB,0.0,Penn State,2026-04-01T17:37:03.256Z,11,season_totals,1.0
19,,JR,60,ACC,2017,0,1,0,0,9,0,0,1,https://www.sports-reference.com/cfb/players/jordan-whitehead-1.html,4,Jordan Whitehead,DB,0.0,Pitt,2026-04-01T17:37:15.950Z,41,season_totals,0.0
18,,SR,52,Big 12,2016,3,1,0,7,13,0,0,0,https://www.sports-reference.com/cfb/players/jordan-willis-1.html,3,Jordan Willis,DE,11.5,Kansas State,2026-04-01T17:37:22.729Z,34,season_totals,17.5
48,AA,SR,162,Big 12,2007,1,0,0,0,13,1,79,2,https://www.sports-reference.com/cfb/players/jordon-dizon-1.html,0,Jordon Dizon,RB/LB,4.0,Colorado,2026-04-01T17:37:29.949Z,114,season_totals,11.0
42,,SR,108,Big 12,2019,1,2,0,19,11,0,0,0,https://www.sports-reference.com/cfb/players/jordyn-brooks-1.html,0,Jordyn Brooks,LB,3.0,Texas Tech,2026-04-01T17:37:36.850Z,66,season_totals,20.0
11,,SR,33,Big Ten,2024,2,0,0,0,11,0,0,0,https://www.sports-reference.com/cfb/players/josaiah-stewart-1.html,0,Josaiah Stewart,DT/LB/DE,8.5,Michigan,2026-04-01T17:37:49.470Z,22,season_totals,13.0
29,AA,JR,55,Big 12,2020,3,1,0,0,9,0,0,0,https://www.sports-reference.com/cfb/players/joseph-ossai-1.html,2,Joseph Ossai,LB,5.0,Texas,2026-04-01T17:37:56.437Z,26,season_totals,16.0
67,AA,SR,136,Big Ten,2017,1,1,0,0,12,0,37,2,https://www.sports-reference.com/cfb/players/josey-jewell-1.html,11,Josey Jewell,LB,4.5,Iowa,2026-04-01T17:38:03.614Z,69,season_totals,13.5
13,,SR,38,Pac-10,2007,0,0,0,0,11,0,0,1,https://www.sports-reference.com/cfb/players/josh-barrett-1.html,0,Josh Barrett,DB,1.0,Arizona State,2026-04-01T17:38:10.588Z,25,season_totals,4.0
23,,SR,33,SEC,2012,0,0,0,0,13,0,0,0,https://www.sports-reference.com/cfb/players/josh-boyd-1.html,0,Josh Boyd,DL,1.5,Mississippi State,2026-04-01T17:38:17.547Z,10,season_totals,2.5
13,,SR,23,SEC,2011,0,0,0,0,12,0,0,0,https://www.sports-reference.com/cfb/players/josh-chapman-1.html,2,Josh Chapman,DL,1.0,Alabama,2026-04-01T17:38:31.569Z,10,season_totals,3.5
34,,SR,83,SEC,2012,0,0,0,0,13,0,11,3,https://www.sports-reference.com/cfb/players/josh-evans-1.html,0,Josh Evans,DB,2.5,Florida,2026-04-01T17:38:38.720Z,49,season_totals,4.5
54,,SR,93,SEC,2015,1,0,0,0,12,1,81,2,https://www.sports-reference.com/cfb/players/josh-forrest-1.html,5,Josh Forrest,LB,3.5,Kentucky,2026-04-01T17:38:45.749Z,39,season_totals,6.0
31,,SR,82,ACC,2006,1,0,0,0,14,0,0,5,https://www.sports-reference.com/cfb/players/josh-gattis-1.html,0,Josh Gattis,DB,0.0,Wake Forest,2026-04-01T17:38:52.846Z,51,season_totals,5.5
23,,SR,61,ACC,2016,0,0,0,0,10,0,0,0,https://www.sports-reference.com/cfb/players/josh-harvey-clemons-1.html,2,Josh Harvey-Clemons,DB/S,2.0,Louisville,2026-04-01T17:38:59.879Z,38,season_totals,4.0
71,,SR,116,Big Ten,2009,0,0,0,0,13,0,0,2,https://www.sports-reference.com/cfb/players/josh-hull-1.html,0,Josh Hull,LB,2.0,Penn State,2026-04-01T17:39:06.813Z,45,season_totals,8.5
7,,SR,24,Ind,2012,0,0,0,0,9,0,0,0,https://www.sports-reference.com/cfb/players/josh-jackson-1.html,0,Josh Jackson,DB,0.0,Army,2026-04-01T17:39:13.970Z,17,season_totals,0.5
2,,JR,4,Ind,2010,0,0,0,0,13,0,0,0,https://www.sports-reference.com/cfb/players/josh-jones-1.html,0,Josh Jones,LB,0.0,Army,2026-04-01T17:39:21.038Z,2,season_totals,0.0
33,,SR,74,Big Ten,2019,0,1,0,0,13,0,0,2,https://www.sports-reference.com/cfb/players/josh-metellus-1.html,5,Josh Metellus,S/DB,0.0,Michigan,2026-04-01T17:39:27.864Z,41,season_totals,4.0
7,,SR,33,Big 12,2023,0,0,0,0,12,0,53,1,https://www.sports-reference.com/cfb/players/josh-newton-1.html,9,Josh Newton,CB,0.0,Texas Christian,2026-04-01T17:39:34.886Z,26,season_totals,0.0
14,,JR,48,CUSA,2011,1,0,0,0,12,1,49,2,https://www.sports-reference.com/cfb/players/josh-robinson-1.html,0,Josh Robinson,DB,0.0,UCF,2026-04-01T17:39:48.998Z,34,season_totals,0.0
16,,SR,47,WAC,2008,1,0,0,0,12,0,0,0,https://www.sports-reference.com/cfb/players/josh-shaw-1.html,0,Josh Shaw,DL,2.5,Idaho,2026-04-01T17:40:02.837Z,31,season_totals,9.5
25,,JR,56,ACC,2017,0,0,0,0,12,0,0,0,https://www.sports-reference.com/cfb/players/josh-sweat-1.html,3,Josh Sweat,DE,5.5,Florida State,2026-04-01T17:40:10.236Z,31,season_totals,12.5
28,,SR,78,Sun Belt,2009,1,1,0,29,12,0,0,0,https://www.sports-reference.com/cfb/players/josh-thomas-1.html,3,Josh Thomas,LB,2.0,Louisiana-Monroe,2026-04-01T17:40:17.026Z,50,season_totals,6.0
9,,SR,55,ACC,2006,0,0,0,0,13,0,21,1,https://www.sports-reference.com/cfb/players/josh-wilson-1.html,0,Josh Wilson,DB,2.0,Maryland,2026-04-01T17:40:24.136Z,46,season_totals,2.5
20,,JR,32,ACC,2024,0,0,0,0,12,0,0,0,https://www.sports-reference.com/cfb/players/joshua-farmer-1.html,0,Joshua Farmer,DE/DT/DL,4.0,Florida State,2026-04-01T17:40:31.234Z,12,season_totals,8.0
19,,JR,64,Big 12,2009,1,0,0,0,12,0,22,2,https://www.sports-reference.com/cfb/players/joshua-moore-1.html,0,Joshua Moore,DB,1.5,Kansas State,2026-04-01T17:40:38.215Z,45,season_totals,4.5
29,,SR,53,SEC,2021,1,0,0,0,12,0,0,0,https://www.sports-reference.com/cfb/players/joshua-paschal-1.html,0,Joshua Paschal,LB/DE/DL,5.5,Kentucky,2026-04-01T17:40:45.442Z,24,season_totals,15.5
52,,SR,105,Big Ten,2015,0,0,0,0,13,0,0,0,https://www.sports-reference.com/cfb/players/joshua-perry-1.html,4,Joshua Perry,LB,3.5,Ohio State,2026-04-01T17:40:52.259Z,53,season_totals,7.5
13,,SR,41,SEC,2020,1,1,0,0,10,0,0,1,https://www.sports-reference.com/cfb/players/joshuah-bledsoe-1.html,6,Joshuah Bledsoe,S,0.0,Missouri,2026-04-01T17:41:06.264Z,28,season_totals,2.5
17,,JR,55,Big Ten,2019,1,1,0,5,13,0,34,3,https://www.sports-reference.com/cfb/players/josiah-scott-1.html,7,Josiah Scott,CB,0.0,Michigan State,2026-04-01T17:41:13.217Z,38,season_totals,0.0
7,AA,SR,25,Big Ten,2016,0,0,0,0,10,0,0,2,https://www.sports-reference.com/cfb/players/jourdan-lewis-1.html,11,Jourdan Lewis,DB/CB,0.0,Michigan,2026-04-01T17:41:20.302Z,18,season_totals,3.5
36,,SR,98,ACC,2018,0,0,0,0,13,0,141,6,https://www.sports-reference.com/cfb/players/juan-thornhill-1.html,7,Juan Thornhill,S,0.0,Virginia,2026-04-01T17:41:34.401Z,62,season_totals,4.5
19,,SR,60,Pac-12,2019,2,0,0,0,13,1,39,4,https://www.sports-reference.com/cfb/players/julian-blackmon-1.html,4,Julian Blackmon,DB,1.5,Utah,2026-04-01T17:41:48.358Z,41,season_totals,4.0
26,,SR,50,Pac-10,2005,1,0,0,0,11,0,0,0,https://www.sports-reference.com/cfb/players/julian-jenkins-1.html,0,Julian Jenkins,DL,7.0,Stanford,2026-04-01T17:41:55.529Z,24,season_totals,9.0
14,AA,JR,63,Ind,2018,0,3,1,42,13,0,4,1,https://www.sports-reference.com/cfb/players/julian-love-1.html,16,Julian Love,CB,0.0,Notre Dame,2026-04-01T17:42:02.374Z,49,season_totals,3.0
10,,SR,18,Ind,2019,2,1,0,0,9,0,0,0,https://www.sports-reference.com/cfb/players/julian-okwara-1.html,0,Julian Okwara,DL,4.0,Notre Dame,2026-04-01T17:42:09.412Z,8,season_totals,6.0
51,,JR,95,Big Ten,2023,0,0,0,0,15,0,0,0,https://www.sports-reference.com/cfb/players/junior-colson-1.html,2,Junior Colson,LB,0.0,Michigan,2026-04-01T17:42:23.440Z,44,season_totals,2.0
38,,JR,67,Pac-10,2010,0,0,0,0,13,0,0,1,https://www.sports-reference.com/cfb/players/jurrell-casey-1.html,0,Jurrell Casey,DL,4.5,USC,2026-04-01T17:42:35.995Z,29,season_totals,11.0
35,,SR,64,SEC,2023,0,0,0,0,14,0,0,0,https://www.sports-reference.com/cfb/players/justin-eboigbe-1.html,1,Justin Eboigbe,DL,7.0,Alabama,2026-04-01T17:43:01.031Z,29,season_totals,11.5
32,,SR,48,CUSA,2013,0,0,0,0,12,0,0,0,https://www.sports-reference.com/cfb/players/justin-ellis-1.html,1,Justin Ellis,OL/DL,1.5,Louisiana Tech,2026-04-01T17:43:06.897Z,16,season_totals,5.5
35,,SR,87,SEC,2016,0,0,0,0,13,0,0,4,https://www.sports-reference.com/cfb/players/justin-evans-1.html,8,Justin Evans,DB,0.0,Texas A&M,2026-04-01T17:43:13.835Z,52,season_totals,5.0
6,AA,SR,42,Big 12,2013,0,0,0,0,13,2,123,7,https://www.sports-reference.com/cfb/players/justin-gilbert-1.html,7,Justin Gilbert,DB/CB,0.0,Oklahoma State,2026-04-01T17:43:20.788Z,36,season_totals,0.0
4,,SR,7,SEC,2006,0,0,0,0,3,0,0,0,https://www.sports-reference.com/cfb/players/justin-harrell-1.html,0,Justin Harrell,DL,0.0,Tennessee,2026-04-01T17:43:27.831Z,3,season_totals,1.0
26,,SR,64,Pac-12,2018,5,1,0,11,13,0,7,1,https://www.sports-reference.com/cfb/players/justin-hollins-1.html,7,Justin Hollins,LB/DL,6.5,Oregon,2026-04-01T17:43:35.235Z,38,season_totals,14.5
27,,JR,67,SEC,2010,1,0,1,18,13,0,4,1,https://www.sports-reference.com/cfb/players/justin-houston-1.html,0,Justin Houston,LB,10.0,Georgia,2026-04-01T17:43:41.968Z,40,season_totals,18.5
19,,SR,41,Sun Belt,2012,0,0,0,0,9,0,0,0,https://www.sports-reference.com/cfb/players/justin-jones-1.html,1,Justin Jones,LB,0.0,Middle Tennessee State,2026-04-01T17:43:48.981Z,22,season_totals,3.0
13,,JR,49,Big Ten,2007,0,0,0,0,13,0,6,2,https://www.sports-reference.com/cfb/players/justin-king-1.html,0,Justin King,DB,0.0,Penn State,2026-04-01T17:43:55.922Z,36,season_totals,0.0
28,,JR,72,Big Ten,2018,0,0,0,0,12,0,6,1,https://www.sports-reference.com/cfb/players/justin-layne-1.html,15,Justin Layne,WR/CB,0.5,Michigan State,2026-04-01T17:44:02.932Z,44,season_totals,2.5
47,,JR,99,Pac-12,2017,0,1,0,0,14,0,1,5,https://www.sports-reference.com/cfb/players/justin-reid-1.html,6,Justin Reid,S,1.0,Stanford,2026-04-01T17:44:10.013Z,52,season_totals,6.5
18,,SR,59,CUSA,2006,2,0,0,0,11,0,0,0,https://www.sports-reference.com/cfb/players/justin-rogers-1.html,1,Justin Rogers,DL,9.5,SMU,2026-04-01T17:44:17.012Z,41,season_totals,15.0
18,,SR,67,ACC,2015,2,3,0,0,12,0,28,5,https://www.sports-reference.com/cfb/players/justin-simmons-1.html,2,Justin Simmons,DB,0.0,Boston College,2026-04-01T17:44:23.994Z,49,season_totals,1.0
31,,SR,69,ACC,2019,0,0,0,0,7,0,0,1,https://www.sports-reference.com/cfb/players/justin-strnad-1.html,4,Justin Strnad,LB,2.0,Wake Forest,2026-04-01T17:44:38.330Z,38,season_totals,5.5
13,,SR,56,Pac-10,2007,1,0,0,0,13,1,122,3,https://www.sports-reference.com/cfb/players/justin-tryon-1.html,0,Justin Tryon,DB,0.0,Arizona State,2026-04-01T17:44:45.189Z,43,season_totals,1.0
9,,SR,38,ACC,2015,1,1,0,0,13,0,6,1,https://www.sports-reference.com/cfb/players/juston-burris-1.html,7,Juston Burris,CB,0.0,North Carolina State,2026-04-01T17:44:57.789Z,29,season_totals,3.0
26,,SO,60,SEC,2019,1,0,0,0,13,0,0,0,https://www.sports-reference.com/cfb/players/klavon-chaisson-1.html,2,K'Lavon Chaisson,LB,6.5,LSU,2026-04-01T17:45:04.699Z,34,season_totals,13.5
23,,SR,71,ACC,2019,0,0,0,0,15,1,66,2,https://www.sports-reference.com/cfb/players/kvon-wallace-1.html,10,K'Von Wallace,DB/S,2.0,Clemson,2026-04-01T17:45:11.785Z,48,season_totals,3.0
14,,SR,23,SEC,2020,0,0,0,0,2,0,0,0,https://www.sports-reference.com/cfb/players/kj-britt-1.html,0,K.J. Britt,LB,0.0,Auburn,2026-04-01T17:45:18.851Z,9,season_totals,1.0
47,,SR,98,SEC,2010,1,0,0,0,13,0,0,0,https://www.sports-reference.com/cfb/players/kj-wright-1.html,9,K.J. Wright,LB,3.0,Mississippi State,2026-04-01T17:45:25.756Z,51,season_totals,8.0
10,,SR,55,Big 12,2015,1,0,0,0,13,0,25,2,https://www.sports-reference.com/cfb/players/kj-dillon-1.html,8,K.J. Dillon,DB/S,0.0,West Virginia,2026-04-01T17:45:33.086Z,45,season_totals,7.5
10,,SO,12,SEC,2016,0,0,0,0,6,0,0,0,https://www.sports-reference.com/cfb/players/kahlil-mckenzie-1.html,0,Kahlil McKenzie,DL,0.0,Tennessee,2026-04-01T17:45:39.990Z,2,season_totals,0.5
13,,JR,29,SEC,2021,0,0,0,0,10,0,0,1,https://www.sports-reference.com/cfb/players/kaiir-elam-1.html,5,Kaiir Elam,DB/CB,0.0,Florida,2026-04-01T17:45:46.991Z,16,season_totals,1.5
9,,SR,17,American,2021,0,0,0,0,5,0,0,0,https://www.sports-reference.com/cfb/players/kalia-davis-1.html,0,Kalia Davis,LB/DL,1.0,UCF,2026-04-01T17:45:54.007Z,8,season_totals,4.5
25,,SR,66,Pac-10,2008,0,0,0,0,13,0,2,1,https://www.sports-reference.com/cfb/players/kaluka-maiava-1.html,0,Kaluka Maiava,LB,0.0,USC,2026-04-01T17:46:08.213Z,41,season_totals,7.5
42,,SR,68,ACC,2009,0,0,0,0,13,0,-3,2,https://www.sports-reference.com/cfb/players/kam-chancellor-1.html,0,Kam Chancellor,DB,0.0,Virginia Tech,2026-04-01T17:46:14.969Z,26,season_totals,3.0
6,,SR,19,SEC,2023,0,0,0,0,7,1,33,3,https://www.sports-reference.com/cfb/players/kamal-hadden-1.html,8,Kamal Hadden,DB,0.0,Tennessee,2026-04-01T17:46:22.138Z,13,season_totals,0.0
30,,SR,66,Big Ten,2019,2,0,0,0,8,0,14,2,https://www.sports-reference.com/cfb/players/kamal-martin-1.html,1,Kamal Martin,LB,1.0,Minnesota,2026-04-01T17:46:29.006Z,36,season_totals,2.5
16,,JR,39,MWC,2015,3,0,0,0,13,0,0,0,https://www.sports-reference.com/cfb/players/kamalei-correa-1.html,0,Kamalei Correa,DE/DL,7.0,Boise State,2026-04-01T17:46:36.197Z,23,season_totals,11.0
16,,JR,37,SEC,2023,0,0,0,0,14,0,0,0,https://www.sports-reference.com/cfb/players/kamari-lassiter-1.html,8,Kamari Lassiter,DB,0.5,Georgia,2026-04-01T17:46:43.215Z,21,season_totals,3.5
19,,JR,59,ACC,2023,0,1,0,0,10,1,57,5,https://www.sports-reference.com/cfb/players/kamren-kinchens-1.html,5,Kamren Kinchens,S/DB,1.0,Miami (FL),2026-04-01T17:46:57.241Z,40,season_totals,2.5
23,,SR,40,Ind,2012,2,0,0,0,13,0,0,0,https://www.sports-reference.com/cfb/players/kapron-lewis-moore-1.html,2,Kapron Lewis-Moore,DL,6.0,Notre Dame,2026-04-01T17:47:04.217Z,17,season_totals,8.5
19,,JR,49,SEC,2009,0,0,0,0,14,0,79,1,https://www.sports-reference.com/cfb/players/kareem-jackson-1.html,0,Kareem Jackson,DB,0.0,Alabama,2026-04-01T17:47:11.188Z,30,season_totals,3.0
36,,SR,82,ACC,2013,3,2,0,0,13,0,0,0,https://www.sports-reference.com/cfb/players/kareem-martin-1.html,3,Kareem Martin,DL/DE,11.5,North Carolina,2026-04-01T17:47:18.214Z,46,season_totals,21.5
5,,SR,20,Big 12,2015,0,1,0,0,4,0,7,5,https://www.sports-reference.com/cfb/players/karl-joseph-1.html,1,Karl Joseph,DB/S,1.0,West Virginia,2026-04-01T17:47:25.282Z,15,season_totals,2.0
28,,SR,57,Big Ten,2010,1,0,0,0,13,0,0,0,https://www.sports-reference.com/cfb/players/karl-klug-1.html,3,Karl Klug,DL,5.5,Iowa,2026-04-01T17:47:32.304Z,29,season_totals,13.0
11,,JR,47,SEC,2019,0,0,0,0,15,0,45,4,https://www.sports-reference.com/cfb/players/kary-vincent-jr-1.html,9,Kary Vincent Jr.,CB,0.0,LSU,2026-04-01T17:48:00.348Z,36,season_totals,2.0
48,,SR,103,ACC,2009,2,0,0,0,14,0,29,0,https://www.sports-reference.com/cfb/players/kavell-conner-1.html,0,Kavell Conner,LB,2.0,Clemson,2026-04-01T17:48:07.569Z,55,season_totals,7.0
34,,SR,108,MAC,2015,2,1,0,0,13,0,0,1,https://www.sports-reference.com/cfb/players/kavon-frazier-1.html,4,Kavon Frazier,DB,0.0,Central Michigan,2026-04-01T17:48:14.417Z,74,season_totals,4.5
8,,SR,43,Big Ten,2012,1,0,0,0,13,0,0,0,https://www.sports-reference.com/cfb/players/kawann-short-1.html,4,Kawann Short,DL,7.0,Purdue,2026-04-01T17:48:21.371Z,35,season_totals,15.5
14,AA,SO,49,Pac-12,2021,2,0,0,0,11,0,0,0,https://www.sports-reference.com/cfb/players/kayvon-thibodeaux-1.html,1,Kayvon Thibodeaux,DE,7.0,Oregon,2026-04-01T17:48:35.378Z,35,season_totals,9.5
21,,SR,82,Big East,2012,3,0,0,0,12,0,0,0,https://www.sports-reference.com/cfb/players/kayvon-webster-1.html,0,Kayvon Webster,DB,2.0,South Florida,2026-04-01T17:48:42.629Z,61,season_totals,4.0
45,,JR,96,SEC,2015,1,0,0,0,12,0,0,1,https://www.sports-reference.com/cfb/players/keanu-neal-1.html,1,Keanu Neal,DB,2.0,Florida,2026-04-01T17:48:49.566Z,51,season_totals,3.5
7,,SR,20,SEC,2005,0,0,0,0,10,0,0,0,https://www.sports-reference.com/cfb/players/kedric-golston-1.html,0,Kedric Golston,DL,1.0,Georgia,2026-04-01T17:48:56.546Z,13,season_totals,2.0
15,,SR,35,Big Ten,2022,0,0,0,0,12,0,0,0,https://www.sports-reference.com/cfb/players/keeanu-benton-1.html,2,Keeanu Benton,NT/DT,4.5,Wisconsin,2026-04-01T17:49:03.521Z,20,season_totals,10.0
29,,SR,75,Big 12,2009,2,0,0,0,13,0,9,2,https://www.sports-reference.com/cfb/players/keenan-clayton-1.html,0,Keenan Clayton,DB,1.5,Oklahoma,2026-04-01T17:49:10.657Z,46,season_totals,5.5
8,,SR,35,Pac-10,2008,0,0,0,0,13,1,29,4,https://www.sports-reference.com/cfb/players/keenan-lewis-1.html,0,Keenan Lewis,DB,0.0,Oregon State,2026-04-01T17:49:17.638Z,27,season_totals,1.0
33,,SR,84,Big 12,2011,2,0,0,0,13,0,0,0,https://www.sports-reference.com/cfb/players/keenan-robinson-1.html,6,Keenan Robinson,LB,1.0,Texas,2026-04-01T17:49:24.676Z,51,season_totals,8.0
25,,SR,54,ACC,2022,0,0,0,0,12,0,0,0,https://www.sports-reference.com/cfb/players/keion-white-1.html,1,Keion White,TE/DE/DL,7.5,Georgia Tech,2026-04-01T17:49:31.744Z,29,season_totals,14.0
19,,SR,60,Pac-12,2017,2,2,0,12,13,0,0,0,https://www.sports-reference.com/cfb/players/keishawn-bierria-1.html,2,Keishawn Bierria,LB,1.0,Washington,2026-04-01T17:49:38.753Z,41,season_totals,4.0
39,,SR,99,Pac-10,2005,1,0,0,0,11,0,47,1,https://www.sports-reference.com/cfb/players/keith-ellison-1.html,0,Keith Ellison,LB,5.0,Oregon State,2026-04-01T17:49:52.952Z,60,season_totals,14.5
9,,SR,37,Pac-12,2013,0,0,0,0,11,1,19,1,https://www.sports-reference.com/cfb/players/keith-mcgill-1.html,12,Keith McGill,DB,0.0,Utah,2026-04-01T17:50:06.753Z,28,season_totals,0.5
3,,SR,22,CUSA,2013,0,0,0,0,6,0,0,0,https://www.sports-reference.com/cfb/players/keith-reaser-1.html,4,Keith Reaser,DB,0.0,Florida Atlantic,2026-04-01T17:50:13.855Z,19,season_totals,2.0
35,,SR,78,Pac-10,2007,1,0,0,0,12,0,0,0,https://www.sports-reference.com/cfb/players/keith-rivers-1.html,4,Keith Rivers,LB,0.0,USC,2026-04-01T17:50:20.744Z,43,season_totals,5.0
0,,SR,0,Big Ten,2010,0,0,0,0,2,0,0,0,https://www.sports-reference.com/cfb/players/keith-smith-1.html,0,Keith Smith,QB/WR,0.0,Purdue,2026-04-01T17:50:27.867Z,0,season_totals,0.0
12,,SR,60,Ind,2015,2,0,0,0,11,0,0,2,https://www.sports-reference.com/cfb/players/keivarae-russell-1.html,4,Keivarae Russell,DB/CB,1.0,Notre Dame,2026-04-01T17:50:41.963Z,48,season_totals,3.5
5,,SO,42,SEC,2022,1,0,0,0,15,0,45,2,https://www.sports-reference.com/cfb/players/kelee-ringo-1.html,7,Kelee Ringo,DB,0.0,Georgia,2026-04-01T17:50:56.098Z,37,season_totals,2.0
8,,SR,32,ACC,2005,4,0,0,0,12,0,36,3,https://www.sports-reference.com/cfb/players/kelly-jennings-1.html,0,Kelly Jennings,DB,1.0,Miami (FL),2026-04-01T17:51:02.884Z,24,season_totals,3.0
11,,SO,25,SEC,2020,0,0,0,0,9,1,62,4,https://www.sports-reference.com/cfb/players/kelvin-joseph-1.html,1,Kelvin Joseph,CB/DB,0.0,Kentucky,2026-04-01T17:51:17.095Z,14,season_totals,0.5
70,,SR,116,SEC,2010,2,0,0,0,13,0,0,1,https://www.sports-reference.com/cfb/players/kelvin-sheppard-1.html,0,Kelvin Sheppard,LB,4.0,LSU,2026-04-01T17:51:24.123Z,46,season_totals,11.0
57,,SR,115,Big East,2006,2,0,0,0,12,0,9,1,https://www.sports-reference.com/cfb/players/kelvin-smith-1.html,0,Kelvin Smith,LB,2.5,Syracuse,2026-04-01T17:51:31.030Z,58,season_totals,4.5
37,,SR,65,Big Ten,2017,1,2,0,0,12,0,0,0,https://www.sports-reference.com/cfb/players/kemoko-turay-1.html,1,Kemoko Turay,DE/DL,4.0,Rutgers,2026-04-01T17:51:38.375Z,28,season_totals,7.0
4,,JR,7,ACC,2015,1,0,0,0,3,0,0,0,https://www.sports-reference.com/cfb/players/kendall-fuller-1.html,1,Kendall Fuller,CB,1.0,Virginia Tech,2026-04-01T17:52:04.941Z,3,season_totals,1.0
22,,SR,46,Big East,2011,0,1,1,9,12,0,0,0,https://www.sports-reference.com/cfb/players/kendall-reyes-1.html,4,Kendall Reyes,DL,4.5,Connecticut,2026-04-01T17:52:24.980Z,24,season_totals,13.5
8,,JR,35,Big Ten,2018,1,0,0,0,14,0,0,2,https://www.sports-reference.com/cfb/players/kendall-sheffield-1.html,8,Kendall Sheffield,CB,0.0,Ohio State,2026-04-01T17:52:42.455Z,27,season_totals,2.0
58,,SR,91,SEC,2016,0,1,0,0,10,0,0,0,https://www.sports-reference.com/cfb/players/kendell-beckwith-1.html,4,Kendell Beckwith,LB,1.0,LSU,2026-04-01T17:52:49.465Z,33,season_totals,6.0
27,,SR,84,SEC,2009,3,0,0,0,13,0,6,2,https://www.sports-reference.com/cfb/players/kendrick-lewis-1.html,0,Kendrick Lewis,WR/DB,1.0,Ole Miss,2026-04-01T17:53:03.391Z,57,season_totals,5.0
33,,JR,102,Big 12,2019,0,0,0,0,14,0,0,0,https://www.sports-reference.com/cfb/players/kenneth-murray-1.html,4,Kenneth Murray,LB,4.0,Oklahoma,2026-04-01T17:53:31.398Z,69,season_totals,17.0
17,,SR,28,Big Ten,2007,1,0,0,0,11,0,0,0,https://www.sports-reference.com/cfb/players/kenny-iwebema-1.html,2,Kenny Iwebema,DL,3.5,Iowa,2026-04-01T17:53:45.563Z,11,season_totals,5.0
28,,JR,82,ACC,2007,3,0,0,0,12,0,5,2,https://www.sports-reference.com/cfb/players/kenny-phillips-1.html,0,Kenny Phillips,DB,0.0,Miami (FL),2026-04-01T17:54:06.624Z,54,season_totals,6.0
34,,SR,92,Big 12,2012,2,0,0,0,13,0,19,2,https://www.sports-reference.com/cfb/players/kenny-vaccaro-1.html,0,Kenny Vaccaro,DB,0.0,Texas,2026-04-01T17:54:20.749Z,58,season_totals,4.5
46,,SR,78,Big Ten,2019,2,2,1,4,13,0,0,0,https://www.sports-reference.com/cfb/players/kenny-willekes-1.html,0,Kenny Willekes,DE,10.5,Michigan State,2026-04-01T17:54:27.670Z,32,season_totals,16.0
33,,SR,110,Pac-12,2017,0,1,0,0,13,0,0,0,https://www.sports-reference.com/cfb/players/kenny-young-1.html,3,Kenny Young,LB,1.0,UCLA,2026-04-01T17:54:34.689Z,77,season_totals,8.5
1,,SO,11,SEC,2007,0,0,0,0,10,0,0,0,https://www.sports-reference.com/cfb/players/kenrick-ellis-1.html,0,Kenrick Ellis,DL,0.0,South Carolina,2026-04-01T17:54:41.843Z,10,season_totals,3.0
22,,SR,38,ACC,2017,1,2,0,0,13,0,0,0,https://www.sports-reference.com/cfb/players/kentavius-street-1.html,3,Kentavius Street,DE/DT,3.5,North Carolina State,2026-04-01T17:54:48.710Z,16,season_totals,6.5
79,,SR,152,SEC,2015,1,1,0,0,12,0,9,2,https://www.sports-reference.com/cfb/players/kentrell-brothers-1.html,3,Kentrell Brothers,LB,2.5,Missouri,2026-04-01T17:54:55.803Z,73,season_totals,12.0
27,,SR,59,ACC,2007,0,0,0,0,12,0,0,0,https://www.sports-reference.com/cfb/players/kentwan-balmer-1.html,0,Kentwan Balmer,DL,3.5,North Carolina,2026-04-01T17:55:02.737Z,32,season_totals,9.5
18,,SR,28,Big 12,2022,1,0,0,0,13,0,0,0,https://www.sports-reference.com/cfb/players/keondre-coburn-1.html,0,Keondre Coburn,DL,1.5,Texas,2026-04-01T17:55:15.218Z,10,season_totals,3.0
16,,JR,57,Big Ten,2021,0,3,0,0,12,0,12,5,https://www.sports-reference.com/cfb/players/kerby-joseph-1.html,2,Kerby Joseph,DB/WR,1.0,Illinois,2026-04-01T17:55:22.304Z,41,season_totals,1.0
5,,SR,20,ACC,2008,2,0,0,0,7,0,27,2,https://www.sports-reference.com/cfb/players/kevin-barnes-1.html,0,Kevin Barnes,DB,0.0,Maryland,2026-04-01T17:55:36.480Z,15,season_totals,0.0
18,,JR,62,ACC,2015,1,1,0,0,15,0,0,0,https://www.sports-reference.com/cfb/players/kevin-dodd-1.html,0,Kevin Dodd,DL/DE,12.0,Clemson,2026-04-01T17:56:04.552Z,44,season_totals,23.5
24,,SR,43,Pac-10,2008,0,0,0,0,8,0,0,1,https://www.sports-reference.com/cfb/players/kevin-ellison-1.html,0,Kevin Ellison,DB,0.0,USC,2026-04-01T17:56:11.601Z,19,season_totals,3.5
75,,JR,130,SEC,2012,1,0,0,0,13,0,4,1,https://www.sports-reference.com/cfb/players/kevin-minter-1.html,0,Kevin Minter,LB,4.0,LSU,2026-04-01T17:56:39.597Z,55,season_totals,15.0
23,,SR,98,Sun Belt,2006,1,0,0,0,12,0,50,4,https://www.sports-reference.com/cfb/players/kevin-payne-1.html,0,Kevin Payne,RB/DB,1.0,Louisiana-Monroe,2026-04-01T17:56:46.756Z,75,season_totals,3.0
41,,SR,108,ACC,2013,0,0,0,0,13,1,33,1,https://www.sports-reference.com/cfb/players/kevin-pierre-louis-1.html,1,Kevin Pierre-Louis,LB,6.0,Boston College,2026-04-01T17:56:53.786Z,67,season_totals,10.5
6,,SR,24,Pac-12,2015,0,0,0,0,11,0,27,1,https://www.sports-reference.com/cfb/players/kevon-seymour-1.html,0,Kevon Seymour,DB/CB,0.0,USC,2026-04-01T17:57:32.901Z,18,season_totals,1.0
57,,SR,102,Big Ten,2019,0,0,0,0,13,0,0,0,https://www.sports-reference.com/cfb/players/khaleke-hudson-1.html,3,Khaleke Hudson,S/DB/LB,2.0,Michigan,2026-04-01T17:58:06.287Z,45,season_totals,3.5
23,,SR,46,Ind,2019,3,1,1,0,13,0,0,0,https://www.sports-reference.com/cfb/players/khalid-kareem-1.html,1,Khalid Kareem,DL,5.5,Notre Dame,2026-04-01T17:58:25.950Z,23,season_totals,10.0
16,,SR,44,Big Ten,2019,0,0,0,0,11,0,0,0,https://www.sports-reference.com/cfb/players/khalil-davis-1.html,1,Khalil Davis,DT/DL,8.0,Nebraska,2026-04-01T17:58:33.002Z,28,season_totals,11.0
45,,SR,100,MAC,2013,5,3,0,0,13,2,125,3,https://www.sports-reference.com/cfb/players/khalil-mack-1.html,7,Khalil Mack,LB,10.5,Buffalo,2026-04-01T17:58:40.032Z,55,season_totals,18.5
43,,SR,84,Big Ten,2018,1,0,0,0,13,0,30,2,https://www.sports-reference.com/cfb/players/khari-willis-1.html,10,Khari Willis,S,0.0,Michigan State,2026-04-01T17:58:47.097Z,41,season_totals,1.0
66,,SR,136,Big East,2012,6,0,2,20,13,0,58,2,https://www.sports-reference.com/cfb/players/khaseem-greene-1.html,0,Khaseem Greene,DB/LB,6.0,Rutgers,2026-04-01T17:58:54.122Z,70,season_totals,12.0
20,,SR,31,Big 12,2011,0,0,0,0,13,0,0,0,https://www.sports-reference.com/cfb/players/kheeston-randall-1.html,1,Kheeston Randall,DL,1.0,Texas,2026-04-01T17:59:01.165Z,11,season_totals,4.0
24,,SR,36,Ind,2020,1,0,0,0,11,0,0,0,https://www.sports-reference.com/cfb/players/khyiris-tonga-1.html,5,Khyiris Tonga,DL,2.5,BYU,2026-04-01T17:59:08.302Z,12,season_totals,2.5
23,,SR,39,CUSA,2013,0,0,0,0,10,0,0,0,https://www.sports-reference.com/cfb/players/khyri-thornton-1.html,0,Khyri Thornton,DL,0.5,Southern Mississippi,2026-04-01T17:59:19.012Z,16,season_totals,6.5
23,,SR,81,Pac-12,2012,2,0,0,0,12,0,62,4,https://www.sports-reference.com/cfb/players/kiko-alonso-1.html,0,Kiko Alonso,LB,1.0,Oregon,2026-04-01T17:59:20.507Z,58,season_totals,14.0
4,,SR,27,Sun Belt,2019,0,0,0,0,11,0,0,2,https://www.sports-reference.com/cfb/players/kindle-vildor-1.html,6,Kindle Vildor,CB,0.0,Georgia Southern,2026-04-01T17:59:34.616Z,23,season_totals,3.0
15,,SR,44,SEC,2021,1,1,0,0,12,0,0,0,https://www.sports-reference.com/cfb/players/kingsley-enagbare-1.html,2,Kingsley Enagbare,DL,4.5,South Carolina,2026-04-01T17:59:41.508Z,29,season_totals,7.0
33,,SR,51,SEC,2018,1,1,0,0,13,0,0,0,https://www.sports-reference.com/cfb/players/kingsley-keke-1.html,1,Kingsley Keke,DL,7.0,Texas A&M,2026-04-01T17:59:48.670Z,18,season_totals,11.0
31,,SO,103,SEC,2005,0,0,1,19,12,0,16,1,https://www.sports-reference.com/cfb/players/ko-simpson-1.html,0,Ko Simpson,DB,0.0,South Carolina,2026-04-01T18:00:02.705Z,72,season_totals,2.5
37,,SR,71,MWC,2009,3,0,0,0,12,0,0,0,https://www.sports-reference.com/cfb/players/koa-misi-1.html,0,Koa Misi,DL,5.0,Utah,2026-04-01T18:00:09.664Z,34,season_totals,9.5
44,,JR,97,Big Ten,2024,1,0,0,0,16,0,0,0,https://www.sports-reference.com/cfb/players/kobe-king-1.html,1,Kobe King,LB,3.0,Penn State,2026-04-01T18:00:16.761Z,53,season_totals,8.5
12,,JR,43,SEC,2013,4,1,0,0,14,1,49,1,https://www.sports-reference.com/cfb/players/kony-ealy-1.html,6,Kony Ealy,DL,9.0,Missouri,2026-04-01T18:00:23.744Z,31,season_totals,15.0
8,,JR,32,SEC,2023,0,0,0,0,14,0,0,0,https://www.sports-reference.com/cfb/players/kool-aid-mckinstry-1.html,7,Kool-Aid McKinstry,DB,0.0,Alabama,2026-04-01T18:00:30.723Z,24,season_totals,2.0
13,,SR,51,SEC,2023,1,0,0,0,13,0,9,4,https://www.sports-reference.com/cfb/players/kris-abrams-draine-1.html,13,Kris Abrams-Draine,WR/DB,0.0,Missouri,2026-04-01T18:00:37.797Z,38,season_totals,2.5
18,,SR,67,Big 12,2018,1,1,0,0,14,0,0,1,https://www.sports-reference.com/cfb/players/kris-boyd-1.html,16,Kris Boyd,CB/DB,1.0,Texas,2026-04-01T18:00:44.897Z,49,season_totals,4.5
20,,SR,37,Big Ten,2023,0,1,0,0,15,0,9,1,https://www.sports-reference.com/cfb/players/kris-jenkins-1.html,0,Kris Jenkins,DL,2.5,Michigan,2026-04-01T18:00:58.711Z,17,season_totals,4.5
10,,SR,38,SEC,2019,0,0,0,0,15,0,0,1,https://www.sports-reference.com/cfb/players/kristian-fulton-1.html,14,Kristian Fulton,DB/CB,0.0,LSU,2026-04-01T18:01:12.956Z,28,season_totals,1.0
31,,SR,68,Big Ten,2009,3,0,0,0,12,1,129,5,https://www.sports-reference.com/cfb/players/kurt-coleman-1.html,0,Kurt Coleman,DB,1.0,Ohio State,2026-04-01T18:01:25.559Z,37,season_totals,2.5
4,,SR,16,Big Ten,2020,0,0,0,0,4,0,0,0,https://www.sports-reference.com/cfb/players/kwity-paye-1.html,0,Kwity Paye,DL,2.0,Michigan,2026-04-01T18:01:32.794Z,12,season_totals,4.0
50,,JR,90,SEC,2014,2,0,0,0,12,0,0,0,https://www.sports-reference.com/cfb/players/kwon-alexander-1.html,1,Kwon Alexander,LB,1.5,LSU,2026-04-01T18:01:39.583Z,40,season_totals,7.5
7,,SR,24,ACC,2013,1,0,0,0,7,0,8,2,https://www.sports-reference.com/cfb/players/kyle-fuller-1.html,10,Kyle Fuller,DB/CB,0.0,Virginia Tech,2026-04-01T18:01:57.479Z,17,season_totals,2.0
15,AA,JR,34,Ind,2021,0,0,0,0,7,0,0,3,https://www.sports-reference.com/cfb/players/kyle-hamilton-1.html,4,Kyle Hamilton,DB/S,0.0,Notre Dame,2026-04-01T18:02:04.684Z,19,season_totals,2.0
8,"Nagurski,AA",SR,28,SEC,2024,3,2,0,0,12,0,0,0,https://www.sports-reference.com/cfb/players/kyle-kennard-1.html,1,Kyle Kennard,DL,11.5,South Carolina,2026-04-01T18:02:11.587Z,20,season_totals,15.5
24,,SR,70,Ind,2013,0,2,0,0,13,1,17,2,https://www.sports-reference.com/cfb/players/kyle-van-noy-1.html,6,Kyle Van Noy,LB,3.0,BYU,2026-04-01T18:02:25.797Z,46,season_totals,17.0
22,,SR,70,ACC,2011,3,0,0,0,13,0,0,0,https://www.sports-reference.com/cfb/players/kyle-wilber-1.html,1,Kyle Wilber,DL/LB,3.5,Wake Forest,2026-04-01T18:02:38.274Z,48,season_totals,11.5
12,,SR,42,WAC,2009,1,0,0,0,14,2,98,3,https://www.sports-reference.com/cfb/players/kyle-wilson-1.html,0,Kyle Wilson,DB,1.0,Boise State,2026-04-01T18:02:45.574Z,30,season_totals,4.5
45,,SR,82,MWC,2015,2,5,1,12,13,0,0,0,https://www.sports-reference.com/cfb/players/kyler-fackrell-1.html,0,Kyler Fackrell,LB,4.0,Utah State,2026-04-01T18:02:52.454Z,37,season_totals,15.0
9,,SR,23,Pac-12,2017,1,0,0,0,10,0,0,0,https://www.sports-reference.com/cfb/players/kylie-fitts-1.html,1,Kylie Fitts,DE,3.0,Utah,2026-04-01T18:03:06.488Z,14,season_totals,3.0
36,,SR,88,ACC,2014,1,0,0,0,13,0,35,3,https://www.sports-reference.com/cfb/players/kyshoen-jarrett-1.html,5,Kyshoen Jarrett,DB/CB,0.5,Virginia Tech,2026-04-01T18:03:13.417Z,52,season_totals,3.0
28,,SR,94,Big 12,2017,2,1,0,0,13,0,2,3,https://www.sports-reference.com/cfb/players/kyzir-white-1.html,4,Kyzir White,S,1.0,West Virginia,2026-04-01T18:03:20.388Z,66,season_totals,7.5
30,,SR,73,CUSA,2019,0,0,0,0,13,1,68,3,https://www.sports-reference.com/cfb/players/ljarius-sneed-1.html,6,L'Jarius Sneed,CB/S,0.0,Louisiana Tech,2026-04-01T18:03:27.498Z,43,season_totals,3.5
15,,SR,42,Big 12,2018,0,0,0,0,11,0,0,0,https://www.sports-reference.com/cfb/players/lj-collier-1.html,4,L.J. Collier,DE/DT,6.0,Texas Christian,2026-04-01T18:03:34.543Z,27,season_totals,11.5
8,AA,SR,36,Big Ten,2006,4,1,1,54,13,0,0,0,https://www.sports-reference.com/cfb/players/lamarr-woodley-1.html,0,Lamarr Woodley,LB/DL,12.0,Michigan,2026-04-01T18:03:41.561Z,28,season_totals,16.5
28,AA,SR,74,SEC,2006,1,0,0,0,13,0,58,3,https://www.sports-reference.com/cfb/players/laron-landry-1.html,0,Laron Landry,DB,1.0,LSU,2026-04-01T18:03:48.514Z,46,season_totals,3.5
21,AA,SR,49,Pac-12,2023,2,0,0,0,12,0,46,2,https://www.sports-reference.com/cfb/players/laiatu-latu-1.html,2,Laiatu Latu,LB/DL,13.0,UCLA,2026-04-01T18:03:55.473Z,28,season_totals,21.5
24,AA,SR,69,ACC,2013,3,0,0,0,14,0,20,2,https://www.sports-reference.com/cfb/players/lamarcus-joyner-1.html,4,Lamarcus Joyner,DB,5.5,Florida State,2026-04-01T18:04:02.573Z,45,season_totals,7.0
20,,SR,60,Big 12,2009,0,0,0,0,14,0,0,0,https://www.sports-reference.com/cfb/players/lamarr-houston-1.html,4,Lamarr Houston,DL,7.0,Texas,2026-04-01T18:04:09.595Z,40,season_totals,17.0
68,,SR,91,SEC,2013,0,1,0,0,13,0,0,0,https://www.sports-reference.com/cfb/players/lamin-barrow-1.html,2,Lamin Barrow,LB,1.5,LSU,2026-04-01T18:04:16.897Z,23,season_totals,5.5
43,AA,JR,103,SEC,2014,1,2,0,4,14,0,14,3,https://www.sports-reference.com/cfb/players/landon-collins-1.html,7,Landon Collins,DB,0.0,Alabama,2026-04-01T18:04:44.734Z,60,season_totals,4.5
24,,SR,48,ACC,2019,0,2,0,0,12,0,0,0,https://www.sports-reference.com/cfb/players/larrell-murchison-1.html,2,Larrell Murchison,DT,7.0,North Carolina State,2026-04-01T18:05:11.277Z,24,season_totals,12.0
37,,SR,79,Big 12,2009,2,0,0,0,14,1,74,2,https://www.sports-reference.com/cfb/players/larry-asante-1.html,0,Larry Asante,DB,0.0,Nebraska,2026-04-01T18:05:18.342Z,42,season_totals,0.5
11,,SR,37,MAC,2008,3,0,0,0,13,0,0,0,https://www.sports-reference.com/cfb/players/larry-english-1.html,1,Larry English,DL,8.0,Northern Illinois,2026-04-01T18:05:25.281Z,26,season_totals,14.5
16,,SR,51,Big Ten,2007,0,0,0,0,13,0,19,1,https://www.sports-reference.com/cfb/players/larry-grant-1.html,0,Larry Grant,LB,5.0,Ohio State,2026-04-01T18:05:39.429Z,35,season_totals,9.5
34,,SR,65,CUSA,2016,0,0,0,0,12,0,0,0,https://www.sports-reference.com/cfb/players/larry-ogunjobi-1.html,2,Larry Ogunjobi,DL,3.0,Charlotte,2026-04-01T18:05:46.575Z,31,season_totals,13.5
30,,SR,76,Big Ten,2024,3,1,1,27,15,0,24,1,https://www.sports-reference.com/cfb/players/lathan-ransom-1.html,2,Lathan Ransom,S/DB,1.0,Ohio State,2026-04-01T18:05:59.263Z,46,season_totals,9.0
12,,SR,26,SEC,2012,0,0,0,0,13,1,23,1,https://www.sports-reference.com/cfb/players/lavar-edwards-1.html,0,Lavar Edwards,DL,4.5,LSU,2026-04-01T18:06:11.851Z,14,season_totals,7.0
68,,SR,133,Big Ten,2011,3,2,0,0,13,0,-2,2,https://www.sports-reference.com/cfb/players/lavonte-david-1.html,2,Lavonte David,LB,5.5,Nebraska,2026-04-01T18:06:18.706Z,65,season_totals,12.0
27,,JR,41,Pac-10,2010,0,0,0,0,12,0,0,0,https://www.sports-reference.com/cfb/players/lawrence-guy-1.html,2,Lawrence Guy,DL,1.5,Arizona State,2026-04-01T18:06:25.784Z,14,season_totals,6.0
29,,SR,60,Pac-10,2007,2,0,0,0,13,0,0,0,https://www.sports-reference.com/cfb/players/lawrence-jackson-1.html,3,Lawrence Jackson,DL,10.5,USC,2026-04-01T18:06:32.780Z,31,season_totals,17.0
37,,JR,79,ACC,2006,0,0,1,36,13,1,22,1,https://www.sports-reference.com/cfb/players/lawrence-timmons-1.html,0,Lawrence Timmons,LB,5.0,Florida State,2026-04-01T18:06:45.309Z,42,season_totals,18.0
50,,JR,141,MWC,2017,4,0,0,0,14,0,47,3,https://www.sports-reference.com/cfb/players/leighton-vander-esch-1.html,4,Leighton Vander Esch,LB,4.0,Boise State,2026-04-01T18:06:52.314Z,91,season_totals,8.5
19,,SR,29,Pac-12,2019,1,0,0,0,13,0,0,0,https://www.sports-reference.com/cfb/players/leki-fotu-1.html,2,Leki Fotu,DT,1.5,Utah,2026-04-01T18:06:59.349Z,10,season_totals,9.0
55,,JR,114,Big Ten,2021,2,0,0,0,11,0,0,0,https://www.sports-reference.com/cfb/players/leo-chenal-1.html,0,Leo Chenal,LB,8.0,Wisconsin,2026-04-01T18:07:06.343Z,59,season_totals,17.5
10,,SR,60,Sun Belt,2007,3,0,0,0,12,0,-9,2,https://www.sports-reference.com/cfb/players/leodis-mckelvin-1.html,0,Leodis McKelvin,DB,0.0,Troy,2026-04-01T18:07:13.394Z,50,season_totals,2.5
7,AA,SR,45,Big Ten,2006,0,0,0,0,13,0,10,3,https://www.sports-reference.com/cfb/players/leon-hall-1.html,0,Leon Hall,DB,1.0,Michigan,2026-04-01T18:07:20.411Z,38,season_totals,2.0
25,,SR,60,Big Ten,2017,1,2,1,21,14,0,5,2,https://www.sports-reference.com/cfb/players/leon-jacobs-1.html,3,Leon Jacobs,LB/FB,3.5,Wisconsin,2026-04-01T18:07:27.442Z,35,season_totals,9.5
15,,SR,61,MWC,2012,1,0,0,0,13,2,124,3,https://www.sports-reference.com/cfb/players/leon-mcfadden-1.html,0,Leon McFadden,DB,0.0,San Diego State,2026-04-01T18:07:41.440Z,46,season_totals,2.0
37,,JR,74,SEC,2015,0,1,1,96,13,0,0,0,https://www.sports-reference.com/cfb/players/leonard-floyd-1.html,3,Leonard Floyd,LB,4.5,Georgia,2026-04-01T18:07:48.454Z,37,season_totals,10.5
32,,JR,80,Pac-12,2014,3,1,0,0,13,0,10,1,https://www.sports-reference.com/cfb/players/leonard-williams-1.html,3,Leonard Williams,DL/DE,7.0,USC,2026-04-01T18:08:02.526Z,48,season_totals,9.5
12,,JR,31,ACC,2007,0,0,0,0,11,0,0,0,https://www.sports-reference.com/cfb/players/letroy-guion-1.html,1,Letroy Guion,DL,1.0,Florida State,2026-04-01T18:08:22.227Z,19,season_totals,6.5
25,,JR,45,Pac-12,2019,0,0,0,0,13,0,0,0,https://www.sports-reference.com/cfb/players/levi-onwuzurike-1.html,0,Levi Onwuzurike,DL,2.0,Washington,2026-04-01T18:08:36.456Z,20,season_totals,6.0
30,,JR,73,SEC,2021,0,0,0,0,15,0,8,1,https://www.sports-reference.com/cfb/players/lewis-cine-1.html,9,Lewis Cine,DB,0.0,Georgia,2026-04-01T18:08:43.459Z,43,season_totals,2.0
38,,JR,60,CUSA,2009,0,0,0,0,14,0,0,0,https://www.sports-reference.com/cfb/players/linval-joseph-1.html,0,Linval Joseph,DL,3.0,East Carolina,2026-04-01T18:08:50.462Z,22,season_totals,13.0
14,,SR,50,Pac-10,2007,1,0,0,0,12,0,0,0,https://www.sports-reference.com/cfb/players/lionel-dotson-1.html,1,Lionel Dotson,LB/DL,6.5,Arizona,2026-04-01T18:08:57.621Z,36,season_totals,9.0
0,,SR,1,MWC,2005,0,0,0,0,11,0,0,0,https://www.sports-reference.com/cfb/players/logan-hall-1.html,0,Logan Hall,TE,0.0,New Mexico,2026-04-01T18:09:18.509Z,1,season_totals,0.0
1,,JR,1,MWC,2019,0,0,0,0,10,0,0,0,https://www.sports-reference.com/cfb/players/logan-lee-1.html,0,Logan Lee,DE/TE,0.0,Utah State,2026-04-01T18:09:25.550Z,0,season_totals,0.0
35,,JR,94,Big East,2012,0,0,0,0,13,0,17,4,https://www.sports-reference.com/cfb/players/logan-ryan-1.html,0,Logan Ryan,DB,0.0,Rutgers,2026-04-01T18:09:32.539Z,59,season_totals,5.0
43,,SR,105,MWC,2019,1,0,0,0,13,1,47,4,https://www.sports-reference.com/cfb/players/logan-wilson-1.html,7,Logan Wilson,LB,1.0,Wyoming,2026-04-01T18:09:39.553Z,62,season_totals,8.5
31,,SR,61,SEC,2017,3,3,0,0,15,0,0,0,https://www.sports-reference.com/cfb/players/lorenzo-carter-1.html,0,Lorenzo Carter,LB,4.5,Georgia,2026-04-01T18:09:53.610Z,30,season_totals,7.5
12,,JR,48,American,2014,0,0,0,0,12,0,7,3,https://www.sports-reference.com/cfb/players/lorenzo-doss-1.html,9,Lorenzo Doss,DB/CB,1.0,Tulane,2026-04-01T18:10:01.899Z,36,season_totals,5.0
15,,SR,51,ACC,2014,1,0,0,0,12,0,0,0,https://www.sports-reference.com/cfb/players/lorenzo-mauldin-1.html,3,Lorenzo Mauldin,DL/DE,6.5,Louisville,2026-04-01T18:10:07.591Z,36,season_totals,13.0
49,,SR,111,MAC,2008,0,0,0,0,13,1,98,4,https://www.sports-reference.com/cfb/players/louis-delmas-1.html,0,Louis Delmas,DB,0.0,Western Michigan,2026-04-01T18:10:14.746Z,62,season_totals,4.0
89,"Nagurski,AA",JR,191,ACC,2011,0,0,0,0,12,1,71,3,https://www.sports-reference.com/cfb/players/luke-kuechly-1.html,0,Luke Kuechly,LB,0.0,Boston College,2026-04-01T18:10:27.304Z,102,season_totals,12.0
12,,SR,45,ACC,2017,0,0,0,0,12,0,0,0,https://www.sports-reference.com/cfb/players/mj-stewart-1.html,12,M.J. Stewart,CB,2.0,North Carolina,2026-04-01T18:10:34.410Z,33,season_totals,5.0
19,,SO,28,SEC,2023,0,0,0,0,12,0,0,0,https://www.sports-reference.com/cfb/players/maason-smith-1.html,2,Maason Smith,DL/DE,2.5,LSU,2026-04-01T18:10:41.300Z,9,season_totals,4.5
35,,JR,71,SEC,2018,0,0,0,0,15,0,0,2,https://www.sports-reference.com/cfb/players/mack-wilson-1.html,5,Mack Wilson,LB,1.0,Alabama,2026-04-01T18:10:53.911Z,36,season_totals,5.0
5,,SO,23,ACC,2015,0,0,0,0,14,0,0,0,https://www.sports-reference.com/cfb/players/mackensie-alexander-1.html,5,Mackensie Alexander,CB,0.0,Clemson,2026-04-01T18:11:01.030Z,18,season_totals,2.0
4,,JR,32,SEC,2009,0,0,0,0,14,0,34,3,https://www.sports-reference.com/cfb/players/major-wright-1.html,0,Major Wright,DB,0.0,Florida,2026-04-01T18:11:15.012Z,28,season_totals,0.0
0,,JR,1,ACC,2015,0,0,0,0,10,0,0,0,https://www.sports-reference.com/cfb/players/malachi-moore-1.html,0,Malachi Moore,DL/DE,0.0,Boston College,2026-04-01T18:11:21.953Z,1,season_totals,0.0
25,,JR,77,SEC,2024,0,0,0,0,14,0,0,1,https://www.sports-reference.com/cfb/players/malaki-starks-1.html,3,Malaki Starks,DB,0.0,Georgia,2026-04-01T18:11:29.050Z,52,season_totals,4.0
23,AA,SR,57,Big Ten,2008,3,0,0,0,13,0,7,3,https://www.sports-reference.com/cfb/players/malcolm-jenkins-1.html,0,Malcolm Jenkins,DB,1.0,Ohio State,2026-04-01T18:11:36.110Z,34,season_totals,4.0
14,,SR,30,MAC,2020,0,0,0,0,6,0,0,0,https://www.sports-reference.com/cfb/players/malcolm-koonce-1.html,2,Malcolm Koonce,DE,5.0,Buffalo,2026-04-01T18:11:43.146Z,16,season_totals,6.5
54,,SR,130,Big 12,2021,4,2,1,0,14,0,11,1,https://www.sports-reference.com/cfb/players/malcolm-rodriguez-1.html,5,Malcolm Rodriguez,S/LB,3.0,Oklahoma State,2026-04-01T18:11:50.085Z,76,season_totals,15.5
32,AA,JR,71,Big 12,2014,2,1,0,0,13,0,0,0,https://www.sports-reference.com/cfb/players/malcom-brown-1.html,1,Malcom Brown,DL/DT,6.5,Texas,2026-04-01T18:11:57.125Z,39,season_totals,13.0
15,,JR,29,Big Ten,2015,0,0,0,0,13,0,0,0,https://www.sports-reference.com/cfb/players/maliek-collins-1.html,1,Maliek Collins,DT,2.5,Nebraska,2026-04-01T18:12:04.291Z,14,season_totals,6.0
26,,SR,75,Big Ten,2019,0,2,0,22,14,0,0,0,https://www.sports-reference.com/cfb/players/malik-harrison-1.html,4,Malik Harrison,LB,4.5,Ohio State,2026-04-01T18:12:11.278Z,49,season_totals,16.5
31,AA,SO,74,Big Ten,2016,0,0,0,0,13,3,181,7,https://www.sports-reference.com/cfb/players/malik-hooker-1.html,4,Malik Hooker,S,0.5,Ohio State,2026-04-01T18:12:18.498Z,43,season_totals,5.5
14,,SR,42,Big East,2007,0,0,0,0,12,0,7,1,https://www.sports-reference.com/cfb/players/malik-jackson-1.html,0,Malik Jackson,LB,1.0,Louisville,2026-04-01T18:12:25.349Z,28,season_totals,4.5
31,,JR,110,Big 12,2017,0,0,0,0,13,0,0,0,https://www.sports-reference.com/cfb/players/malik-jefferson-1.html,0,Malik Jefferson,LB,4.0,Texas,2026-04-01T18:12:32.294Z,79,season_totals,10.0
35,,JR,80,ACC,2023,1,0,0,0,12,0,50,1,https://www.sports-reference.com/cfb/players/malik-mustapha-1.html,2,Malik Mustapha,DB,0.5,Wake Forest,2026-04-01T18:12:40.728Z,45,season_totals,5.0
9,,SR,20,ACC,2012,4,0,0,0,13,0,0,0,https://www.sports-reference.com/cfb/players/malliciah-goodman-1.html,1,Malliciah Goodman,DL,7.0,Clemson,2026-04-01T18:12:46.393Z,11,season_totals,9.5
25,,SR,58,ACC,2005,1,0,0,0,12,0,0,0,https://www.sports-reference.com/cfb/players/manny-lawson-1.html,0,Manny Lawson,LB/DL,10.5,North Carolina State,2026-04-01T18:12:53.266Z,33,season_totals,19.5
58,"H-2,Maxwell,Nagurski,Bednarik,AA,Camp",SR,113,Ind,2012,0,0,0,0,13,0,35,7,https://www.sports-reference.com/cfb/players/manti-teo-1.html,0,Manti Te'o,LB,1.5,Notre Dame,2026-04-01T18:13:00.281Z,55,season_totals,5.5
13,,JR,33,SEC,2010,0,0,0,0,11,0,0,0,https://www.sports-reference.com/cfb/players/marcell-dareus-1.html,4,Marcell Dareus,DL,4.5,Alabama,2026-04-01T18:13:07.297Z,20,season_totals,11.0
30,,JR,73,SEC,2016,1,1,1,12,13,0,25,2,https://www.sports-reference.com/cfb/players/marcell-harris-1.html,1,Marcell Harris,DB,1.0,Florida,2026-04-01T18:13:14.484Z,43,season_totals,4.0
11,,SR,36,SEC,2023,0,0,0,0,12,0,0,0,https://www.sports-reference.com/cfb/players/marcellas-dial-1.html,10,Marcellas Dial,DB,1.0,South Carolina,2026-04-01T18:13:21.315Z,25,season_totals,2.0
9,,JR,33,SEC,2020,0,1,0,4,10,0,0,0,https://www.sports-reference.com/cfb/players/marco-wilson-1.html,4,Marco Wilson,CB/DB,0.0,Florida,2026-04-01T18:13:28.378Z,24,season_totals,0.0
0,,SR,0,WAC,2010,0,0,0,0,12,0,0,0,https://www.sports-reference.com/cfb/players/marcus-allen-1.html,0,Marcus Allen,WR,0.0,New Mexico State,2026-04-01T18:13:35.416Z,0,season_totals,0.0
22,,SR,55,CUSA,2017,3,1,1,34,11,0,0,0,https://www.sports-reference.com/cfb/players/marcus-davenport-1.html,4,Marcus Davenport,DE,8.5,UTSA,2026-04-01T18:13:49.622Z,33,season_totals,17.0
23,,SR,60,ACC,2010,0,0,0,0,13,0,0,1,https://www.sports-reference.com/cfb/players/marcus-gilchrist-1.html,0,Marcus Gilchrist,DB,0.0,Clemson,2026-04-01T18:13:56.628Z,37,season_totals,2.5
21,,SR,50,SEC,2007,1,0,0,0,12,0,0,0,https://www.sports-reference.com/cfb/players/marcus-harrison-1.html,9,Marcus Harrison,DL,1.5,Arkansas,2026-04-01T18:14:10.562Z,29,season_totals,7.0
12,,SR,41,SEC,2007,3,1,1,13,13,0,0,0,https://www.sports-reference.com/cfb/players/marcus-howard-1.html,3,Marcus Howard,LB/DL,10.5,Georgia,2026-04-01T18:14:17.537Z,29,season_totals,12.5
22,,SR,56,ACC,2005,0,0,0,0,12,1,28,2,https://www.sports-reference.com/cfb/players/marcus-hudson-1.html,0,Marcus Hudson,DB,0.0,North Carolina State,2026-04-01T18:14:24.528Z,34,season_totals,1.0
25,,SR,47,ACC,2008,0,0,0,0,12,0,0,0,https://www.sports-reference.com/cfb/players/marcus-jones-1.html,3,Marcus Jones,QB/LB,1.0,Duke,2026-04-01T18:14:31.694Z,22,season_totals,2.0
21,,SR,50,SEC,2016,0,0,0,0,9,0,6,1,https://www.sports-reference.com/cfb/players/marcus-maye-1.html,6,Marcus Maye,DB,1.0,Florida,2026-04-01T18:14:38.543Z,29,season_totals,1.5
15,,SR,55,WAC,2006,2,0,0,0,12,0,0,0,https://www.sports-reference.com/cfb/players/marcus-mccauley-1.html,0,Marcus McCauley,DB,0.0,Fresno State,2026-04-01T18:14:45.617Z,40,season_totals,3.0
5,,JR,30,Pac-12,2014,0,0,0,0,9,0,0,3,https://www.sports-reference.com/cfb/players/marcus-peters-1.html,7,Marcus Peters,DB,0.0,Washington,2026-04-01T18:14:52.614Z,25,season_totals,4.0
6,,FR,17,Big Ten,2007,0,0,0,0,12,0,0,1,https://www.sports-reference.com/cfb/players/marcus-thomas-1.html,0,Marcus Thomas,DB,0.0,Illinois,2026-04-01T18:15:19.246Z,11,season_totals,0.5
0,,SR,0,CUSA,2012,0,0,0,0,7,0,0,0,https://www.sports-reference.com/cfb/players/marcus-williams-1.html,0,Marcus Williams,WR,0.0,Houston,2026-04-01T18:15:38.924Z,0,season_totals,0.0
12,,SR,31,CUSA,2012,2,0,0,0,13,0,9,1,https://www.sports-reference.com/cfb/players/margus-hunt-1.html,0,Margus Hunt,DL,8.0,SMU,2026-04-01T18:15:45.947Z,19,season_totals,11.5
19,,JR,44,ACC,2014,2,0,0,0,13,0,0,0,https://www.sports-reference.com/cfb/players/mario-edwards-jr-1.html,5,Mario Edwards Jr.,DL/DE,3.0,Florida State,2026-04-01T18:15:52.878Z,25,season_totals,11.0
30,,JR,62,ACC,2005,1,0,0,0,12,0,0,0,https://www.sports-reference.com/cfb/players/mario-williams-1.html,0,Mario Williams,DL,14.5,North Carolina State,2026-04-01T18:16:18.109Z,32,season_totals,24.0
21,,SR,44,Ind,2023,1,1,0,0,12,0,0,0,https://www.sports-reference.com/cfb/players/marist-liufau-1.html,2,Marist Liufau,LB,3.0,Notre Dame,2026-04-01T18:16:25.090Z,23,season_totals,6.0
17,,SR,40,SEC,2005,1,0,0,0,12,0,0,0,https://www.sports-reference.com/cfb/players/mark-anderson-1.html,0,Mark Anderson,LB,6.5,Alabama,2026-04-01T18:16:32.198Z,23,season_totals,14.5
25,AA,SR,68,SEC,2011,0,1,0,0,13,0,14,2,https://www.sports-reference.com/cfb/players/mark-barron-1.html,5,Mark Barron,DB,1.0,Alabama,2026-04-01T18:16:39.147Z,43,season_totals,5.0
25,,SR,60,MWC,2014,2,1,0,0,7,0,0,0,https://www.sports-reference.com/cfb/players/mark-nzeocha-1.html,5,Mark Nzeocha,LB/DB,2.0,Wyoming,2026-04-01T18:16:46.214Z,35,season_totals,3.0
11,,SR,21,SEC,2020,0,0,0,0,8,0,13,1,https://www.sports-reference.com/cfb/players/mark-webb-1.html,2,Mark Webb,DB,0.0,Georgia,2026-04-01T18:16:53.298Z,10,season_totals,0.0
4,,SR,14,Big Ten,2019,0,0,0,0,4,0,0,0,https://www.sports-reference.com/cfb/players/markus-bailey-1.html,0,Markus Bailey,LB,1.0,Purdue,2026-04-01T18:17:00.326Z,10,season_totals,2.0
43,,SR,78,SEC,2014,3,3,1,21,13,0,0,0,https://www.sports-reference.com/cfb/players/markus-golden-1.html,2,Markus Golden,LB/DL,10.0,Missouri,2026-04-01T18:17:07.213Z,35,season_totals,20.0
22,,SR,45,ACC,2011,0,0,0,0,13,0,0,0,https://www.sports-reference.com/cfb/players/markus-kuhn-1.html,3,Markus Kuhn,DL,4.5,North Carolina State,2026-04-01T18:17:14.321Z,23,season_totals,9.5
19,,SR,48,SEC,2019,2,1,0,0,12,0,0,0,https://www.sports-reference.com/cfb/players/marlon-davidson-1.html,1,Marlon Davidson,DL/DE,7.5,Auburn,2026-04-01T18:17:35.347Z,29,season_totals,12.5
10,,SO,36,SEC,2016,1,0,0,0,15,1,18,2,https://www.sports-reference.com/cfb/players/marlon-humphrey-1.html,5,Marlon Humphrey,DB,0.0,Alabama,2026-04-01T18:17:42.335Z,26,season_totals,3.0
42,,SR,105,ACC,2016,3,0,0,0,13,0,0,0,https://www.sports-reference.com/cfb/players/marquel-lee-1.html,0,Marquel Lee,LB,7.5,Wake Forest,2026-04-01T18:18:03.573Z,63,season_totals,20.0
53,,SR,127,MWC,2013,1,2,0,0,12,0,0,2,https://www.sports-reference.com/cfb/players/marqueston-huff-1.html,6,Marqueston Huff,DB/CB,0.0,Wyoming,2026-04-01T18:18:17.428Z,74,season_totals,3.0
18,,SR,45,SEC,2017,3,0,0,0,12,0,0,0,https://www.sports-reference.com/cfb/players/marquis-haynes-1.html,0,Marquis Haynes,DE,7.5,Ole Miss,2026-04-01T18:18:31.483Z,27,season_totals,11.0
15,,SR,59,Pac-12,2018,1,0,0,0,14,0,5,2,https://www.sports-reference.com/cfb/players/marquise-blair-1.html,2,Marquise Blair,DB,0.0,Utah,2026-04-01T18:18:38.439Z,44,season_totals,2.0
28,,JR,57,MAC,2023,2,0,0,0,10,0,0,0,https://www.sports-reference.com/cfb/players/marshawn-kneeland-1.html,0,Marshawn Kneeland,DE/DL,4.5,Western Michigan,2026-04-01T18:18:51.173Z,29,season_totals,7.5
11,,SO,41,Big Ten,2016,0,0,0,0,13,1,61,4,https://www.sports-reference.com/cfb/players/marshon-lattimore-1.html,9,Marshon Lattimore,CB,0.0,Ohio State,2026-04-01T18:18:58.195Z,30,season_totals,1.0
65,,JR,112,Big Ten,2010,3,0,0,0,13,0,1,1,https://www.sports-reference.com/cfb/players/martez-wilson-1.html,0,Martez Wilson,LB,4.0,Illinois,2026-04-01T18:19:05.372Z,47,season_totals,11.5
18,,JR,49,SEC,2021,0,0,0,0,12,0,0,0,https://www.sports-reference.com/cfb/players/martin-emerson-1.html,3,Martin Emerson,CB,0.0,Mississippi State,2026-04-01T18:19:12.191Z,31,season_totals,3.0
65,,SR,128,SEC,2014,2,1,0,0,13,0,30,1,https://www.sports-reference.com/cfb/players/martrell-spaight-1.html,3,Martrell Spaight,LB,1.0,Arkansas,2026-04-01T18:19:19.280Z,63,season_totals,10.5
20,,JR,42,ACC,2009,1,1,0,3,13,0,0,0,https://www.sports-reference.com/cfb/players/marvin-austin-1.html,3,Marvin Austin,DL,4.0,North Carolina,2026-04-01T18:19:40.299Z,22,season_totals,6.0
29,,SR,104,SEC,2006,1,0,0,0,13,1,17,1,https://www.sports-reference.com/cfb/players/marvin-mitchell-1.html,0,Marvin Mitchell,LB,1.0,Tennessee,2026-04-01T18:19:47.411Z,75,season_totals,10.5
28,,SR,86,MWC,2006,2,0,0,0,13,0,45,4,https://www.sports-reference.com/cfb/players/marvin-white-1.html,0,Marvin White,DB,1.0,Texas Christian,2026-04-01T18:19:54.372Z,58,season_totals,3.0
57,,SR,163,Pac-10,2010,2,0,0,0,13,0,0,0,https://www.sports-reference.com/cfb/players/mason-foster-1.html,3,Mason Foster,LB,6.5,Washington,2026-04-01T18:20:01.668Z,106,season_totals,14.0
4,,JR,11,Ind,2011,0,0,0,0,9,0,0,0,https://www.sports-reference.com/cfb/players/mason-graham-1.html,1,Mason Graham,LB,0.0,Navy,2026-04-01T18:20:08.613Z,7,season_totals,1.0
17,,SR,51,ACC,2005,1,0,0,0,11,0,0,0,https://www.sports-reference.com/cfb/players/mathias-kiwanuka-1.html,4,Mathias Kiwanuka,DL,9.5,Boston College,2026-04-01T18:20:15.513Z,34,season_totals,16.5
18,,JR,76,SEC,2012,1,0,0,0,13,0,73,4,https://www.sports-reference.com/cfb/players/matt-elam-1.html,0,Matt Elam,DB,2.0,Florida,2026-04-01T18:20:22.439Z,58,season_totals,11.0
15,,SR,42,American,2015,0,2,0,0,14,0,0,0,https://www.sports-reference.com/cfb/players/matt-ioannidis-1.html,5,Matt Ioannidis,DL,3.5,Temple,2026-04-01T18:20:29.612Z,27,season_totals,11.5
17,,SR,58,ACC,2016,0,2,0,0,13,1,19,1,https://www.sports-reference.com/cfb/players/matt-milano-1.html,2,Matt Milano,S/LB,6.5,Boston College,2026-04-01T18:20:36.458Z,41,season_totals,11.0
5,,SO,5,ACC,2013,0,0,0,0,3,0,0,0,https://www.sports-reference.com/cfb/players/matt-roth-1.html,0,Matt Roth,DL/DE,0.0,Virginia Tech,2026-04-01T18:20:43.672Z,0,season_totals,0.5
11,,SR,40,Big Ten,2008,0,0,0,0,13,0,0,0,https://www.sports-reference.com/cfb/players/matt-shaughnessy-1.html,4,Matt Shaughnessy,DL,4.0,Wisconsin,2026-04-01T18:20:50.590Z,29,season_totals,8.0
28,,SR,47,SEC,2021,1,0,0,0,13,0,0,0,https://www.sports-reference.com/cfb/players/matthew-butler-1.html,0,Matthew Butler,DL,5.0,Tennessee,2026-04-01T18:21:25.645Z,19,season_totals,8.5
9,,SR,39,ACC,2015,1,0,0,0,12,0,0,0,https://www.sports-reference.com/cfb/players/maurice-canady-1.html,6,Maurice Canady,DB/CB,0.0,Virginia,2026-04-01T18:21:39.767Z,30,season_totals,3.0
11,,JR,32,Big Ten,2023,1,1,0,0,12,0,5,3,https://www.sports-reference.com/cfb/players/max-melton-1.html,6,Max Melton,DB,1.0,Rutgers,2026-04-01T18:21:52.144Z,21,season_totals,4.0
4,,JR,19,SEC,2024,2,0,0,0,7,1,25,1,https://www.sports-reference.com/cfb/players/maxwell-hairston-1.html,4,Maxwell Hairston,DB,1.0,Kentucky,2026-04-01T18:21:59.296Z,15,season_totals,1.0
39,,JR,70,MAC,2018,4,1,0,0,12,1,2,1,https://www.sports-reference.com/cfb/players/maxx-crosby-1.html,3,Maxx Crosby,DL,7.5,Eastern Michigan,2026-04-01T18:22:06.563Z,31,season_totals,19.0
25,,SR,48,Big Ten,2022,1,1,0,0,14,0,0,0,https://www.sports-reference.com/cfb/players/mazi-smith-1.html,0,Mazi Smith,DL,0.5,Michigan,2026-04-01T18:22:13.289Z,23,season_totals,2.5
17,,SR,27,SEC,2023,1,1,0,0,12,0,0,0,https://www.sports-reference.com/cfb/players/mckinnley-jackson-1.html,0,McKinnley Jackson,DL,3.0,Texas A&M,2026-04-01T18:22:20.497Z,10,season_totals,5.5
19,,SR,39,SEC,2019,1,1,0,0,12,0,0,0,https://www.sports-reference.com/cfb/players/mctelvin-agim-1.html,0,McTelvin Agim,DL,5.0,Arkansas,2026-04-01T18:22:27.481Z,20,season_totals,8.5
21,,SR,67,Pac-12,2022,1,1,0,0,14,0,31,3,https://www.sports-reference.com/cfb/players/mekhi-blackmon-1.html,12,Mekhi Blackmon,CB/DB,0.0,USC,2026-04-01T18:22:33.659Z,46,season_totals,2.0
14,,JR,25,SEC,2023,0,0,0,0,8,0,0,0,https://www.sports-reference.com/cfb/players/mekhi-wingo-1.html,0,Mekhi Wingo,DL/DT,4.5,LSU,2026-04-01T18:22:40.606Z,11,season_totals,5.0
17,AA,SR,48,SEC,2011,0,0,2,5,13,0,8,2,https://www.sports-reference.com/cfb/players/melvin-ingram-1.html,0,Melvin Ingram,LB/DL,10.0,South Carolina,2026-04-01T18:22:53.319Z,31,season_totals,15.0
31,,SR,64,SEC,2005,0,0,0,0,13,0,0,0,https://www.sports-reference.com/cfb/players/melvin-oliver-1.html,1,Melvin Oliver,DL,9.0,LSU,2026-04-01T18:23:00.275Z,33,season_totals,11.0
34,,SR,78,Big Ten,2012,2,0,1,9,12,0,0,1,https://www.sports-reference.com/cfb/players/micah-hyde-1.html,0,Micah Hyde,DB,0.0,Iowa,2026-04-01T18:23:07.421Z,44,season_totals,4.0
95,,SR,145,ACC,2017,0,2,0,3,13,0,0,0,https://www.sports-reference.com/cfb/players/micah-kiser-1.html,4,Micah Kiser,LB,5.0,Virginia,2026-04-01T18:23:14.282Z,50,season_totals,9.5
28,,SR,77,Big Ten,2021,2,1,0,9,12,0,0,0,https://www.sports-reference.com/cfb/players/micah-mcfadden-1.html,3,Micah McFadden,LB,6.5,Indiana,2026-04-01T18:23:21.299Z,49,season_totals,15.5
57,,SO,109,Big Ten,2019,4,1,0,0,13,0,0,0,https://www.sports-reference.com/cfb/players/micah-parsons-1.html,5,Micah Parsons,LB,5.0,Penn State,2026-04-01T18:23:28.337Z,52,season_totals,14.0
28,,SO,54,SEC,2011,1,0,0,0,14,0,0,1,https://www.sports-reference.com/cfb/players/michael-brockers-1.html,2,Michael Brockers,DL,2.0,LSU,2026-04-01T18:23:49.421Z,26,season_totals,10.0
34,,SR,57,Big Ten,2012,1,0,0,0,12,0,0,1,https://www.sports-reference.com/cfb/players/michael-buchanan-1.html,0,Michael Buchanan,DL,4.5,Illinois,2026-04-01T18:23:56.679Z,23,season_totals,7.0
5,,JR,27,SEC,2005,1,0,0,0,11,0,25,3,https://www.sports-reference.com/cfb/players/michael-coe-1.html,0,Michael Coe,DB,0.0,Arkansas,2026-04-01T18:24:03.476Z,22,season_totals,0.5
25,,SR,88,Big 12,2006,4,0,0,0,13,0,41,4,https://www.sports-reference.com/cfb/players/michael-griffin-1.html,0,Michael Griffin,DB,1.0,Texas,2026-04-01T18:24:10.464Z,63,season_totals,2.0
43,AA,SR,87,Big 12,2005,3,0,1,21,13,0,11,1,https://www.sports-reference.com/cfb/players/michael-huff-1.html,0,Michael Huff,DB,2.0,Texas,2026-04-01T18:24:24.751Z,44,season_totals,9.0
47,,SR,96,Big Ten,2012,3,0,0,0,11,0,125,3,https://www.sports-reference.com/cfb/players/michael-mauti-1.html,0,Michael Mauti,LB,2.5,Penn State,2026-04-01T18:25:03.552Z,49,season_totals,4.0
11,,SR,52,Big Ten,2019,0,1,0,0,12,0,12,3,https://www.sports-reference.com/cfb/players/michael-ojemudia-1.html,9,Michael Ojemudia,DB,0.0,Iowa,2026-04-01T18:25:10.699Z,41,season_totals,1.0
9,,SR,32,SEC,2021,1,1,1,0,10,0,0,0,https://www.sports-reference.com/cfb/players/micheal-clemons-1.html,2,Micheal Clemons,DL,7.0,Texas A&M,2026-04-01T18:25:31.553Z,23,season_totals,11.0
15,,SR,58,ACC,2011,0,0,0,0,13,0,89,1,https://www.sports-reference.com/cfb/players/mike-harris-1.html,0,Mike Harris,DB,1.0,Florida State,2026-04-01T18:26:20.902Z,43,season_totals,6.0
8,,SR,41,Big East,2007,0,0,0,0,13,0,41,3,https://www.sports-reference.com/cfb/players/mike-jenkins-1.html,0,Mike Jenkins,DB,0.0,South Florida,2026-04-01T18:26:41.784Z,33,season_totals,4.0
48,,SR,94,Pac-10,2010,2,0,0,0,11,1,41,1,https://www.sports-reference.com/cfb/players/mike-mohamed-1.html,0,Mike Mohamed,LB,2.0,California,2026-04-01T18:26:56.042Z,46,season_totals,5.0
1,,SO,1,Ind,2005,0,0,0,0,3,0,0,0,https://www.sports-reference.com/cfb/players/mike-neal-1.html,0,Mike Neal,RB,0.0,Temple,2026-04-01T18:27:09.862Z,0,season_totals,0.0
18,,SR,44,Big Ten,2023,2,0,0,0,15,2,232,6,https://www.sports-reference.com/cfb/players/mike-sainristil-1.html,6,Mike Sainristil,WR/CB/DB,1.0,Michigan,2026-04-01T18:27:30.908Z,26,season_totals,4.0
32,,SR,78,MWC,2011,0,2,0,0,13,0,0,0,https://www.sports-reference.com/cfb/players/miles-burris-1.html,1,Miles Burris,LB,8.0,San Diego State,2026-04-01T18:27:37.912Z,46,season_totals,19.5
23,,JR,44,CUSA,2020,0,1,0,0,10,0,0,0,https://www.sports-reference.com/cfb/players/milton-williams-1.html,0,Milton Williams,DE/DL,4.5,Louisiana Tech,2026-04-01T18:27:50.490Z,21,season_totals,10.0
22,"Bednarik,AA",JR,60,SEC,2017,1,0,0,0,13,0,0,1,https://www.sports-reference.com/cfb/players/minkah-fitzpatrick-1.html,8,Minkah Fitzpatrick,DB,1.5,Alabama,2026-04-01T18:27:57.525Z,38,season_totals,8.0
27,,SR,56,MWC,2023,2,1,1,5,12,0,0,0,https://www.sports-reference.com/cfb/players/mohamed-kamara-1.html,1,Mohamed Kamara,LB/DL,13.0,Colorado State,2026-04-01T18:28:04.566Z,29,season_totals,17.0
36,,SR,77,ACC,2008,0,0,0,0,13,0,0,0,https://www.sports-reference.com/cfb/players/moise-fokou-1.html,2,Moise Fokou,LB,5.0,Maryland,2026-04-01T18:28:11.548Z,41,season_totals,12.0
47,,JR,86,Big Ten,2016,0,1,0,0,11,0,10,1,https://www.sports-reference.com/cfb/players/montae-nicholson-1.html,2,Montae Nicholson,DB/S,0.0,Michigan State,2026-04-01T18:28:24.216Z,39,season_totals,2.0
30,,SR,54,SEC,2021,1,1,0,0,13,0,0,5,https://www.sports-reference.com/cfb/players/montaric-brown-1.html,6,Montaric Brown,DB,0.0,Arkansas,2026-04-01T18:28:31.220Z,24,season_totals,1.0
20,,SR,49,Big East,2005,1,0,0,0,11,0,0,0,https://www.sports-reference.com/cfb/players/montavious-stanley-1.html,1,Montavious Stanley,DL,6.0,Louisville,2026-04-01T18:28:38.219Z,29,season_totals,10.0
26,,SR,53,SEC,2018,1,0,0,0,13,0,0,0,https://www.sports-reference.com/cfb/players/montez-sweat-1.html,0,Montez Sweat,DE/DL,11.5,Mississippi State,2026-04-01T18:28:45.203Z,27,season_totals,14.0
10,,SO,17,SEC,2010,1,0,0,0,12,0,0,0,https://www.sports-reference.com/cfb/players/montori-hughes-1.html,2,Montori Hughes,DL,1.0,Tennessee,2026-04-01T18:28:52.291Z,7,season_totals,3.5
18,,SR,44,SEC,2016,1,2,1,13,13,0,7,1,https://www.sports-reference.com/cfb/players/montravius-adams-1.html,2,Montravius Adams,DT,4.5,Auburn,2026-04-01T18:28:59.273Z,26,season_totals,8.5
37,,JR,85,ACC,2009,1,0,0,0,14,0,40,4,https://www.sports-reference.com/cfb/players/morgan-burnett-1.html,0,Morgan Burnett,DB,0.0,Georgia Tech,2026-04-01T18:29:24.266Z,48,season_totals,4.0
13,,SR,41,Big Ten,2008,0,0,0,0,12,0,0,3,https://www.sports-reference.com/cfb/players/morgan-trent-1.html,0,Morgan Trent,DB,0.0,Michigan,2026-04-01T18:29:25.866Z,28,season_totals,2.5
16,,SR,32,Big 12,2022,0,0,0,0,12,0,0,0,https://www.sports-reference.com/cfb/players/moro-ojomo-1.html,0,Moro Ojomo,DL,3.0,Texas,2026-04-01T18:29:38.077Z,16,season_totals,5.5
19,AA,JR,51,SEC,2011,0,0,0,0,14,1,173,6,https://www.sports-reference.com/cfb/players/morris-claiborne-1.html,6,Morris Claiborne,DB,0.0,LSU,2026-04-01T18:29:45.267Z,32,season_totals,1.0
25,,JR,70,MAC,2010,2,0,0,0,12,0,0,0,https://www.sports-reference.com/cfb/players/muhammad-wilkerson-1.html,0,Muhammad Wilkerson,DL,9.5,Temple,2026-04-01T18:29:52.436Z,45,season_totals,13.0
37,,SR,106,Pac-12,2011,0,2,0,0,13,0,62,2,https://www.sports-reference.com/cfb/players/mychal-kendricks-1.html,2,Mychal Kendricks,LB,3.0,California,2026-04-01T18:29:59.366Z,69,season_totals,14.5
24,,SR,41,American,2021,0,1,0,0,14,0,0,0,https://www.sports-reference.com/cfb/players/myjai-sanders-1.html,6,Myjai Sanders,DE/DL,2.5,Cincinnati,2026-04-01T18:30:06.337Z,17,season_totals,6.5
40,,SR,96,MWC,2019,1,1,0,0,12,0,0,0,https://www.sports-reference.com/cfb/players/mykal-walker-1.html,4,Mykal Walker,DE/LB,2.5,Fresno State,2026-04-01T18:30:13.502Z,56,season_totals,9.0
6,,JR,21,SEC,2024,2,0,0,0,12,0,0,0,https://www.sports-reference.com/cfb/players/mykel-williams-1.html,2,Mykel Williams,DL,5.0,Georgia,2026-04-01T18:30:20.271Z,15,season_totals,8.5
11,,SR,32,Big 12,2023,0,0,0,0,12,0,0,0,https://www.sports-reference.com/cfb/players/myles-cole-1.html,1,Myles Cole,DE,3.5,Texas Tech,2026-04-01T18:30:27.362Z,21,season_totals,6.5
15,AA,JR,33,SEC,2016,2,1,0,0,11,0,0,0,https://www.sports-reference.com/cfb/players/myles-garrett-1.html,1,Myles Garrett,DL,8.5,Texas A&M,2026-04-01T18:30:34.377Z,18,season_totals,15.0
6,,JR,15,Pac-12,2015,0,0,0,0,3,0,3,1,https://www.sports-reference.com/cfb/players/myles-jack-1.html,1,Myles Jack,LB,0.0,UCLA,2026-04-01T18:30:41.383Z,9,season_totals,0.0
18,,JR,40,ACC,2022,1,0,0,0,13,0,0,0,https://www.sports-reference.com/cfb/players/myles-murphy-1.html,2,Myles Murphy,DE,6.5,Clemson,2026-04-01T18:30:48.547Z,22,season_totals,11.0
15,,SR,41,SEC,2009,0,0,0,0,11,0,50,4,https://www.sports-reference.com/cfb/players/myron-lewis-1.html,0,Myron Lewis,DB,0.0,Vanderbilt,2026-04-01T18:30:55.625Z,26,season_totals,2.5
18,,SR,36,SEC,2008,2,1,1,72,12,0,0,0,https://www.sports-reference.com/cfb/players/myron-pryor-1.html,2,Myron Pryor,DL,4.5,Kentucky,2026-04-01T18:31:02.502Z,18,season_totals,11.0
7,,JR,30,Pac-12,2020,1,0,0,0,6,0,0,2,https://www.sports-reference.com/cfb/players/nahshon-wright-1.html,4,Nahshon Wright,DB,1.0,Oregon State,2026-04-01T18:31:10.522Z,23,season_totals,1.0
44,,SR,87,Big East,2011,1,1,0,0,13,0,15,1,https://www.sports-reference.com/cfb/players/najee-goode-1.html,1,Najee Goode,LB,5.0,West Virginia,2026-04-01T18:31:16.546Z,43,season_totals,14.0
36,AA,JR,72,SEC,2021,2,0,0,0,15,1,50,2,https://www.sports-reference.com/cfb/players/nakobe-dean-1.html,6,Nakobe Dean,LB,6.0,Georgia,2026-04-01T18:31:23.584Z,36,season_totals,10.5
39,,SR,99,MWC,2013,0,2,0,0,13,0,0,0,https://www.sports-reference.com/cfb/players/nat-berhe-1.html,6,Nat Berhe,DB,1.0,San Diego State,2026-04-01T18:31:43.242Z,60,season_totals,5.5
45,,SR,85,Big East,2009,1,0,1,0,13,0,55,4,https://www.sports-reference.com/cfb/players/nate-allen-1.html,0,Nate Allen,DB,0.0,South Florida,2026-04-01T18:31:50.360Z,40,season_totals,1.0
46,,SR,92,ACC,2010,3,0,0,0,13,0,0,0,https://www.sports-reference.com/cfb/players/nate-irving-1.html,6,Nate Irving,LB,7.0,North Carolina State,2026-04-01T18:32:15.331Z,46,season_totals,21.5
30,,SR,84,Pac-12,2014,3,1,0,0,13,0,0,0,https://www.sports-reference.com/cfb/players/nate-orchard-1.html,3,Nate Orchard,DE,18.5,Utah,2026-04-01T18:32:22.336Z,54,season_totals,21.0
16,,SR,43,Big Ten,2005,1,0,0,0,12,0,0,1,https://www.sports-reference.com/cfb/players/nate-salley-1.html,0,Nate Salley,DB,0.0,Ohio State,2026-04-01T18:32:29.438Z,27,season_totals,1.5
6,,JR,29,ACC,2023,2,0,0,0,10,1,52,2,https://www.sports-reference.com/cfb/players/nate-wiggins-1.html,6,Nate Wiggins,CB,1.0,Clemson,2026-04-01T18:32:41.880Z,23,season_totals,1.0
41,,SR,80,Big Ten,2011,0,0,0,0,13,0,24,2,https://www.sports-reference.com/cfb/players/nathan-stupar-1.html,0,Nathan Stupar,LB,2.0,Penn State,2026-04-01T18:32:54.644Z,39,season_totals,5.5
102,,SR,137,SEC,2023,2,2,0,0,12,0,16,1,https://www.sports-reference.com/cfb/players/nathaniel-watson-1.html,2,Nathaniel Watson,LB,10.0,Mississippi State,2026-04-01T18:33:08.714Z,35,season_totals,13.0
19,,SR,51,Big Ten,2017,0,0,0,0,14,1,40,2,https://www.sports-reference.com/cfb/players/natrell-jamerson-1.html,10,Natrell Jamerson,WR/CB/S,1.5,Wisconsin,2026-04-01T18:33:15.690Z,32,season_totals,3.5
41,,JR,93,Big Ten,2009,0,0,1,91,11,1,86,2,https://www.sports-reference.com/cfb/players/navorro-bowman-1.html,0,Navorro Bowman,LB,3.0,Penn State,2026-04-01T18:33:22.795Z,52,season_totals,17.0
38,,JR,70,ACC,2016,1,1,0,0,12,0,0,0,https://www.sports-reference.com/cfb/players/nazair-jones-1.html,3,Nazair Jones,DT,2.5,North Carolina,2026-04-01T18:33:29.879Z,32,season_totals,9.5
33,"H-4,Nagurski,Bednarik,AA",SR,85,Big 12,2009,1,0,0,0,14,0,0,1,https://www.sports-reference.com/cfb/players/ndamukong-suh-1.html,0,Ndamukong Suh,DL,12.0,Nebraska,2026-04-01T18:33:36.693Z,52,season_totals,20.5
4,,SR,22,SEC,2023,0,0,0,0,9,0,33,1,https://www.sports-reference.com/cfb/players/nehemiah-pritchett-1.html,3,Nehemiah Pritchett,DB/CB,0.0,Auburn,2026-04-01T18:33:43.840Z,18,season_totals,1.0
33,,SR,49,SEC,2014,1,0,0,0,9,0,0,0,https://www.sports-reference.com/cfb/players/neiron-ball-1.html,1,Neiron Ball,LB,2.0,Florida,2026-04-01T18:33:56.509Z,16,season_totals,3.0
12,,SR,30,Big 12,2019,2,0,0,0,14,0,0,0,https://www.sports-reference.com/cfb/players/neville-gallimore-1.html,1,Neville Gallimore,DL/DT,4.0,Oklahoma,2026-04-01T18:34:03.510Z,18,season_totals,7.5
24,,SR,57,MWC,2013,1,0,0,0,12,1,65,4,https://www.sports-reference.com/cfb/players/nevin-lawson-1.html,14,Nevin Lawson,DB/CB,0.0,Utah State,2026-04-01T18:34:10.510Z,33,season_totals,5.0
28,,SR,75,Big 12,2008,3,0,0,0,14,0,8,1,https://www.sports-reference.com/cfb/players/nic-harris-1.html,0,Nic Harris,DB,0.0,Oklahoma,2026-04-01T18:34:17.563Z,47,season_totals,3.0
7,,SR,23,MAC,2022,0,0,0,0,11,0,12,2,https://www.sports-reference.com/cfb/players/nic-jones-1.html,12,Nic Jones,CB/DB,0.0,Ball State,2026-04-01T18:34:24.599Z,16,season_totals,0.0
40,,JR,95,SEC,2020,0,1,0,8,10,0,0,0,https://www.sports-reference.com/cfb/players/nick-bolton-1.html,5,Nick Bolton,LB,2.0,Missouri,2026-04-01T18:34:44.211Z,55,season_totals,8.0
3,,JR,14,Big Ten,2018,1,2,1,0,3,0,0,0,https://www.sports-reference.com/cfb/players/nick-bosa-1.html,0,Nick Bosa,DE/DL,4.0,Ohio State,2026-04-01T18:34:51.266Z,11,season_totals,6.0
22,,JR,67,Big Ten,2021,2,0,0,0,13,0,55,3,https://www.sports-reference.com/cfb/players/nick-cross-1.html,4,Nick Cross,DB,3.0,Maryland,2026-04-01T18:35:05.263Z,45,season_totals,3.5
31,,JR,88,SEC,2024,0,0,0,0,13,2,107,4,https://www.sports-reference.com/cfb/players/nick-emmanwori-1.html,2,Nick Emmanwori,DB,0.0,South Carolina,2026-04-01T18:35:17.769Z,57,season_totals,3.0
24,AA,JR,60,SEC,2010,2,0,0,0,14,0,-1,1,https://www.sports-reference.com/cfb/players/nick-fairley-1.html,0,Nick Fairley,DL,11.5,Auburn,2026-04-01T18:35:24.838Z,36,season_totals,24.0
20,,JR,39,Sun Belt,2022,3,2,0,0,9,0,0,0,https://www.sports-reference.com/cfb/players/nick-hampton-1.html,1,Nick Hampton,LB,7.0,Appalachian State,2026-04-01T18:35:36.877Z,19,season_totals,9.5
23,,SR,48,Big Ten,2007,0,0,0,0,13,0,0,0,https://www.sports-reference.com/cfb/players/nick-hayden-1.html,2,Nick Hayden,DL,4.5,Wisconsin,2026-04-01T18:35:39.032Z,25,season_totals,8.5
14,,JR,47,Big Ten,2022,2,0,0,0,11,0,0,0,https://www.sports-reference.com/cfb/players/nick-herbig-1.html,2,Nick Herbig,LB,11.0,Wisconsin,2026-04-01T18:35:45.981Z,33,season_totals,15.5
23,,SR,85,Big 12,2015,1,1,0,0,13,0,0,3,https://www.sports-reference.com/cfb/players/nick-kwiatkoski-1.html,5,Nick Kwiatkoski,DB/LB,4.0,West Virginia,2026-04-01T18:35:52.946Z,62,season_totals,11.5
13,,SR,20,ACC,2012,0,0,0,0,14,0,0,0,https://www.sports-reference.com/cfb/players/nick-moody-1.html,1,Nick Moody,DB,1.0,Florida State,2026-04-01T18:36:00.028Z,7,season_totals,1.5
23,,JR,54,Pac-12,2011,3,0,0,0,12,0,0,0,https://www.sports-reference.com/cfb/players/nick-perry-1.html,3,Nick Perry,DL,9.5,USC,2026-04-01T18:36:13.941Z,31,season_totals,13.0
76,,JR,144,MWC,2015,2,2,0,0,13,0,0,0,https://www.sports-reference.com/cfb/players/nick-vigil-1.html,2,Nick Vigil,LB,3.0,Utah State,2026-04-01T18:36:28.038Z,68,season_totals,13.5
19,,JR,47,Big 12,2024,1,1,0,0,5,0,0,0,https://www.sports-reference.com/cfb/players/nickolas-martin-1.html,2,Nickolas Martin,LB,1.0,Oklahoma State,2026-04-01T18:36:35.093Z,28,season_totals,7.5
32,,SR,55,SEC,2012,2,0,0,0,14,0,0,0,https://www.sports-reference.com/cfb/players/nico-johnson-1.html,1,Nico Johnson,LB,0.0,Alabama,2026-04-01T18:36:42.093Z,23,season_totals,2.0
30,,SR,86,ACC,2011,1,0,0,0,13,0,17,2,https://www.sports-reference.com/cfb/players/nigel-bradham-1.html,0,Nigel Bradham,LB,2.0,Florida State,2026-04-01T18:36:49.071Z,56,season_totals,9.5
16,,JR,39,Big 12,2021,1,3,0,70,12,0,0,0,https://www.sports-reference.com/cfb/players/nik-bonitto-1.html,1,Nik Bonitto,LB,7.0,Oklahoma,2026-04-01T18:36:56.179Z,23,season_totals,15.0
14,,JR,42,SEC,2019,0,0,0,0,13,0,0,0,https://www.sports-reference.com/cfb/players/noah-igbinoghene-1.html,7,Noah Igbinoghene,WR/DB,0.0,Auburn,2026-04-01T18:37:17.215Z,28,season_totals,1.0
32,,SO,56,Pac-12,2022,0,1,0,21,12,0,0,1,https://www.sports-reference.com/cfb/players/noah-sewell-1.html,4,Noah Sewell,LB,1.5,Oregon,2026-04-01T18:37:24.280Z,24,season_totals,5.5
0,,,0,Big Ten,2014,0,0,0,0,2,0,0,0,https://www.sports-reference.com/cfb/players/noah-spence-1.html,0,Noah Spence,DL,0.0,Ohio State,2026-04-01T18:37:33.137Z,0,season_totals,0.0
19,AA,SR,52,ACC,2024,1,0,0,0,13,1,54,7,https://www.sports-reference.com/cfb/players/nohl-williams-1.html,9,Nohl Williams,DB,0.0,California,2026-04-01T18:37:38.362Z,33,season_totals,1.0
6,,SR,10,ACC,2009,0,0,0,0,2,0,0,0,https://www.sports-reference.com/cfb/players/nolan-carroll-1.html,1,Nolan Carroll,WR/DB,0.0,Maryland,2026-04-01T18:37:45.510Z,4,season_totals,0.0
4,,SR,18,SEC,2022,0,0,0,0,8,0,0,0,https://www.sports-reference.com/cfb/players/nolan-smith-1.html,1,Nolan Smith,LB,3.0,Georgia,2026-04-01T18:37:52.311Z,14,season_totals,7.0
19,,SR,62,Big Ten,2009,3,0,0,0,13,0,0,0,https://www.sports-reference.com/cfb/players/obrien-schofield-1.html,1,O'Brien Schofield,LB/DL,12.0,Wisconsin,2026-04-01T18:38:06.354Z,43,season_totals,24.5
45,,SR,118,American,2016,0,1,0,0,12,0,6,4,https://www.sports-reference.com/cfb/players/obi-melifonwu-1.html,3,Obi Melifonwu,S,0.0,Connecticut,2026-04-01T18:38:13.415Z,73,season_totals,2.5
11,,SR,28,Pac-12,2014,1,0,0,0,12,0,0,0,https://www.sports-reference.com/cfb/players/obum-gwacham-1.html,0,Obum Gwacham,WR,4.0,Oregon State,2026-04-01T18:38:20.484Z,17,season_totals,5.5
24,,JR,48,Big Ten,2022,0,0,0,0,12,0,0,0,https://www.sports-reference.com/cfb/players/ochaun-mathis-1.html,2,Ochaun Mathis,DE,3.5,Nebraska,2026-04-01T18:38:27.423Z,24,season_totals,5.0
3,,JR,18,ACC,2011,1,1,0,0,6,0,0,0,https://www.sports-reference.com/cfb/players/olivier-vernon-1.html,0,Olivier Vernon,DL,1.5,Miami (FL),2026-04-01T18:38:42.817Z,15,season_totals,3.5
15,,JR,52,Pac-10,2010,1,0,0,0,12,1,85,3,https://www.sports-reference.com/cfb/players/omar-bolden-1.html,7,Omar Bolden,DB,0.0,Arizona State,2026-04-01T18:38:54.018Z,37,season_totals,3.0
28,,SR,78,SEC,2005,4,0,0,0,11,0,0,0,https://www.sports-reference.com/cfb/players/omar-gaither-1.html,1,Omar Gaither,LB,4.0,Tennessee,2026-04-01T18:39:01.202Z,50,season_totals,8.0
10,,SR,18,SEC,2024,0,0,0,0,13,0,0,0,https://www.sports-reference.com/cfb/players/omarr-norman-lott-1.html,0,Omarr Norman-Lott,DL,4.0,Tennessee,2026-04-01T18:39:15.175Z,8,season_totals,4.0
37,,SR,82,SEC,2017,0,1,0,0,12,0,9,1,https://www.sports-reference.com/cfb/players/oren-burks-1.html,3,Oren Burks,DB/S/LB,1.0,Vanderbilt,2026-04-01T18:39:22.021Z,45,season_totals,7.0
22,,SR,40,ACC,2005,0,0,0,0,12,0,0,0,https://www.sports-reference.com/cfb/players/orien-harris-1.html,0,Orien Harris,DL,3.5,Miami (FL),2026-04-01T18:39:29.146Z,18,season_totals,11.0
14,,JR,50,WAC,2007,2,0,0,0,13,0,42,2,https://www.sports-reference.com/cfb/players/orlando-scandrick-1.html,0,Orlando Scandrick,DB,0.5,Boise State,2026-04-01T18:39:43.324Z,36,season_totals,3.0
26,,SR,58,CUSA,2018,4,0,0,0,12,0,14,1,https://www.sports-reference.com/cfb/players/oshane-ximines-1.html,2,Oshane Ximines,DE,12.0,Old Dominion,2026-04-01T18:39:50.294Z,32,season_totals,18.5
16,,SR,30,Pac-12,2021,1,1,0,0,12,0,0,0,https://www.sports-reference.com/cfb/players/otito-ogbonnia-1.html,1,Otito Ogbonnia,DL,2.0,UCLA,2026-04-01T18:39:57.284Z,14,season_totals,5.0
40,,SR,91,SEC,2022,2,0,0,0,12,0,0,1,https://www.sports-reference.com/cfb/players/owen-pappoe-1.html,3,Owen Pappoe,LB,2.0,Auburn,2026-04-01T18:40:04.460Z,51,season_totals,3.0
22,,JR,74,ACC,2014,1,1,0,0,13,0,14,1,https://www.sports-reference.com/cfb/players/pj-williams-1.html,10,P.J. Williams,DB,1.0,Florida State,2026-04-01T18:40:11.402Z,52,season_totals,6.5
7,,SR,55,American,2017,0,0,0,0,12,0,8,6,https://www.sports-reference.com/cfb/players/parry-nickerson-1.html,8,Parry Nickerson,CB,0.0,Tulane,2026-04-01T18:40:18.358Z,48,season_totals,2.0
12,,SR,45,SEC,2005,3,1,0,17,11,0,0,0,https://www.sports-reference.com/cfb/players/parys-haralson-1.html,1,Parys Haralson,DL,8.5,Tennessee,2026-04-01T18:40:25.345Z,33,season_totals,17.0
97,,SR,145,Big Ten,2009,2,0,0,0,13,0,38,1,https://www.sports-reference.com/cfb/players/pat-angerer-1.html,0,Pat Angerer,LB,1.0,Iowa,2026-04-01T18:40:32.380Z,48,season_totals,5.0
8,,JR,37,SEC,2007,2,1,1,21,13,0,0,0,https://www.sports-reference.com/cfb/players/pat-sims-1.html,3,Pat Sims,DL,4.5,Auburn,2026-04-01T18:40:45.066Z,29,season_totals,11.5
33,,SR,77,ACC,2005,1,0,0,0,13,0,34,3,https://www.sports-reference.com/cfb/players/pat-watkins-1.html,0,Pat Watkins,DB,0.0,Florida State,2026-04-01T18:40:52.213Z,44,season_totals,2.5
34,,SR,92,Pac-10,2008,1,0,0,0,13,1,31,1,https://www.sports-reference.com/cfb/players/patrick-chung-1.html,0,Patrick Chung,DB,2.0,Oregon,2026-04-01T18:41:06.260Z,58,season_totals,6.5
6,,SR,8,SEC,2010,1,0,0,0,9,0,0,0,https://www.sports-reference.com/cfb/players/patrick-jones-1.html,0,Patrick Jones,DL,0.0,Arkansas,2026-04-01T18:41:20.312Z,2,season_totals,0.0
13,"Bednarik,AA",JR,42,SEC,2010,0,0,0,0,13,0,134,4,https://www.sports-reference.com/cfb/players/patrick-peterson-1.html,0,Patrick Peterson,DB,0.0,LSU,2026-04-01T18:41:27.358Z,29,season_totals,1.5
48,,JR,85,SEC,2019,0,1,0,10,15,0,16,1,https://www.sports-reference.com/cfb/players/patrick-queen-1.html,2,Patrick Queen,LB,3.0,LSU,2026-04-01T18:41:34.297Z,37,season_totals,12.0
16,,SR,52,ACC,2009,2,0,0,0,12,0,0,0,https://www.sports-reference.com/cfb/players/patrick-robinson-1.html,0,Patrick Robinson,DB,0.0,Florida State,2026-04-01T18:41:41.277Z,36,season_totals,3.0
50,AA,SR,137,SEC,2006,2,1,0,2,12,0,0,0,https://www.sports-reference.com/cfb/players/patrick-willis-1.html,7,Patrick Willis,LB,3.0,Ole Miss,2026-04-01T18:41:48.326Z,87,season_totals,11.5
55,AA,SR,136,Big 12,2014,2,3,0,0,13,1,48,4,https://www.sports-reference.com/cfb/players/paul-dawson-1.html,5,Paul Dawson,LB,6.0,Texas Christian,2026-04-01T18:41:55.375Z,81,season_totals,20.0
30,,SO,61,MWC,2008,2,0,0,0,13,0,30,1,https://www.sports-reference.com/cfb/players/paul-kruger-1.html,0,Paul Kruger,DL,7.5,Utah,2026-04-01T18:42:02.423Z,31,season_totals,16.5
47,"Bednarik,AA",SR,116,Big Ten,2006,2,0,0,0,13,0,0,0,https://www.sports-reference.com/cfb/players/paul-posluszny-1.html,4,Paul Posluszny,LB,3.0,Penn State,2026-04-01T18:42:09.316Z,69,season_totals,9.5
24,,SR,36,MWC,2006,1,0,0,0,12,0,0,0,https://www.sports-reference.com/cfb/players/paul-soliai-1.html,4,Paul Soliai,DL,2.0,Utah,2026-04-01T18:42:16.466Z,12,season_totals,3.5
10,,JR,33,Pac-12,2019,0,0,0,0,9,0,4,4,https://www.sports-reference.com/cfb/players/paulson-adebo-1.html,10,Paulson Adebo,CB,0.0,Stanford,2026-04-01T18:42:23.413Z,23,season_totals,0.0
8,,SR,25,American,2020,1,0,0,0,5,0,0,0,https://www.sports-reference.com/cfb/players/payton-turner-1.html,0,Payton Turner,DL,5.0,Houston,2026-04-01T18:42:30.548Z,17,season_totals,10.5
69,"Bednarik,AA",SR,138,ACC,2023,1,2,0,10,12,1,19,3,https://www.sports-reference.com/cfb/players/payton-wilson-1.html,6,Payton Wilson,LB,6.0,North Carolina State,2026-04-01T18:42:37.381Z,69,season_totals,17.5
24,,JR,61,Sun Belt,2021,0,2,0,0,13,0,0,1,https://www.sports-reference.com/cfb/players/percy-butler-1.html,4,Percy Butler,DB/S,0.0,Louisiana,2026-04-01T18:42:44.466Z,37,season_totals,6.0
24,,SR,49,SEC,2008,2,1,1,13,12,0,0,0,https://www.sports-reference.com/cfb/players/peria-jerry-1.html,1,Peria Jerry,DL,7.0,Ole Miss,2026-04-01T18:42:51.477Z,25,season_totals,18.0
21,,SR,35,SEC,2010,1,0,0,0,13,0,0,0,https://www.sports-reference.com/cfb/players/pernell-mcphee-1.html,4,Pernell McPhee,DL,2.0,Mississippi State,2026-04-01T18:42:58.457Z,14,season_totals,10.0
12,,SR,23,Big 12,2021,1,0,0,0,12,0,0,0,https://www.sports-reference.com/cfb/players/perrion-winfrey-1.html,0,Perrion Winfrey,DL,5.5,Oklahoma,2026-04-01T18:43:05.429Z,11,season_totals,11.0
3,,SR,36,Big 12,2009,0,0,0,0,11,0,12,4,https://www.sports-reference.com/cfb/players/perrish-cox-1.html,0,Perrish Cox,DB,0.0,Oklahoma State,2026-04-01T18:43:12.600Z,33,season_totals,1.0
57,,SR,97,SEC,2009,1,0,0,0,13,0,0,1,https://www.sports-reference.com/cfb/players/perry-riley-1.html,0,Perry Riley,LB,0.0,LSU,2026-04-01T18:43:19.589Z,40,season_totals,4.5
26,,SR,54,Big Ten,2020,2,0,0,0,8,0,0,0,https://www.sports-reference.com/cfb/players/pete-werner-1.html,1,Pete Werner,LB,1.0,Ohio State,2026-04-01T18:43:26.713Z,28,season_totals,2.5
30,,SR,61,Pac-12,2017,0,0,0,0,14,0,0,0,https://www.sports-reference.com/cfb/players/peter-kalambayi-1.html,1,Peter Kalambayi,LB,4.0,Stanford,2026-04-01T18:43:33.567Z,31,season_totals,7.0
33,,SR,53,SEC,2021,1,2,0,0,15,0,0,0,https://www.sports-reference.com/cfb/players/phidarian-mathis-1.html,2,Phidarian Mathis,DL,9.0,Alabama,2026-04-01T18:43:40.656Z,20,season_totals,12.0
24,,SR,62,Big 12,2010,1,0,0,0,13,0,0,0,https://www.sports-reference.com/cfb/players/phil-taylor-1.html,2,Phil Taylor,DL,2.0,Baylor,2026-04-01T18:43:47.547Z,38,season_totals,7.0
43,,SR,89,ACC,2007,1,1,0,4,13,0,0,0,https://www.sports-reference.com/cfb/players/philip-wheeler-1.html,5,Philip Wheeler,LB,6.0,Georgia Tech,2026-04-01T18:43:54.567Z,46,season_totals,9.0
38,,SR,83,Big 12,2009,1,0,0,0,12,0,9,1,https://www.sports-reference.com/cfb/players/phillip-dillard-1.html,0,Phillip Dillard,LB,3.0,Nebraska,2026-04-01T18:44:08.687Z,45,season_totals,10.5
12,,SR,36,CUSA,2013,0,1,0,0,13,0,2,4,https://www.sports-reference.com/cfb/players/phillip-gaines-1.html,9,Phillip Gaines,DB/CB,0.0,Rice,2026-04-01T18:44:15.683Z,24,season_totals,4.0
21,,JR,57,ACC,2007,2,0,0,0,13,0,0,0,https://www.sports-reference.com/cfb/players/phillip-merling-1.html,2,Phillip Merling,DL,7.0,Clemson,2026-04-01T18:44:22.746Z,36,season_totals,16.0
28,,JR,82,Big East,2011,1,0,0,0,10,0,50,6,https://www.sports-reference.com/cfb/players/phillip-thomas-1.html,0,Phillip Thomas,DB,0.0,Syracuse,2026-04-01T18:44:29.809Z,54,season_totals,4.5
15,,SR,48,Big Ten,2006,0,0,0,0,12,1,66,2,https://www.sports-reference.com/cfb/players/prescott-burgess-1.html,0,Prescott Burgess,LB,3.0,Michigan,2026-04-01T18:44:56.361Z,33,season_totals,6.5
17,,SR,41,Big East,2007,1,0,0,0,11,0,0,0,https://www.sports-reference.com/cfb/players/preston-smith-1.html,2,Preston Smith,LB,2.0,Louisville,2026-04-01T18:45:10.363Z,24,season_totals,6.5
23,AA,SR,59,Big 12,2010,0,0,0,0,14,0,0,0,https://www.sports-reference.com/cfb/players/prince-amukamara-1.html,13,Prince Amukamara,DB,1.0,Nebraska,2026-04-01T18:45:17.442Z,36,season_totals,1.0
22,,SR,48,Ind,2013,1,0,0,0,13,0,0,0,https://www.sports-reference.com/cfb/players/prince-shembo-1.html,0,Prince Shembo,LB,5.5,Notre Dame,2026-04-01T18:45:24.476Z,26,season_totals,5.5
18,,SR,37,SEC,2024,1,1,1,0,12,0,0,0,https://www.sports-reference.com/cfb/players/princely-umanmielen-1.html,0,Princely Umanmielen,DL/DE,10.5,Ole Miss,2026-04-01T18:45:31.404Z,19,season_totals,13.5
16,,SR,65,Big 12,2014,1,0,0,0,13,0,14,3,https://www.sports-reference.com/cfb/players/quandre-diggs-1.html,5,Quandre Diggs,DB/CB,2.0,Texas,2026-04-01T18:45:38.456Z,49,season_totals,5.0
10,,SR,38,Sun Belt,2012,3,1,1,75,10,0,0,0,https://www.sports-reference.com/cfb/players/quanterus-smith-1.html,1,Quanterus Smith,DL,12.5,Western Kentucky,2026-04-01T18:45:45.610Z,28,season_totals,18.5
28,,SR,67,SEC,2021,0,1,0,-5,15,0,0,0,https://www.sports-reference.com/cfb/players/quay-walker-1.html,3,Quay Walker,LB,1.5,Georgia,2026-04-01T18:45:52.490Z,39,season_totals,5.5
15,,SR,38,SEC,2007,2,0,0,0,11,0,0,0,https://www.sports-reference.com/cfb/players/quentin-groves-1.html,0,Quentin Groves,DL,3.0,Auburn,2026-04-01T18:46:05.256Z,23,season_totals,7.0
14,,SR,54,Pac-12,2021,0,0,0,0,11,0,23,3,https://www.sports-reference.com/cfb/players/quentin-lake-1.html,6,Quentin Lake,DB,0.0,UCLA,2026-04-01T18:46:19.317Z,40,season_totals,2.0
12,,SR,33,SEC,2006,0,0,0,0,13,0,0,0,https://www.sports-reference.com/cfb/players/quentin-moses-1.html,1,Quentin Moses,DL,4.5,Georgia,2026-04-01T18:46:26.287Z,21,season_totals,12.0
57,,SR,114,MWC,2006,1,0,0,0,13,1,138,3,https://www.sports-reference.com/cfb/players/quincy-black-1.html,0,Quincy Black,LB/DB,0.0,New Mexico,2026-04-01T18:46:33.373Z,57,season_totals,1.0
9,,FR,33,CUSA,2021,0,0,0,0,9,1,153,5,https://www.sports-reference.com/cfb/players/quincy-riley-1.html,9,Quincy Riley,CB,1.5,Middle Tennessee State,2026-04-01T18:46:47.294Z,24,season_totals,4.5
18,,SR,45,ACC,2020,2,3,0,0,10,0,0,0,https://www.sports-reference.com/cfb/players/quincy-roche-1.html,1,Quincy Roche,DL/DE,4.5,Miami (FL),2026-04-01T18:46:54.276Z,27,season_totals,14.5
19,AA,SR,39,Big Ten,2006,0,0,0,0,12,0,0,0,https://www.sports-reference.com/cfb/players/quinn-pitcock-1.html,0,Quinn Pitcock,DL,8.0,Ohio State,2026-04-01T18:47:08.456Z,20,season_totals,12.0
26,"H-8,AA",SO,71,SEC,2018,0,0,0,0,15,0,0,0,https://www.sports-reference.com/cfb/players/quinnen-williams-1.html,1,Quinnen Williams,DL,8.0,Alabama,2026-04-01T18:47:15.326Z,45,season_totals,19.5
19,,SR,72,MAC,2014,1,0,0,0,12,1,35,7,https://www.sports-reference.com/cfb/players/quinten-rollins-1.html,9,Quinten Rollins,DB,0.0,Miami (OH),2026-04-01T18:47:22.437Z,53,season_totals,4.0
17,,SR,72,CUSA,2007,0,0,0,0,12,2,220,5,https://www.sports-reference.com/cfb/players/quintin-demps-1.html,0,Quintin Demps,DB,0.0,UTEP,2026-04-01T18:47:29.576Z,55,season_totals,4.5
37,AA,SR,96,Big 12,2010,0,0,0,0,14,0,38,4,https://www.sports-reference.com/cfb/players/quinton-carter-1.html,0,Quinton Carter,DB,0.0,Oklahoma,2026-04-01T18:47:36.513Z,59,season_totals,2.5
26,,SR,55,ACC,2011,3,0,0,0,13,0,0,0,https://www.sports-reference.com/cfb/players/quinton-coples-1.html,2,Quinton Coples,DL,7.5,North Carolina,2026-04-01T18:47:50.523Z,29,season_totals,15.0
12,,SR,22,SEC,2012,0,0,0,0,13,0,0,0,https://www.sports-reference.com/cfb/players/quinton-dial-1.html,0,Quinton Dial,DL,1.5,Alabama,2026-04-01T18:47:57.588Z,10,season_totals,5.0
16,,JR,39,Big Ten,2015,1,1,0,0,12,0,0,1,https://www.sports-reference.com/cfb/players/quinton-jefferson-1.html,1,Quinton Jefferson,DL,6.5,Maryland,2026-04-01T18:48:04.593Z,23,season_totals,12.5
9,,JR,41,MAC,2023,0,0,0,0,13,0,3,1,https://www.sports-reference.com/cfb/players/quinyon-mitchell-1.html,18,Quinyon Mitchell,CB,0.0,Toledo,2026-04-01T18:48:11.714Z,32,season_totals,2.0
27,,JR,52,ACC,2017,1,1,0,35,13,0,0,0,https://www.sports-reference.com/cfb/players/rj-mcintosh-1.html,7,RJ McIntosh,DL,2.5,Miami (FL),2026-04-01T18:48:18.756Z,25,season_totals,12.5
31,,SR,75,ACC,2024,0,0,0,0,13,0,6,2,https://www.sports-reference.com/cfb/players/rj-mickens-1.html,7,R.J. Mickens,S,0.0,Clemson,2026-04-01T18:48:25.626Z,44,season_totals,6.0
12,,,38,Big Ten,2013,0,1,0,0,13,0,7,1,https://www.sports-reference.com/cfb/players/rashede-hageman-1.html,8,Ra'Shede Hageman,DL,2.0,Minnesota,2026-04-01T18:48:32.690Z,26,season_totals,13.0
0,,JR,6,Big Ten,2020,0,0,0,0,2,0,0,0,https://www.sports-reference.com/cfb/players/rachad-wildgoose-1.html,1,Rachad Wildgoose,CB,0.0,Wisconsin,2026-04-01T18:48:39.698Z,6,season_totals,2.0
29,,SR,47,SEC,2019,0,0,0,0,12,0,0,0,https://www.sports-reference.com/cfb/players/raekwon-davis-1.html,0,Raekwon Davis,DL,0.5,Alabama,2026-04-01T18:48:46.724Z,18,season_totals,3.0
53,,JR,102,Big Ten,2016,2,0,0,0,13,0,0,0,https://www.sports-reference.com/cfb/players/raekwon-mcmillan-1.html,4,Raekwon McMillan,LB,2.0,Ohio State,2026-04-01T18:48:53.970Z,49,season_totals,7.0
26,,JR,77,Pac-10,2010,0,0,0,0,12,0,42,1,https://www.sports-reference.com/cfb/players/rahim-moore-1.html,0,Rahim Moore,DB,0.0,UCLA,2026-04-01T18:49:07.892Z,51,season_totals,3.0
26,,JR,58,CUSA,2014,0,0,0,0,11,0,0,0,https://www.sports-reference.com/cfb/players/rakeem-nunez-roches-1.html,0,Rakeem Nunez-Roches,DL,3.0,Southern Mississippi,2026-04-01T18:49:14.930Z,32,season_totals,14.0
54,,SR,110,SEC,2014,1,1,0,0,13,0,0,0,https://www.sports-reference.com/cfb/players/ramik-wilson-1.html,1,Ramik Wilson,LB,2.0,Georgia,2026-04-01T18:49:21.833Z,56,season_totals,7.0
31,,JR,54,Big Ten,2014,1,0,0,0,11,0,0,1,https://www.sports-reference.com/cfb/players/randy-gregory-1.html,3,Randy Gregory,DE,7.0,Nebraska,2026-04-01T18:49:29.011Z,23,season_totals,8.5
3,,SR,15,ACC,2010,0,0,0,0,5,0,0,0,https://www.sports-reference.com/cfb/players/ras-i-dowling-1.html,1,Ras-I Dowling,DB,0.0,Virginia,2026-04-01T18:49:48.450Z,12,season_totals,0.0
39,,SR,74,SEC,2017,1,1,0,0,12,0,0,0,https://www.sports-reference.com/cfb/players/rashaan-evans-1.html,3,Rashaan Evans,LB,6.0,Alabama,2026-04-01T18:49:55.576Z,35,season_totals,13.0
26,,JR,65,SEC,2017,3,3,0,0,12,0,0,1,https://www.sports-reference.com/cfb/players/rashaan-gaulden-1.html,5,Rashaan Gaulden,DB,0.0,Tennessee,2026-04-01T18:50:02.485Z,39,season_totals,3.5
9,,SR,34,SEC,2018,0,0,0,0,13,0,16,3,https://www.sports-reference.com/cfb/players/rashad-fenton-1.html,6,Rashad Fenton,CB/DB,0.0,South Carolina,2026-04-01T18:50:16.761Z,25,season_totals,2.5
29,,JR,89,SEC,2008,1,0,0,0,14,2,125,5,https://www.sports-reference.com/cfb/players/rashad-johnson-1.html,0,Rashad Johnson,DB,1.0,Alabama,2026-04-01T18:50:30.633Z,60,season_totals,5.0
16,AA,SR,35,ACC,2020,3,1,0,5,9,0,0,0,https://www.sports-reference.com/cfb/players/rashad-weaver-1.html,2,Rashad Weaver,DL,7.5,Pitt,2026-04-01T18:50:51.773Z,19,season_totals,14.5
24,,JR,44,Big Ten,2018,0,0,0,0,9,0,0,0,https://www.sports-reference.com/cfb/players/rashan-gary-1.html,0,Rashan Gary,DE/DL,3.5,Michigan,2026-04-01T18:50:58.719Z,20,season_totals,7.5
9,,SO,17,SEC,2014,0,0,0,0,8,0,0,0,https://www.sports-reference.com/cfb/players/rashard-robinson-1.html,1,Rashard Robinson,DB,0.0,LSU,2026-04-01T18:51:11.347Z,8,season_totals,1.0
24,,JR,43,Pac-12,2017,1,0,0,0,14,0,0,0,https://www.sports-reference.com/cfb/players/rasheem-green-1.html,4,Rasheem Green,DE/DT,10.0,USC,2026-04-01T18:51:23.896Z,19,season_totals,12.5
21,,SR,70,Big 12,2016,1,0,0,0,13,1,101,8,https://www.sports-reference.com/cfb/players/rasul-douglas-1.html,8,Rasul Douglas,CB,1.0,West Virginia,2026-04-01T18:51:32.923Z,49,season_totals,3.5
6,,JR,28,Big Ten,2005,0,0,0,0,11,0,0,1,https://www.sports-reference.com/cfb/players/ray-edwards-1.html,0,Ray Edwards,DL,5.5,Purdue,2026-04-01T18:51:38.214Z,22,season_totals,11.0
16,,SR,36,SEC,2006,0,1,1,9,14,0,0,0,https://www.sports-reference.com/cfb/players/ray-mcdonald-1.html,5,Ray McDonald,DL,3.0,Florida,2026-04-01T18:51:45.096Z,20,season_totals,4.5
20,,SR,76,ACC,2016,0,0,0,0,13,0,0,2,https://www.sports-reference.com/cfb/players/rayshawn-jenkins-1.html,7,Rayshawn Jenkins,DB,1.5,Miami (FL),2026-04-01T18:51:59.095Z,56,season_totals,4.5
33,,SR,46,Big 12,2007,1,0,0,0,13,0,0,0,https://www.sports-reference.com/cfb/players/red-bryant-1.html,2,Red Bryant,DL,1.0,Texas A&M,2026-04-01T18:52:11.831Z,13,season_totals,6.0
17,AA,JR,51,SEC,2006,0,0,0,0,14,1,70,6,https://www.sports-reference.com/cfb/players/reggie-nelson-1.html,0,Reggie Nelson,DB,0.0,Florida,2026-04-01T18:52:29.997Z,34,season_totals,2.0
42,AA,SR,102,SEC,2015,2,0,0,0,15,0,0,0,https://www.sports-reference.com/cfb/players/reggie-ragland-1.html,7,Reggie Ragland,LB,2.5,Alabama,2026-04-01T18:52:37.041Z,60,season_totals,6.5
21,,JR,78,Big 12,2007,0,0,1,61,13,0,48,3,https://www.sports-reference.com/cfb/players/reggie-smith-1.html,0,Reggie Smith,DB,1.0,Oklahoma,2026-04-01T18:52:49.638Z,57,season_totals,7.0
11,,SR,43,ACC,2023,0,0,0,0,13,0,0,1,https://www.sports-reference.com/cfb/players/renardo-green-1.html,13,Renardo Green,DB,0.5,Florida State,2026-04-01T18:53:10.727Z,32,season_totals,2.5
16,,SR,43,Pac-12,2018,0,0,0,0,13,0,0,0,https://www.sports-reference.com/cfb/players/renell-wren-1.html,2,Renell Wren,DL,1.0,Arizona State,2026-04-01T18:53:17.729Z,27,season_totals,4.5
64,,JR,130,SEC,2009,0,1,0,3,13,0,0,0,https://www.sports-reference.com/cfb/players/rennie-curran-1.html,3,Rennie Curran,LB,0.5,Georgia,2026-04-01T18:53:24.910Z,66,season_totals,5.0
29,,JR,73,SEC,2009,1,0,0,0,13,0,89,4,https://www.sports-reference.com/cfb/players/reshad-jones-1.html,0,Reshad Jones,DB,0.0,Georgia,2026-04-01T18:53:32.121Z,44,season_totals,4.5
55,AA,SR,115,SEC,2016,0,0,0,0,15,0,0,0,https://www.sports-reference.com/cfb/players/reuben-foster-1.html,2,Reuben Foster,LB,5.0,Alabama,2026-04-01T18:53:38.838Z,60,season_totals,13.0
28,"H-9,Bednarik,AA",SR,79,Pac-10,2008,0,0,0,0,12,1,48,2,https://www.sports-reference.com/cfb/players/rey-maualuga-1.html,0,Rey Maualuga,LB,0.0,USC,2026-04-01T18:53:45.867Z,51,season_totals,2.5
11,,SR,53,Big Ten,2013,1,0,0,0,12,0,42,6,https://www.sports-reference.com/cfb/players/ricardo-allen-1.html,3,Ricardo Allen,DB/CB,1.0,Purdue,2026-04-01T18:54:00.533Z,42,season_totals,4.0
21,,JR,78,WAC,2005,1,0,0,0,13,0,17,3,https://www.sports-reference.com/cfb/players/richard-marshall-1.html,0,Richard Marshall,DB,0.0,Fresno State,2026-04-01T18:54:25.323Z,57,season_totals,1.0
10,,SR,50,Pac-10,2010,2,0,0,0,13,0,39,4,https://www.sports-reference.com/cfb/players/richard-sherman-1.html,0,Richard Sherman,WR/DB,0.0,Stanford,2026-04-01T18:54:46.217Z,40,season_totals,1.0
23,,SR,72,American,2020,2,2,0,0,9,0,25,3,https://www.sports-reference.com/cfb/players/richie-grant-1.html,5,Richie Grant,DB,1.0,UCF,2026-04-01T18:54:53.303Z,49,season_totals,3.5
12,,JR,20,SEC,2008,0,0,0,0,11,0,0,0,https://www.sports-reference.com/cfb/players/ricky-jean-francois-1.html,2,Ricky Jean-Francois,DL,2.0,LSU,2026-04-01T18:55:00.209Z,8,season_totals,3.0
27,,SR,55,ACC,2009,2,0,0,0,14,0,0,0,https://www.sports-reference.com/cfb/players/ricky-sapp-1.html,0,Ricky Sapp,DL,5.0,Clemson,2026-04-01T18:55:14.247Z,28,season_totals,14.0
16,,SR,47,Big Ten,2022,2,0,0,0,13,0,0,1,https://www.sports-reference.com/cfb/players/riley-moss-1.html,11,Riley Moss,DB,0.0,Iowa,2026-04-01T18:55:28.325Z,31,season_totals,1.0
13,,SR,48,Big Ten,2005,1,0,0,0,11,0,37,2,https://www.sports-reference.com/cfb/players/rob-ninkovich-1.html,0,Rob Ninkovich,DL,8.0,Purdue,2026-04-01T18:55:35.285Z,35,season_totals,17.0
15,,SR,49,SEC,2008,0,0,0,0,12,0,8,1,https://www.sports-reference.com/cfb/players/robert-ayers-1.html,0,Robert Ayers,DL,3.0,Tennessee,2026-04-01T18:55:53.829Z,34,season_totals,15.5
10,,SR,26,SEC,2022,1,1,0,0,15,0,0,0,https://www.sports-reference.com/cfb/players/robert-beal-1.html,0,Robert Beal,LB,3.0,Georgia,2026-04-01T18:56:00.493Z,16,season_totals,3.0
22,,SR,70,Ind,2011,0,1,0,0,13,0,82,2,https://www.sports-reference.com/cfb/players/robert-blanton-1.html,5,Robert Blanton,DB,1.0,Notre Dame,2026-04-01T18:56:07.505Z,48,season_totals,8.0
16,,JR,29,SEC,2015,0,0,0,0,11,0,0,0,https://www.sports-reference.com/cfb/players/robert-nkemdiche-1.html,2,Robert Nkemdiche,DE/DT,3.0,Ole Miss,2026-04-01T18:56:35.526Z,13,season_totals,7.0
17,,SO,52,ACC,2009,6,0,0,0,13,0,0,0,https://www.sports-reference.com/cfb/players/robert-quinn-1.html,3,Robert Quinn,DL,11.0,North Carolina,2026-04-01T18:56:42.623Z,35,season_totals,19.0
11,,SR,47,American,2018,0,0,0,0,12,0,-1,2,https://www.sports-reference.com/cfb/players/rock-ya-sin-1.html,12,Rock Ya-Sin,CB,0.0,Temple,2026-04-01T18:57:07.884Z,36,season_totals,2.0
5,,SR,18,Big 12,2020,1,0,0,0,9,0,0,0,https://www.sports-reference.com/cfb/players/rodarius-williams-1.html,7,Rodarius Williams,CB,0.0,Oklahoma State,2026-04-01T18:57:45.531Z,13,season_totals,1.0
26,,SR,85,Big 12,2009,0,0,0,0,13,0,0,1,https://www.sports-reference.com/cfb/players/roddrick-muckelroy-1.html,0,Roddrick Muckelroy,LB,2.0,Texas,2026-04-01T18:57:52.636Z,59,season_totals,9.0
16,AA,SR,27,Big 12,2005,1,1,1,67,13,0,0,0,https://www.sports-reference.com/cfb/players/rodrique-wright-1.html,5,Rodrique Wright,DL,3.0,Texas,2026-04-01T18:58:17.724Z,11,season_totals,7.5
8,,SR,49,SEC,2021,0,1,0,0,12,1,35,2,https://www.sports-reference.com/cfb/players/roger-mccreary-1.html,14,Roger McCreary,DB/CB,1.0,Auburn,2026-04-01T18:58:24.761Z,41,season_totals,2.0
52,AA,JR,105,SEC,2009,1,0,0,0,14,0,21,2,https://www.sports-reference.com/cfb/players/rolando-mcclain-1.html,0,Rolando McClain,LB,4.0,Alabama,2026-04-01T18:58:31.778Z,53,season_totals,14.5
34,,SR,69,SEC,2005,2,0,0,0,12,0,50,1,https://www.sports-reference.com/cfb/players/roman-harper-1.html,0,Roman Harper,DB,0.5,Alabama,2026-04-01T18:58:38.809Z,35,season_totals,6.5
8,,SR,27,ACC,2008,1,0,0,0,14,0,0,0,https://www.sports-reference.com/cfb/players/ron-brace-1.html,0,Ron Brace,DL,2.5,Boston College,2026-04-01T18:58:45.996Z,19,season_totals,10.0
10,,SR,30,SEC,2011,2,3,0,0,14,2,74,2,https://www.sports-reference.com/cfb/players/ron-brooks-1.html,6,Ron Brooks,DB,3.5,LSU,2026-04-01T18:58:52.869Z,20,season_totals,6.5
29,,SR,71,Sun Belt,2015,1,1,0,20,13,1,30,1,https://www.sports-reference.com/cfb/players/ronald-blair-1.html,0,Ronald Blair,DL,7.5,Appalachian State,2026-04-01T18:59:07.636Z,42,season_totals,19.0
14,,JR,43,ACC,2014,1,0,0,0,13,0,0,0,https://www.sports-reference.com/cfb/players/ronald-darby-1.html,4,Ronald Darby,DB/CB,0.0,Florida State,2026-04-01T18:59:13.960Z,29,season_totals,0.5
5,,JR,22,SEC,2013,0,0,0,0,10,0,0,0,https://www.sports-reference.com/cfb/players/ronald-powell-1.html,0,Ronald Powell,DL/DE,4.0,Florida,2026-04-01T18:59:30.356Z,17,season_totals,7.0
26,,JR,59,Big 12,2011,1,0,0,0,10,0,11,1,https://www.sports-reference.com/cfb/players/ronnell-lewis-1.html,0,Ronnell Lewis,LB/DL,5.5,Oklahoma,2026-04-01T18:59:31.862Z,33,season_totals,13.0
31,,JR,74,SEC,2017,0,0,0,0,14,0,7,3,https://www.sports-reference.com/cfb/players/ronnie-harrison-1.html,4,Ronnie Harrison,DB,2.5,Alabama,2026-04-01T18:59:38.820Z,43,season_totals,4.5
8,,JR,25,Big 12,2020,0,0,0,0,6,0,0,0,https://www.sports-reference.com/cfb/players/ronnie-perkins-1.html,0,Ronnie Perkins,DE/DL,6.5,Oklahoma,2026-04-01T18:59:45.931Z,17,season_totals,11.5
52,"H-10,AA",JR,137,SEC,2017,1,2,0,9,15,0,0,0,https://www.sports-reference.com/cfb/players/roquan-smith-1.html,2,Roquan Smith,LB,6.5,Georgia,2026-04-01T18:59:52.879Z,85,season_totals,14.0
15,,JR,40,Big 12,2019,0,0,0,0,12,0,0,0,https://www.sports-reference.com/cfb/players/ross-blacklock-1.html,0,Ross Blacklock,DT,3.5,Texas Christian,2026-04-01T18:59:59.976Z,25,season_totals,9.0
11,,SR,46,ACC,2013,1,0,0,0,13,0,19,3,https://www.sports-reference.com/cfb/players/ross-cockrell-1.html,12,Ross Cockrell,DB/CB,1.0,Duke,2026-04-01T19:00:07.028Z,35,season_totals,2.0
18,,SR,42,Big 12,2008,0,0,0,0,13,0,0,0,https://www.sports-reference.com/cfb/players/roy-miller-1.html,3,Roy Miller,DL,5.5,Texas,2026-04-01T19:00:21.099Z,24,season_totals,10.5
12,,SR,25,ACC,2023,0,0,0,0,12,0,0,0,https://www.sports-reference.com/cfb/players/ruke-orhorhoro-1.html,1,Ruke Orhorhoro,DT,5.0,Clemson,2026-04-01T19:00:39.462Z,13,season_totals,8.0
31,,SR,61,SEC,2016,4,3,0,14,15,1,26,1,https://www.sports-reference.com/cfb/players/ryan-anderson-1.html,3,Ryan Anderson,LB,9.0,Alabama,2026-04-01T19:00:46.536Z,30,season_totals,19.0
59,,SR,93,Sun Belt,2013,0,0,0,0,13,0,0,0,https://www.sports-reference.com/cfb/players/ryan-carrethers-1.html,0,Ryan Carrethers,DL,4.0,Arkansas State,2026-04-01T19:00:53.844Z,34,season_totals,8.0
33,,SR,89,Big Ten,2018,1,0,0,0,12,0,0,0,https://www.sports-reference.com/cfb/players/ryan-connelly-1.html,1,Ryan Connelly,LB,3.0,Wisconsin,2026-04-01T19:01:00.568Z,56,season_totals,10.0
27,,SR,42,Big Ten,2016,1,0,0,0,13,0,0,0,https://www.sports-reference.com/cfb/players/ryan-glasgow-1.html,1,Ryan Glasgow,DL/DT,4.0,Michigan,2026-04-01T19:01:15.113Z,15,season_totals,9.5
20,AA,SR,70,Big Ten,2010,5,0,0,0,12,0,0,0,https://www.sports-reference.com/cfb/players/ryan-kerrigan-1.html,1,Ryan Kerrigan,DL,12.5,Purdue,2026-04-01T19:01:21.662Z,50,season_totals,26.0
22,,SR,52,Big East,2005,3,0,0,0,11,0,0,1,https://www.sports-reference.com/cfb/players/ryan-lacasse-1.html,0,Ryan Lacasse,DL,9.0,Syracuse,2026-04-01T19:01:28.605Z,30,season_totals,12.0
13,,SR,25,Big 12,2006,3,0,0,0,13,0,0,0,https://www.sports-reference.com/cfb/players/ryan-mcbean-1.html,0,Ryan McBean,DL,4.5,Oklahoma State,2026-04-01T19:01:35.698Z,12,season_totals,7.0
15,,SR,44,Big Ten,2014,1,0,0,0,12,0,0,0,https://www.sports-reference.com/cfb/players/ryan-russell-1.html,1,Ryan Russell,DL/DE,3.0,Purdue,2026-04-01T19:01:54.024Z,29,season_totals,6.5
42,,JR,144,Big Ten,2013,4,0,0,0,14,0,0,0,https://www.sports-reference.com/cfb/players/ryan-shazier-1.html,4,Ryan Shazier,LB,7.0,Ohio State,2026-04-01T19:02:00.932Z,102,season_totals,23.5
23,,SR,71,Pac-10,2006,0,0,0,0,14,0,35,5,https://www.sports-reference.com/cfb/players/sabby-piscitelli-1.html,0,Sabby Piscitelli,DB,1.0,Oregon State,2026-04-01T19:02:29.362Z,48,season_totals,3.0
19,,SR,58,Big 12,2010,5,0,0,0,12,0,0,0,https://www.sports-reference.com/cfb/players/sam-acho-1.html,1,Sam Acho,DL,8.0,Texas,2026-04-01T19:02:43.235Z,39,season_totals,15.5
31,,SR,80,Big East,2012,2,0,0,0,11,0,0,0,https://www.sports-reference.com/cfb/players/sam-barrington-1.html,3,Sam Barrington,LB,3.5,South Florida,2026-04-01T19:02:50.481Z,49,season_totals,6.5
15,,JR,42,Big Ten,2017,2,0,0,0,14,0,0,0,https://www.sports-reference.com/cfb/players/sam-hubbard-1.html,0,Sam Hubbard,DE,7.0,Ohio State,2026-04-01T19:03:04.297Z,27,season_totals,13.5
9,,SR,51,SEC,2012,0,0,0,0,12,0,0,3,https://www.sports-reference.com/cfb/players/sanders-commings-1.html,0,Sanders Commings,DB,0.0,Georgia,2026-04-01T19:03:18.340Z,42,season_totals,1.0
21,,SR,65,Big Ten,2018,0,1,0,0,12,0,3,3,https://www.sports-reference.com/cfb/players/saquan-hampton-1.html,13,Saquan Hampton,DB,0.0,Rutgers,2026-04-01T19:03:25.470Z,44,season_totals,3.0
18,,JR,47,Pac-12,2013,3,1,0,0,13,0,0,0,https://www.sports-reference.com/cfb/players/scott-crichton-1.html,3,Scott Crichton,DL/DE,8.5,Oregon State,2026-04-01T19:03:38.013Z,29,season_totals,19.0
55,,SR,137,Big East,2008,0,0,0,0,13,1,18,2,https://www.sports-reference.com/cfb/players/scott-mckillop-1.html,0,Scott McKillop,LB,4.0,Pitt,2026-04-01T19:03:50.469Z,82,season_totals,17.5
18,,SR,55,CUSA,2011,1,0,0,0,12,0,0,0,https://www.sports-reference.com/cfb/players/scott-solomon-1.html,1,Scott Solomon,DL,8.5,Rice,2026-04-01T19:04:04.641Z,37,season_totals,13.5
18,,SR,88,Big Ten,2015,5,1,0,0,12,0,75,3,https://www.sports-reference.com/cfb/players/sean-davis-1.html,3,Sean Davis,DB,1.0,Maryland,2026-04-01T19:04:25.693Z,70,season_totals,5.5
39,,SR,86,Big Ten,2009,0,0,0,0,10,0,13,1,https://www.sports-reference.com/cfb/players/sean-lee-1.html,0,Sean Lee,LB,2.0,Penn State,2026-04-01T19:04:39.638Z,47,season_totals,11.0
52,,SR,106,ACC,2011,1,0,0,0,11,0,0,0,https://www.sports-reference.com/cfb/players/sean-spence-1.html,1,Sean Spence,LB,3.0,Miami (FL),2026-04-01T19:04:53.752Z,54,season_totals,14.0
36,,SR,111,Big 12,2009,1,0,0,0,13,0,6,1,https://www.sports-reference.com/cfb/players/sean-weatherspoon-1.html,0,Sean Weatherspoon,LB,4.0,Missouri,2026-04-01T19:05:13.342Z,75,season_totals,15.0
29,AA,SR,58,Pac-10,2007,0,0,0,0,13,0,0,0,https://www.sports-reference.com/cfb/players/sedrick-ellis-1.html,7,Sedrick Ellis,DL,8.5,USC,2026-04-01T19:05:20.696Z,29,season_totals,12.5
17,,JR,32,SEC,2008,0,0,0,0,11,0,0,0,https://www.sports-reference.com/cfb/players/senderrick-marks-1.html,2,Sen'Derrick Marks,DL,2.0,Auburn,2026-04-01T19:05:34.543Z,15,season_totals,10.0
18,,SR,58,Big 12,2009,2,0,0,0,14,0,0,0,https://www.sports-reference.com/cfb/players/sergio-kindle-1.html,2,Sergio Kindle,LB,6.0,Texas,2026-04-01T19:05:41.544Z,40,season_totals,15.0
10,,SR,32,Big Ten,2020,2,0,0,0,9,0,0,0,https://www.sports-reference.com/cfb/players/shaka-toney-1.html,1,Shaka Toney,DE,6.0,Penn State,2026-04-01T19:05:48.764Z,22,season_totals,8.5
21,,SR,68,Pac-12,2016,1,0,0,0,12,0,109,4,https://www.sports-reference.com/cfb/players/shalom-luani-1.html,6,Shalom Luani,S,2.0,Washington State,2026-04-01T19:05:55.786Z,47,season_totals,8.5
39,,SR,60,American,2013,0,0,0,0,12,0,0,0,https://www.sports-reference.com/cfb/players/shamar-stephen-1.html,1,Shamar Stephen,DL/DT,3.0,Connecticut,2026-04-01T19:06:02.866Z,21,season_totals,10.0
26,,SR,88,Big East,2012,3,0,0,0,13,0,27,2,https://www.sports-reference.com/cfb/players/shamarko-thomas-1.html,0,Shamarko Thomas,DB,1.0,Syracuse,2026-04-01T19:06:09.890Z,62,season_totals,3.5
18,AA,JR,65,SEC,2014,3,0,0,0,14,0,0,0,https://www.sports-reference.com/cfb/players/shane-ray-1.html,1,Shane Ray,DL,14.5,Missouri,2026-04-01T19:06:16.915Z,47,season_totals,22.5
24,AA,JR,60,ACC,2015,1,1,0,0,15,0,0,0,https://www.sports-reference.com/cfb/players/shaq-lawson-1.html,0,Shaq Lawson,DE,12.5,Clemson,2026-04-01T19:06:30.755Z,36,season_totals,25.5
29,,JR,81,Pac-12,2014,3,4,3,184,14,1,36,1,https://www.sports-reference.com/cfb/players/shaq-thompson-1.html,4,Shaq Thompson,DB/LB,1.0,Washington,2026-04-01T19:06:38.257Z,52,season_totals,2.5
30,,SR,74,American,2017,2,2,1,20,13,0,22,1,https://www.sports-reference.com/cfb/players/shaquem-griffin-1.html,3,Shaquem Griffin,DB/LB,7.0,UCF,2026-04-01T19:06:44.775Z,44,season_totals,13.5
20,,SR,50,American,2016,0,1,0,0,13,1,46,4,https://www.sports-reference.com/cfb/players/shaquill-griffin-1.html,15,Shaquill Griffin,DB,0.0,UCF,2026-04-01T19:06:51.902Z,30,season_totals,3.0
16,,SR,45,Pac-10,2010,1,1,0,7,8,0,0,0,https://www.sports-reference.com/cfb/players/shareece-wright-1.html,6,Shareece Wright,DB,2.5,USC,2026-04-01T19:06:58.881Z,29,season_totals,5.0
13,,FR,23,SEC,2010,0,0,0,0,13,0,0,0,https://www.sports-reference.com/cfb/players/sharrif-floyd-1.html,0,Sharrif Floyd,DL,0.0,Florida,2026-04-01T19:07:05.857Z,10,season_totals,6.5
25,,SR,87,American,2019,1,1,0,0,13,0,0,0,https://www.sports-reference.com/cfb/players/shaun-bradley-1.html,3,Shaun Bradley,LB,0.0,Temple,2026-04-01T19:07:12.775Z,62,season_totals,8.0
18,,SR,51,Big Ten,2011,4,0,0,0,13,1,89,1,https://www.sports-reference.com/cfb/players/shaun-prater-1.html,3,Shaun Prater,DB,1.0,Iowa,2026-04-01T19:07:33.905Z,33,season_totals,1.0
11,AA,JR,35,Big Ten,2020,0,0,0,0,8,1,36,2,https://www.sports-reference.com/cfb/players/shaun-wade-1.html,4,Shaun Wade,CB,0.0,Ohio State,2026-04-01T19:07:46.506Z,24,season_totals,1.0
20,,SR,40,SEC,2017,1,0,0,0,9,0,0,0,https://www.sports-reference.com/cfb/players/shaun-dion-hamilton-1.html,2,Shaun Dion Hamilton,LB,2.5,Alabama,2026-04-01T19:07:53.683Z,20,season_totals,5.5
35,,SR,90,Big Ten,2007,4,0,0,0,13,0,0,0,https://www.sports-reference.com/cfb/players/shawn-crable-1.html,1,Shawn Crable,LB,7.5,Michigan,2026-04-01T19:08:11.791Z,55,season_totals,28.5
42,,SR,98,SEC,2012,1,0,0,0,14,0,0,0,https://www.sports-reference.com/cfb/players/shawn-williams-1.html,0,Shawn Williams,DB,1.0,Georgia,2026-04-01T19:08:26.046Z,56,season_totals,5.5
20,,SR,50,MWC,2011,1,0,0,0,13,0,6,2,https://www.sports-reference.com/cfb/players/shea-mcclellin-1.html,0,Shea McClellin,DL,7.0,Boise State,2026-04-01T19:08:44.034Z,30,season_totals,12.5
12,,SR,45,Ind,2015,2,0,0,0,13,0,0,0,https://www.sports-reference.com/cfb/players/sheldon-day-1.html,4,Sheldon Day,DL,4.0,Notre Dame,2026-04-01T19:08:58.437Z,33,season_totals,15.5
30,,SR,58,ACC,2015,0,1,1,46,13,0,0,0,https://www.sports-reference.com/cfb/players/sheldon-rankins-1.html,1,Sheldon Rankins,DL/DE,6.0,Louisville,2026-04-01T19:09:05.484Z,28,season_totals,13.0
36,,JR,75,SEC,2012,3,1,0,60,11,0,0,0,https://www.sports-reference.com/cfb/players/sheldon-richardson-1.html,3,Sheldon Richardson,DL,4.0,Missouri,2026-04-01T19:09:12.277Z,39,season_totals,10.5
29,,SR,64,ACC,2018,1,1,0,7,13,0,14,3,https://www.sports-reference.com/cfb/players/sheldrick-redwine-1.html,2,Sheldrick Redwine,DB,3.0,Miami (FL),2026-04-01T19:09:19.354Z,35,season_totals,3.5
30,,JR,64,SEC,2024,1,1,0,0,13,0,0,1,https://www.sports-reference.com/cfb/players/shemar-james-1.html,3,Shemar James,LB,2.0,Florida,2026-04-01T19:09:26.311Z,34,season_totals,4.0
17,,JR,31,SEC,2024,1,0,0,0,12,0,0,0,https://www.sports-reference.com/cfb/players/shemar-stewart-1.html,2,Shemar Stewart,DL,1.5,Texas A&M,2026-04-01T19:09:33.253Z,14,season_totals,5.5
16,,SR,36,SEC,2024,1,0,0,0,12,0,0,0,https://www.sports-reference.com/cfb/players/shemar-turner-1.html,1,Shemar Turner,DL,2.0,Texas A&M,2026-04-01T19:09:40.311Z,20,season_totals,5.5
10,,SR,37,Big Ten,2009,1,0,0,0,10,0,0,5,https://www.sports-reference.com/cfb/players/sherrick-mcmanis-1.html,0,Sherrick McManis,DB,0.0,Northwestern,2026-04-01T19:09:47.350Z,27,season_totals,1.5
28,,SR,87,Sun Belt,2008,0,0,0,0,13,0,44,4,https://www.sports-reference.com/cfb/players/sherrod-martin-1.html,0,Sherrod Martin,DB,0.0,Troy,2026-04-01T19:09:54.335Z,59,season_totals,0.0
27,,SR,49,Big Ten,2015,1,0,0,0,14,0,0,0,https://www.sports-reference.com/cfb/players/shilique-calhoun-1.html,3,Shilique Calhoun,DL/DE,10.5,Michigan State,2026-04-01T19:10:01.302Z,22,season_totals,15.0
21,,SR,61,WAC,2010,2,0,0,0,13,0,62,3,https://www.sports-reference.com/cfb/players/shiloh-keo-1.html,0,Shiloh Keo,DB,1.0,Idaho,2026-04-01T19:10:08.326Z,40,season_totals,6.5
12,,JR,39,Pac-12,2016,2,0,0,0,14,0,0,3,https://www.sports-reference.com/cfb/players/sidney-jones-1.html,6,Sidney Jones,DB,0.0,Washington,2026-04-01T19:10:22.595Z,27,season_totals,2.5
27,,SR,72,Big East,2012,0,0,0,0,12,0,0,0,https://www.sports-reference.com/cfb/players/sio-moore-1.html,11,Sio Moore,LB,8.0,Connecticut,2026-04-01T19:10:29.512Z,45,season_totals,15.5
10,,SR,23,Pac-10,2010,2,0,0,0,13,0,0,0,https://www.sports-reference.com/cfb/players/sione-fua-1.html,0,Sione Fua,DL,4.5,Stanford,2026-04-01T19:10:36.543Z,13,season_totals,6.0
44,,SR,118,Ind,2018,1,0,0,0,13,0,0,0,https://www.sports-reference.com/cfb/players/sione-takitaki-1.html,3,Sione Takitaki,LB/DL,3.0,BYU,2026-04-01T19:10:43.496Z,74,season_totals,9.0
14,,SO,51,Pac-12,2023,0,0,0,0,12,0,2,1,https://www.sports-reference.com/cfb/players/sione-vaki-1.html,2,Sione Vaki,S,2.0,Utah,2026-04-01T19:10:50.548Z,37,season_totals,8.5
52,,SR,94,ACC,2022,2,0,0,0,12,0,67,1,https://www.sports-reference.com/cfb/players/sirvocea-dennis-1.html,3,Sirvocea Dennis,LB,7.0,Pitt,2026-04-01T19:10:57.481Z,42,season_totals,12.0
4,,SR,4,Big Ten,2011,0,0,0,0,6,0,0,0,https://www.sports-reference.com/cfb/players/solomon-thomas-1.html,0,Solomon Thomas,DL,0.0,Ohio State,2026-04-01T19:11:22.808Z,0,season_totals,0.0
44,,SR,131,Pac-10,2007,3,0,0,0,12,0,3,1,https://www.sports-reference.com/cfb/players/spencer-larsen-1.html,0,Spencer Larsen,LB,4.0,Arizona,2026-04-01T19:11:29.946Z,87,season_totals,15.5
8,,SR,14,Big 12,2012,0,0,0,0,6,0,0,0,https://www.sports-reference.com/cfb/players/stacy-mcgee-1.html,0,Stacy McGee,DL,1.0,Oklahoma,2026-04-01T19:11:36.855Z,6,season_totals,2.5
31,,SR,70,Big Ten,2007,0,0,0,0,13,0,0,0,https://www.sports-reference.com/cfb/players/stanford-keglar-1.html,3,Stanford Keglar,LB,0.0,Purdue,2026-04-01T19:11:43.803Z,39,season_totals,4.0
42,,SR,89,ACC,2008,2,0,0,0,13,0,22,1,https://www.sports-reference.com/cfb/players/stanley-arnoux-1.html,0,Stanley Arnoux,LB,1.5,Wake Forest,2026-04-01T19:11:57.872Z,47,season_totals,5.5
14,,SR,41,Big Ten,2013,0,0,0,0,12,1,134,4,https://www.sports-reference.com/cfb/players/stanley-jean-baptiste-1.html,12,Stanley Jean-Baptiste,WR/DB/CB,1.0,Nebraska,2026-04-01T19:12:05.114Z,27,season_totals,3.0
10,,JR,31,SEC,2005,1,0,0,0,10,0,0,0,https://www.sports-reference.com/cfb/players/stanley-mcclover-1.html,3,Stanley McClover,DL,8.0,Auburn,2026-04-01T19:12:12.147Z,21,season_totals,13.5
11,,JR,26,Big 12,2012,2,0,0,0,11,0,0,0,https://www.sports-reference.com/cfb/players/stansly-maponga-1.html,1,Stansly Maponga,DL,4.0,Texas Christian,2026-04-01T19:12:26.165Z,15,season_totals,6.5
17,,SR,42,Pac-12,2012,3,0,0,0,12,0,0,0,https://www.sports-reference.com/cfb/players/star-lotulelei-1.html,4,Star Lotulelei,DL,5.0,Utah,2026-04-01T19:12:38.661Z,25,season_totals,10.0
18,,SR,89,Big East,2006,0,0,0,0,13,0,0,2,https://www.sports-reference.com/cfb/players/stephen-nicholas-1.html,0,Stephen Nicholas,LB,7.5,South Florida,2026-04-01T19:12:45.790Z,71,season_totals,15.5
25,AA,SR,45,Pac-10,2010,4,0,0,0,12,0,0,0,https://www.sports-reference.com/cfb/players/stephen-paea-1.html,2,Stephen Paea,DL,6.0,Oregon State,2026-04-01T19:12:52.796Z,20,season_totals,10.0
75,,JR,134,ACC,2005,1,0,0,0,12,1,50,1,https://www.sports-reference.com/cfb/players/stephen-tulloch-1.html,0,Stephen Tulloch,LB,6.0,North Carolina State,2026-04-01T19:12:59.891Z,59,season_totals,21.0
17,,JR,46,SEC,2015,2,2,0,0,12,0,0,0,https://www.sports-reference.com/cfb/players/stephen-weatherly-1.html,3,Stephen Weatherly,DE/LB,3.5,Vanderbilt,2026-04-01T19:13:06.712Z,29,season_totals,9.5
11,,JR,46,SEC,2011,1,0,0,0,13,0,-10,4,https://www.sports-reference.com/cfb/players/stephon-gilmore-1.html,0,Stephon Gilmore,DB,1.0,South Carolina,2026-04-01T19:13:13.715Z,35,season_totals,3.0
25,,JR,49,Ind,2013,1,0,0,0,13,1,0,1,https://www.sports-reference.com/cfb/players/stephon-tuitt-1.html,2,Stephon Tuitt,DL,7.5,Notre Dame,2026-04-01T19:13:20.659Z,24,season_totals,9.0
30,,SR,75,ACC,2014,2,0,0,0,13,0,8,1,https://www.sports-reference.com/cfb/players/stephone-anthony-1.html,3,Stephone Anthony,LB,2.5,Clemson,2026-04-01T19:13:27.890Z,45,season_totals,10.5
51,,SR,82,Big East,2012,0,0,0,0,13,0,18,1,https://www.sports-reference.com/cfb/players/steve-beauharnais-1.html,0,Steve Beauharnais,LB,1.0,Rutgers,2026-04-01T19:13:34.919Z,31,season_totals,6.0
23,,SR,60,Pac-12,2014,0,0,0,0,12,0,0,2,https://www.sports-reference.com/cfb/players/steven-nelson-1.html,8,Steven Nelson,CB,0.0,Oregon State,2026-04-01T19:13:41.877Z,37,season_totals,2.0
46,,SR,81,MWC,2009,0,0,0,0,13,1,27,1,https://www.sports-reference.com/cfb/players/stevenson-sylvester-1.html,0,Stevenson Sylvester,LB,2.0,Utah,2026-04-01T19:13:48.808Z,35,season_totals,5.0
33,,SR,75,Big 12,2006,2,0,0,0,14,0,0,0,https://www.sports-reference.com/cfb/players/stewart-bradley-1.html,0,Stewart Bradley,LB,1.0,Nebraska,2026-04-01T19:13:56.003Z,42,season_totals,5.0
40,,JR,86,Pac-12,2015,2,0,0,0,14,0,32,2,https://www.sports-reference.com/cfb/players/sua-cravens-1.html,6,Su'A Cravens,S,5.5,USC,2026-04-01T19:14:10.034Z,46,season_totals,15.0
18,,JR,61,MAC,2018,4,3,1,85,14,0,0,0,https://www.sports-reference.com/cfb/players/sutton-smith-1.html,1,Sutton Smith,LB/DE,15.0,Northern Illinois,2026-04-01T19:14:17.037Z,43,season_totals,26.5
14,,SR,50,Pac-10,2009,0,0,0,0,13,0,38,1,https://www.sports-reference.com/cfb/players/sydquan-thompson-1.html,0,Syd'Quan Thompson,DB,0.0,California,2026-04-01T19:14:24.078Z,36,season_totals,4.0
19,,SR,60,Big Ten,2022,1,1,1,53,12,1,86,6,https://www.sports-reference.com/cfb/players/sydney-brown-1.html,7,Sydney Brown,DB,1.0,Illinois,2026-04-01T19:14:30.954Z,41,season_totals,3.5
21,,SR,42,ACC,2012,0,0,0,0,12,0,0,0,https://www.sports-reference.com/cfb/players/sylvester-williams-1.html,0,Sylvester Williams,DL,6.0,North Carolina,2026-04-01T19:14:37.979Z,21,season_totals,13.5
27,AA,SR,45,Big 12,2023,0,0,0,0,14,0,0,0,https://www.sports-reference.com/cfb/players/tvondre-sweat-1.html,4,T'vondre Sweat,DL,2.0,Texas,2026-04-01T19:14:45.051Z,18,season_totals,8.0
28,,JR,95,ACC,2015,2,0,0,0,15,0,0,0,https://www.sports-reference.com/cfb/players/tj-green-1.html,3,T.J. Green,S,1.0,Clemson,2026-04-01T19:14:52.029Z,67,season_totals,5.5
58,,SR,112,Pac-12,2012,0,0,0,0,13,0,0,2,https://www.sports-reference.com/cfb/players/tj-mcdonald-1.html,0,T.J. McDonald,DB,1.0,USC,2026-04-01T19:14:59.073Z,54,season_totals,6.5
24,,SR,68,Pac-10,2009,1,0,0,0,9,0,7,1,https://www.sports-reference.com/cfb/players/tj-ward-1.html,0,T.J. Ward,DB,0.0,Oregon,2026-04-01T19:15:20.059Z,44,season_totals,2.5
25,,JR,63,Big Ten,2016,2,1,0,0,14,1,17,1,https://www.sports-reference.com/cfb/players/tj-watt-1.html,4,T.J. Watt,LB,11.5,Wisconsin,2026-04-01T19:15:27.225Z,38,season_totals,15.5
11,,SR,23,Big 12,2020,0,1,0,0,9,0,0,0,https://www.sports-reference.com/cfb/players/taquon-graham-1.html,0,Ta'quon Graham,DL,2.0,Texas,2026-04-01T19:15:34.125Z,12,season_totals,7.0
24,,SR,43,Big Ten,2016,0,0,0,0,11,0,0,0,https://www.sports-reference.com/cfb/players/taco-charlton-1.html,2,Taco Charlton,DE,9.5,Michigan,2026-04-01T19:15:41.187Z,19,season_totals,13.0
24,,SR,70,MAC,2011,4,3,0,0,13,0,0,0,https://www.sports-reference.com/cfb/players/tahir-whitehead-1.html,1,Tahir Whitehead,DB/LB,5.0,Temple,2026-04-01T19:15:48.437Z,46,season_totals,13.5
22,AA,JR,62,Pac-12,2020,2,0,0,0,6,0,90,4,https://www.sports-reference.com/cfb/players/talanoa-hufanga-1.html,1,Talanoa Hufanga,S,3.0,USC,2026-04-01T19:15:55.116Z,40,season_totals,5.5
38,AA,SR,65,Big Ten,2005,1,0,0,0,12,0,0,0,https://www.sports-reference.com/cfb/players/tamba-hali-1.html,4,Tamba Hali,DL,11.0,Penn State,2026-04-01T19:16:02.282Z,27,season_totals,17.0
15,,SR,62,Big East,2006,2,0,0,0,12,0,39,2,https://www.sports-reference.com/cfb/players/tanard-jackson-1.html,0,Tanard Jackson,DB,2.5,Syracuse,2026-04-01T19:16:09.313Z,47,season_totals,4.5
25,,SR,70,MWC,2011,0,0,0,0,13,2,95,2,https://www.sports-reference.com/cfb/players/tank-carder-1.html,3,Tank Carder,LB,0.0,Texas Christian,2026-04-01T19:16:16.403Z,45,season_totals,4.5
18,,SR,55,ACC,2019,0,0,0,0,15,0,13,4,https://www.sports-reference.com/cfb/players/tanner-muse-1.html,3,Tanner Muse,S,2.0,Clemson,2026-04-01T19:16:47.009Z,37,season_totals,6.0
30,,SR,69,MWC,2016,0,0,0,0,9,0,0,0,https://www.sports-reference.com/cfb/players/tanner-vallejo-1.html,0,Tanner Vallejo,LB,1.0,Boise State,2026-04-01T19:16:54.093Z,39,season_totals,6.0
33,,SR,67,American,2016,1,1,0,0,12,0,0,0,https://www.sports-reference.com/cfb/players/tanzel-smart-1.html,0,Tanzel Smart,DT,5.5,Tulane,2026-04-01T19:17:06.538Z,34,season_totals,18.5
20,,SR,50,MAC,2016,2,1,0,0,14,0,0,0,https://www.sports-reference.com/cfb/players/tarell-basham-1.html,2,Tarell Basham,DL,11.5,Ohio,2026-04-01T19:17:13.537Z,30,season_totals,16.0
11,,SR,42,Big 12,2006,1,0,0,0,11,0,0,0,https://www.sports-reference.com/cfb/players/tarell-brown-1.html,0,Tarell Brown,DB,0.0,Texas,2026-04-01T19:17:20.620Z,31,season_totals,0.0
14,,SR,45,Big Ten,2023,0,0,0,0,10,0,29,5,https://www.sports-reference.com/cfb/players/tarheeb-still-1.html,2,Tarheeb Still,DB,0.0,Maryland,2026-04-01T19:17:27.781Z,31,season_totals,2.0
7,,SR,33,Big Ten,2021,0,0,0,0,13,0,0,0,https://www.sports-reference.com/cfb/players/tariq-castro-fields-1.html,6,Tariq Castro-Fields,CB,0.0,Penn State,2026-04-01T19:17:34.695Z,26,season_totals,0.0
29,AA,SR,54,Sun Belt,2020,3,1,0,0,12,0,0,0,https://www.sports-reference.com/cfb/players/tarron-jackson-1.html,0,Tarron Jackson,DT/DE,8.5,Coastal Carolina,2026-04-01T19:17:47.220Z,25,season_totals,14.0
38,,SR,70,ACC,2023,0,0,0,0,13,0,0,1,https://www.sports-reference.com/cfb/players/tatum-bethune-1.html,3,Tatum Bethune,LB,0.0,Florida State,2026-04-01T19:17:54.280Z,32,season_totals,5.5
40,,SR,100,ACC,2007,0,0,0,0,12,0,35,1,https://www.sports-reference.com/cfb/players/tavares-gooden-1.html,0,Tavares Gooden,LB,0.0,Miami (FL),2026-04-01T19:18:01.398Z,60,season_totals,3.0
21,,JR,40,SEC,2017,0,0,0,0,11,0,0,0,https://www.sports-reference.com/cfb/players/taven-bryan-1.html,0,Taven Bryan,DL,4.0,Florida,2026-04-01T19:18:08.324Z,19,season_totals,6.0
12,,SR,41,American,2015,0,0,0,0,14,0,0,0,https://www.sports-reference.com/cfb/players/tavon-young-1.html,7,Tavon Young,DB,1.0,Temple,2026-04-01T19:18:15.405Z,29,season_totals,5.0
32,,SR,75,Pac-12,2013,3,0,0,0,13,0,0,0,https://www.sports-reference.com/cfb/players/taylor-hart-1.html,5,Taylor Hart,DL/DT,3.5,Oregon,2026-04-01T19:18:29.341Z,43,season_totals,6.0
48,,SR,96,Pac-10,2009,0,0,0,0,12,0,0,1,https://www.sports-reference.com/cfb/players/taylor-mays-1.html,0,Taylor Mays,DB,0.0,USC,2026-04-01T19:18:36.438Z,48,season_totals,0.0
69,,SR,114,ACC,2024,2,0,0,0,13,0,0,0,https://www.sports-reference.com/cfb/players/teddye-buchanan-1.html,4,Teddye Buchanan,LB,5.0,California,2026-04-01T19:18:57.486Z,45,season_totals,12.0
21,,SR,63,Pac-12,2016,0,0,0,0,14,0,103,7,https://www.sports-reference.com/cfb/players/tedric-thompson-1.html,16,Tedric Thompson,DB,0.0,Colorado,2026-04-01T19:19:04.521Z,42,season_totals,3.5
29,,SR,90,ACC,2013,0,2,0,0,14,2,147,3,https://www.sports-reference.com/cfb/players/telvin-smith-1.html,4,Telvin Smith,LB,2.0,Florida State,2026-04-01T19:19:17.103Z,61,season_totals,9.5
24,,SR,44,MAC,2005,0,1,0,3,6,0,0,0,https://www.sports-reference.com/cfb/players/terna-nande-1.html,1,Terna Nande,LB,0.0,Miami (OH),2026-04-01T19:19:31.308Z,20,season_totals,4.0
19,,SR,54,MAC,2008,1,0,0,0,12,0,0,0,https://www.sports-reference.com/cfb/players/terrance-knighton-1.html,5,Terrance Knighton,DL,1.0,Temple,2026-04-01T19:19:38.258Z,35,season_totals,7.5
21,,JR,59,Pac-12,2013,1,0,0,0,13,1,72,5,https://www.sports-reference.com/cfb/players/terrance-mitchell-1.html,7,Terrance Mitchell,DB,0.0,Oregon,2026-04-01T19:19:45.338Z,38,season_totals,0.0
41,,SR,103,Big 12,2021,0,0,0,0,13,0,0,0,https://www.sports-reference.com/cfb/players/terrel-bernard-1.html,4,Terrel Bernard,LB,7.5,Baylor,2026-04-01T19:19:59.343Z,62,season_totals,12.5
31,,SR,81,Pac-12,2019,0,2,0,5,14,0,29,1,https://www.sports-reference.com/cfb/players/terrell-burgess-1.html,5,Terrell Burgess,DB,0.5,Utah,2026-04-01T19:20:06.245Z,50,season_totals,7.5
30,,JR,59,ACC,2017,0,0,0,0,10,0,70,2,https://www.sports-reference.com/cfb/players/terrell-edmunds-1.html,4,Terrell Edmunds,LB/S,1.5,Virginia Tech,2026-04-01T19:20:13.361Z,29,season_totals,2.5
4,,SR,22,ACC,2017,0,0,0,0,10,0,0,0,https://www.sports-reference.com/cfb/players/terrell-lewis-1.html,0,Terrell Lewis,LB,0.0,Georgia Tech,2026-04-01T19:20:20.283Z,18,season_totals,1.0
30,,JR,76,ACC,2011,4,0,0,0,11,0,9,3,https://www.sports-reference.com/cfb/players/terrell-manning-1.html,0,Terrell Manning,LB,5.5,North Carolina State,2026-04-01T19:20:27.257Z,46,season_totals,14.5
6,,SR,24,Big East,2010,0,0,0,0,13,0,0,0,https://www.sports-reference.com/cfb/players/terrell-mcclain-1.html,0,Terrell McClain,DL,3.0,South Florida,2026-04-01T19:20:34.269Z,18,season_totals,4.5
14,,SR,45,Pac-10,2007,3,0,0,0,13,0,44,4,https://www.sports-reference.com/cfb/players/terrell-thomas-1.html,0,Terrell Thomas,DB,1.0,USC,2026-04-01T19:20:48.273Z,31,season_totals,4.5
18,,SR,56,ACC,2013,2,1,0,0,13,0,0,2,https://www.sports-reference.com/cfb/players/terrence-brooks-1.html,5,Terrence Brooks,DB,1.0,Florida State,2026-04-01T19:20:55.337Z,38,season_totals,8.0
16,AA,SR,28,SEC,2009,0,0,0,0,14,0,0,0,https://www.sports-reference.com/cfb/players/terrence-cody-1.html,1,Terrence Cody,DL,0.0,Alabama,2026-04-01T19:21:02.387Z,12,season_totals,6.0
11,,SR,54,Big 12,2011,0,0,1,0,13,0,57,1,https://www.sports-reference.com/cfb/players/terrence-frederick-1.html,0,Terrence Frederick,DB,4.0,Texas A&M,2026-04-01T19:21:09.392Z,43,season_totals,9.0
7,,SR,41,Big 12,2007,1,0,0,0,11,1,65,5,https://www.sports-reference.com/cfb/players/terrence-wheatley-1.html,0,Terrence Wheatley,DB,0.0,Colorado,2026-04-01T19:21:35.933Z,34,season_totals,1.0
23,,SO,63,SEC,2023,1,0,0,0,14,0,69,5,https://www.sports-reference.com/cfb/players/terrion-arnold-1.html,12,Terrion Arnold,DB,1.0,Alabama,2026-04-01T19:21:43.082Z,40,season_totals,6.5
18,,JR,45,Big Ten,2009,2,0,0,0,13,0,5,1,https://www.sports-reference.com/cfb/players/thaddeus-gibson-1.html,0,Thaddeus Gibson,LB/DL,4.0,Ohio State,2026-04-01T19:21:57.236Z,27,season_totals,13.0
10,,JR,45,SEC,2012,0,0,0,0,13,0,43,4,https://www.sports-reference.com/cfb/players/tharold-simon-1.html,0,Tharold Simon,DB,0.0,LSU,2026-04-01T19:22:04.135Z,35,season_totals,0.0
31,,SR,59,Pac-12,2021,0,0,0,0,12,0,0,0,https://www.sports-reference.com/cfb/players/thomas-booker-1.html,1,Thomas Booker,DE,1.5,Stanford,2026-04-01T19:22:11.146Z,28,season_totals,5.0
44,,SR,115,Pac-10,2007,2,0,0,0,13,0,0,1,https://www.sports-reference.com/cfb/players/thomas-decoud-1.html,0,Thomas Decoud,DB,1.0,California,2026-04-01T19:22:25.389Z,71,season_totals,3.0
19,,SR,56,Pac-10,2007,2,0,0,0,13,0,5,1,https://www.sports-reference.com/cfb/players/thomas-williams-1.html,0,Thomas Williams,LB,0.0,USC,2026-04-01T19:22:39.538Z,37,season_totals,5.0
9,,SR,32,Big 12,2006,3,0,1,0,13,0,0,0,https://www.sports-reference.com/cfb/players/tim-crowder-1.html,2,Tim Crowder,DL,8.5,Texas,2026-04-01T19:22:53.417Z,23,season_totals,14.0
55,,SR,103,Big 12,2005,1,0,0,0,12,0,25,1,https://www.sports-reference.com/cfb/players/tim-dobbins-1.html,0,Tim Dobbins,LB,1.0,Iowa State,2026-04-01T19:23:00.483Z,48,season_totals,7.5
10,,SR,56,SEC,2005,0,0,0,0,12,1,79,4,https://www.sports-reference.com/cfb/players/tim-jennings-1.html,0,Tim Jennings,DB,1.0,Georgia,2026-04-01T19:23:07.421Z,46,season_totals,7.0
75,,SR,156,Big Ten,2005,1,0,0,0,12,0,16,1,https://www.sports-reference.com/cfb/players/tim-mcgarigle-1.html,0,Tim McGarigle,LB,2.0,Northwestern,2026-04-01T19:23:14.347Z,81,season_totals,7.0
15,,SO,36,ACC,2017,0,0,0,0,13,0,0,0,https://www.sports-reference.com/cfb/players/tim-settle-1.html,1,Tim Settle,DT,4.0,Virginia Tech,2026-04-01T19:23:21.415Z,21,season_totals,12.5
18,,SR,44,Big Ten,2006,0,0,0,0,13,0,0,0,https://www.sports-reference.com/cfb/players/tim-shaw-1.html,7,Tim Shaw,LB,7.0,Penn State,2026-04-01T19:23:28.532Z,26,season_totals,8.0
28,,JR,63,ACC,2013,0,0,0,0,14,0,0,0,https://www.sports-reference.com/cfb/players/timmy-jernigan-1.html,1,Timmy Jernigan,DL/DT,4.5,Florida State,2026-04-01T19:23:42.433Z,35,season_totals,11.0
23,,SR,49,Big 12,2005,0,0,0,0,12,0,0,0,https://www.sports-reference.com/cfb/players/titus-adams-1.html,2,Titus Adams,DL,1.5,Nebraska,2026-04-01T19:23:49.519Z,26,season_totals,4.0
38,,SR,80,Ind,2007,3,0,0,0,12,0,41,2,https://www.sports-reference.com/cfb/players/tom-zbikowski-1.html,0,Tom Zbikowski,DB,1.0,Notre Dame,2026-04-01T19:24:03.687Z,42,season_totals,1.5