assisted_tackles,awards,class,combined_tackles,conference,expected_draft_year,expected_draft_year_source,final_season_year,forced_fumbles,fumble_recoveries,fumble_recovery_tds,fumble_recovery_yards,games,interception_tds,interception_yards,interceptions,page_url,passes_defended,player,pos,sacks,school,scraped_at,solo_tackles,source_type,tfl
15,,SR,58,ACC,2012,currentPlayer,2011,0,0,0,0,13,0,89,1,https://www.sports-reference.com/cfb/players/mike-harris-1.html,0,Mike Harris,DB,1.0,Florida State,2026-04-02T08:02:24.197Z,43,season_totals,6.0
16,,SR,62,SEC,2012,currentPlayer,2011,0,0,0,0,13,1,107,7,https://www.sports-reference.com/cfb/players/casey-hayward-1.html,0,Casey Hayward,DB,0.0,Vanderbilt,2026-04-02T08:02:44.429Z,46,season_totals,7.5
,,,,ACC,2000,currentPlayer,1999,,,,,11,0,1,2,https://www.sports-reference.com/cfb/players/reggie-austin-1.html,,Reggie Austin,DB,,Wake Forest,2026-04-02T08:02:59.132Z,,season_totals,
,,,,Big 12,2000,currentPlayer,1999,,,,,11,0,0,1,https://www.sports-reference.com/cfb/players/rashidi-barnes-1.html,,Rashidi Barnes,DB,,Colorado,2026-04-02T08:03:04.203Z,,season_totals,
,,,,SEC,2000,currentPlayer,1999,,,,,11,1,45,3,https://www.sports-reference.com/cfb/players/david-barrett-2.html,,David Barrett,DB,,Arkansas,2026-04-02T08:03:14.401Z,,season_totals,
,,,,Big 12,2000,currentPlayer,1999,,,,,11,0,0,1,https://www.sports-reference.com/cfb/players/william-bartee-1.html,,William Bartee,DB,,Oklahoma,2026-04-02T08:03:19.310Z,,season_totals,
,,,,SEC,2000,currentPlayer,1999,,,,,11,0,33,1,https://www.sports-reference.com/cfb/players/robert-bean-1.html,,Robert Bean,DB,,Mississippi State,2026-04-02T08:03:24.187Z,,season_totals,
,,,,MAC,2000,currentPlayer,1999,,,,,12,1,20,4,https://www.sports-reference.com/cfb/players/rogers-beckett-1.html,,Rogers Beckett,DB,,Marshall,2026-04-02T08:03:29.247Z,,season_totals,
,,,,Big Ten,2000,currentPlayer,1999,,,,,10,0,12,1,https://www.sports-reference.com/cfb/players/gary-berry-1.html,,Gary Berry,DB,,Ohio State,2026-04-02T08:03:34.331Z,,season_totals,
,,,,Big Ten,2000,currentPlayer,1999,,,,,11,0,0,1,https://www.sports-reference.com/cfb/players/matt-bowen-1.html,,Matt Bowen,DB,,Iowa,2026-04-02T08:03:39.271Z,,season_totals,
,,,,Big 12,2000,currentPlayer,1999,,,,,12,0,40,5,https://www.sports-reference.com/cfb/players/mike-brown-18.html,,Mike Brown,DB,,Nebraska,2026-04-02T08:05:09.235Z,,season_totals,
,AA,,,Big 12,2000,currentPlayer,1999,,,,,12,0,82,3,https://www.sports-reference.com/cfb/players/ralph-brown-2.html,,Ralph Brown,DB,,Nebraska,2026-04-02T08:05:19.198Z,,season_totals,
,AA,,,Big Ten,2000,currentPlayer,1999,,,,,11,0,3,0,https://www.sports-reference.com/cfb/players/tyrone-carter-1.html,,Tyrone Carter,DB,,Minnesota,2026-04-02T08:05:24.235Z,,season_totals,
,,,,Big East,2000,currentPlayer,1999,,,,,11,1,34,1,https://www.sports-reference.com/cfb/players/ike-charlton-1.html,,Ike Charlton,DB,,Virginia Tech,2026-04-02T08:05:29.186Z,,season_totals,
,,,,WAC,2000,currentPlayer,1999,,,,,11,0,8,3,https://www.sports-reference.com/cfb/players/todd-franz-1.html,,Todd Franz,DB,,Tulsa,2026-04-02T08:05:56.859Z,,season_totals,
,,,,SEC,2000,currentPlayer,1999,,,,,10,0,28,3,https://www.sports-reference.com/cfb/players/dwayne-goodrich-1.html,,Dwayne Goodrich,DB,,Tennessee,2026-04-02T08:06:14.559Z,,season_totals,
,AA,,,SEC,2000,currentPlayer,1999,,,,,11,1,167,9,https://www.sports-reference.com/cfb/players/deon-grant-1.html,,Deon Grant,DB,,Tennessee,2026-04-02T08:06:19.653Z,,season_totals,
,,,,ACC,2000,currentPlayer,1999,,,,,12,0,0,5,https://www.sports-reference.com/cfb/players/lloyd-harrison-1.html,,Lloyd Harrison,DB,,North Carolina State,2026-04-02T08:06:37.235Z,,season_totals,
,,,,Big West,2000,currentPlayer,1999,,,,,3,0,,,https://www.sports-reference.com/cfb/players/eric-johnson-5.html,,Eric Johnson,TE,,Nevada,2026-04-02T08:07:02.285Z,,season_totals,
,,,,Big 12,2000,currentPlayer,1999,,,,,11,0,49,5,https://www.sports-reference.com/cfb/players/ben-kelly-1.html,,Ben Kelly,DB,,Colorado,2026-04-02T08:07:07.353Z,,season_totals,
,,,,SEC,2000,currentPlayer,1999,,,,,11,0,97,3,https://www.sports-reference.com/cfb/players/kenoy-kennedy-1.html,,Kenoy Kennedy,DB,,Arkansas,2026-04-02T08:07:12.365Z,,season_totals,
,,,,Big Ten,2000,currentPlayer,1999,,,,,12,0,0,1,https://www.sports-reference.com/cfb/players/david-macklin-1.html,,David Macklin,DB,,Penn State,2026-04-02T08:07:24.940Z,,season_totals,
,,,,Big 12,2000,currentPlayer,1999,,,,,11,0,3,1,https://www.sports-reference.com/cfb/players/anthony-malbrough-1.html,,Anthony Malbrough,WR/DB,,Texas Tech,2026-04-02T08:07:30.004Z,,season_totals,
,,,,Big Ten,2000,currentPlayer,1999,,,,,11,1,93,2,https://www.sports-reference.com/cfb/players/aric-morris-1.html,,Aric Morris,DB,,Michigan State,2026-04-02T08:07:34.958Z,,season_totals,
,,,,Big Ten,2000,currentPlayer,1999,,,,,11,0,54,4,https://www.sports-reference.com/cfb/players/bobby-myers-2.html,,Bobby Myers,DB,,Wisconsin,2026-04-02T08:07:45.006Z,,season_totals,
,AA,,,Pac-10,2000,currentPlayer,1999,,,,,11,4,280,9,https://www.sports-reference.com/cfb/players/deltha-oneal-1.html,,Deltha O'Neal,RB/DB,,California,2026-04-02T08:07:49.965Z,,season_totals,
,,,,MWC,2000,currentPlayer,1999,,,,,9,1,93,6,https://www.sports-reference.com/cfb/players/erik-olson-1.html,,Erik Olson,DB,,Colorado State,2026-04-02T08:07:55.025Z,,season_totals,
,,,,Big Ten,2000,currentPlayer,1999,,,,,12,0,64,5,https://www.sports-reference.com/cfb/players/ahmed-plummer-1.html,,Ahmed Plummer,DB,,Ohio State,2026-04-02T08:07:59.935Z,,season_totals,
,,,,Big East,2000,currentPlayer,1999,,,,,11,0,56,3,https://www.sports-reference.com/cfb/players/hank-poteat-1.html,,Hank Poteat,RB/DB,,Pitt,2026-04-02T08:08:05.055Z,,season_totals,
,,,,SEC,2000,currentPlayer,1999,,,,,6,1,83,2,https://www.sports-reference.com/cfb/players/mark-roman-1.html,,Mark Roman,DB,,LSU,2026-04-02T08:08:10.038Z,,season_totals,
,,,,ACC,2000,currentPlayer,1999,,,,,11,0,37,6,https://www.sports-reference.com/cfb/players/lewis-sanders-1.html,,Lewis Sanders,DB,,Maryland,2026-04-02T08:08:15.052Z,,season_totals,
,,,,ACC,2000,currentPlayer,1999,,,,,11,0,38,4,https://www.sports-reference.com/cfb/players/tony-scott-4.html,,Tony Scott,DB,,North Carolina State,2026-04-02T08:08:35.022Z,,season_totals,
,,,,Big 12,2000,currentPlayer,1999,,,,,11,0,0,2,https://www.sports-reference.com/cfb/players/jacoby-shepherd-1.html,,Jacoby Shepherd,DB,,Oklahoma State,2026-04-02T08:08:39.992Z,,season_totals,
,,,,ACC,2000,currentPlayer,1999,,,,,9,0,9,1,https://www.sports-reference.com/cfb/players/travares-tillman-1.html,,Travares Tillman,DB,,Georgia Tech,2026-04-02T08:08:45.025Z,,season_totals,
,,,,Big 12,2000,currentPlayer,1999,,,,,11,0,14,4,https://www.sports-reference.com/cfb/players/jason-webster-1.html,,Jason Webster,DB,,Texas A&M,2026-04-02T08:08:57.732Z,,season_totals,
,,,,Big 12,2000,currentPlayer,1999,,,,,11,1,40,4,https://www.sports-reference.com/cfb/players/damen-wheeler-1.html,,Damen Wheeler,DB,,Colorado,2026-04-02T08:09:02.742Z,,season_totals,
,,JR,,Pac-10,2001,currentPlayer,2000,,0,0,0,11,0,31,2,https://www.sports-reference.com/cfb/players/hakim-akbar-1.html,,Hakim Akbar,DB,,Washington,2026-04-02T08:09:30.401Z,,season_totals,
,,SR,,Big East,2001,currentPlayer,2000,,0,0,0,11,0,9,2,https://www.sports-reference.com/cfb/players/will-allen-2.html,,Will Allen,DB,,Syracuse,2026-04-02T08:09:40.464Z,,season_totals,
,,SR,,Pac-10,2001,currentPlayer,2000,,0,0,0,11,0,0,1,https://www.sports-reference.com/cfb/players/adam-archuleta-1.html,,Adam Archuleta,LB,,Arizona State,2026-04-02T08:09:45.429Z,,season_totals,
,,JR,,CUSA,2001,currentPlayer,2000,,0,1,66,11,1,100,2,https://www.sports-reference.com/cfb/players/idrees-bashir-1.html,,Idrees Bashir,DB,,Memphis,2026-04-02T08:09:50.487Z,,season_totals,
,,SR,,Big East,2001,currentPlayer,2000,,0,0,0,11,0,14,2,https://www.sports-reference.com/cfb/players/cory-bird-1.html,,Cory Bird,DB,,Virginia Tech,2026-04-02T08:10:13.092Z,,season_totals,
,,SR,,Big Ten,2001,currentPlayer,2000,,0,0,0,11,0,18,5,https://www.sports-reference.com/cfb/players/harold-blackmon-1.html,,Harold Blackmon,DB,,Northwestern,2026-04-02T08:10:18.182Z,,season_totals,
,,SR,,Big Ten,2001,currentPlayer,2000,,0,1,6,12,0,24,3,https://www.sports-reference.com/cfb/players/james-boyd-1.html,,James Boyd,DB,,Penn State,2026-04-02T08:10:23.129Z,,season_totals,
,,JR,,Big 12,2001,currentPlayer,2000,,0,0,0,13,0,47,6,https://www.sports-reference.com/cfb/players/jerametrius-butler-1.html,,Jerametrius Butler,DB,,Kansas State,2026-04-02T08:10:28.162Z,,season_totals,
,,SR,,ACC,2001,currentPlayer,2000,,0,0,0,11,0,29,1,https://www.sports-reference.com/cfb/players/robert-carswell-1.html,,Robert Carswell,DB,,Clemson,2026-04-02T08:10:33.117Z,,season_totals,
,,JR,,Big Ten,2001,currentPlayer,2000,,0,0,0,11,0,47,4,https://www.sports-reference.com/cfb/players/nate-clements-1.html,,Nate Clements,DB,,Ohio State,2026-04-02T08:10:38.187Z,,season_totals,
,AA,SR,,ACC,2001,currentPlayer,2000,,0,0,0,12,1,200,6,https://www.sports-reference.com/cfb/players/tay-cody-1.html,,Tay Cody,DB,,Florida State,2026-04-02T08:10:43.179Z,,season_totals,
,,SR,,SEC,2001,currentPlayer,2000,,0,0,0,10,0,13,2,https://www.sports-reference.com/cfb/players/tony-dixon-2.html,,Tony Dixon,DB,,Alabama,2026-04-02T08:11:05.869Z,,season_totals,
,,SR,,Big Ten,2001,currentPlayer,2000,,0,0,0,10,0,0,3,https://www.sports-reference.com/cfb/players/jason-doering-1.html,,Jason Doering,DB,,Wisconsin,2026-04-02T08:11:10.853Z,,season_totals,
,,SR,,MWC,2001,currentPlayer,2000,,0,1,30,11,3,115,4,https://www.sports-reference.com/cfb/players/andre-dyson-1.html,,Andre Dyson,DB,,Utah,2026-04-02T08:11:15.964Z,,season_totals,
,AA,JR,,Big Ten,2001,currentPlayer,2000,,0,0,0,9,0,159,6,https://www.sports-reference.com/cfb/players/jamar-fletcher-1.html,,Jamar Fletcher,DB,,Wisconsin,2026-04-02T08:11:20.844Z,,season_totals,
,,SR,,WAC,2001,currentPlayer,2000,,0,0,0,11,0,0,1,https://www.sports-reference.com/cfb/players/curtis-fuller-1.html,,Curtis Fuller,DB,,Texas Christian,2026-04-02T08:11:25.884Z,,season_totals,
,,SR,,ACC,2001,currentPlayer,2000,,0,0,0,12,0,25,2,https://www.sports-reference.com/cfb/players/derrick-gibson-1.html,,Derrick Gibson,DB/LB,,Florida State,2026-04-02T08:11:30.947Z,,season_totals,
,,SR,,SEC,2001,currentPlayer,2000,,0,0,0,11,1,35,3,https://www.sports-reference.com/cfb/players/jamie-henderson-1.html,,Jamie Henderson,DB,,Georgia,2026-04-02T08:12:01.164Z,,season_totals,
,,,,Ind,2001,currentPlayer,2000,,0,0,0,11,0,88,5,https://www.sports-reference.com/cfb/players/anthony-henry-1.html,,Anthony Henry,DB,,South Florida,2026-04-02T08:12:06.197Z,,season_totals,
,,,,Big Ten,2001,currentPlayer,2000,,0,0,0,11,0,7,3,https://www.sports-reference.com/cfb/players/renaldo-hill-1.html,,Renaldo Hill,DB,,Michigan State,2026-04-02T08:12:11.239Z,,season_totals,
,,SR,,CUSA,2001,currentPlayer,2000,,0,0,0,11,0,32,6,https://www.sports-reference.com/cfb/players/rashad-holman-1.html,,Rashad Holman,DB,,Louisville,2026-04-02T08:12:16.233Z,,season_totals,
,,SR,,MWC,2001,currentPlayer,2000,,0,0,0,11,0,0,2,https://www.sports-reference.com/cfb/players/john-howell-1.html,,John Howell,DB,,Colorado State,2026-04-02T08:12:21.223Z,,season_totals,
,,SR,,Big 12,2001,currentPlayer,2000,,0,0,0,9,0,88,2,https://www.sports-reference.com/cfb/players/michael-jameson-1.html,,Michael Jameson,DB,,Texas A&M,2026-04-02T08:12:26.234Z,,season_totals,
,,SR,,Big Ten,2001,currentPlayer,2000,,0,0,0,12,0,31,3,https://www.sports-reference.com/cfb/players/bhawoh-jue-1.html,,Bhawoh Jue,DB,,Penn State,2026-04-02T08:12:31.199Z,,season_totals,
,,SR,,SEC,2001,currentPlayer,2000,,0,0,0,11,0,20,1,https://www.sports-reference.com/cfb/players/eric-kelly-1.html,,Eric Kelly,DB,,Kentucky,2026-04-02T08:12:36.200Z,,season_totals,
,,SR,,SEC,2001,currentPlayer,2000,,0,0,0,11,0,60,5,https://www.sports-reference.com/cfb/players/ken-lucas-1.html,,Ken Lucas,WR/DB,,Ole Miss,2026-04-02T08:12:41.224Z,,season_totals,
,,SR,,SEC,2001,currentPlayer,2000,,2,1,32,11,0,0,0,https://www.sports-reference.com/cfb/players/marlon-mccree-1.html,,Marlon McCree,LB,,Kentucky,2026-04-02T08:12:46.230Z,,season_totals,
,,JR,,Big Ten,2001,currentPlayer,2000,,0,0,0,8,0,29,1,https://www.sports-reference.com/cfb/players/willie-middlebrooks-1.html,,Willie Middlebrooks,DB,,Minnesota,2026-04-02T08:12:51.247Z,,season_totals,
,,SR,,Big East,2001,currentPlayer,2000,,0,0,0,11,1,34,2,https://www.sports-reference.com/cfb/players/leonard-myers-1.html,,Leonard Myers,DB,,Miami (FL),2026-04-02T08:12:56.214Z,,season_totals,
,AA,SR,,MAC,2001,currentPlayer,2000,,0,1,35,11,2,208,10,https://www.sports-reference.com/cfb/players/dwight-smith-1.html,,Dwight Smith,DB,,Akron,2026-04-02T08:13:08.892Z,,season_totals,
,AA,SR,,SEC,2001,currentPlayer,2000,,0,0,0,11,0,31,5,https://www.sports-reference.com/cfb/players/fred-smoot-1.html,,Fred Smoot,DB,,Mississippi State,2026-04-02T08:13:13.917Z,,season_totals,
,,SR,,CUSA,2001,currentPlayer,2000,,0,0,0,11,0,28,2,https://www.sports-reference.com/cfb/players/michael-stone-1.html,,Michael Stone,DB,,Memphis,2026-04-02T08:13:18.944Z,,season_totals,
,,SR,,CUSA,2001,currentPlayer,2000,,0,0,0,11,1,54,2,https://www.sports-reference.com/cfb/players/raymond-walls-1.html,,Raymond Walls,WR/DB,,Southern Mississippi,2026-04-02T08:13:23.957Z,,season_totals,
,,SR,,Ind,2001,currentPlayer,2000,,0,0,0,11,0,0,1,https://www.sports-reference.com/cfb/players/brock-williams-1.html,,Brock Williams,DB,,Notre Dame,2026-04-02T08:13:28.921Z,,season_totals,
,,SR,,SEC,2001,currentPlayer,2000,,0,0,0,9,0,64,4,https://www.sports-reference.com/cfb/players/jimmy-williams-1.html,,Jimmy Williams,RB/DB,,Vanderbilt,2026-04-02T08:13:33.960Z,,season_totals,
,,SR,,Pac-10,2002,currentPlayer,2001,,0,0,0,11,0,20,2,https://www.sports-reference.com/cfb/players/marques-anderson-1.html,,Marques Anderson,DB,,UCLA,2026-04-02T08:13:38.894Z,,season_totals,
,,SR,,Pac-10,2002,currentPlayer,2001,,0,0,0,11,0,39,2,https://www.sports-reference.com/cfb/players/rashad-bauman-1.html,,Rashad Bauman,DB,,Oregon,2026-04-02T08:13:43.956Z,,season_totals,
,,SR,,MWC,2002,currentPlayer,2001,,0,0,0,11,1,90,2,https://www.sports-reference.com/cfb/players/sam-brandon-1.html,,Sam Brandon,WR/DB,,Nevada-Las Vegas,2026-04-02T08:14:01.591Z,,season_totals,
,,SR,,SEC,2002,currentPlayer,2001,,0,0,0,11,0,9,2,https://www.sports-reference.com/cfb/players/sheldon-brown-1.html,,Sheldon Brown,DB,,South Carolina,2026-04-02T08:14:06.673Z,,season_totals,
,,JR,,Big East,2002,currentPlayer,2001,,0,0,0,11,1,157,5,https://www.sports-reference.com/cfb/players/phillip-buchanon-1.html,,Phillip Buchanon,DB,,Miami (FL),2026-04-02T08:14:11.632Z,,season_totals,
,,SR,,Pac-10,2002,currentPlayer,2001,,0,0,0,9,0,7,2,https://www.sports-reference.com/cfb/players/chris-cash-1.html,,Chris Cash,DB,,USC,2026-04-02T08:14:16.691Z,,season_totals,
,,SR,,Big 12,2002,currentPlayer,2001,,0,0,0,12,1,97,3,https://www.sports-reference.com/cfb/players/keyuo-craver-1.html,,Keyuo Craver,DB,,Nebraska,2026-04-02T08:14:21.707Z,,season_totals,
,,SR,,Big 12,2002,currentPlayer,2001,,0,0,0,11,0,19,4,https://www.sports-reference.com/cfb/players/kevin-curtis-1.html,,Kevin Curtis,DB,,Texas Tech,2026-04-02T08:14:26.679Z,,season_totals,
,,SR,,Big Ten,2002,currentPlayer,2001,,0,0,0,12,0,1,3,https://www.sports-reference.com/cfb/players/mike-echols-1.html,,Mike Echols,DB,,Wisconsin,2026-04-02T08:14:31.672Z,,season_totals,
,,SR,,Big 12,2002,currentPlayer,2001,,0,0,0,11,0,89,5,https://www.sports-reference.com/cfb/players/demarcus-faggins-1.html,,Demarcus Faggins,DB,,Kansas State,2026-04-02T08:14:36.659Z,,season_totals,
,,SR,,WAC,2002,currentPlayer,2001,,0,0,0,11,1,38,2,https://www.sports-reference.com/cfb/players/bobby-gray-1.html,,Bobby Gray,DB,,Louisiana Tech,2026-04-02T08:14:41.631Z,,season_totals,
,,SR,,ACC,2002,currentPlayer,2001,,0,0,0,11,0,0,3,https://www.sports-reference.com/cfb/players/chris-hope-1.html,,Chris Hope,DB,,Florida State,2026-04-02T08:14:46.661Z,,season_totals,
,AA,SR,,Big 12,2002,currentPlayer,2001,,0,0,0,12,0,0,2,https://www.sports-reference.com/cfb/players/quentin-jammer-1.html,,Quentin Jammer,DB,,Texas,2026-04-02T08:14:51.660Z,,season_totals,
,,SR,,Big 12,2002,currentPlayer,2001,,0,0,0,12,1,78,5,https://www.sports-reference.com/cfb/players/michael-lewis-1.html,,Michael Lewis,DB,,Colorado,2026-04-02T08:14:56.587Z,,season_totals,
,,SR,,Pac-10,2002,currentPlayer,2001,,0,0,0,11,1,21,1,https://www.sports-reference.com/cfb/players/omare-lowe-1.html,,Omare Lowe,LB/DB,,Washington,2026-04-02T08:15:14.348Z,,season_totals,
,,SR,,Pac-10,2002,currentPlayer,2001,,0,0,0,11,0,14,2,https://www.sports-reference.com/cfb/players/wesly-mallard-1.html,,Wesly Mallard,LB,,Oregon,2026-04-02T08:15:19.381Z,,season_totals,
,,SR,,SEC,2002,currentPlayer,2001,,0,0,0,11,0,18,1,https://www.sports-reference.com/cfb/players/marquand-manuel-1.html,,Marquand Manuel,DB,,Florida,2026-04-02T08:15:24.412Z,,season_totals,
,,SR,,Big 12,2002,currentPlayer,2001,,0,0,0,9,0,54,4,https://www.sports-reference.com/cfb/players/jon-mcgraw-1.html,,Jon McGraw,DB,,Kansas State,2026-04-02T08:15:29.451Z,,season_totals,
,,SR,,SEC,2002,currentPlayer,2001,,0,0,0,11,0,2,1,https://www.sports-reference.com/cfb/players/willie-offord-1.html,,Willie Offord,DB,,South Carolina,2026-04-02T08:15:42.010Z,,season_totals,
,,SR,,SEC,2002,currentPlayer,2001,,0,0,0,11,1,89,3,https://www.sports-reference.com/cfb/players/jermaine-phillips-1.html,,Jermaine Phillips,WR/DB,,Georgia,2026-04-02T08:15:47.045Z,,season_totals,
,AA,SR,,Big East,2002,currentPlayer,2001,,0,0,0,11,2,206,9,https://www.sports-reference.com/cfb/players/ed-reed-1.html,,Ed Reed,DB,,Miami (FL),2026-04-02T08:15:52.293Z,,season_totals,
,,SR,,Pac-10,2002,currentPlayer,2001,,0,1,0,11,1,94,2,https://www.sports-reference.com/cfb/players/kris-richard-1.html,,Kris Richard,DB,,USC,2026-04-02T08:15:57.087Z,,season_totals,
,,JR,,Big Ten,2002,currentPlayer,2001,,0,0,0,11,1,194,7,https://www.sports-reference.com/cfb/players/derek-ross-1.html,,Derek Ross,PR/DB,,Ohio State,2026-04-02T08:16:02.135Z,,season_totals,
,,JR,,SEC,2002,currentPlayer,2001,,0,0,0,11,0,7,2,https://www.sports-reference.com/cfb/players/lito-sheppard-1.html,,Lito Sheppard,DB,,Florida,2026-04-02T08:16:19.743Z,,season_totals,
,,SR,,SEC,2002,currentPlayer,2001,,0,0,0,11,0,6,1,https://www.sports-reference.com/cfb/players/kevin-thomas-1.html,,Kevin Thomas,DB/LB,,Ole Miss,2026-04-02T08:16:24.750Z,,season_totals,
,,SR,,Pac-10,2002,currentPlayer,2001,,0,0,0,11,1,96,8,https://www.sports-reference.com/cfb/players/lamont-thompson-1.html,,Lamont Thompson,DB,,Washington State,2026-04-02T08:16:29.791Z,,season_totals,
,,SR,,CUSA,2002,currentPlayer,2001,,0,0,0,11,0,11,1,https://www.sports-reference.com/cfb/players/chad-williams-1.html,,Chad Williams,DB,,Southern Mississippi,2026-04-02T08:16:42.408Z,,season_totals,
,"H-7,Nagurski,AA",JR,,Big 12,2002,currentPlayer,2001,,2,1,25,12,0,0,0,https://www.sports-reference.com/cfb/players/roy-williams-2.html,,Roy Williams,DB,,Oklahoma,2026-04-02T08:16:52.446Z,,season_totals,
,,SR,,Pac-10,2002,currentPlayer,2001,,0,1,25,11,0,22,5,https://www.sports-reference.com/cfb/players/tank-williams-1.html,,Tank Williams,DB,,Stanford,2026-04-02T08:16:57.483Z,,season_totals,
,,SR,,Pac-10,2002,currentPlayer,2001,,0,1,89,11,0,0,0,https://www.sports-reference.com/cfb/players/coy-wire-1.html,,Coy Wire,RB/LB,,Stanford,2026-04-02T08:17:02.448Z,,season_totals,
,,SR,,ACC,2002,currentPlayer,2001,,0,1,25,12,0,14,1,https://www.sports-reference.com/cfb/players/chris-young-1.html,,Chris Young,DB,,Georgia Tech,2026-04-02T08:17:07.508Z,,season_totals,
,,SR,,Pac-10,2003,currentPlayer,2002,,0,0,0,12,1,85,3,https://www.sports-reference.com/cfb/players/nnamdi-asomugha-1.html,,Nnamdi Asomugha,DB,,California,2026-04-02T08:17:12.497Z,,season_totals,
,,SR,,SEC,2003,currentPlayer,2002,,0,0,0,13,0,0,1,https://www.sports-reference.com/cfb/players/julian-battle-1.html,,Julian Battle,DB,,Tennessee,2026-04-02T08:17:17.438Z,,season_totals,
,,SR,,Pac-10,2003,currentPlayer,2002,,0,0,0,11,0,0,2,https://www.sports-reference.com/cfb/players/colin-branch-1.html,,Colin Branch,DB,,Stanford,2026-04-02T08:17:22.427Z,,season_totals,
,,SR,,CUSA,2003,currentPlayer,2002,,0,0,0,13,0,25,2,https://www.sports-reference.com/cfb/players/curry-burns-1.html,,Curry Burns,DB,,Louisville,2026-04-02T08:17:27.520Z,,season_totals,
,,SR,,Big East,2003,currentPlayer,2002,,0,0,0,13,0,41,2,https://www.sports-reference.com/cfb/players/torrie-cox-1.html,,Torrie Cox,RB/DB,,Pitt,2026-04-02T08:17:32.461Z,,season_totals,
,,SR,,Big 12,2003,currentPlayer,2002,,0,0,0,12,0,35,2,https://www.sports-reference.com/cfb/players/sammy-davis-1.html,,Sammy Davis,DB,,Texas A&M,2026-04-02T08:17:37.513Z,,season_totals,
,AA,SR,,Big Ten,2003,currentPlayer,2002,,0,0,0,14,1,80,2,https://www.sports-reference.com/cfb/players/mike-doss-1.html,,Mike Doss,DB,,Ohio State,2026-04-02T08:17:42.501Z,,season_totals,
,,SR,,WAC,2003,currentPlayer,2002,,0,0,0,9,0,5,2,https://www.sports-reference.com/cfb/players/kevin-garrett-1.html,,Kevin Garrett,DB,,SMU,2026-04-02T08:17:55.141Z,,season_totals,
,,SR,,Big 12,2003,currentPlayer,2002,,0,0,0,14,0,26,4,https://www.sports-reference.com/cfb/players/dejuan-groce-1.html,,Dejuan Groce,DB,,Nebraska,2026-04-02T08:18:00.164Z,,season_totals,
,,JR,,SEC,2003,currentPlayer,2002,,0,0,0,14,0,33,4,https://www.sports-reference.com/cfb/players/ken-hamlin-1.html,,Ken Hamlin,DB,,Arkansas,2026-04-02T08:18:05.178Z,,season_totals,
,,SR,,ACC,2003,currentPlayer,2002,,0,0,0,14,0,12,3,https://www.sports-reference.com/cfb/players/terrence-holt-1.html,,Terrence Holt,DB,,North Carolina State,2026-04-02T08:18:10.194Z,,season_totals,
,,SR,,SEC,2003,currentPlayer,2002,,0,0,0,12,0,0,2,https://www.sports-reference.com/cfb/players/todd-johnson-1.html,,Todd Johnson,DB,,Florida,2026-04-02T08:18:15.163Z,,season_totals,
,,SR,,Big 12,2003,currentPlayer,2002,,0,0,0,12,0,19,3,https://www.sports-reference.com/cfb/players/terrence-kiel-1.html,,Terrence Kiel,DB,,Texas A&M,2026-04-02T08:18:32.815Z,,season_totals,
,,SR,,Big Ten,2003,currentPlayer,2002,,0,0,0,10,0,28,2,https://www.sports-reference.com/cfb/players/michael-lehan-1.html,,Michael Lehan,DB,,Minnesota,2026-04-02T08:18:37.889Z,,season_totals,
,,SR,,Pac-10,2003,currentPlayer,2002,,0,0,0,13,1,47,4,https://www.sports-reference.com/cfb/players/ricky-manning-1.html,,Ricky Manning,DB,,UCLA,2026-04-02T08:18:55.498Z,,season_totals,
,,SR,,CUSA,2003,currentPlayer,2002,,0,0,0,12,0,19,1,https://www.sports-reference.com/cfb/players/hanik-milligan-1.html,,Hanik Milligan,DB,,Houston,2026-04-02T08:19:15.769Z,,season_totals,
,AA,SR,,Big 12,2003,currentPlayer,2002,,0,0,0,13,0,21,5,https://www.sports-reference.com/cfb/players/terence-newman-1.html,,Terence Newman,DB,,Kansas State,2026-04-02T08:19:20.987Z,,season_totals,
,,SR,,Big Ten,2003,currentPlayer,2002,,0,0,0,14,0,0,0,https://www.sports-reference.com/cfb/players/donnie-nickey-1.html,,Donnie Nickey,DB,,Ohio State,2026-04-02T08:19:25.864Z,,season_totals,
,,SR,,Big Ten,2003,currentPlayer,2002,,0,0,0,13,1,89,4,https://www.sports-reference.com/cfb/players/derek-pagel-1.html,,Derek Pagel,DB,,Iowa,2026-04-02T08:19:30.836Z,,season_totals,
,,SR,,Big East,2003,currentPlayer,2002,,0,0,0,14,1,171,4,https://www.sports-reference.com/cfb/players/willie-pile-1.html,,Willie Pile,DB,,Virginia Tech,2026-04-02T08:19:35.850Z,,season_totals,
,AA,SR,,Pac-10,2003,currentPlayer,2002,,0,0,0,12,0,33,1,https://www.sports-reference.com/cfb/players/troy-polamalu-1.html,,Troy Polamalu,DB,,USC,2026-04-02T08:19:40.857Z,,season_totals,
,,SR,,MAC,2003,currentPlayer,2002,,0,0,0,12,0,26,4,https://www.sports-reference.com/cfb/players/asante-samuel-1.html,,Asante Samuel,DB,,UCF,2026-04-02T08:19:45.819Z,,season_totals,
,,SR,,Ind,2003,currentPlayer,2002,,0,1,54,13,0,17,4,https://www.sports-reference.com/cfb/players/gerome-sapp-1.html,,Gerome Sapp,DB,,Notre Dame,2026-04-02T08:19:50.819Z,,season_totals,
,,SR,,Big Ten,2003,currentPlayer,2002,,0,0,0,13,0,47,4,https://www.sports-reference.com/cfb/players/bryan-scott-1.html,,Bryan Scott,DB,,Penn State,2026-04-02T08:19:55.841Z,,season_totals,
,,SR,,Big 12,2003,currentPlayer,2002,,0,0,0,14,2,186,2,https://www.sports-reference.com/cfb/players/donald-strickland-1.html,,Donald Strickland,DB,,Colorado,2026-04-02T08:20:00.844Z,,season_totals,
,,SR,,Sun Belt,2003,currentPlayer,2002,,0,0,0,12,0,8,2,https://www.sports-reference.com/cfb/players/charles-tillman-1.html,,Charles Tillman,DB,,Louisiana,2026-04-02T08:20:05.823Z,,season_totals,
,,SR,,Pac-10,2003,currentPlayer,2002,,0,0,0,13,0,33,3,https://www.sports-reference.com/cfb/players/marcus-trufant-1.html,,Marcus Trufant,DB,,Washington State,2026-04-02T08:20:10.886Z,,season_totals,
,,SR,,Big Ten,2003,currentPlayer,2002,,0,0,0,14,1,67,5,https://www.sports-reference.com/cfb/players/bj-tucker-1.html,,B.J. Tucker,DB,,Wisconsin,2026-04-02T08:20:15.892Z,,season_totals,
,AA,SR,,Ind,2003,currentPlayer,2002,,0,0,0,13,2,84,7,https://www.sports-reference.com/cfb/players/shane-walton-1.html,,Shane Walton,DB,,Notre Dame,2026-04-02T08:20:20.872Z,,season_totals,
,,SR,,Big Ten,2003,currentPlayer,2002,,0,0,0,12,0,0,1,https://www.sports-reference.com/cfb/players/eugene-wilson-1.html,,Eugene Wilson,DB,,Illinois,2026-04-02T08:20:25.850Z,,season_totals,
,,SR,,Big 12,2003,currentPlayer,2002,,0,0,0,13,0,0,2,https://www.sports-reference.com/cfb/players/andre-woolfolk-1.html,,Andre Woolfolk,WR/DB,,Oklahoma,2026-04-02T08:20:30.914Z,,season_totals,
,AA,SR,,Big Ten,2004,currentPlayer,2003,,0,0,0,13,1,107,2,https://www.sports-reference.com/cfb/players/will-allen-1.html,,Will Allen,DB,,Ohio State,2026-04-02T08:20:35.840Z,,season_totals,
,,SR,,CUSA,2004,currentPlayer,2003,,0,0,0,11,0,24,3,https://www.sports-reference.com/cfb/players/greg-brooks-1.html,,Greg Brooks,DB,,Southern Mississippi,2026-04-02T08:20:40.832Z,,season_totals,
,,JR,,SEC,2004,currentPlayer,2003,,0,0,0,13,0,0,3,https://www.sports-reference.com/cfb/players/ahmad-carroll-1.html,,Ahmad Carroll,DB,,Arkansas,2026-04-02T08:20:45.878Z,,season_totals,
,,SR,,Pac-10,2004,currentPlayer,2003,,0,0,0,13,0,22,7,https://www.sports-reference.com/cfb/players/erik-coleman-1.html,,Erik Coleman,DB,,Washington State,2026-04-02T08:20:58.529Z,,season_totals,
,,SR,,Ind,2004,currentPlayer,2003,,0,0,0,12,0,0,1,https://www.sports-reference.com/cfb/players/glenn-earl-1.html,,Glenn Earl,DB,,Notre Dame,2026-04-02T08:21:03.505Z,,season_totals,
,,JR,,Big Ten,2004,currentPlayer,2003,,0,0,0,13,0,0,3,https://www.sports-reference.com/cfb/players/chris-gamble-1.html,,Chris Gamble,WR,,Ohio State,2026-04-02T08:21:08.581Z,,season_totals,
,,SR,,Big Ten,2004,currentPlayer,2003,,0,0,0,12,0,22,1,https://www.sports-reference.com/cfb/players/rich-gardner-1.html,,Rich Gardner,DB,,Penn State,2026-04-02T08:21:13.615Z,,season_totals,
,,JR,,Big East,2004,currentPlayer,2003,,0,1,28,13,0,0,1,https://www.sports-reference.com/cfb/players/deangelo-hall-1.html,,Deangelo Hall,DB,,Virginia Tech,2026-04-02T08:21:18.583Z,,season_totals,
,,SR,,SEC,2004,currentPlayer,2003,,0,0,0,13,0,5,4,https://www.sports-reference.com/cfb/players/von-hutchins-1.html,,Von Hutchins,DB,,Ole Miss,2026-04-02T08:21:23.586Z,,season_totals,
,,JR,,SEC,2004,currentPlayer,2003,,0,1,92,12,0,42,5,https://www.sports-reference.com/cfb/players/sean-jones-1.html,,Sean Jones,DB,,Georgia,2026-04-02T08:21:28.616Z,,season_totals,
,,SR,,Pac-10,2004,currentPlayer,2003,,0,0,0,13,1,31,3,https://www.sports-reference.com/cfb/players/keith-lewis-1.html,,Keith Lewis,DB,,Oregon,2026-04-02T08:21:33.612Z,,season_totals,
,,SO,,Pac-10,2004,currentPlayer,2003,,0,0,0,13,1,70,7,https://www.sports-reference.com/cfb/players/will-poole-1.html,,Will Poole,DB,,USC,2026-04-02T08:21:38.565Z,,season_totals,
,,SR,,CUSA,2004,currentPlayer,2003,,0,0,0,13,0,32,3,https://www.sports-reference.com/cfb/players/etric-pruitt-1.html,,Etric Pruitt,DB,,Southern Mississippi,2026-04-02T08:21:43.699Z,,season_totals,
,AA,SR,,SEC,2004,currentPlayer,2003,,0,2,111,13,2,182,9,https://www.sports-reference.com/cfb/players/keiwan-ratliff-1.html,,Keiwan Ratliff,DB,,Florida,2026-04-02T08:21:48.579Z,,season_totals,
,,SR,,SEC,2004,currentPlayer,2003,,0,0,0,12,1,29,1,https://www.sports-reference.com/cfb/players/dunta-robinson-1.html,,Dunta Robinson,DB,,South Carolina,2026-04-02T08:22:06.228Z,,season_totals,
,,SR,,Big Ten,2004,currentPlayer,2003,,0,1,3,10,0,0,1,https://www.sports-reference.com/cfb/players/bob-sanders-1.html,,Bob Sanders,DB,,Iowa,2026-04-02T08:22:11.264Z,,season_totals,
,,SR,,Big Ten,2004,currentPlayer,2003,,0,0,0,13,0,62,4,https://www.sports-reference.com/cfb/players/stuart-schweigert-1.html,,Stuart Schweigert,WR/DB,,Purdue,2026-04-02T08:22:16.266Z,,season_totals,
,,SR,,SEC,2004,currentPlayer,2003,,0,0,0,13,1,47,2,https://www.sports-reference.com/cfb/players/guss-scott-1.html,,Guss Scott,DB,,Florida,2026-04-02T08:22:21.299Z,,season_totals,
,,JR,,Pac-10,2004,currentPlayer,2003,,0,0,0,11,0,85,3,https://www.sports-reference.com/cfb/players/jason-shivers-1.html,,Jason Shivers,DB,,Arizona State,2026-04-02T08:22:26.293Z,,season_totals,
,,SR,,MWC,2004,currentPlayer,2003,,0,0,0,12,0,8,1,https://www.sports-reference.com/cfb/players/jeff-shoate-1.html,,Jeff Shoate,DB,,San Diego State,2026-04-02T08:22:31.233Z,,season_totals,
,"Nagurski,AA",SR,,Big 12,2004,currentPlayer,2003,,0,1,17,13,0,127,3,https://www.sports-reference.com/cfb/players/derrick-strait-1.html,,Derrick Strait,DB,,Oklahoma,2026-04-02T08:23:08.926Z,,season_totals,
,AA,JR,,Big East,2004,currentPlayer,2003,,0,0,0,12,3,184,10,https://www.sports-reference.com/cfb/players/sean-taylor-1.html,,Sean Taylor,DB,,Miami (FL),2026-04-02T08:23:14.010Z,,season_totals,
,,SR,,SEC,2004,currentPlayer,2003,,0,0,0,14,0,4,2,https://www.sports-reference.com/cfb/players/bruce-thornton-1.html,,Bruce Thornton,RB/DB,,Georgia,2026-04-02T08:23:59.347Z,,season_totals,
,,SR,,Big 12,2004,currentPlayer,2003,,0,0,0,13,0,12,6,https://www.sports-reference.com/cfb/players/nathan-vasher-1.html,,Nathan Vasher,DB,,Texas,2026-04-02T08:24:04.430Z,,season_totals,
,,SR,,ACC,2004,currentPlayer,2003,,0,0,0,12,0,0,0,https://www.sports-reference.com/cfb/players/michael-waddell-1.html,,Michael Waddell,DB,,North Carolina,2026-04-02T08:24:09.387Z,,season_totals,
,,JR,,Pac-10,2004,currentPlayer,2003,,0,0,0,10,0,12,2,https://www.sports-reference.com/cfb/players/matt-ware-1.html,,Matt Ware,DB,,UCLA,2026-04-02T08:24:14.429Z,,season_totals,
,,SR,,Big 12,2004,currentPlayer,2003,,0,0,0,15,1,67,3,https://www.sports-reference.com/cfb/players/rashad-washington-1.html,,Rashad Washington,RB/DB,,Kansas State,2026-04-02T08:24:19.428Z,,season_totals,
,,SR,,ACC,2004,currentPlayer,2003,,0,0,0,13,0,10,3,https://www.sports-reference.com/cfb/players/madieu-williams-1.html,,Madieu Williams,DB,,Maryland,2026-04-02T08:24:24.390Z,,season_totals,
,,SR,,SEC,2004,currentPlayer,2003,,0,0,0,13,0,1,3,https://www.sports-reference.com/cfb/players/gibril-wilson-1.html,,Gibril Wilson,DB,,Tennessee,2026-04-02T08:24:29.422Z,,season_totals,
,,SR,,MWC,2004,currentPlayer,2003,,0,0,0,13,0,6,1,https://www.sports-reference.com/cfb/players/dexter-wynn-1.html,,Dexter Wynn,DB,,Colorado State,2026-04-02T08:24:34.447Z,,season_totals,
,,SR,,Pac-10,2005,currentPlayer,2004,,0,0,0,11,0,3,1,https://www.sports-reference.com/cfb/players/hamza-abdullah-1.html,,Hamza Abdullah,DB,,Washington State,2026-04-02T08:24:39.445Z,,season_totals,
,,JR,,Big 12,2005,currentPlayer,2004,,0,0,0,11,0,38,2,https://www.sports-reference.com/cfb/players/josh-bullocks-1.html,,Josh Bullocks,QB/DB,,Nebraska,2026-04-02T08:24:44.442Z,,season_totals,
,,SR,,ACC,2005,currentPlayer,2004,,0,0,0,12,0,3,1,https://www.sports-reference.com/cfb/players/jerome-carter-1.html,,Jerome Carter,DB,,Florida State,2026-04-02T08:24:49.418Z,,season_totals,
,,SR,,Big Ten,2005,currentPlayer,2004,,0,0,0,10,0,62,3,https://www.sports-reference.com/cfb/players/sean-considine-1.html,,Sean Considine,DB,,Iowa,2026-04-02T08:25:09.853Z,,season_totals,
,,SR,,SEC,2005,currentPlayer,2004,,0,0,0,12,1,1,0,https://www.sports-reference.com/cfb/players/travis-daniels-1.html,,Travis Daniels,DB,,LSU,2026-04-02T08:25:14.827Z,,season_totals,
,AA,JR,,SEC,2005,currentPlayer,2004,,0,0,0,11,0,0,1,https://www.sports-reference.com/cfb/players/thomas-davis-1.html,,Thomas Davis,DB/LB,,Georgia,2026-04-02T08:25:19.816Z,,season_totals,
,,SR,,Pac-10,2005,currentPlayer,2004,,0,0,0,12,0,0,1,https://www.sports-reference.com/cfb/players/ben-emanuel-1.html,,Ben Emanuel,DB,,UCLA,2026-04-02T08:25:24.897Z,,season_totals,
,,SR,,ACC,2005,currentPlayer,2004,,0,1,0,13,0,12,3,https://www.sports-reference.com/cfb/players/vincent-fuller-1.html,,Vincent Fuller,DB,,Virginia Tech,2026-04-02T08:25:55.187Z,,season_totals,
,,SR,,ACC,2005,currentPlayer,2004,,0,0,0,13,0,47,1,https://www.sports-reference.com/cfb/players/eric-green-1.html,,Eric Green,DB,,Virginia Tech,2026-04-02T08:26:00.207Z,,season_totals,
,,SR,,Big Ten,2005,currentPlayer,2004,,0,0,0,11,1,84,4,https://www.sports-reference.com/cfb/players/kelvin-hayden-1.html,,Kelvin Hayden,WR/DB,,Illinois,2026-04-02T08:26:05.245Z,,season_totals,
,,,,Big 12,2005,currentPlayer,2004,,0,0,0,12,1,117,5,https://www.sports-reference.com/cfb/players/ellis-hobbs-1.html,,Ellis Hobbs,DB,,Iowa State,2026-04-02T08:26:10.273Z,,season_totals,
,,SR,,CUSA,2005,currentPlayer,2004,,0,0,0,12,0,0,2,https://www.sports-reference.com/cfb/players/daven-holly-1.html,,Daven Holly,WR/DB,,Cincinnati,2026-04-02T08:26:15.266Z,,season_totals,
,AA,SR,,Big Ten,2005,currentPlayer,2004,,0,0,0,12,0,34,1,https://www.sports-reference.com/cfb/players/marlin-jackson-1.html,,Marlin Jackson,DB,,Michigan,2026-04-02T08:26:20.209Z,,season_totals,
,"Nagurski,AA",SR,,Big 12,2005,currentPlayer,2004,,0,0,0,12,0,18,1,https://www.sports-reference.com/cfb/players/derrick-johnson-3.html,,Derrick Johnson,LB,,Texas,2026-04-02T08:26:35.244Z,,season_totals,
,,JR,,Big East,2005,currentPlayer,2004,,0,0,0,12,0,51,3,https://www.sports-reference.com/cfb/players/adam-jones-1.html,,Adam Jones,DB,,West Virginia,2026-04-02T08:26:40.268Z,,season_totals,
,,SR,,ACC,2005,currentPlayer,2004,,0,0,0,10,0,0,1,https://www.sports-reference.com/cfb/players/eric-king-1.html,,Eric King,DB,,Wake Forest,2026-04-02T08:26:45.291Z,,season_totals,
,,SR,,ACC,2005,currentPlayer,2004,,0,0,0,12,0,0,1,https://www.sports-reference.com/cfb/players/bryant-mcfadden-1.html,,Bryant McFadden,DB,,Florida State,2026-04-02T08:26:50.265Z,,season_totals,
,,SR,,Big 12,2005,currentPlayer,2004,,0,0,0,13,0,32,1,https://www.sports-reference.com/cfb/players/donte-nicholson-1.html,,Donte Nicholson,DB,,Oklahoma,2026-04-02T08:26:55.225Z,,season_totals,
,,SR,,Pac-10,2005,currentPlayer,2004,,0,0,0,11,0,5,2,https://www.sports-reference.com/cfb/players/karl-paymah-1.html,,Karl Paymah,DB,,Washington State,2026-04-02T08:27:00.214Z,,season_totals,
,,SR,,Big 12,2005,currentPlayer,2004,,0,0,0,12,0,0,1,https://www.sports-reference.com/cfb/players/antonio-perkins-1.html,,Antonio Perkins,DB,,Oklahoma,2026-04-02T08:27:05.247Z,,season_totals,
,,JR,,Big 12,2005,currentPlayer,2004,,0,0,0,13,0,42,2,https://www.sports-reference.com/cfb/players/brodney-pool-1.html,,Brodney Pool,DB,,Oklahoma,2026-04-02T08:27:10.251Z,,season_totals,
,,SR,,CUSA,2005,currentPlayer,2004,,0,1,40,12,1,56,6,https://www.sports-reference.com/cfb/players/kerry-rhodes-1.html,,Kerry Rhodes,DB,,Louisville,2026-04-02T08:27:15.218Z,,season_totals,
,AA,SR,,SEC,2005,currentPlayer,2004,,0,0,0,13,1,53,2,https://www.sports-reference.com/cfb/players/carlos-rogers-1.html,,Carlos Rogers,DB,,Auburn,2026-04-02T08:27:20.270Z,,season_totals,
,AA,SR,,ACC,2005,currentPlayer,2004,,0,0,0,12,0,6,1,https://www.sports-reference.com/cfb/players/antrel-rolle-1.html,,Antrel Rolle,DB,,Miami (FL),2026-04-02T08:27:25.273Z,,season_totals,
,,SR,,CUSA,2005,currentPlayer,2004,,0,0,0,10,0,37,2,https://www.sports-reference.com/cfb/players/stanford-routt-1.html,,Stanford Routt,DB,,Houston,2026-04-02T08:27:30.315Z,,season_totals,
,,SR,,ACC,2005,currentPlayer,2004,,0,0,0,12,0,0,1,https://www.sports-reference.com/cfb/players/gerald-sensabaugh-1.html,,Gerald Sensabaugh,DB,,North Carolina,2026-04-02T08:27:35.258Z,,season_totals,
,,SR,,Big Ten,2005,currentPlayer,2004,,0,1,40,12,0,16,1,https://www.sports-reference.com/cfb/players/scott-starks-1.html,,Scott Starks,DB,,Wisconsin,2026-04-02T08:27:40.226Z,,season_totals,
,,SR,,MWC,2005,currentPlayer,2004,,0,0,0,11,0,21,2,https://www.sports-reference.com/cfb/players/marviel-underwood-1.html,,Marviel Underwood,DB,,San Diego State,2026-04-02T08:27:45.271Z,,season_totals,
,,JR,,Big 12,2005,currentPlayer,2004,,0,0,0,11,0,23,3,https://www.sports-reference.com/cfb/players/fabian-washington-1.html,,Fabian Washington,DB,,Nebraska,2026-04-02T08:27:50.273Z,,season_totals,
,,SR,,SEC,2005,currentPlayer,2004,,0,0,0,11,0,46,2,https://www.sports-reference.com/cfb/players/corey-webster-1.html,,Corey Webster,DB,,LSU,2026-04-02T08:27:55.308Z,,season_totals,
,,SR,,Big 12,2005,currentPlayer,2004,,0,0,0,7,0,0,0,https://www.sports-reference.com/cfb/players/darrent-williams-1.html,,Darrent Williams,DB,,Oklahoma State,2026-04-02T08:28:00.294Z,,season_totals,
,,SR,,Pac-10,2005,currentPlayer,2004,,0,0,0,11,0,51,1,https://www.sports-reference.com/cfb/players/stanley-wilson-1.html,,Stanley Wilson,DB,,Stanford,2026-04-02T08:28:05.267Z,,season_totals,
15,,SR,29,Big East,2006,currentPlayer,2005,1,0,0,0,12,0,0,0,https://www.sports-reference.com/cfb/players/jason-allen-1.html,2,Jason Allen,LB/DL,7.0,South Florida,2026-04-02T08:28:10.325Z,14,season_totals,10.0
23,,SR,59,Big 12,2006,currentPlayer,2005,1,0,0,0,11,0,0,0,https://www.sports-reference.com/cfb/players/willie-andrews-1.html,0,Willie Andrews,DB,2.0,Baylor,2026-04-02T08:28:15.339Z,36,season_totals,7.5
14,,JR,50,Pac-10,2006,currentPlayer,2005,1,0,0,0,12,1,119,4,https://www.sports-reference.com/cfb/players/darnell-bing-1.html,0,Darnell Bing,DB,0.0,USC,2026-04-02T08:28:27.933Z,36,season_totals,2.5
0,,SR,2,ACC,2006,currentPlayer,2005,0,0,0,0,12,0,0,0,https://www.sports-reference.com/cfb/players/will-blackmon-1.html,0,Will Blackmon,DB/WR,0.0,Boston College,2026-04-02T08:28:34.074Z,2,season_totals,0.0
26,AA,SR,96,SEC,2006,currentPlayer,2005,1,0,0,0,13,0,0,2,https://www.sports-reference.com/cfb/players/greg-blue-1.html,0,Greg Blue,DB,0.0,Georgia,2026-04-02T08:28:37.957Z,70,season_totals,3.5
37,,SR,83,Big 12,2006,currentPlayer,2005,2,0,1,30,12,0,12,1,https://www.sports-reference.com/cfb/players/daniel-bullocks-1.html,0,Daniel Bullocks,DB,0.0,Nebraska,2026-04-02T08:28:42.994Z,46,season_totals,4.0
27,,SR,71,Big 12,2006,currentPlayer,2005,2,0,0,0,13,0,0,0,https://www.sports-reference.com/cfb/players/cedric-griffin-1.html,0,Cedric Griffin,DB,0.0,Texas,2026-04-02T08:29:08.293Z,44,season_totals,0.0
34,,SR,69,SEC,2006,currentPlayer,2005,2,0,0,0,12,0,50,1,https://www.sports-reference.com/cfb/players/roman-harper-1.html,0,Roman Harper,DB,0.5,Alabama,2026-04-02T08:29:13.389Z,35,season_totals,6.5
8,AA,SR,43,ACC,2006,currentPlayer,2005,1,0,0,0,12,0,35,3,https://www.sports-reference.com/cfb/players/tye-hill-1.html,0,Tye Hill,RB/DB,0.0,Clemson,2026-04-02T08:29:18.343Z,35,season_totals,4.0
22,,SR,56,ACC,2006,currentPlayer,2005,0,0,0,0,12,1,28,2,https://www.sports-reference.com/cfb/players/marcus-hudson-1.html,0,Marcus Hudson,DB,0.0,North Carolina State,2026-04-02T08:29:23.341Z,34,season_totals,1.0
43,AA,SR,87,Big 12,2006,currentPlayer,2005,3,0,1,21,13,0,11,1,https://www.sports-reference.com/cfb/players/michael-huff-1.html,0,Michael Huff,DB,2.0,Texas,2026-04-02T08:29:28.371Z,44,season_totals,9.0
8,,SR,32,ACC,2006,currentPlayer,2005,4,0,0,0,12,0,36,3,https://www.sports-reference.com/cfb/players/kelly-jennings-1.html,0,Kelly Jennings,DB,1.0,Miami (FL),2026-04-02T08:29:33.376Z,24,season_totals,3.0
10,,SR,56,SEC,2006,currentPlayer,2005,0,0,0,0,12,1,79,4,https://www.sports-reference.com/cfb/players/tim-jennings-1.html,0,Tim Jennings,DB,1.0,Georgia,2026-04-02T08:29:38.418Z,46,season_totals,7.0
23,,SR,76,ACC,2006,currentPlayer,2005,1,0,0,0,12,0,12,4,https://www.sports-reference.com/cfb/players/dawan-landry-1.html,0,Dawan Landry,DB,0.0,Georgia Tech,2026-04-02T08:29:51.025Z,53,season_totals,3.5
31,,SR,79,Big Ten,2006,currentPlayer,2005,1,0,0,0,12,0,36,4,https://www.sports-reference.com/cfb/players/calvin-lowry-1.html,0,Calvin Lowry,DB,1.0,Penn State,2026-04-02T08:29:56.050Z,48,season_totals,1.5
21,,JR,78,WAC,2006,currentPlayer,2005,1,0,0,0,13,0,17,3,https://www.sports-reference.com/cfb/players/richard-marshall-1.html,0,Richard Marshall,DB,0.0,Fresno State,2026-04-02T08:30:08.734Z,57,season_totals,1.0
15,,JR,47,MWC,2006,currentPlayer,2005,1,0,0,0,11,1,13,3,https://www.sports-reference.com/cfb/players/derrick-martin-1.html,0,Derrick Martin,DB,1.0,Wyoming,2026-04-02T08:30:13.762Z,32,season_totals,3.5
19,,SR,72,Pac-10,2006,currentPlayer,2005,2,0,0,0,12,0,0,1,https://www.sports-reference.com/cfb/players/jarrad-page-1.html,0,Jarrad Page,DB,1.0,UCLA,2026-04-02T08:30:18.842Z,53,season_totals,7.0
15,,SR,43,SEC,2006,currentPlayer,2005,2,1,0,0,12,0,0,0,https://www.sports-reference.com/cfb/players/charlie-peprah-1.html,5,Charlie Peprah,DB,0.0,Alabama,2026-04-02T08:30:23.757Z,28,season_totals,3.0
28,,JR,92,Big Ten,2006,currentPlayer,2005,0,0,0,0,11,0,0,3,https://www.sports-reference.com/cfb/players/bernard-pollard-1.html,0,Bernard Pollard,DB,0.0,Purdue,2026-04-02T08:30:41.412Z,64,season_totals,1.5
16,,SR,43,Big Ten,2006,currentPlayer,2005,1,0,0,0,12,0,0,1,https://www.sports-reference.com/cfb/players/nate-salley-1.html,0,Nate Salley,DB,0.0,Ohio State,2026-04-02T08:30:46.423Z,27,season_totals,1.5
31,,SO,103,SEC,2006,currentPlayer,2005,0,0,1,19,12,0,16,1,https://www.sports-reference.com/cfb/players/ko-simpson-1.html,0,Ko Simpson,DB,0.0,South Carolina,2026-04-02T08:30:51.492Z,72,season_totals,2.5
21,,SR,71,Big East,2006,currentPlayer,2005,2,0,0,0,11,0,73,6,https://www.sports-reference.com/cfb/players/anthony-smith-1.html,0,Anthony Smith,DB,3.0,Syracuse,2026-04-02T08:30:56.485Z,50,season_totals,5.0
24,,SR,101,Big Ten,2006,currentPlayer,2005,0,0,1,65,11,0,16,2,https://www.sports-reference.com/cfb/players/eric-smith-2.html,0,Eric Smith,DB,0.0,Michigan State,2026-04-02T08:31:06.510Z,77,season_totals,2.0
33,,SR,77,ACC,2006,currentPlayer,2005,1,0,0,0,13,0,34,3,https://www.sports-reference.com/cfb/players/pat-watkins-1.html,0,Pat Watkins,DB,0.0,Florida State,2026-04-02T08:31:11.495Z,44,season_totals,2.5
17,,JR,73,Big Ten,2006,currentPlayer,2005,1,0,0,0,12,1,26,2,https://www.sports-reference.com/cfb/players/donte-whitner-1.html,0,Donte Whitner,DB,4.0,Ohio State,2026-04-02T08:31:24.151Z,56,season_totals,9.0
22,AA,SR,44,ACC,2006,currentPlayer,2005,0,0,0,0,13,0,0,1,https://www.sports-reference.com/cfb/players/jimmy-williams-2.html,0,Jimmy Williams,DB,1.0,Virginia Tech,2026-04-02T08:31:34.198Z,22,season_totals,2.0
14,,JR,56,Big Ten,2006,currentPlayer,2005,0,0,1,0,12,0,-6,1,https://www.sports-reference.com/cfb/players/ashton-youboty-1.html,0,Ashton Youboty,DB,1.0,Ohio State,2026-04-02T08:31:39.206Z,42,season_totals,6.0
11,,SR,38,WAC,2007,currentPlayer,2006,1,0,0,0,13,0,25,2,https://www.sports-reference.com/cfb/players/gerald-alexander-1.html,0,Gerald Alexander,DB,0.0,Boise State,2026-04-02T08:31:44.191Z,27,season_totals,1.0
11,,SR,37,SEC,2007,currentPlayer,2006,0,0,0,0,13,0,28,2,https://www.sports-reference.com/cfb/players/fred-bennett-1.html,0,Fred Bennett,DB,0.0,South Carolina,2026-04-02T08:31:49.234Z,26,season_totals,1.0
11,,SR,42,Big 12,2007,currentPlayer,2006,1,0,0,0,11,0,0,0,https://www.sports-reference.com/cfb/players/tarell-brown-1.html,0,Tarell Brown,DB,0.0,Texas,2026-04-02T08:31:54.200Z,31,season_totals,0.0
45,,SR,100,Pac-10,2007,currentPlayer,2006,2,0,0,0,12,1,50,5,https://www.sports-reference.com/cfb/players/eric-frampton-1.html,0,Eric Frampton,DB,1.0,Washington State,2026-04-02T08:32:16.887Z,55,season_totals,4.0
31,,SR,82,ACC,2007,currentPlayer,2006,1,0,0,0,14,0,0,5,https://www.sports-reference.com/cfb/players/josh-gattis-1.html,0,Josh Gattis,DB,0.0,Wake Forest,2026-04-02T08:32:21.953Z,51,season_totals,5.5
17,,SR,50,Pac-10,2007,currentPlayer,2006,0,0,0,0,11,0,6,1,https://www.sports-reference.com/cfb/players/dashon-goldson-1.html,0,Dashon Goldson,DB,0.0,Washington,2026-04-02T08:32:26.959Z,33,season_totals,1.0
25,,SR,88,Big 12,2007,currentPlayer,2006,4,0,0,0,13,0,41,4,https://www.sports-reference.com/cfb/players/michael-griffin-1.html,0,Michael Griffin,DB,1.0,Texas,2026-04-02T08:32:39.573Z,63,season_totals,2.0
7,AA,SR,45,Big Ten,2007,currentPlayer,2006,0,0,0,0,13,0,10,3,https://www.sports-reference.com/cfb/players/leon-hall-1.html,0,Leon Hall,DB,1.0,Michigan,2026-04-02T08:32:44.604Z,38,season_totals,2.0
23,,SR,68,Pac-10,2007,currentPlayer,2006,0,0,0,0,12,0,15,1,https://www.sports-reference.com/cfb/players/brandon-harrison-2.html,0,Brandon Harrison,DB,0.0,Stanford,2026-04-02T08:32:54.608Z,45,season_totals,2.5
5,,JR,46,SEC,2007,currentPlayer,2006,2,0,0,0,14,1,129,3,https://www.sports-reference.com/cfb/players/chris-houston-1.html,0,Chris Houston,DB,0.0,Arkansas,2026-04-02T08:32:59.625Z,41,season_totals,1.5
19,,SR,42,SEC,2007,currentPlayer,2006,1,0,0,0,13,0,0,2,https://www.sports-reference.com/cfb/players/david-irons-1.html,0,David Irons,DB,0.0,Auburn,2026-04-02T08:33:12.298Z,23,season_totals,3.0
15,,SR,62,Big East,2007,currentPlayer,2006,2,0,0,0,12,0,39,2,https://www.sports-reference.com/cfb/players/tanard-jackson-1.html,0,Tanard Jackson,DB,2.5,Syracuse,2026-04-02T08:33:17.369Z,47,season_totals,4.5
28,AA,SR,74,SEC,2007,currentPlayer,2006,1,0,0,0,13,0,58,3,https://www.sports-reference.com/cfb/players/laron-landry-1.html,0,Laron Landry,DB,1.0,LSU,2026-04-02T08:33:29.972Z,46,season_totals,3.5
11,,SR,48,SEC,2007,currentPlayer,2006,0,0,0,0,12,0,0,0,https://www.sports-reference.com/cfb/players/trumaine-mcbride-1.html,9,Trumaine McBride,DB,0.0,Ole Miss,2026-04-02T08:33:35.049Z,37,season_totals,2.0
15,,SR,55,WAC,2007,currentPlayer,2006,2,0,0,0,12,0,0,0,https://www.sports-reference.com/cfb/players/marcus-mccauley-1.html,0,Marcus McCauley,DB,0.0,Fresno State,2026-04-02T08:33:39.988Z,40,season_totals,3.0
39,,SR,84,CUSA,2007,currentPlayer,2006,1,0,0,0,12,0,83,4,https://www.sports-reference.com/cfb/players/brandon-mcdonald-1.html,0,Brandon McDonald,DB,0.0,Memphis,2026-04-02T08:33:45.027Z,45,season_totals,2.0
21,,SR,58,ACC,2007,currentPlayer,2006,0,0,0,0,12,0,6,1,https://www.sports-reference.com/cfb/players/brandon-meriweather-1.html,0,Brandon Meriweather,DB,1.0,Miami (FL),2026-04-02T08:33:50.053Z,37,season_totals,5.0
40,,SR,98,Ind,2007,currentPlayer,2006,2,0,0,0,13,0,52,2,https://www.sports-reference.com/cfb/players/chinedum-ndukwe-1.html,0,Chinedum Ndukwe,WR/DB,1.0,Notre Dame,2026-04-02T08:33:55.051Z,58,season_totals,3.0
17,AA,JR,51,SEC,2007,currentPlayer,2006,0,0,0,0,14,1,70,6,https://www.sports-reference.com/cfb/players/reggie-nelson-1.html,0,Reggie Nelson,DB,0.0,Florida,2026-04-02T08:34:00.024Z,34,season_totals,2.0
23,,SR,98,Sun Belt,2007,currentPlayer,2006,1,0,0,0,12,0,50,4,https://www.sports-reference.com/cfb/players/kevin-payne-1.html,0,Kevin Payne,RB/DB,1.0,Louisiana-Monroe,2026-04-02T08:34:12.735Z,75,season_totals,3.0
23,,SR,71,Pac-10,2007,currentPlayer,2006,0,0,0,0,14,0,35,5,https://www.sports-reference.com/cfb/players/sabby-piscitelli-1.html,0,Sabby Piscitelli,DB,1.0,Oregon State,2026-04-02T08:34:17.771Z,48,season_totals,3.0
6,,JR,39,Big East,2007,currentPlayer,2006,0,0,0,0,12,2,76,2,https://www.sports-reference.com/cfb/players/darrelle-revis-1.html,0,Darrelle Revis,DB,0.0,Pitt,2026-04-02T08:34:22.790Z,33,season_totals,4.0
10,,SR,57,Big 12,2007,currentPlayer,2006,3,0,1,3,13,0,7,6,https://www.sports-reference.com/cfb/players/aaron-ross-1.html,0,Aaron Ross,DB,1.0,Texas,2026-04-02T08:34:27.739Z,47,season_totals,2.0
33,,SR,57,ACC,2007,currentPlayer,2006,1,0,0,0,13,0,28,1,https://www.sports-reference.com/cfb/players/aaron-rouse-1.html,0,Aaron Rouse,LB,0.0,Virginia Tech,2026-04-02T08:34:32.772Z,24,season_totals,2.0
9,,SR,52,SEC,2007,currentPlayer,2006,1,0,0,0,13,0,59,4,https://www.sports-reference.com/cfb/players/jonathan-wade-1.html,0,Jonathan Wade,WR/DB,0.0,Tennessee,2026-04-02T08:34:45.414Z,43,season_totals,6.0
24,AA,SR,65,MWC,2007,currentPlayer,2006,0,0,1,35,13,2,80,7,https://www.sports-reference.com/cfb/players/eric-weddle-1.html,0,Eric Weddle,DB,1.0,Utah,2026-04-02T08:34:50.466Z,41,season_totals,2.5
40,,SR,79,MWC,2007,currentPlayer,2006,1,0,1,54,12,0,15,1,https://www.sports-reference.com/cfb/players/john-wendling-1.html,0,John Wendling,DB,1.0,Wyoming,2026-04-02T08:34:55.500Z,39,season_totals,3.5
28,,SR,86,MWC,2007,currentPlayer,2006,2,0,0,0,13,0,45,4,https://www.sports-reference.com/cfb/players/marvin-white-1.html,0,Marvin White,DB,1.0,Texas Christian,2026-04-02T08:35:00.495Z,58,season_totals,3.0
23,,SR,59,Big 12,2007,currentPlayer,2006,0,0,0,0,12,1,98,4,https://www.sports-reference.com/cfb/players/cj-wilson-2.html,0,C.J. Wilson,DB,0.0,Baylor,2026-04-02T08:35:10.598Z,36,season_totals,0.0
9,,SR,55,ACC,2007,currentPlayer,2006,0,0,0,0,13,0,21,1,https://www.sports-reference.com/cfb/players/josh-wilson-1.html,0,Josh Wilson,DB,2.0,Maryland,2026-04-02T08:35:15.465Z,46,season_totals,2.5
12,,JR,29,MWC,2007,currentPlayer,2006,1,0,0,0,9,0,32,1,https://www.sports-reference.com/cfb/players/eric-wright-1.html,0,Eric Wright,DB,0.0,Nevada-Las Vegas,2026-04-02T08:35:20.458Z,17,season_totals,0.5
29,,SR,100,Big Ten,2008,currentPlayer,2007,1,2,1,53,12,0,0,0,https://www.sports-reference.com/cfb/players/dominique-barber-1.html,8,Dominique Barber,DB,1.0,Minnesota,2026-04-02T08:35:25.477Z,71,season_totals,5.5
13,,SR,38,Pac-10,2008,currentPlayer,2007,0,0,0,0,11,0,0,1,https://www.sports-reference.com/cfb/players/josh-barrett-1.html,0,Josh Barrett,DB,1.0,Arizona State,2026-04-02T08:35:30.457Z,25,season_totals,4.0
36,,SR,89,Big East,2008,currentPlayer,2007,1,0,0,0,13,0,0,0,https://www.sports-reference.com/cfb/players/tyvon-branch-1.html,0,Tyvon Branch,DB,0.0,Connecticut,2026-04-02T08:35:43.156Z,53,season_totals,3.0
29,,SR,97,Ind,2008,currentPlayer,2007,3,0,0,0,12,0,0,0,https://www.sports-reference.com/cfb/players/caleb-campbell-1.html,2,Caleb Campbell,DB,0.0,Army,2026-04-02T08:35:48.173Z,68,season_totals,2.0
14,AA,SR,71,Pac-10,2008,currentPlayer,2007,2,0,0,0,12,2,164,5,https://www.sports-reference.com/cfb/players/antoine-cason-1.html,0,Antoine Cason,DB,1.0,Arizona,2026-04-02T08:35:53.219Z,57,season_totals,4.0
44,,SR,115,Pac-10,2008,currentPlayer,2007,2,0,0,0,13,0,0,1,https://www.sports-reference.com/cfb/players/thomas-decoud-1.html,0,Thomas Decoud,DB,1.0,California,2026-04-02T08:35:58.188Z,71,season_totals,3.0
17,,SR,72,CUSA,2008,currentPlayer,2007,0,0,0,0,12,2,220,5,https://www.sports-reference.com/cfb/players/quintin-demps-1.html,0,Quintin Demps,DB,0.0,UTEP,2026-04-02T08:36:03.230Z,55,season_totals,4.5
30,,JR,86,ACC,2008,currentPlayer,2007,0,0,0,0,14,1,93,5,https://www.sports-reference.com/cfb/players/brandon-flowers-1.html,0,Brandon Flowers,DB,0.0,Virginia Tech,2026-04-02T08:36:08.145Z,56,season_totals,8.0
23,,SR,65,Big Ten,2008,currentPlayer,2007,0,0,0,0,12,0,33,5,https://www.sports-reference.com/cfb/players/charles-godfrey-1.html,0,Charles Godfrey,DB,0.0,Iowa,2026-04-02T08:36:13.225Z,42,season_totals,1.0
25,,SR,90,Pac-10,2008,currentPlayer,2007,1,0,0,0,13,0,0,0,https://www.sports-reference.com/cfb/players/chris-horton-1.html,4,Chris Horton,DB,3.0,UCLA,2026-04-02T08:36:18.216Z,65,season_totals,7.0
11,,SR,44,SEC,2008,currentPlayer,2007,0,0,0,0,14,0,52,5,https://www.sports-reference.com/cfb/players/chevis-jackson-1.html,0,Chevis Jackson,DB,0.0,LSU,2026-04-02T08:36:23.190Z,33,season_totals,3.0
8,,SR,41,Big East,2008,currentPlayer,2007,0,0,0,0,13,0,41,3,https://www.sports-reference.com/cfb/players/mike-jenkins-1.html,0,Mike Jenkins,DB,0.0,South Florida,2026-04-02T08:36:28.217Z,33,season_totals,4.0
39,,SR,94,Sun Belt,2008,currentPlayer,2007,2,0,0,0,12,1,142,6,https://www.sports-reference.com/cfb/players/tyrell-johnson-1.html,0,Tyrell Johnson,DB,0.0,Arkansas State,2026-04-02T08:36:33.197Z,55,season_totals,4.5
13,,JR,49,Big Ten,2008,currentPlayer,2007,0,0,0,0,13,0,6,2,https://www.sports-reference.com/cfb/players/justin-king-1.html,0,Justin King,DB,0.0,Penn State,2026-04-02T08:36:38.219Z,36,season_totals,0.0
14,,SR,44,WAC,2008,currentPlayer,2007,0,0,0,0,12,1,36,4,https://www.sports-reference.com/cfb/players/dwight-lowery-1.html,0,Dwight Lowery,DB,0.0,San Jose State,2026-04-02T08:36:50.919Z,30,season_totals,0.0
10,,SR,60,Sun Belt,2008,currentPlayer,2007,3,0,0,0,12,0,-9,2,https://www.sports-reference.com/cfb/players/leodis-mckelvin-1.html,0,Leodis McKelvin,DB,0.0,Troy,2026-04-02T08:36:55.958Z,50,season_totals,2.5
24,,JR,97,ACC,2008,currentPlayer,2007,1,0,0,0,12,0,0,3,https://www.sports-reference.com/cfb/players/dajuan-morgan-1.html,0,Dajuan Morgan,WR/DB,0.0,North Carolina State,2026-04-02T08:37:08.631Z,73,season_totals,2.0
28,,JR,82,ACC,2008,currentPlayer,2007,3,0,0,0,12,0,5,2,https://www.sports-reference.com/cfb/players/kenny-phillips-1.html,0,Kenny Phillips,DB,0.0,Miami (FL),2026-04-02T08:37:13.676Z,54,season_totals,6.0
20,,SR,83,Big Ten,2008,currentPlayer,2007,0,0,1,76,13,0,137,6,https://www.sports-reference.com/cfb/players/tracy-porter-1.html,0,Tracy Porter,DB,1.0,Indiana,2026-04-02T08:37:18.687Z,63,season_totals,5.5
14,,JR,50,WAC,2008,currentPlayer,2007,2,0,0,0,13,0,42,2,https://www.sports-reference.com/cfb/players/orlando-scandrick-1.html,0,Orlando Scandrick,DB,0.5,Boise State,2026-04-02T08:37:31.332Z,36,season_totals,3.0
21,,JR,78,Big 12,2008,currentPlayer,2007,0,0,1,61,13,0,48,3,https://www.sports-reference.com/cfb/players/reggie-smith-1.html,0,Reggie Smith,DB,1.0,Oklahoma,2026-04-02T08:37:36.351Z,57,season_totals,7.0
38,AA,SR,101,SEC,2008,currentPlayer,2007,3,0,0,0,14,0,153,6,https://www.sports-reference.com/cfb/players/craig-steltz-1.html,0,Craig Steltz,DB,1.0,LSU,2026-04-02T08:37:41.414Z,63,season_totals,5.0
22,AA,JR,66,Big 12,2008,currentPlayer,2007,0,0,0,0,13,2,195,5,https://www.sports-reference.com/cfb/players/aqib-talib-1.html,0,Aqib Talib,DB,0.0,Kansas,2026-04-02T08:37:46.394Z,44,season_totals,4.0
14,,SR,45,Pac-10,2008,currentPlayer,2007,3,0,0,0,13,0,44,4,https://www.sports-reference.com/cfb/players/terrell-thomas-1.html,0,Terrell Thomas,DB,1.0,USC,2026-04-02T08:37:51.413Z,31,season_totals,4.5
13,,SR,56,Pac-10,2008,currentPlayer,2007,1,0,0,0,13,1,122,3,https://www.sports-reference.com/cfb/players/justin-tryon-1.html,0,Justin Tryon,DB,0.0,Arizona State,2026-04-02T08:37:56.388Z,43,season_totals,1.0
7,,SR,41,Big 12,2008,currentPlayer,2007,1,0,0,0,11,1,65,5,https://www.sports-reference.com/cfb/players/terrence-wheatley-1.html,0,Terrence Wheatley,DB,0.0,Colorado,2026-04-02T08:38:01.412Z,34,season_totals,1.0
8,,SR,30,SEC,2008,currentPlayer,2007,0,0,0,0,12,0,0,2,https://www.sports-reference.com/cfb/players/jonathan-wilhite-1.html,0,Jonathan Wilhite,DB,1.0,Auburn,2026-04-02T08:38:06.373Z,22,season_totals,1.5
16,,SR,54,Big East,2008,currentPlayer,2007,0,0,0,0,13,3,164,6,https://www.sports-reference.com/cfb/players/trae-williams-1.html,0,Trae Williams,DB,0.5,South Florida,2026-04-02T08:38:11.363Z,38,season_totals,1.5
38,,SR,80,Ind,2008,currentPlayer,2007,3,0,0,0,12,0,41,2,https://www.sports-reference.com/cfb/players/tom-zbikowski-1.html,0,Tom Zbikowski,DB,1.0,Notre Dame,2026-04-02T08:38:16.385Z,42,season_totals,1.5
9,,JR,53,SEC,2009,currentPlayer,2008,0,0,0,0,13,0,0,0,https://www.sports-reference.com/cfb/players/asher-allen-1.html,0,Asher Allen,DB,1.0,Georgia,2026-04-02T08:38:21.413Z,44,season_totals,4.5
5,,SR,20,ACC,2009,currentPlayer,2008,2,0,0,0,7,0,27,2,https://www.sports-reference.com/cfb/players/kevin-barnes-1.html,0,Kevin Barnes,DB,0.0,Maryland,2026-04-02T08:38:26.375Z,15,season_totals,0.0
36,,SR,97,Ind,2009,currentPlayer,2008,2,0,0,0,13,0,57,4,https://www.sports-reference.com/cfb/players/david-bruton-1.html,0,David Bruton,DB,0.0,Notre Dame,2026-04-02T08:38:31.405Z,61,season_totals,1.5
14,,SR,44,CUSA,2009,currentPlayer,2008,0,0,0,0,12,0,103,4,https://www.sports-reference.com/cfb/players/joe-burnett-1.html,0,Joe Burnett,DB,0.0,UCF,2026-04-02T08:38:36.351Z,30,season_totals,4.5
12,,SR,40,Big East,2009,currentPlayer,2008,0,0,0,0,10,0,0,0,https://www.sports-reference.com/cfb/players/darius-butler-1.html,0,Darius Butler,DB/WR,0.0,Connecticut,2026-04-02T08:38:41.425Z,28,season_totals,3.0
23,,JR,83,Pac-10,2009,currentPlayer,2008,1,0,0,0,13,0,52,5,https://www.sports-reference.com/cfb/players/jairus-byrd-1.html,0,Jairus Byrd,DB,0.0,Oregon,2026-04-02T08:38:46.459Z,60,season_totals,1.5
34,,SR,92,Pac-10,2009,currentPlayer,2008,1,0,0,0,13,1,31,1,https://www.sports-reference.com/cfb/players/patrick-chung-1.html,0,Patrick Chung,DB,2.0,Oregon,2026-04-02T08:38:51.392Z,58,season_totals,6.5
31,,SR,82,ACC,2009,currentPlayer,2008,0,0,0,0,13,1,43,2,https://www.sports-reference.com/cfb/players/chris-clemons-1.html,0,Chris Clemons,DB,0.0,Clemson,2026-04-02T08:38:56.449Z,51,season_totals,2.5
25,,JR,78,Big Ten,2009,currentPlayer,2008,3,0,0,0,12,0,12,2,https://www.sports-reference.com/cfb/players/vontae-davis-1.html,0,Vontae Davis,DB,0.0,Illinois,2026-04-02T08:39:01.416Z,53,season_totals,7.0
49,,SR,111,MAC,2009,currentPlayer,2008,0,0,0,0,13,1,98,4,https://www.sports-reference.com/cfb/players/louis-delmas-1.html,0,Louis Delmas,DB,0.0,Western Michigan,2026-04-02T08:39:06.432Z,62,season_totals,4.0
16,,SR,60,Big Ten,2009,currentPlayer,2008,1,0,0,0,13,0,5,3,https://www.sports-reference.com/cfb/players/bradley-fletcher-1.html,0,Bradley Fletcher,DB,0.0,Iowa,2026-04-02T08:39:11.427Z,44,season_totals,0.5
22,,SR,69,WAC,2009,currentPlayer,2008,0,0,0,0,12,0,17,3,https://www.sports-reference.com/cfb/players/coye-francies-1.html,6,Coye Francies,DB,0.0,San Jose State,2026-04-02T08:39:16.363Z,47,season_totals,3.5
42,,SR,87,Big East,2009,currentPlayer,2008,2,0,0,0,13,0,14,2,https://www.sports-reference.com/cfb/players/courtney-greene-1.html,0,Courtney Greene,DB,1.0,Rutgers,2026-04-02T08:39:21.395Z,45,season_totals,1.5
12,,SR,38,Pac-10,2009,currentPlayer,2008,2,0,0,0,13,0,0,3,https://www.sports-reference.com/cfb/players/cary-harris-1.html,0,Cary Harris,DB,0.0,USC,2026-04-02T08:39:26.393Z,26,season_totals,4.0
14,,SR,35,Pac-10,2009,currentPlayer,2008,0,0,0,0,11,0,0,1,https://www.sports-reference.com/cfb/players/brandon-hughes-1.html,0,Brandon Hughes,DB,0.0,Oregon State,2026-04-02T08:39:39.049Z,21,season_totals,2.5
23,AA,SR,57,Big Ten,2009,currentPlayer,2008,3,0,0,0,13,0,7,3,https://www.sports-reference.com/cfb/players/malcolm-jenkins-1.html,0,Malcolm Jenkins,DB,1.0,Ohio State,2026-04-02T08:39:44.107Z,34,season_totals,4.0
29,,JR,89,SEC,2009,currentPlayer,2008,1,0,0,0,14,2,125,5,https://www.sports-reference.com/cfb/players/rashad-johnson-1.html,0,Rashad Johnson,DB,1.0,Alabama,2026-04-02T08:39:49.123Z,60,season_totals,5.0
8,,SR,35,Pac-10,2009,currentPlayer,2008,0,0,0,0,13,1,29,4,https://www.sports-reference.com/cfb/players/keenan-lewis-1.html,0,Keenan Lewis,DB,0.0,Oregon State,2026-04-02T08:39:54.129Z,27,season_totals,1.0
28,,SR,87,Sun Belt,2009,currentPlayer,2008,0,0,0,0,13,0,44,4,https://www.sports-reference.com/cfb/players/sherrod-martin-1.html,0,Sherrod Martin,DB,0.0,Troy,2026-04-02T08:39:59.124Z,59,season_totals,0.0
20,,SR,75,Big 12,2009,currentPlayer,2008,1,0,0,0,13,2,97,7,https://www.sports-reference.com/cfb/players/darcel-mcbath-1.html,0,Darcel McBath,DB,0.0,Texas Tech,2026-04-02T08:40:04.122Z,55,season_totals,0.0
28,,JR,58,SEC,2009,currentPlayer,2008,1,0,0,0,13,0,56,6,https://www.sports-reference.com/cfb/players/dj-moore-1.html,0,D.J. Moore,DB,1.0,Vanderbilt,2026-04-02T08:40:09.138Z,30,season_totals,4.5
31,,SR,86,Big 12,2009,currentPlayer,2008,3,0,0,0,12,1,17,1,https://www.sports-reference.com/cfb/players/william-moore-1.html,0,William Moore,DB,1.0,Missouri,2026-04-02T08:40:14.177Z,55,season_totals,6.5
15,,JR,44,SEC,2009,currentPlayer,2008,1,0,1,0,13,0,0,0,https://www.sports-reference.com/cfb/players/captain-munnerlyn-1.html,0,Captain Munnerlyn,DB,2.0,South Carolina,2026-04-02T08:40:19.153Z,29,season_totals,3.0
22,,SR,64,Pac-10,2009,currentPlayer,2008,1,0,1,44,12,2,167,4,https://www.sports-reference.com/cfb/players/troy-nolan-1.html,0,Troy Nolan,DB,0.0,Arizona State,2026-04-02T08:40:24.114Z,42,season_totals,2.5
17,,JR,47,SEC,2009,currentPlayer,2008,0,0,0,0,10,0,0,2,https://www.sports-reference.com/cfb/players/jerraud-powers-1.html,0,Jerraud Powers,DB,0.0,Auburn,2026-04-02T08:40:51.846Z,30,season_totals,0.0
20,,SR,53,MWC,2009,currentPlayer,2008,0,0,0,0,12,0,95,5,https://www.sports-reference.com/cfb/players/glover-quin-1.html,0,Glover Quin,DB,0.0,New Mexico,2026-04-02T08:40:56.931Z,33,season_totals,4.5
26,,SR,82,SEC,2009,currentPlayer,2008,2,0,0,0,13,0,0,0,https://www.sports-reference.com/cfb/players/jamarca-sanford-1.html,0,Jamarca Sanford,DB,0.5,Ole Miss,2026-04-02T08:41:01.957Z,56,season_totals,4.0
9,AA,SR,37,ACC,2009,currentPlayer,2008,2,0,0,0,13,0,33,7,https://www.sports-reference.com/cfb/players/alphonso-smith-1.html,0,Alphonso Smith,DB,0.0,Wake Forest,2026-04-02T08:41:06.908Z,28,season_totals,2.5
15,,SR,50,Big East,2009,currentPlayer,2008,1,0,0,0,13,0,2,2,https://www.sports-reference.com/cfb/players/deangelo-smith-1.html,0,Deangelo Smith,DB,0.0,Cincinnati,2026-04-02T08:41:11.891Z,35,season_totals,3.5
23,,JR,46,MWC,2009,currentPlayer,2008,1,0,0,0,13,1,151,5,https://www.sports-reference.com/cfb/players/sean-smith-2.html,0,Sean Smith,WR/DB,1.0,Utah,2026-04-02T08:41:21.904Z,23,season_totals,2.0
19,,SR,43,SEC,2009,currentPlayer,2008,0,0,0,0,13,0,37,2,https://www.sports-reference.com/cfb/players/curtis-taylor-1.html,0,Curtis Taylor,DB,1.0,LSU,2026-04-02T08:41:26.907Z,24,season_totals,1.0
13,,SR,41,Big Ten,2009,currentPlayer,2008,0,0,0,0,12,0,0,3,https://www.sports-reference.com/cfb/players/morgan-trent-1.html,0,Morgan Trent,DB,0.0,Michigan,2026-04-02T08:41:31.913Z,28,season_totals,2.5
24,,SR,66,Big East,2009,currentPlayer,2008,2,0,0,0,14,1,60,4,https://www.sports-reference.com/cfb/players/brandon-underwood-1.html,0,Brandon Underwood,DB,1.0,Cincinnati,2026-04-02T08:41:36.922Z,42,season_totals,4.5
28,,SR,87,ACC,2009,currentPlayer,2008,0,0,0,0,13,0,37,2,https://www.sports-reference.com/cfb/players/chip-vaughn-1.html,0,Chip Vaughn,DB,0.0,Wake Forest,2026-04-02T08:41:41.950Z,59,season_totals,2.5
4,,JR,22,Big Ten,2009,currentPlayer,2008,0,0,0,0,11,0,34,1,https://www.sports-reference.com/cfb/players/donald-washington-1.html,0,Donald Washington,DB,0.0,Ohio State,2026-04-02T08:41:46.917Z,18,season_totals,0.0
45,,SR,85,Big East,2010,currentPlayer,2009,1,0,1,0,13,0,55,4,https://www.sports-reference.com/cfb/players/nate-allen-1.html,0,Nate Allen,DB,0.0,South Florida,2026-04-02T08:41:59.557Z,40,season_totals,1.0
24,AA,SR,71,SEC,2010,currentPlayer,2009,0,0,0,0,13,0,25,5,https://www.sports-reference.com/cfb/players/javier-arenas-1.html,0,Javier Arenas,DB,5.0,Alabama,2026-04-02T08:42:04.642Z,47,season_totals,12.0
37,,SR,79,Big 12,2010,currentPlayer,2009,2,0,0,0,14,1,74,2,https://www.sports-reference.com/cfb/players/larry-asante-1.html,0,Larry Asante,DB,0.0,Nebraska,2026-04-02T08:42:09.637Z,42,season_totals,0.5
31,AA,JR,87,SEC,2010,currentPlayer,2009,1,0,0,0,13,0,7,2,https://www.sports-reference.com/cfb/players/eric-berry-1.html,0,Eric Berry,DB,0.0,Tennessee,2026-04-02T08:42:14.582Z,56,season_totals,7.0
37,,JR,85,ACC,2010,currentPlayer,2009,1,0,0,0,14,0,40,4,https://www.sports-reference.com/cfb/players/morgan-burnett-1.html,0,Morgan Burnett,DB,0.0,Georgia Tech,2026-04-02T08:42:19.663Z,48,season_totals,4.0
10,,SR,36,ACC,2010,currentPlayer,2009,0,0,0,0,14,0,47,1,https://www.sports-reference.com/cfb/players/crezdon-butler-1.html,0,Crezdon Butler,DB,1.0,Clemson,2026-04-02T08:42:24.658Z,26,season_totals,1.0
6,,SR,10,ACC,2010,currentPlayer,2009,0,0,0,0,2,0,0,0,https://www.sports-reference.com/cfb/players/nolan-carroll-1.html,1,Nolan Carroll,WR/DB,0.0,Maryland,2026-04-02T08:42:29.660Z,4,season_totals,0.0
42,,SR,68,ACC,2010,currentPlayer,2009,0,0,0,0,13,0,-3,2,https://www.sports-reference.com/cfb/players/kam-chancellor-1.html,0,Kam Chancellor,DB,0.0,Virginia Tech,2026-04-02T08:42:34.652Z,26,season_totals,3.0
31,,SR,68,Big Ten,2010,currentPlayer,2009,3,0,0,0,12,1,129,5,https://www.sports-reference.com/cfb/players/kurt-coleman-1.html,0,Kurt Coleman,DB,1.0,Ohio State,2026-04-02T08:42:39.658Z,37,season_totals,2.5
6,,SR,40,ACC,2010,currentPlayer,2009,0,0,0,0,12,1,66,4,https://www.sports-reference.com/cfb/players/chris-cook-2.html,0,Chris Cook,DL/DB,0.0,Virginia,2026-04-02T08:42:49.645Z,34,season_totals,1.0
3,,SR,36,Big 12,2010,currentPlayer,2009,0,0,0,0,11,0,12,4,https://www.sports-reference.com/cfb/players/perrish-cox-1.html,0,Perrish Cox,DB,0.0,Oklahoma State,2026-04-02T08:42:54.664Z,33,season_totals,1.0
14,,JR,47,Big 12,2010,currentPlayer,2009,1,0,0,0,13,1,97,2,https://www.sports-reference.com/cfb/players/dominique-franks-1.html,0,Dominique Franks,DB,0.0,Oklahoma,2026-04-02T08:42:59.675Z,33,season_totals,1.5
21,,SR,56,ACC,2010,currentPlayer,2009,0,0,0,0,12,0,0,0,https://www.sports-reference.com/cfb/players/brandon-ghee-1.html,8,Brandon Ghee,DB,0.0,Wake Forest,2026-04-02T08:43:04.609Z,35,season_totals,2.5
56,,SR,106,ACC,2010,currentPlayer,2009,7,0,0,0,13,0,0,0,https://www.sports-reference.com/cfb/players/cody-grimm-1.html,5,Cody Grimm,LB,4.0,Virginia Tech,2026-04-02T08:43:09.631Z,50,season_totals,12.5
15,AA,JR,68,SEC,2010,currentPlayer,2009,2,0,0,0,14,0,20,4,https://www.sports-reference.com/cfb/players/joe-haden-1.html,0,Joe Haden,DB,3.0,Florida,2026-04-02T08:43:14.632Z,53,season_totals,5.0
19,,JR,49,SEC,2010,currentPlayer,2009,0,0,0,0,14,0,79,1,https://www.sports-reference.com/cfb/players/kareem-jackson-1.html,0,Kareem Jackson,DB,0.0,Alabama,2026-04-02T08:43:19.636Z,30,season_totals,3.0
29,,JR,73,SEC,2010,currentPlayer,2009,1,0,0,0,13,0,89,4,https://www.sports-reference.com/cfb/players/reshad-jones-1.html,0,Reshad Jones,DB,0.0,Georgia,2026-04-02T08:43:24.646Z,44,season_totals,4.5
27,,SR,84,SEC,2010,currentPlayer,2009,3,0,0,0,13,0,6,2,https://www.sports-reference.com/cfb/players/kendrick-lewis-1.html,0,Kendrick Lewis,WR/DB,1.0,Ole Miss,2026-04-02T08:43:29.663Z,57,season_totals,5.0
15,,SR,41,SEC,2010,currentPlayer,2009,0,0,0,0,11,0,50,4,https://www.sports-reference.com/cfb/players/myron-lewis-1.html,0,Myron Lewis,DB,0.0,Vanderbilt,2026-04-02T08:43:34.655Z,26,season_totals,2.5
6,,SR,32,SEC,2010,currentPlayer,2009,0,0,0,0,9,1,25,1,https://www.sports-reference.com/cfb/players/trevard-lindley-1.html,0,Trevard Lindley,DB,0.0,Kentucky,2026-04-02T08:43:39.638Z,26,season_totals,1.0
48,,SR,96,Pac-10,2010,currentPlayer,2009,0,0,0,0,12,0,0,1,https://www.sports-reference.com/cfb/players/taylor-mays-1.html,0,Taylor Mays,DB,0.0,USC,2026-04-02T08:43:44.626Z,48,season_totals,0.0
31,,SR,80,Big East,2010,currentPlayer,2009,1,0,0,0,13,0,0,1,https://www.sports-reference.com/cfb/players/devin-mccourty-1.html,0,Devin McCourty,DB,0.0,Rutgers,2026-04-02T08:43:49.637Z,49,season_totals,7.5
10,,SR,37,Big Ten,2010,currentPlayer,2009,1,0,0,0,10,0,0,5,https://www.sports-reference.com/cfb/players/sherrick-mcmanis-1.html,0,Sherrick McManis,DB,0.0,Northwestern,2026-04-02T08:43:54.682Z,27,season_totals,1.5
19,,JR,64,Big 12,2010,currentPlayer,2009,1,0,0,0,12,0,22,2,https://www.sports-reference.com/cfb/players/joshua-moore-1.html,0,Joshua Moore,DB,1.5,Kansas State,2026-04-02T08:43:59.657Z,45,season_totals,4.5
28,,SR,77,Big East,2010,currentPlayer,2009,2,0,0,0,13,0,59,4,https://www.sports-reference.com/cfb/players/jerome-murphy-1.html,0,Jerome Murphy,DB,0.0,South Florida,2026-04-02T08:44:04.654Z,49,season_totals,0.5
16,,SR,52,ACC,2010,currentPlayer,2009,2,0,0,0,12,0,0,0,https://www.sports-reference.com/cfb/players/patrick-robinson-1.html,0,Patrick Robinson,DB,0.0,Florida State,2026-04-02T08:44:17.341Z,36,season_totals,3.0
14,,JR,56,Big Ten,2010,currentPlayer,2009,0,0,0,0,13,0,0,2,https://www.sports-reference.com/cfb/players/amari-spievey-1.html,0,Amari Spievey,DB,0.0,Iowa,2026-04-02T08:44:22.373Z,42,season_totals,1.0
30,,SR,93,Big 12,2010,currentPlayer,2009,1,0,0,0,12,0,0,1,https://www.sports-reference.com/cfb/players/darrell-stuckey-1.html,0,Darrell Stuckey,DB,1.0,Kansas,2026-04-02T08:44:27.391Z,63,season_totals,3.5
19,AA,SO,65,Big 12,2010,currentPlayer,2009,1,0,0,0,14,2,149,8,https://www.sports-reference.com/cfb/players/earl-thomas-1.html,0,Earl Thomas,DB,0.0,Texas,2026-04-02T08:44:32.386Z,46,season_totals,4.5
23,,SR,57,Pac-10,2010,currentPlayer,2009,2,0,0,0,13,0,0,0,https://www.sports-reference.com/cfb/players/kevin-thomas-3.html,11,Kevin Thomas,DB,1.0,USC,2026-04-02T08:44:47.389Z,34,season_totals,2.5
14,,SR,50,Pac-10,2010,currentPlayer,2009,0,0,0,0,13,0,38,1,https://www.sports-reference.com/cfb/players/sydquan-thompson-1.html,0,Syd'Quan Thompson,DB,0.0,California,2026-04-02T08:44:52.424Z,36,season_totals,4.0
21,,SR,72,Pac-10,2010,currentPlayer,2009,0,0,1,0,13,1,158,5,https://www.sports-reference.com/cfb/players/alterraun-verner-1.html,0,Alterraun Verner,DB,0.0,UCLA,2026-04-02T08:45:05.085Z,51,season_totals,5.0
9,,SR,58,Big 12,2010,currentPlayer,2009,2,0,0,0,13,0,15,2,https://www.sports-reference.com/cfb/players/jamar-wall-1.html,0,Jamar Wall,DB,0.0,Texas Tech,2026-04-02T08:45:10.132Z,49,season_totals,2.0
24,,SR,68,Pac-10,2010,currentPlayer,2009,1,0,0,0,9,0,7,1,https://www.sports-reference.com/cfb/players/tj-ward-1.html,0,T.J. Ward,DB,0.0,Oregon,2026-04-02T08:45:15.091Z,44,season_totals,2.5
12,,SR,42,WAC,2010,currentPlayer,2009,1,0,0,0,14,2,98,3,https://www.sports-reference.com/cfb/players/kyle-wilson-1.html,0,Kyle Wilson,DB,1.0,Boise State,2026-04-02T08:45:20.153Z,30,season_totals,4.5
4,,JR,32,SEC,2010,currentPlayer,2009,0,0,0,0,14,0,34,3,https://www.sports-reference.com/cfb/players/major-wright-1.html,0,Major Wright,DB,0.0,Florida,2026-04-02T08:45:25.088Z,28,season_totals,0.0
23,AA,SR,59,Big 12,2011,currentPlayer,2010,0,0,0,0,14,0,0,0,https://www.sports-reference.com/cfb/players/prince-amukamara-1.html,13,Prince Amukamara,DB,1.0,Nebraska,2026-04-02T08:45:37.792Z,36,season_totals,1.0
35,,SR,108,SEC,2011,currentPlayer,2010,3,0,0,0,13,1,171,5,https://www.sports-reference.com/cfb/players/ahmad-black-1.html,0,Ahmad Black,DB,1.0,Florida,2026-04-02T08:45:42.862Z,73,season_totals,10.0
3,,SR,16,Big 12,2011,currentPlayer,2010,1,0,0,0,9,0,0,0,https://www.sports-reference.com/cfb/players/chykie-brown-1.html,6,Chykie Brown,DB,1.0,Texas,2026-04-02T08:45:47.834Z,13,season_totals,2.0
0,,JR,0,MAC,2011,currentPlayer,2010,0,0,0,0,4,0,0,0,https://www.sports-reference.com/cfb/players/curtis-brown-1.html,0,Curtis Brown,WR,0.0,Akron,2026-04-02T08:45:52.842Z,0,season_totals,0.0
7,,SR,43,Big 12,2011,currentPlayer,2010,0,0,0,0,12,0,0,3,https://www.sports-reference.com/cfb/players/jalil-brown-1.html,0,Jalil Brown,DB,0.0,Colorado,2026-04-02T08:45:57.828Z,36,season_totals,1.0
17,,JR,51,MWC,2011,currentPlayer,2010,1,0,0,0,13,0,69,2,https://www.sports-reference.com/cfb/players/brandon-burton-1.html,0,Brandon Burton,DB,0.0,Utah,2026-04-02T08:46:02.931Z,34,season_totals,1.0
37,AA,SR,96,Big 12,2011,currentPlayer,2010,0,0,0,0,14,0,38,4,https://www.sports-reference.com/cfb/players/quinton-carter-1.html,0,Quinton Carter,DB,0.0,Oklahoma,2026-04-02T08:46:15.529Z,59,season_totals,2.5
8,,SR,42,Big Ten,2011,currentPlayer,2010,2,0,0,0,13,0,22,3,https://www.sports-reference.com/cfb/players/chimdi-chekwa-1.html,0,Chimdi Chekwa,DB,1.0,Ohio State,2026-04-02T08:46:20.526Z,34,season_totals,4.0
26,,SR,72,Pac-10,2011,currentPlayer,2010,1,0,0,0,12,0,0,1,https://www.sports-reference.com/cfb/players/chris-conte-1.html,0,Chris Conte,DB,0.0,California,2026-04-02T08:46:25.570Z,46,season_totals,2.0
6,,SR,34,SEC,2011,currentPlayer,2010,1,0,0,0,7,0,0,0,https://www.sports-reference.com/cfb/players/chris-culliver-1.html,0,Chris Culliver,WR/DB,1.0,South Carolina,2026-04-02T08:46:30.585Z,28,season_totals,2.5
3,,SR,15,ACC,2011,currentPlayer,2010,0,0,0,0,5,0,0,0,https://www.sports-reference.com/cfb/players/ras-i-dowling-1.html,1,Ras-I Dowling,DB,0.0,Virginia,2026-04-02T08:46:35.600Z,12,season_totals,0.0
10,,SR,20,ACC,2011,currentPlayer,2010,1,0,0,0,13,0,74,2,https://www.sports-reference.com/cfb/players/demarcus-van-dyke-1.html,0,Demarcus Van Dyke,DB,0.0,Miami (FL),2026-04-02T08:46:40.575Z,10,season_totals,1.0
23,,SR,60,ACC,2011,currentPlayer,2010,0,0,0,0,13,0,0,1,https://www.sports-reference.com/cfb/players/marcus-gilchrist-1.html,0,Marcus Gilchrist,DB,0.0,Clemson,2026-04-02T08:46:45.566Z,37,season_totals,2.5
44,,SR,99,Big 12,2011,currentPlayer,2010,2,0,0,0,14,1,67,3,https://www.sports-reference.com/cfb/players/dejon-gomes-1.html,0,Dejon Gomes,DB,1.0,Nebraska,2026-04-02T08:46:50.562Z,55,season_totals,3.0
8,,SR,49,Big 12,2011,currentPlayer,2010,1,0,0,0,14,0,37,5,https://www.sports-reference.com/cfb/players/eric-hagg-1.html,0,Eric Hagg,DB,1.0,Nebraska,2026-04-02T08:46:55.601Z,41,season_totals,3.0
15,,JR,45,ACC,2011,currentPlayer,2010,2,0,0,0,13,0,0,1,https://www.sports-reference.com/cfb/players/brandon-harris-1.html,0,Brandon Harris,DB,0.0,Miami (FL),2026-04-02T08:47:00.582Z,30,season_totals,2.0
30,,SR,66,Big Ten,2011,currentPlayer,2010,0,0,0,0,13,0,23,1,https://www.sports-reference.com/cfb/players/jermale-hines-1.html,0,Jermale Hines,LB,0.5,Ohio State,2026-04-02T08:47:05.584Z,36,season_totals,2.0
12,,SR,37,Big East,2011,currentPlayer,2010,1,0,0,0,11,0,78,3,https://www.sports-reference.com/cfb/players/brandon-hogan-1.html,0,Brandon Hogan,WR/DB,0.0,West Virginia,2026-04-02T08:47:10.599Z,25,season_totals,0.0
28,,SR,57,WAC,2011,currentPlayer,2010,1,0,0,0,12,1,48,2,https://www.sports-reference.com/cfb/players/davon-house-1.html,0,Davon House,DB,0.0,New Mexico State,2026-04-02T08:47:15.621Z,29,season_totals,0.5
33,,SR,74,MAC,2011,currentPlayer,2010,1,0,0,0,12,0,30,2,https://www.sports-reference.com/cfb/players/jaiquawn-jarrett-1.html,0,Jaiquawn Jarrett,DB,0.0,Temple,2026-04-02T08:47:20.573Z,41,season_totals,2.0
21,,SR,61,WAC,2011,currentPlayer,2010,2,0,0,0,13,0,62,3,https://www.sports-reference.com/cfb/players/shiloh-keo-1.html,0,Shiloh Keo,DB,1.0,Idaho,2026-04-02T08:47:25.596Z,40,season_totals,6.5
8,,SR,45,WAC,2011,currentPlayer,2010,0,0,0,0,12,0,0,2,https://www.sports-reference.com/cfb/players/curtis-marsh-1.html,0,Curtis Marsh,RB/DB,0.0,Utah State,2026-04-02T08:47:30.563Z,37,season_totals,1.0
13,,SR,44,ACC,2011,currentPlayer,2010,3,0,0,0,13,0,0,2,https://www.sports-reference.com/cfb/players/byron-maxwell-1.html,0,Byron Maxwell,DB,0.0,Clemson,2026-04-02T08:47:35.599Z,31,season_totals,3.5
26,,JR,77,Pac-10,2011,currentPlayer,2010,0,0,0,0,12,0,42,1,https://www.sports-reference.com/cfb/players/rahim-moore-1.html,0,Rahim Moore,DB,0.0,UCLA,2026-04-02T08:47:40.564Z,51,season_totals,3.0
6,,SR,49,Big East,2011,currentPlayer,2010,1,0,0,0,13,1,99,5,https://www.sports-reference.com/cfb/players/johnny-patrick-1.html,0,Johnny Patrick,WR/DB,1.0,Louisville,2026-04-02T08:47:45.625Z,43,season_totals,6.5
13,"Bednarik,AA",JR,42,SEC,2011,currentPlayer,2010,0,0,0,0,13,0,134,4,https://www.sports-reference.com/cfb/players/patrick-peterson-1.html,0,Patrick Peterson,DB,0.0,LSU,2026-04-02T08:47:50.647Z,29,season_totals,1.5
39,,JR,79,Big Ten,2011,currentPlayer,2010,0,0,0,0,13,0,42,2,https://www.sports-reference.com/cfb/players/tyler-sash-1.html,0,Tyler Sash,DB,0.0,Iowa,2026-04-02T08:48:31.036Z,40,season_totals,3.5
15,,SR,37,ACC,2011,currentPlayer,2010,0,0,0,0,10,1,53,4,https://www.sports-reference.com/cfb/players/danorris-searcy-1.html,0,Da'Norris Searcy,DB,0.0,North Carolina,2026-04-02T08:48:36.104Z,22,season_totals,2.0
10,,SR,50,Pac-10,2011,currentPlayer,2010,2,0,0,0,13,0,39,4,https://www.sports-reference.com/cfb/players/richard-sherman-1.html,0,Richard Sherman,WR/DB,0.0,Stanford,2026-04-02T08:48:41.103Z,40,season_totals,1.0
11,,SR,68,Big 12,2011,currentPlayer,2010,0,1,0,22,12,0,0,0,https://www.sports-reference.com/cfb/players/jimmy-smith-1.html,5,Jimmy Smith,DB,0.0,Colorado,2026-04-02T08:48:53.788Z,57,season_totals,2.5
28,,SR,58,MAC,2011,currentPlayer,2010,1,0,0,0,12,0,22,1,https://www.sports-reference.com/cfb/players/josh-thomas-3.html,0,Josh Thomas,DB,2.0,Buffalo,2026-04-02T08:49:08.854Z,30,season_totals,5.5
12,,SR,31,WAC,2011,currentPlayer,2010,1,0,0,0,13,0,20,3,https://www.sports-reference.com/cfb/players/brandyn-thompson-1.html,0,Brandyn Thompson,DB,0.0,Boise State,2026-04-02T08:49:13.853Z,19,season_totals,2.0
16,,JR,46,Big 12,2011,currentPlayer,2010,3,0,0,0,11,0,0,0,https://www.sports-reference.com/cfb/players/aaron-williams-2.html,0,Aaron Williams,DB,1.0,Texas,2026-04-02T08:49:23.890Z,30,season_totals,5.0
16,,SR,45,Pac-10,2011,currentPlayer,2010,1,1,0,7,8,0,0,0,https://www.sports-reference.com/cfb/players/shareece-wright-1.html,6,Shareece Wright,DB,2.5,USC,2026-04-02T08:49:28.827Z,29,season_totals,5.0
33,,SR,88,SEC,2012,currentPlayer,2011,4,0,1,25,12,1,44,3,https://www.sports-reference.com/cfb/players/antonio-allen-1.html,0,Antonio Allen,LB/DB,1.0,South Carolina,2026-04-02T08:49:33.894Z,55,season_totals,9.5
25,AA,SR,68,SEC,2012,currentPlayer,2011,0,1,0,0,13,0,14,2,https://www.sports-reference.com/cfb/players/mark-barron-1.html,5,Mark Barron,DB,1.0,Alabama,2026-04-02T08:49:38.898Z,43,season_totals,5.0
26,,JR,59,ACC,2012,currentPlayer,2011,2,0,0,0,13,0,56,3,https://www.sports-reference.com/cfb/players/jayron-hosley-1.html,0,Jayron Hosley,DB,0.0,Virginia Tech,2026-04-02T08:49:59.118Z,33,season_totals,1.0
16,,SR,58,MWC,2012,currentPlayer,2011,1,0,0,0,13,0,0,0,https://www.sports-reference.com/cfb/players/george-iloka-1.html,1,George Iloka,DB,0.0,Boise State,2026-04-02T08:50:04.155Z,42,season_totals,3.0
6,,JR,30,SEC,2012,currentPlayer,2011,2,0,1,0,13,0,0,0,https://www.sports-reference.com/cfb/players/dre-kirkpatrick-1.html,9,Dre Kirkpatrick,DB,0.0,Alabama,2026-04-02T08:50:37.176Z,24,season_totals,4.0
45,,SR,95,SEC,2012,currentPlayer,2011,1,0,0,0,13,0,0,0,https://www.sports-reference.com/cfb/players/charles-mitchell-1.html,3,Charles Mitchell,DB,1.0,Mississippi State,2026-04-02T08:50:49.862Z,50,season_totals,3.0
18,,SR,51,Big Ten,2012,currentPlayer,2011,4,0,0,0,13,1,89,1,https://www.sports-reference.com/cfb/players/shaun-prater-1.html,3,Shaun Prater,DB,1.0,Iowa,2026-04-02T08:51:07.635Z,33,season_totals,1.0
14,,JR,48,CUSA,2012,currentPlayer,2011,1,0,0,0,12,1,49,2,https://www.sports-reference.com/cfb/players/josh-robinson-1.html,0,Josh Robinson,DB,0.0,UCF,2026-04-02T08:51:12.666Z,34,season_totals,0.0
14,,SR,48,ACC,2012,currentPlayer,2011,0,0,0,0,14,0,0,1,https://www.sports-reference.com/cfb/players/coty-sensabaugh-1.html,13,Coty Sensabaugh,DB,0.0,Clemson,2026-04-02T08:51:17.741Z,34,season_totals,1.0
37,,SR,90,Ind,2012,currentPlayer,2011,2,1,0,0,13,0,0,0,https://www.sports-reference.com/cfb/players/harrison-smith-2.html,9,Harrison Smith,DB,0.0,Notre Dame,2026-04-02T08:51:27.696Z,53,season_totals,3.0
32,,SR,71,SEC,2012,currentPlayer,2011,0,0,0,0,14,0,26,2,https://www.sports-reference.com/cfb/players/brandon-taylor-1.html,5,Brandon Taylor,DB,1.0,LSU,2026-04-02T08:51:32.642Z,39,season_totals,7.5
28,,JR,82,Big East,2012,currentPlayer,2011,1,0,0,0,10,0,50,6,https://www.sports-reference.com/cfb/players/phillip-thomas-1.html,0,Phillip Thomas,DB,0.0,Syracuse,2026-04-02T08:51:37.688Z,54,season_totals,4.5
10,,SR,52,Pac-12,2012,currentPlayer,2011,1,0,0,0,12,0,0,2,https://www.sports-reference.com/cfb/players/trevin-wade-1.html,0,Trevin Wade,DB,0.0,Arizona,2026-04-02T08:51:42.705Z,42,season_totals,1.0
13,,JR,61,ACC,2013,currentPlayer,2012,0,0,0,0,13,1,82,5,https://www.sports-reference.com/cfb/players/david-amerson-1.html,0,David Amerson,DB,0.0,North Carolina State,2026-04-02T08:52:13.094Z,48,season_totals,1.0
24,,SR,63,SEC,2013,currentPlayer,2012,1,0,0,0,13,0,124,4,https://www.sports-reference.com/cfb/players/johnthan-banks-1.html,0,Johnthan Banks,DB,0.0,Mississippi State,2026-04-02T08:52:18.124Z,39,season_totals,2.0
9,,SR,51,SEC,2013,currentPlayer,2012,0,0,0,0,12,0,0,3,https://www.sports-reference.com/cfb/players/sanders-commings-1.html,0,Sanders Commings,DB,0.0,Georgia,2026-04-02T08:52:23.159Z,42,season_totals,1.0
39,,SR,93,Sun Belt,2013,currentPlayer,2012,1,0,0,0,12,0,32,4,https://www.sports-reference.com/cfb/players/jonathan-cyprien-1.html,0,Jonathan Cyprien,DB,0.0,Florida International,2026-04-02T08:52:28.098Z,54,season_totals,3.5
18,,SR,64,WAC,2013,currentPlayer,2012,0,0,0,0,13,1,100,5,https://www.sports-reference.com/cfb/players/will-davis-2.html,0,Will Davis,DB,0.0,Utah State,2026-04-02T08:52:38.113Z,46,season_totals,4.5
5,,JR,43,MWC,2013,currentPlayer,2012,1,0,0,0,12,0,0,2,https://www.sports-reference.com/cfb/players/mike-edwards-3.html,0,Mike Edwards,DB,0.0,Hawaii,2026-04-02T08:52:53.105Z,38,season_totals,5.0
18,,JR,76,SEC,2013,currentPlayer,2012,1,0,0,0,13,0,73,4,https://www.sports-reference.com/cfb/players/matt-elam-1.html,0,Matt Elam,DB,2.0,Florida,2026-04-02T08:52:58.132Z,58,season_totals,11.0
34,,SR,83,SEC,2013,currentPlayer,2012,0,0,0,0,13,0,11,3,https://www.sports-reference.com/cfb/players/josh-evans-1.html,0,Josh Evans,DB,2.5,Florida,2026-04-02T08:53:03.159Z,49,season_totals,4.5
17,,SR,53,Big East,2013,currentPlayer,2012,1,0,0,0,12,1,37,3,https://www.sports-reference.com/cfb/players/dwayne-gratz-1.html,0,Dwayne Gratz,DB,0.0,Connecticut,2026-04-02T08:53:08.174Z,36,season_totals,3.5
23,,SR,61,CUSA,2013,currentPlayer,2012,1,0,0,0,9,2,171,4,https://www.sports-reference.com/cfb/players/dj-hayden-1.html,0,D.J. Hayden,DB,0.0,Houston,2026-04-02T08:53:13.152Z,38,season_totals,1.5
34,,SR,78,Big Ten,2013,currentPlayer,2012,2,0,1,9,12,0,0,1,https://www.sports-reference.com/cfb/players/micah-hyde-1.html,0,Micah Hyde,DB,0.0,Iowa,2026-04-02T08:53:18.185Z,44,season_totals,4.0
58,,SR,112,Pac-12,2013,currentPlayer,2012,0,0,0,0,13,0,0,2,https://www.sports-reference.com/cfb/players/tj-mcdonald-1.html,0,T.J. McDonald,DB,1.0,USC,2026-04-02T08:53:48.517Z,54,season_totals,6.5
15,,SR,61,MWC,2013,currentPlayer,2012,1,0,0,0,13,2,124,3,https://www.sports-reference.com/cfb/players/leon-mcfadden-1.html,0,Leon McFadden,DB,0.0,San Diego State,2026-04-02T08:53:53.573Z,46,season_totals,2.0
17,,SR,54,ACC,2013,currentPlayer,2012,0,0,0,0,12,0,26,2,https://www.sports-reference.com/cfb/players/brandon-mcgee-1.html,0,Brandon McGee,DB,1.0,Miami (FL),2026-04-02T08:53:58.632Z,37,season_totals,4.0
0,,,0,SEC,2013,currentPlayer,2012,0,0,0,0,13,0,35,2,https://www.sports-reference.com/cfb/players/dee-milliner-1.html,0,Dee Milliner,DB,0.0,Alabama,2026-04-02T08:54:03.611Z,0,season_totals,0.0
38,,SR,77,Ind,2013,currentPlayer,2012,0,0,0,0,13,0,0,0,https://www.sports-reference.com/cfb/players/zeke-motta-1.html,3,Zeke Motta,DB,0.0,Notre Dame,2026-04-02T08:54:08.756Z,39,season_totals,2.0
17,AA,SR,51,Pac-12,2013,currentPlayer,2012,1,0,0,0,12,1,122,7,https://www.sports-reference.com/cfb/players/jordan-poyer-1.html,0,Jordan Poyer,DB,2.0,Oregon State,2026-04-02T08:54:13.848Z,34,season_totals,5.0
26,,SR,73,SEC,2013,currentPlayer,2012,3,0,0,0,10,0,44,3,https://www.sports-reference.com/cfb/players/bacarri-rambo-1.html,0,Bacarri Rambo,DB,1.0,Georgia,2026-04-02T08:54:18.886Z,47,season_totals,1.0
49,,JR,91,SEC,2013,currentPlayer,2012,0,0,0,0,13,0,29,2,https://www.sports-reference.com/cfb/players/eric-reid-1.html,0,Eric Reid,DB,0.0,LSU,2026-04-02T08:54:23.828Z,42,season_totals,1.0
12,,JR,39,ACC,2013,currentPlayer,2012,1,0,0,0,14,0,14,3,https://www.sports-reference.com/cfb/players/xavier-rhodes-1.html,0,Xavier Rhodes,DB,0.0,Florida State,2026-04-02T08:54:28.735Z,27,season_totals,2.0
35,,JR,94,Big East,2013,currentPlayer,2012,0,0,0,0,13,0,17,4,https://www.sports-reference.com/cfb/players/logan-ryan-1.html,0,Logan Ryan,DB,0.0,Rutgers,2026-04-02T08:54:33.735Z,59,season_totals,5.0
10,,JR,45,SEC,2013,currentPlayer,2012,0,0,0,0,13,0,43,4,https://www.sports-reference.com/cfb/players/tharold-simon-1.html,0,Tharold Simon,DB,0.0,LSU,2026-04-02T08:54:38.743Z,35,season_totals,0.0
14,,SR,40,SEC,2013,currentPlayer,2012,0,0,0,0,13,1,101,5,https://www.sports-reference.com/cfb/players/darius-slay-1.html,0,Darius Slay,DB,0.0,Mississippi State,2026-04-02T08:54:43.736Z,26,season_totals,1.0
45,,SR,96,Big Ten,2013,currentPlayer,2012,2,0,0,0,14,0,28,4,https://www.sports-reference.com/cfb/players/daimion-stafford-1.html,0,Daimion Stafford,DB,1.0,Nebraska,2026-04-02T08:54:48.724Z,51,season_totals,3.5
17,,SR,79,SEC,2013,currentPlayer,2012,2,0,1,65,12,1,72,2,https://www.sports-reference.com/cfb/players/dj-swearinger-1.html,0,D.J. Swearinger,DB,0.0,South Carolina,2026-04-02T08:54:53.881Z,62,season_totals,3.0
20,,SR,51,MWC,2013,currentPlayer,2012,3,0,0,0,13,0,54,4,https://www.sports-reference.com/cfb/players/jamar-taylor-2.html,0,Jamar Taylor,DB,2.5,Boise State,2026-04-02T08:55:03.801Z,31,season_totals,3.5
26,,SR,88,Big East,2013,currentPlayer,2012,3,0,0,0,13,0,27,2,https://www.sports-reference.com/cfb/players/shamarko-thomas-1.html,0,Shamarko Thomas,DB,1.0,Syracuse,2026-04-02T08:55:08.745Z,62,season_totals,3.5
9,,SR,36,Pac-12,2013,currentPlayer,2012,1,0,0,0,12,0,0,1,https://www.sports-reference.com/cfb/players/desmond-trufant-1.html,0,Desmond Trufant,DB,1.0,Washington,2026-04-02T08:55:13.736Z,27,season_totals,4.5
34,,SR,92,Big 12,2013,currentPlayer,2012,2,0,0,0,13,0,19,2,https://www.sports-reference.com/cfb/players/kenny-vaccaro-1.html,0,Kenny Vaccaro,DB,0.0,Texas,2026-04-02T08:55:18.721Z,58,season_totals,4.5
21,,SR,82,Big East,2013,currentPlayer,2012,3,0,0,0,12,0,0,0,https://www.sports-reference.com/cfb/players/kayvon-webster-1.html,0,Kayvon Webster,DB,2.0,South Florida,2026-04-02T08:55:31.525Z,61,season_totals,4.0
38,,SR,106,MWC,2013,currentPlayer,2012,3,0,0,0,13,0,27,1,https://www.sports-reference.com/cfb/players/duke-williams-1.html,0,Duke Williams,DB,0.0,Nevada,2026-04-02T08:55:46.095Z,68,season_totals,5.5
42,,SR,98,SEC,2013,currentPlayer,2012,1,0,0,0,14,0,0,0,https://www.sports-reference.com/cfb/players/shawn-williams-1.html,0,Shawn Williams,DB,1.0,Georgia,2026-04-02T08:55:49.608Z,56,season_totals,5.5
44,,SR,119,ACC,2013,currentPlayer,2012,1,0,0,0,13,0,35,2,https://www.sports-reference.com/cfb/players/earl-wolff-1.html,0,Earl Wolff,DB,0.0,North Carolina State,2026-04-02T08:55:54.560Z,75,season_totals,4.0
15,,SR,46,Big East,2013,currentPlayer,2012,0,0,0,0,11,0,0,1,https://www.sports-reference.com/cfb/players/blidi-wreh-wilson-1.html,0,Blidi Wreh-Wilson,DB,0.0,Connecticut,2026-04-02T08:55:59.625Z,31,season_totals,0.0
11,,SR,53,Big Ten,2014,currentPlayer,2013,1,0,0,0,12,0,42,6,https://www.sports-reference.com/cfb/players/ricardo-allen-1.html,3,Ricardo Allen,DB/CB,1.0,Purdue,2026-04-02T08:56:04.638Z,42,season_totals,4.0
17,,SR,56,MWC,2014,currentPlayer,2013,1,1,0,0,11,0,33,5,https://www.sports-reference.com/cfb/players/bene-benwikere-1.html,11,Bene Benwikere,DB/CB,1.0,San Jose State,2026-04-02T08:56:09.616Z,39,season_totals,2.0
39,,SR,99,MWC,2014,currentPlayer,2013,0,2,0,0,13,0,0,0,https://www.sports-reference.com/cfb/players/nat-berhe-1.html,6,Nat Berhe,DB,1.0,San Diego State,2026-04-02T08:56:14.827Z,60,season_totals,5.5
45,,SR,94,ACC,2014,currentPlayer,2013,0,0,0,0,13,0,19,5,https://www.sports-reference.com/cfb/players/tre-boston-1.html,6,Tre Boston,DB/S,0.0,North Carolina,2026-04-02T08:56:19.639Z,49,season_totals,4.5
17,,JR,56,ACC,2014,currentPlayer,2013,2,0,0,0,13,0,49,4,https://www.sports-reference.com/cfb/players/bashaud-breeland-1.html,10,Bashaud Breeland,DB/CB,2.0,Clemson,2026-04-02T08:56:24.654Z,39,season_totals,5.0
18,,SR,56,ACC,2014,currentPlayer,2013,2,1,0,0,13,0,0,2,https://www.sports-reference.com/cfb/players/terrence-brooks-1.html,5,Terrence Brooks,DB,1.0,Florida State,2026-04-02T08:56:29.637Z,38,season_totals,8.0
31,,SR,93,Pac-12,2014,currentPlayer,2013,2,1,0,0,13,0,110,6,https://www.sports-reference.com/cfb/players/deone-bucannon-1.html,1,Deone Bucannon,DB/S,0.0,Washington State,2026-04-02T08:56:34.597Z,62,season_totals,3.5
20,AA,JR,50,SEC,2014,currentPlayer,2013,0,0,0,0,11,0,24,2,https://www.sports-reference.com/cfb/players/ha-ha-clinton-dix-1.html,4,Ha Ha Clinton-Dix,DB,0.0,Alabama,2026-04-02T08:56:39.701Z,30,season_totals,3.5
11,,SR,46,ACC,2014,currentPlayer,2013,1,0,0,0,13,0,19,3,https://www.sports-reference.com/cfb/players/ross-cockrell-1.html,12,Ross Cockrell,DB/CB,1.0,Duke,2026-04-02T08:56:44.649Z,35,season_totals,2.0
11,,SR,55,Big 12,2014,currentPlayer,2013,0,1,0,0,11,0,0,1,https://www.sports-reference.com/cfb/players/aaron-colvin-1.html,3,Aaron Colvin,DB,1.0,Oklahoma,2026-04-02T08:56:49.610Z,44,season_totals,5.0
28,AA,SR,60,Big Ten,2014,currentPlayer,2013,2,0,0,0,13,0,38,4,https://www.sports-reference.com/cfb/players/darqueze-dennard-1.html,10,Darqueze Dennard,DB/CB,0.0,Michigan State,2026-04-02T08:56:54.656Z,32,season_totals,3.5
28,,SR,81,Big 12,2014,currentPlayer,2013,1,1,0,0,12,0,0,1,https://www.sports-reference.com/cfb/players/ahmad-dixon-1.html,6,Ahmad Dixon,DB/S,0.0,Baylor,2026-04-02T08:57:07.281Z,53,season_totals,2.0
12,,JR,59,Sun Belt,2014,currentPlayer,2013,6,1,0,0,11,0,21,3,https://www.sports-reference.com/cfb/players/jonathan-dowling-1.html,6,Jonathan Dowling,DB,0.0,Western Kentucky,2026-04-02T08:57:20.044Z,47,season_totals,1.0
0,,SR,4,ACC,2014,currentPlayer,2013,0,0,0,0,3,0,0,0,https://www.sports-reference.com/cfb/players/antone-exum-1.html,1,Antone Exum,DB/CB,0.0,Virginia Tech,2026-04-02T08:57:25.033Z,4,season_totals,0.0
7,,SR,24,ACC,2014,currentPlayer,2013,1,0,0,0,7,0,8,2,https://www.sports-reference.com/cfb/players/kyle-fuller-1.html,10,Kyle Fuller,DB/CB,0.0,Virginia Tech,2026-04-02T08:57:30.099Z,17,season_totals,2.0
18,,SR,75,SEC,2014,currentPlayer,2013,0,1,0,0,12,0,17,5,https://www.sports-reference.com/cfb/players/ej-gaines-1.html,3,E.J. Gaines,DB,0.0,Missouri,2026-04-02T08:57:35.098Z,57,season_totals,4.0
12,,SR,36,CUSA,2014,currentPlayer,2013,0,1,0,0,13,0,2,4,https://www.sports-reference.com/cfb/players/phillip-gaines-1.html,9,Phillip Gaines,DB/CB,0.0,Rice,2026-04-02T08:57:40.033Z,24,season_totals,4.0
6,AA,SR,42,Big 12,2014,currentPlayer,2013,0,0,0,0,13,2,123,7,https://www.sports-reference.com/cfb/players/justin-gilbert-1.html,7,Justin Gilbert,DB/CB,0.0,Oklahoma State,2026-04-02T08:57:45.006Z,36,season_totals,0.0
4,,SR,26,Big 12,2014,currentPlayer,2013,0,0,0,0,11,0,63,3,https://www.sports-reference.com/cfb/players/demetri-goodson-1.html,13,Demetri Goodson,DB/CB,0.0,Baylor,2026-04-02T08:57:50.130Z,22,season_totals,0.0
16,,SR,49,SEC,2014,currentPlayer,2013,0,1,0,0,12,0,61,3,https://www.sports-reference.com/cfb/players/andre-hal-1.html,15,Andre Hal,DB,0.0,Vanderbilt,2026-04-02T08:57:55.103Z,33,season_totals,9.5
53,,SR,127,MWC,2014,currentPlayer,2013,1,2,0,0,12,0,0,2,https://www.sports-reference.com/cfb/players/marqueston-huff-1.html,6,Marqueston Huff,DB/CB,0.0,Wyoming,2026-04-02T08:58:00.294Z,74,season_totals,3.0
14,,SR,41,Big Ten,2014,currentPlayer,2013,0,0,0,0,12,1,134,4,https://www.sports-reference.com/cfb/players/stanley-jean-baptiste-1.html,12,Stanley Jean-Baptiste,WR/DB/CB,1.0,Nebraska,2026-04-02T08:58:05.061Z,27,season_totals,3.0
31,,SR,81,ACC,2014,currentPlayer,2013,0,0,0,0,12,0,21,3,https://www.sports-reference.com/cfb/players/dontae-johnson-1.html,2,Dontae Johnson,DB/CB,0.0,North Carolina State,2026-04-02T08:58:10.201Z,50,season_totals,0.0
24,AA,SR,69,ACC,2014,currentPlayer,2013,3,0,0,0,14,0,20,2,https://www.sports-reference.com/cfb/players/lamarcus-joyner-1.html,4,Lamarcus Joyner,DB,5.5,Florida State,2026-04-02T08:58:15.038Z,45,season_totals,7.0
24,,SR,57,MWC,2014,currentPlayer,2013,1,0,0,0,12,1,65,4,https://www.sports-reference.com/cfb/players/nevin-lawson-1.html,14,Nevin Lawson,DB/CB,0.0,Utah State,2026-04-02T08:58:20.056Z,33,season_totals,5.0
1,,SR,14,ACC,2014,currentPlayer,2013,0,0,0,0,3,1,49,3,https://www.sports-reference.com/cfb/players/dexter-mcdougle-1.html,2,Dexter McDougle,DB,0.0,Maryland,2026-04-02T08:58:25.029Z,13,season_totals,0.0
9,,SR,37,Pac-12,2014,currentPlayer,2013,0,0,0,0,11,1,19,1,https://www.sports-reference.com/cfb/players/keith-mcgill-1.html,12,Keith McGill,DB,0.0,Utah,2026-04-02T08:58:30.146Z,28,season_totals,0.5
21,,JR,59,Pac-12,2014,currentPlayer,2013,1,0,0,0,13,1,72,5,https://www.sports-reference.com/cfb/players/terrance-mitchell-1.html,7,Terrance Mitchell,DB,0.0,Oregon,2026-04-02T08:58:35.050Z,38,season_totals,0.0
18,,SR,80,ACC,2014,currentPlayer,2013,1,1,0,0,13,0,0,0,https://www.sports-reference.com/cfb/players/jabari-price-1.html,9,Jabari Price,DB/CB,0.0,North Carolina,2026-04-02T08:58:40.129Z,62,season_totals,4.5
20,,JR,72,American,2014,currentPlayer,2013,0,0,0,0,10,0,26,3,https://www.sports-reference.com/cfb/players/calvin-pryor-1.html,4,Calvin Pryor,DB/S,0.0,Louisville,2026-04-02T08:58:45.149Z,52,season_totals,3.0
3,,SR,22,CUSA,2014,currentPlayer,2013,0,0,0,0,6,0,0,0,https://www.sports-reference.com/cfb/players/keith-reaser-1.html,4,Keith Reaser,DB,0.0,Florida Atlantic,2026-04-02T08:58:50.176Z,19,season_totals,2.0
30,,SR,82,Pac-12,2014,currentPlayer,2013,0,0,0,0,14,0,0,1,https://www.sports-reference.com/cfb/players/ed-reynolds-1.html,4,Ed Reynolds,DB/S,0.0,Stanford,2026-04-02T08:58:55.089Z,52,season_totals,1.0
14,,JR,68,Big Ten,2014,currentPlayer,2013,0,0,0,0,12,1,120,3,https://www.sports-reference.com/cfb/players/bradley-roby-1.html,13,Bradley Roby,DB/CB,0.0,Ohio State,2026-04-02T08:59:00.121Z,54,season_totals,2.0
14,,SR,40,Big Ten,2014,currentPlayer,2013,1,1,0,0,12,0,0,1,https://www.sports-reference.com/cfb/players/dezmen-southward-1.html,5,Dezmen Southward,DB,0.0,Wisconsin,2026-04-02T08:59:05.092Z,26,season_totals,3.5
6,,,20,SEC,2014,currentPlayer,2013,0,0,0,0,6,2,111,2,https://www.sports-reference.com/cfb/players/vinnie-sunseri-1.html,4,Vinnie Sunseri,DB,0.0,Alabama,2026-04-02T08:59:10.160Z,14,season_totals,1.0
18,,SR,59,Big Ten,2014,currentPlayer,2013,1,0,0,0,13,0,0,1,https://www.sports-reference.com/cfb/players/brock-vereen-1.html,6,Brock Vereen,DB,0.0,Minnesota,2026-04-02T08:59:15.047Z,41,season_totals,2.5
8,,SR,39,Big 12,2014,currentPlayer,2013,1,0,0,0,11,0,0,2,https://www.sports-reference.com/cfb/players/jason-verrett-1.html,13,Jason Verrett,DB/CB,1.0,Texas Christian,2026-04-02T08:59:20.058Z,31,season_totals,2.5
32,,SR,94,MAC,2014,currentPlayer,2013,1,1,0,0,14,1,102,7,https://www.sports-reference.com/cfb/players/jimmie-ward-1.html,10,Jimmie Ward,DB/S,1.0,Northern Illinois,2026-04-02T08:59:25.220Z,62,season_totals,2.5
21,,SR,52,SEC,2014,currentPlayer,2013,0,0,0,0,12,0,0,0,https://www.sports-reference.com/cfb/players/jaylen-watkins-1.html,7,Jaylen Watkins,DB,0.0,Florida,2026-04-02T08:59:30.120Z,31,season_totals,2.0
12,,SR,42,Big Ten,2015,currentPlayer,2014,0,0,0,0,13,0,35,3,https://www.sports-reference.com/cfb/players/adrian-amos-1.html,7,Adrian Amos,DB/S,0.0,Penn State,2026-04-02T08:59:35.052Z,30,season_totals,2.5
15,,SR,54,Big Ten,2015,currentPlayer,2014,4,1,0,0,8,0,79,3,https://www.sports-reference.com/cfb/players/ibraheim-campbell-1.html,3,Ibraheim Campbell,DB/S,0.0,Northwestern,2026-04-02T08:59:40.165Z,39,season_totals,1.0
0,,JR,0,SEC,2015,currentPlayer,2014,0,0,0,0,13,0,0,0,https://www.sports-reference.com/cfb/players/jalen-collins-1.html,0,Jalen Collins,DB/CB,0.0,LSU,2026-04-02T08:59:45.109Z,0,season_totals,0.0
43,AA,JR,103,SEC,2015,currentPlayer,2014,1,2,0,4,14,0,14,3,https://www.sports-reference.com/cfb/players/landon-collins-1.html,7,Landon Collins,DB,0.0,Alabama,2026-04-02T08:59:50.122Z,60,season_totals,4.5
14,,JR,43,ACC,2015,currentPlayer,2014,1,0,0,0,13,0,0,0,https://www.sports-reference.com/cfb/players/ronald-darby-1.html,4,Ronald Darby,DB/CB,0.0,Florida State,2026-04-02T08:59:55.230Z,29,season_totals,0.5
16,,SR,65,Big 12,2015,currentPlayer,2014,1,0,0,0,13,0,14,3,https://www.sports-reference.com/cfb/players/quandre-diggs-1.html,5,Quandre Diggs,DB/CB,2.0,Texas,2026-04-02T09:00:00.065Z,49,season_totals,5.0
12,,JR,48,American,2015,currentPlayer,2014,0,0,0,0,12,0,7,3,https://www.sports-reference.com/cfb/players/lorenzo-doss-1.html,9,Lorenzo Doss,DB/CB,1.0,Tulane,2026-04-02T09:00:05.108Z,36,season_totals,5.0
5,,JR,36,ACC,2015,currentPlayer,2014,1,0,0,0,13,0,12,2,https://www.sports-reference.com/cfb/players/charles-gaines-2.html,10,Charles Gaines,DB/CB,1.0,Louisville,2026-04-02T09:00:15.277Z,31,season_totals,1.0
39,,SR,97,American,2015,currentPlayer,2014,1,1,0,0,13,0,2,1,https://www.sports-reference.com/cfb/players/clayton-geathers-1.html,9,Clayton Geathers,DB,1.0,UCF,2026-04-02T09:00:20.269Z,58,season_totals,6.5
36,,SR,88,ACC,2015,currentPlayer,2014,1,0,0,0,13,0,35,3,https://www.sports-reference.com/cfb/players/kyshoen-jarrett-1.html,5,Kyshoen Jarrett,DB/CB,0.5,Virginia Tech,2026-04-02T09:00:25.132Z,52,season_totals,3.0
12,,SR,44,ACC,2015,currentPlayer,2014,0,1,0,0,12,0,2,1,https://www.sports-reference.com/cfb/players/kevin-johnson-7.html,6,Kevin Johnson,DB/CB,0.0,Wake Forest,2026-04-02T09:01:00.154Z,32,season_totals,3.5
8,,SR,24,American,2015,currentPlayer,2014,0,0,0,0,7,1,70,2,https://www.sports-reference.com/cfb/players/byron-jones-2.html,4,Byron Jones,DB/CB,0.0,Connecticut,2026-04-02T09:01:10.144Z,16,season_totals,0.0
17,,SR,63,Sun Belt,2015,currentPlayer,2014,0,0,0,0,12,0,21,3,https://www.sports-reference.com/cfb/players/craig-mager-1.html,10,Craig Mager,DB/CB,2.0,Texas State,2026-04-02T09:01:15.211Z,46,season_totals,6.0
8,,SR,46,American,2015,currentPlayer,2014,0,1,1,59,13,1,59,5,https://www.sports-reference.com/cfb/players/bobby-mccain-1.html,4,Bobby McCain,DB,0.0,Memphis,2026-04-02T09:01:20.121Z,38,season_totals,1.0
23,,SR,60,Pac-12,2015,currentPlayer,2014,0,0,0,0,12,0,0,2,https://www.sports-reference.com/cfb/players/steven-nelson-1.html,8,Steven Nelson,CB,0.0,Oregon State,2026-04-02T09:01:25.128Z,37,season_totals,2.0
5,,JR,30,Pac-12,2015,currentPlayer,2014,0,0,0,0,9,0,0,3,https://www.sports-reference.com/cfb/players/marcus-peters-1.html,7,Marcus Peters,DB,0.0,Washington,2026-04-02T09:01:30.154Z,25,season_totals,4.0
19,,SR,106,Pac-12,2015,currentPlayer,2014,2,1,0,0,13,1,89,3,https://www.sports-reference.com/cfb/players/damarious-randall-1.html,9,Damarious Randall,DB,1.0,Arizona State,2026-04-02T09:01:35.239Z,87,season_totals,9.5
26,,SR,79,Pac-12,2015,currentPlayer,2014,3,0,0,0,13,0,0,3,https://www.sports-reference.com/cfb/players/jordan-richards-2.html,5,Jordan Richards,DB/S,0.0,Stanford,2026-04-02T09:01:45.221Z,53,season_totals,2.5
19,,SR,72,MAC,2015,currentPlayer,2014,1,0,0,0,12,1,35,7,https://www.sports-reference.com/cfb/players/quinten-rollins-1.html,9,Quinten Rollins,DB,0.0,Miami (OH),2026-04-02T09:01:50.012Z,53,season_totals,4.0
17,,SR,59,Pac-12,2015,currentPlayer,2014,0,1,0,6,12,1,11,1,https://www.sports-reference.com/cfb/players/eric-rowe-1.html,13,Eric Rowe,DB,0.0,Utah,2026-04-02T09:01:55.121Z,42,season_totals,3.0
16,,JR,90,ACC,2015,currentPlayer,2014,0,0,0,0,13,0,36,4,https://www.sports-reference.com/cfb/players/james-sample-2.html,8,James Sample,S,0.0,Louisville,2026-04-02T09:02:05.253Z,74,season_totals,2.0
7,,SR,30,Big 12,2015,currentPlayer,2014,0,0,0,0,12,0,0,3,https://www.sports-reference.com/cfb/players/jacorey-shepherd-2.html,15,Jacorey Shepherd,WR/CB,0.0,Kansas,2026-04-02T09:02:37.926Z,23,season_totals,0.0
27,,SR,93,MWC,2015,currentPlayer,2014,0,2,0,6,14,0,21,1,https://www.sports-reference.com/cfb/players/derron-smith-1.html,7,Derron Smith,DB/S,0.0,Fresno State,2026-04-02T09:02:42.896Z,66,season_totals,2.5
21,,SR,53,CUSA,2015,currentPlayer,2014,1,2,0,5,11,1,23,1,https://www.sports-reference.com/cfb/players/djoun-smith-1.html,8,D'Joun Smith,DB,0.0,Florida Atlantic,2026-04-02T09:02:47.929Z,32,season_totals,2.5
30,,SR,65,SEC,2015,currentPlayer,2014,4,1,1,99,12,0,18,4,https://www.sports-reference.com/cfb/players/damian-swann-1.html,8,Damian Swann,DB/CB,2.0,Georgia,2026-04-02T09:03:00.551Z,35,season_totals,4.5
12,,JR,46,Big Ten,2015,currentPlayer,2014,0,1,0,0,13,0,0,3,https://www.sports-reference.com/cfb/players/trae-waynes-1.html,8,Trae Waynes,DB/CB,1.0,Michigan State,2026-04-02T09:03:13.276Z,34,season_totals,2.0
22,,JR,74,ACC,2015,currentPlayer,2014,1,1,0,0,13,0,14,1,https://www.sports-reference.com/cfb/players/pj-williams-1.html,10,P.J. Williams,DB,1.0,Florida State,2026-04-02T09:03:18.373Z,52,season_totals,6.5
5,,SO,23,ACC,2016,currentPlayer,2015,0,0,0,0,14,0,0,0,https://www.sports-reference.com/cfb/players/mackensie-alexander-1.html,5,Mackensie Alexander,CB,0.0,Clemson,2026-04-02T09:03:23.292Z,18,season_totals,2.0
10,,SO,33,Big Ten,2016,currentPlayer,2015,0,1,0,1,13,0,8,1,https://www.sports-reference.com/cfb/players/eli-apple-1.html,8,Eli Apple,CB,0.0,Ohio State,2026-04-02T09:03:28.367Z,23,season_totals,2.0
22,,JR,65,Big Ten,2016,currentPlayer,2015,0,1,1,14,13,1,16,2,https://www.sports-reference.com/cfb/players/vonn-bell-2.html,9,Vonn Bell,DB/S,0.0,Ohio State,2026-04-02T09:03:41.495Z,43,season_totals,1.0
18,,SR,59,Big Ten,2016,currentPlayer,2015,0,1,0,0,12,0,4,4,https://www.sports-reference.com/cfb/players/anthony-brown-6.html,6,Anthony Brown,DB/CB,0.0,Purdue,2026-04-02T09:04:24.206Z,41,season_totals,1.0
10,,JR,36,ACC,2016,currentPlayer,2015,0,1,0,0,13,0,34,6,https://www.sports-reference.com/cfb/players/artie-burns-1.html,5,Artie Burns,DB,0.0,Miami (FL),2026-04-02T09:04:29.163Z,26,season_totals,0.5
9,,SR,38,ACC,2016,currentPlayer,2015,1,1,0,0,13,0,6,1,https://www.sports-reference.com/cfb/players/juston-burris-1.html,7,Juston Burris,CB,0.0,North Carolina State,2026-04-02T09:04:34.153Z,29,season_totals,3.0
17,,SR,50,ACC,2016,currentPlayer,2015,0,2,0,0,13,0,0,1,https://www.sports-reference.com/cfb/players/deon-bush-1.html,6,Deon Bush,DB,1.0,Miami (FL),2026-04-02T09:04:39.154Z,33,season_totals,3.0
9,,SR,39,ACC,2016,currentPlayer,2015,1,0,0,0,12,0,0,0,https://www.sports-reference.com/cfb/players/maurice-canady-1.html,6,Maurice Canady,DB/CB,0.0,Virginia,2026-04-02T09:04:44.206Z,30,season_totals,3.0
18,,SR,88,Big Ten,2016,currentPlayer,2015,5,1,0,0,12,0,75,3,https://www.sports-reference.com/cfb/players/sean-davis-1.html,3,Sean Davis,DB,1.0,Maryland,2026-04-02T09:04:49.149Z,70,season_totals,5.5
10,,SR,55,Big 12,2016,currentPlayer,2015,1,0,0,0,13,0,25,2,https://www.sports-reference.com/cfb/players/kj-dillon-1.html,8,K.J. Dillon,DB/S,0.0,West Virginia,2026-04-02T09:04:54.245Z,45,season_totals,7.5
34,,SR,108,MAC,2016,currentPlayer,2015,2,1,0,0,13,0,0,1,https://www.sports-reference.com/cfb/players/kavon-frazier-1.html,4,Kavon Frazier,DB,0.0,Central Michigan,2026-04-02T09:04:59.189Z,74,season_totals,4.5
4,,JR,7,ACC,2016,currentPlayer,2015,1,0,0,0,3,0,0,0,https://www.sports-reference.com/cfb/players/kendall-fuller-1.html,1,Kendall Fuller,CB,1.0,Virginia Tech,2026-04-02T09:05:04.189Z,3,season_totals,1.0
28,,JR,95,ACC,2016,currentPlayer,2015,2,0,0,0,15,0,0,0,https://www.sports-reference.com/cfb/players/tj-green-1.html,3,T.J. Green,S,1.0,Clemson,2026-04-02T09:05:09.224Z,67,season_totals,5.5
5,,JR,42,Big 12,2016,currentPlayer,2015,0,1,1,30,13,0,74,5,https://www.sports-reference.com/cfb/players/xavien-howard-1.html,10,Xavien Howard,DB/CB,0.0,Baylor,2026-04-02T09:05:21.886Z,37,season_totals,1.0
10,AA,JR,33,SEC,2016,currentPlayer,2015,1,0,0,0,13,0,152,4,https://www.sports-reference.com/cfb/players/vernon-hargreaves-iii-1.html,4,Vernon Hargreaves III,DB,0.0,Florida,2026-04-02T09:05:26.932Z,23,season_totals,1.0
9,,SR,43,American,2016,currentPlayer,2015,0,1,0,13,13,2,110,5,https://www.sports-reference.com/cfb/players/william-jackson-iii-1.html,23,William Jackson III,CB,0.0,Houston,2026-04-02T09:05:31.916Z,34,season_totals,1.5
8,,SR,37,SEC,2016,currentPlayer,2015,2,1,0,18,15,0,21,2,https://www.sports-reference.com/cfb/players/cyrus-jones-1.html,7,Cyrus Jones,WR/DB,0.0,Alabama,2026-04-02T09:05:36.958Z,29,season_totals,4.0
5,,SR,20,Big 12,2016,currentPlayer,2015,0,1,0,0,4,0,7,5,https://www.sports-reference.com/cfb/players/karl-joseph-1.html,1,Karl Joseph,DB/S,1.0,West Virginia,2026-04-02T09:05:41.971Z,15,season_totals,2.0
21,,JR,62,ACC,2016,currentPlayer,2015,1,1,0,5,15,0,0,1,https://www.sports-reference.com/cfb/players/jayron-kearse-1.html,6,Jayron Kearse,S,0.0,Clemson,2026-04-02T09:05:46.938Z,41,season_totals,6.5
30,,SR,87,Big 12,2016,currentPlayer,2015,2,1,0,0,13,1,60,2,https://www.sports-reference.com/cfb/players/derrick-kindred-1.html,3,Derrick Kindred,DB/S,0.0,Texas Christian,2026-04-02T09:05:59.646Z,57,season_totals,3.5
22,,SR,56,Big Ten,2016,currentPlayer,2015,1,0,0,0,9,0,0,0,https://www.sports-reference.com/cfb/players/jordan-lucas-1.html,3,Jordan Lucas,DB/CB/S,1.0,Penn State,2026-04-02T09:06:04.597Z,34,season_totals,2.5
5,,SR,30,SEC,2016,currentPlayer,2015,0,0,0,0,7,0,0,0,https://www.sports-reference.com/cfb/players/jalen-mills-1.html,3,Jalen Mills,DB/CB/S,1.0,LSU,2026-04-02T09:06:17.367Z,25,season_totals,1.0
19,,SR,66,Big Ten,2016,currentPlayer,2015,3,1,0,0,13,0,5,1,https://www.sports-reference.com/cfb/players/eric-murray-1.html,7,Eric Murray,DB,1.0,Minnesota,2026-04-02T09:06:22.391Z,47,season_totals,4.0
45,,JR,96,SEC,2016,currentPlayer,2015,1,0,0,0,12,0,0,1,https://www.sports-reference.com/cfb/players/keanu-neal-1.html,1,Keanu Neal,DB,2.0,Florida,2026-04-02T09:06:27.348Z,51,season_totals,3.5
15,AA,JR,52,ACC,2016,currentPlayer,2015,0,1,1,36,13,0,0,0,https://www.sports-reference.com/cfb/players/jalen-ramsey-1.html,10,Jalen Ramsey,DB,1.0,Florida State,2026-04-02T09:06:32.328Z,37,season_totals,3.5
7,,SR,25,SEC,2016,currentPlayer,2015,0,0,0,0,7,0,38,2,https://www.sports-reference.com/cfb/players/will-redmond-1.html,1,Will Redmond,DB,0.0,Mississippi State,2026-04-02T09:06:37.347Z,18,season_totals,0.0
12,,SR,60,Ind,2016,currentPlayer,2015,2,0,0,0,11,0,0,2,https://www.sports-reference.com/cfb/players/keivarae-russell-1.html,4,Keivarae Russell,DB/CB,1.0,Notre Dame,2026-04-02T09:06:54.993Z,48,season_totals,3.5
9,,JR,45,Big 12,2016,currentPlayer,2015,0,0,0,0,11,1,60,7,https://www.sports-reference.com/cfb/players/zack-sanchez-1.html,7,Zack Sanchez,DB/CB,0.5,Oklahoma,2026-04-02T09:07:00.108Z,36,season_totals,3.5
6,,SR,24,Pac-12,2016,currentPlayer,2015,0,0,0,0,11,0,27,1,https://www.sports-reference.com/cfb/players/kevon-seymour-1.html,0,Kevon Seymour,DB/CB,0.0,USC,2026-04-02T09:07:05.116Z,18,season_totals,1.0
18,,SR,67,ACC,2016,currentPlayer,2015,2,3,0,0,12,0,28,5,https://www.sports-reference.com/cfb/players/justin-simmons-1.html,2,Justin Simmons,DB,0.0,Boston College,2026-04-02T09:07:10.174Z,49,season_totals,1.0
28,,SR,65,MWC,2016,currentPlayer,2015,2,0,0,0,12,0,46,5,https://www.sports-reference.com/cfb/players/darian-thompson-1.html,4,Darian Thompson,DB/S,1.0,Boise State,2026-04-02T09:08:39.448Z,37,season_totals,8.5
5,,SR,41,ACC,2016,currentPlayer,2015,1,0,0,0,11,0,0,2,https://www.sports-reference.com/cfb/players/dj-white-1.html,8,D.J. White,CB/DB,0.0,Georgia Tech,2026-04-02T09:08:44.497Z,36,season_totals,0.0
11,,SR,37,SEC,2016,currentPlayer,2015,0,0,0,0,13,0,0,0,https://www.sports-reference.com/cfb/players/brandon-williams-10.html,7,Brandon Williams,RB,0.0,Texas A&M,2026-04-02T09:09:34.552Z,26,season_totals,1.0
3,,JR,49,Big 12,2016,currentPlayer,2015,2,1,0,0,12,0,0,6,https://www.sports-reference.com/cfb/players/daryl-worley-1.html,12,Daryl Worley,CB,0.0,West Virginia,2026-04-02T09:09:39.778Z,46,season_totals,2.0
12,,SR,41,American,2016,currentPlayer,2015,0,0,0,0,14,0,0,0,https://www.sports-reference.com/cfb/players/tavon-young-1.html,7,Tavon Young,DB,1.0,Temple,2026-04-02T09:09:44.506Z,29,season_totals,5.0
34,,JR,76,SEC,2017,currentPlayer,2016,1,1,0,4,12,0,0,1,https://www.sports-reference.com/cfb/players/jamal-adams-1.html,4,Jamal Adams,S,1.0,LSU,2026-04-02T09:09:49.503Z,42,season_totals,7.5
8,,SR,35,Pac-12,2017,currentPlayer,2016,0,0,0,0,13,0,0,4,https://www.sports-reference.com/cfb/players/brian-allen-6.html,6,Brian Allen,WR/DB,1.0,Utah,2026-04-02T09:10:19.563Z,27,season_totals,4.5
13,,SR,65,Pac-12,2017,currentPlayer,2016,2,1,0,0,14,0,14,1,https://www.sports-reference.com/cfb/players/chidobe-awuzie-1.html,12,Chidobe Awuzie,DB,4.0,Colorado,2026-04-02T09:10:24.550Z,52,season_totals,6.0
22,AA,JR,71,Pac-12,2017,currentPlayer,2016,1,0,0,0,14,0,18,2,https://www.sports-reference.com/cfb/players/budda-baker-1.html,6,Budda Baker,DB,3.0,Washington,2026-04-02T09:10:29.504Z,49,season_totals,10.0
44,,SR,94,ACC,2017,currentPlayer,2016,1,0,0,0,14,0,24,0,https://www.sports-reference.com/cfb/players/chuck-clark-1.html,2,Chuck Clark,S/CB/DB,0.0,Virginia Tech,2026-04-02T09:10:34.497Z,50,season_totals,2.5
5,,JR,26,Big Ten,2017,currentPlayer,2016,0,0,0,0,13,0,0,4,https://www.sports-reference.com/cfb/players/gareon-conley-1.html,8,Gareon Conley,CB,0.0,Ohio State,2026-04-02T09:10:39.521Z,21,season_totals,0.0
12,,SR,58,Pac-12,2017,currentPlayer,2016,0,0,0,0,12,1,88,2,https://www.sports-reference.com/cfb/players/treston-decoud-1.html,10,Treston Decoud,CB,0.0,Oregon State,2026-04-02T09:10:44.564Z,46,season_totals,2.0
21,,SR,70,Big 12,2017,currentPlayer,2016,1,0,0,0,13,1,101,8,https://www.sports-reference.com/cfb/players/rasul-douglas-1.html,8,Rasul Douglas,CB,1.0,West Virginia,2026-04-02T09:10:49.533Z,49,season_totals,3.5
21,,SR,76,ACC,2017,currentPlayer,2016,1,1,0,0,13,0,2,1,https://www.sports-reference.com/cfb/players/corn-elder-1.html,12,Corn Elder,DB,3.0,Miami (FL),2026-04-02T09:10:54.543Z,55,season_totals,4.5
35,,SR,87,SEC,2017,currentPlayer,2016,0,0,0,0,13,0,0,4,https://www.sports-reference.com/cfb/players/justin-evans-1.html,8,Justin Evans,DB,0.0,Texas A&M,2026-04-02T09:10:59.701Z,52,season_totals,5.0
20,,SR,50,American,2017,currentPlayer,2016,0,1,0,0,13,1,46,4,https://www.sports-reference.com/cfb/players/shaquill-griffin-1.html,15,Shaquill Griffin,DB,0.0,UCF,2026-04-02T09:11:19.866Z,30,season_totals,3.0
23,,SR,61,ACC,2017,currentPlayer,2016,0,0,0,0,10,0,0,0,https://www.sports-reference.com/cfb/players/josh-harvey-clemons-1.html,2,Josh Harvey-Clemons,DB/S,2.0,Louisville,2026-04-02T09:11:32.541Z,38,season_totals,4.0
31,AA,SO,74,Big Ten,2017,currentPlayer,2016,0,0,0,0,13,3,181,7,https://www.sports-reference.com/cfb/players/malik-hooker-1.html,4,Malik Hooker,S,0.5,Ohio State,2026-04-02T09:11:37.666Z,43,season_totals,5.5
10,,SO,36,SEC,2017,currentPlayer,2016,1,0,0,0,15,1,18,2,https://www.sports-reference.com/cfb/players/marlon-humphrey-1.html,5,Marlon Humphrey,DB,0.0,Alabama,2026-04-02T09:11:42.657Z,26,season_totals,3.0
9,AA,JR,55,Pac-12,2017,currentPlayer,2016,0,2,0,26,13,0,21,5,https://www.sports-reference.com/cfb/players/adoree-jackson-1.html,11,Adoree Jackson,CB/DB,0.0,USC,2026-04-02T09:11:47.692Z,46,season_totals,2.0
9,,SR,24,SEC,2017,currentPlayer,2016,0,0,0,0,8,1,55,1,https://www.sports-reference.com/cfb/players/eddie-jackson-6.html,2,Eddie Jackson,DB,0.0,Alabama,2026-04-02T09:12:17.733Z,15,season_totals,2.5
20,,SR,76,ACC,2017,currentPlayer,2016,0,0,0,0,13,0,0,2,https://www.sports-reference.com/cfb/players/rayshawn-jenkins-1.html,7,Rayshawn Jenkins,DB,1.5,Miami (FL),2026-04-02T09:12:22.814Z,56,season_totals,4.5
21,,SR,77,ACC,2017,currentPlayer,2016,1,2,0,0,13,0,47,3,https://www.sports-reference.com/cfb/players/john-johnson-9.html,9,John Johnson,CB/DB,1.0,Boston College,2026-04-02T09:13:07.723Z,56,season_totals,2.5
47,,JR,109,ACC,2017,currentPlayer,2016,1,1,0,0,13,0,34,3,https://www.sports-reference.com/cfb/players/josh-jones-3.html,8,Josh Jones,S,1.0,North Carolina State,2026-04-02T09:13:22.692Z,62,season_totals,4.0
12,,JR,39,Pac-12,2017,currentPlayer,2016,2,0,0,0,14,0,0,3,https://www.sports-reference.com/cfb/players/sidney-jones-1.html,6,Sidney Jones,DB,0.0,Washington,2026-04-02T09:13:27.705Z,27,season_totals,2.5
20,,SR,65,MWC,2017,currentPlayer,2016,0,0,0,0,14,1,156,7,https://www.sports-reference.com/cfb/players/damontae-kazee-1.html,8,Damontae Kazee,DB/CB,0.0,San Diego State,2026-04-02T09:13:32.643Z,45,season_totals,3.0
16,,SR,58,Big Ten,2017,currentPlayer,2016,1,1,0,0,13,1,41,3,https://www.sports-reference.com/cfb/players/desmond-king-1.html,7,Desmond King,DB,0.0,Iowa,2026-04-02T09:13:37.676Z,42,season_totals,3.5
18,,SR,44,Pac-12,2017,currentPlayer,2016,0,0,0,0,14,0,0,2,https://www.sports-reference.com/cfb/players/kevin-king-5.html,13,Kevin King,DB,0.0,Washington,2026-04-02T09:14:05.632Z,26,season_totals,3.5
11,,SO,41,Big Ten,2017,currentPlayer,2016,0,0,0,0,13,1,61,4,https://www.sports-reference.com/cfb/players/marshon-lattimore-1.html,9,Marshon Lattimore,CB,0.0,Ohio State,2026-04-02T09:14:10.824Z,30,season_totals,1.0
7,AA,SR,25,Big Ten,2017,currentPlayer,2016,0,0,0,0,10,0,0,2,https://www.sports-reference.com/cfb/players/jourdan-lewis-1.html,11,Jourdan Lewis,DB/CB,0.0,Michigan,2026-04-02T09:14:15.665Z,18,season_totals,3.5
21,,SR,68,Pac-12,2017,currentPlayer,2016,1,0,0,0,12,0,109,4,https://www.sports-reference.com/cfb/players/shalom-luani-1.html,6,Shalom Luani,S,2.0,Washington State,2026-04-02T09:14:20.672Z,47,season_totals,8.5
21,,SR,50,SEC,2017,currentPlayer,2016,0,0,0,0,9,0,6,1,https://www.sports-reference.com/cfb/players/marcus-maye-1.html,6,Marcus Maye,DB,1.0,Florida,2026-04-02T09:14:25.639Z,29,season_totals,1.5
45,,SR,118,American,2017,currentPlayer,2016,0,1,0,0,12,0,6,4,https://www.sports-reference.com/cfb/players/obi-melifonwu-1.html,3,Obi Melifonwu,S,0.0,Connecticut,2026-04-02T09:14:30.794Z,73,season_totals,2.5
7,,SR,31,Pac-12,2017,currentPlayer,2016,1,0,0,0,12,0,32,2,https://www.sports-reference.com/cfb/players/fabian-moreau-1.html,10,Fabian Moreau,DB/CB,0.0,UCLA,2026-04-02T09:14:35.740Z,24,season_totals,1.0
12,,SR,41,Big Ten,2017,currentPlayer,2016,0,0,0,0,13,0,0,1,https://www.sports-reference.com/cfb/players/jalen-myrick-1.html,11,Jalen Myrick,DB,0.0,Minnesota,2026-04-02T09:14:40.925Z,29,season_totals,3.5
47,,JR,86,Big Ten,2017,currentPlayer,2016,0,1,0,0,11,0,10,1,https://www.sports-reference.com/cfb/players/montae-nicholson-1.html,2,Montae Nicholson,DB/S,0.0,Michigan State,2026-04-02T09:14:45.801Z,39,season_totals,2.0
25,"H-5,AA",JR,72,Big Ten,2017,currentPlayer,2016,1,0,0,0,12,0,11,1,https://www.sports-reference.com/cfb/players/jabrill-peppers-1.html,0,Jabrill Peppers,DB/S/LB,4.0,Michigan,2026-04-02T09:14:50.700Z,47,season_totals,16.0
4,,SR,23,SEC,2017,currentPlayer,2016,0,0,0,0,7,0,0,1,https://www.sports-reference.com/cfb/players/cameron-sutton-1.html,4,Cameron Sutton,DB,0.0,Tennessee,2026-04-02T09:14:55.729Z,19,season_totals,2.0
13,,SR,52,ACC,2017,currentPlayer,2016,0,0,0,0,15,0,22,4,https://www.sports-reference.com/cfb/players/cordrea-tankersley-1.html,11,Cordrea Tankersley,DB/CB,0.0,Clemson,2026-04-02T09:15:08.344Z,39,season_totals,6.0
21,,SR,63,Pac-12,2017,currentPlayer,2016,0,0,0,0,14,0,103,7,https://www.sports-reference.com/cfb/players/tedric-thompson-1.html,16,Tedric Thompson,DB,0.0,Colorado,2026-04-02T09:15:13.370Z,42,season_totals,3.5
16,AA,SR,35,SEC,2017,currentPlayer,2016,0,1,0,6,12,1,21,2,https://www.sports-reference.com/cfb/players/tredavious-white-1.html,14,Tre'Davious White,DB/CB,0.5,LSU,2026-04-02T09:15:18.360Z,19,season_totals,4.0
18,,JR,64,Pac-12,2017,currentPlayer,2016,2,2,0,0,11,0,20,5,https://www.sports-reference.com/cfb/players/marcus-williams-9.html,3,Marcus Williams,DB,0.0,Utah,2026-04-02T09:16:03.414Z,46,season_totals,1.0
15,,JR,33,SEC,2017,currentPlayer,2016,0,0,0,0,13,1,80,3,https://www.sports-reference.com/cfb/players/quincy-wilson-2.html,6,Quincy Wilson,DB,1.0,Florida,2026-04-02T09:16:13.581Z,18,season_totals,3.5
4,,SR,23,Pac-12,2017,currentPlayer,2016,1,1,0,0,14,0,0,1,https://www.sports-reference.com/cfb/players/ahkello-witherspoon-1.html,22,Ahkello Witherspoon,DB,0.0,Colorado,2026-04-02T09:16:18.469Z,19,season_totals,0.0
29,,SR,89,CUSA,2017,currentPlayer,2016,1,0,1,30,14,0,45,5,https://www.sports-reference.com/cfb/players/xavier-woods-1.html,6,Xavier Woods,DB/S,3.0,Louisiana Tech,2026-04-02T09:16:23.452Z,60,season_totals,6.5
6,,JR,19,ACC,2018,currentPlayer,2017,0,0,0,0,6,0,0,1,https://www.sports-reference.com/cfb/players/jaire-alexander-1.html,4,Jaire Alexander,CB,0.0,Louisville,2026-04-02T09:16:28.461Z,13,season_totals,1.0
26,,SR,72,Big Ten,2018,currentPlayer,2017,2,0,0,0,13,0,50,1,https://www.sports-reference.com/cfb/players/marcus-allen-5.html,3,Marcus Allen,S,1.0,Penn State,2026-04-02T09:16:53.445Z,46,season_totals,4.0
17,,SR,48,SEC,2018,currentPlayer,2017,0,0,0,0,14,0,30,1,https://www.sports-reference.com/cfb/players/anthony-averett-1.html,8,Anthony Averett,DB,1.0,Alabama,2026-04-02T09:17:19.054Z,31,season_totals,4.0
29,,SO,79,ACC,2018,currentPlayer,2017,1,0,0,0,11,0,37,1,https://www.sports-reference.com/cfb/players/jessie-bates-1.html,5,Jessie Bates,DB,0.0,Wake Forest,2026-04-02T09:17:24.077Z,50,season_totals,6.0
20,,SR,75,Pac-12,2018,currentPlayer,2017,1,0,0,0,13,0,65,3,https://www.sports-reference.com/cfb/players/dane-cruikshank-1.html,5,Dane Cruikshank,CB,1.5,Arizona,2026-04-02T09:17:29.139Z,55,season_totals,5.5
9,,JR,36,SEC,2018,currentPlayer,2017,1,1,0,12,13,0,0,1,https://www.sports-reference.com/cfb/players/carlton-davis-1.html,11,Carlton Davis,DB,0.0,Auburn,2026-04-02T09:17:34.144Z,27,season_totals,0.5
11,,SR,34,SEC,2018,currentPlayer,2017,0,0,0,0,11,1,54,4,https://www.sports-reference.com/cfb/players/duke-dawson-1.html,9,Duke Dawson,DB,0.0,Florida,2026-04-02T09:17:39.110Z,23,season_totals,2.0
30,,JR,59,ACC,2018,currentPlayer,2017,0,0,0,0,10,0,70,2,https://www.sports-reference.com/cfb/players/terrell-edmunds-1.html,4,Terrell Edmunds,LB/S,1.5,Virginia Tech,2026-04-02T09:17:44.103Z,29,season_totals,2.5
13,AA,JR,63,Big 12,2018,currentPlayer,2017,3,1,0,0,12,2,127,6,https://www.sports-reference.com/cfb/players/deshon-elliott-1.html,9,DeShon Elliott,S/DB,1.5,Texas,2026-04-02T09:17:49.175Z,50,season_totals,8.5
22,"Bednarik,AA",JR,60,SEC,2018,currentPlayer,2017,1,0,0,0,13,0,0,1,https://www.sports-reference.com/cfb/players/minkah-fitzpatrick-1.html,8,Minkah Fitzpatrick,DB,1.5,Alabama,2026-04-02T09:17:54.094Z,38,season_totals,8.0
25,,SR,79,Big 12,2018,currentPlayer,2017,1,0,0,0,13,0,14,2,https://www.sports-reference.com/cfb/players/tre-flowers-1.html,8,Tre Flowers,S,0.0,Oklahoma State,2026-04-02T09:17:59.135Z,54,season_totals,1.0
26,,JR,65,SEC,2018,currentPlayer,2017,3,3,0,0,12,0,0,1,https://www.sports-reference.com/cfb/players/rashaan-gaulden-1.html,5,Rashaan Gaulden,DB,0.0,Tennessee,2026-04-02T09:18:04.234Z,39,season_totals,3.5
31,,JR,74,SEC,2018,currentPlayer,2017,0,0,0,0,14,0,7,3,https://www.sports-reference.com/cfb/players/ronnie-harrison-1.html,4,Ronnie Harrison,DB,2.5,Alabama,2026-04-02T09:18:29.672Z,43,season_totals,4.5
30,,SR,53,MWC,2018,currentPlayer,2017,0,0,0,0,12,0,0,0,https://www.sports-reference.com/cfb/players/mike-hughes-3.html,0,Mike Hughes,DL,2.0,Nevada-Las Vegas,2026-04-02T09:18:44.682Z,23,season_totals,7.0
17,,JR,49,SEC,2018,currentPlayer,2017,0,0,0,0,13,0,0,1,https://www.sports-reference.com/cfb/players/donte-jackson-1.html,10,Donte Jackson,DB,1.0,LSU,2026-04-02T09:18:49.662Z,32,season_totals,3.5
19,,SR,51,Big Ten,2018,currentPlayer,2017,0,0,0,0,14,1,40,2,https://www.sports-reference.com/cfb/players/natrell-jamerson-1.html,10,Natrell Jamerson,WR/CB/S,1.5,Wisconsin,2026-04-02T09:19:22.315Z,32,season_totals,3.5
35,,SO,84,ACC,2018,currentPlayer,2017,0,0,0,0,12,1,41,2,https://www.sports-reference.com/cfb/players/derwin-james-1.html,11,Derwin James,DB,1.0,Florida State,2026-04-02T09:19:27.422Z,49,season_totals,5.5
7,,SR,27,ACC,2018,currentPlayer,2017,3,1,0,7,10,0,3,2,https://www.sports-reference.com/cfb/players/avonte-maddox-1.html,11,Avonte Maddox,DB,4.0,Pitt,2026-04-02T09:19:40.048Z,20,season_totals,4.0
9,,JR,35,Big Ten,2018,currentPlayer,2017,0,0,0,0,14,0,0,0,https://www.sports-reference.com/cfb/players/nick-nelson-2.html,21,Nick Nelson,DB/CB,0.0,Wisconsin,2026-04-02T09:19:57.932Z,26,season_totals,1.0
7,,SR,55,American,2018,currentPlayer,2017,0,0,0,0,12,0,8,6,https://www.sports-reference.com/cfb/players/parry-nickerson-1.html,8,Parry Nickerson,CB,0.0,Tulane,2026-04-02T09:20:03.019Z,48,season_totals,2.0
7,,JR,26,Pac-12,2018,currentPlayer,2017,0,0,0,0,10,0,41,2,https://www.sports-reference.com/cfb/players/isaiah-oliver-1.html,13,Isaiah Oliver,WR/DB,0.0,Colorado,2026-04-02T09:20:07.958Z,19,season_totals,0.0
12,,SR,40,MAC,2018,currentPlayer,2017,2,1,1,67,12,1,63,3,https://www.sports-reference.com/cfb/players/darius-phillips-1.html,10,Darius Phillips,WR/CB,1.0,Western Michigan,2026-04-02T09:20:12.908Z,28,season_totals,5.0
6,,JR,47,Big 12,2018,currentPlayer,2017,1,2,0,0,11,0,32,4,https://www.sports-reference.com/cfb/players/dj-reed-2.html,9,D.J Reed,DB,0.0,Kansas State,2026-04-02T09:20:25.872Z,41,season_totals,4.5
47,,JR,99,Pac-12,2018,currentPlayer,2017,0,1,0,0,14,0,1,5,https://www.sports-reference.com/cfb/players/justin-reid-1.html,6,Justin Reid,S,1.0,Stanford,2026-04-02T09:20:30.993Z,52,season_totals,6.5
12,,SR,45,ACC,2018,currentPlayer,2017,0,0,0,0,12,0,0,0,https://www.sports-reference.com/cfb/players/mj-stewart-1.html,12,M.J. Stewart,CB,2.0,North Carolina,2026-04-02T09:20:35.836Z,33,season_totals,5.0
6,,SR,20,ACC,2018,currentPlayer,2017,0,0,0,0,13,1,47,4,https://www.sports-reference.com/cfb/players/greg-stroman-1.html,11,Greg Stroman,CB/WR/DB,0.0,Virginia Tech,2026-04-02T09:20:40.868Z,14,season_totals,0.0
7,AA,JR,37,Big Ten,2018,currentPlayer,2017,0,0,0,0,14,0,0,2,https://www.sports-reference.com/cfb/players/denzel-ward-3.html,15,Denzel Ward,CB,0.0,Ohio State,2026-04-02T09:20:58.732Z,30,season_totals,2.0
30,,SR,87,SEC,2018,currentPlayer,2017,2,2,0,18,12,0,15,4,https://www.sports-reference.com/cfb/players/armani-watts-1.html,5,Armani Watts,DB,0.5,Texas A&M,2026-04-02T09:21:03.777Z,57,season_totals,10.0
28,,SR,94,Big 12,2018,currentPlayer,2017,2,1,0,0,13,0,2,3,https://www.sports-reference.com/cfb/players/kyzir-white-1.html,4,Kyzir White,S,1.0,West Virginia,2026-04-02T09:21:08.765Z,66,season_totals,7.5
19,,JR,60,ACC,2018,currentPlayer,2017,0,1,0,0,9,0,0,1,https://www.sports-reference.com/cfb/players/jordan-whitehead-1.html,4,Jordan Whitehead,DB,0.0,Pitt,2026-04-02T09:21:13.812Z,41,season_totals,0.0
17,,SR,53,ACC,2018,currentPlayer,2017,0,0,0,0,13,0,30,2,https://www.sports-reference.com/cfb/players/isaac-yiadom-1.html,7,Isaac Yiadom,DB,0.0,Boston College,2026-04-02T09:21:18.888Z,36,season_totals,1.0
46,,SR,99,SEC,2019,currentPlayer,2018,1,1,0,6,13,0,9,2,https://www.sports-reference.com/cfb/players/johnathan-abram-1.html,5,Johnathan Abram,S/DB,3.0,Mississippi State,2026-04-02T09:21:23.888Z,53,season_totals,9.0
12,,SR,55,Pac-12,2019,currentPlayer,2018,1,0,0,0,13,2,70,3,https://www.sports-reference.com/cfb/players/ugo-amadi-1.html,8,Ugo Amadi,CB/DB/S,1.5,Oregon,2026-04-02T09:21:36.514Z,43,season_totals,5.0
2,AA,SR,11,SEC,2019,currentPlayer,2018,0,0,0,0,13,0,0,0,https://www.sports-reference.com/cfb/players/deandre-baker-1.html,3,Deandre Baker,CB/DB,0.0,Georgia,2026-04-02T09:21:41.591Z,9,season_totals,1.0
15,,SR,59,Pac-12,2019,currentPlayer,2018,1,0,0,0,14,0,5,2,https://www.sports-reference.com/cfb/players/marquise-blair-1.html,2,Marquise Blair,DB,0.0,Utah,2026-04-02T09:21:54.245Z,44,season_totals,2.0
18,,SR,67,Big 12,2019,currentPlayer,2018,1,1,0,0,14,0,0,1,https://www.sports-reference.com/cfb/players/kris-boyd-1.html,16,Kris Boyd,CB/DB,1.0,Texas,2026-04-02T09:21:59.346Z,49,season_totals,4.5
6,,JR,24,MAC,2019,currentPlayer,2018,0,2,0,0,11,0,0,1,https://www.sports-reference.com/cfb/players/xavier-crawford-2.html,12,Xavier Crawford,CB/DB,0.0,Central Michigan,2026-04-02T09:22:09.296Z,18,season_totals,3.0
9,,JR,30,SEC,2019,currentPlayer,2018,0,1,0,0,12,0,0,2,https://www.sports-reference.com/cfb/players/jamel-dean-1.html,9,Jamel Dean,DB,1.0,Auburn,2026-04-02T09:22:14.287Z,21,season_totals,2.0
9,,SR,34,SEC,2019,currentPlayer,2018,0,0,0,0,13,0,16,3,https://www.sports-reference.com/cfb/players/rashad-fenton-1.html,6,Rashad Fenton,CB/DB,0.0,South Carolina,2026-04-02T09:22:19.305Z,25,season_totals,2.5
21,,SR,65,Big Ten,2019,currentPlayer,2018,0,1,0,0,12,0,3,3,https://www.sports-reference.com/cfb/players/saquan-hampton-1.html,13,Saquan Hampton,DB,0.0,Rutgers,2026-04-02T09:22:24.424Z,44,season_totals,3.0
29,,JR,65,Big Ten,2019,currentPlayer,2018,0,0,0,0,13,0,60,4,https://www.sports-reference.com/cfb/players/amani-hooker-1.html,7,Amani Hooker,DB,1.0,Iowa,2026-04-02T09:22:47.044Z,36,season_totals,3.5
16,,SR,66,American,2019,currentPlayer,2018,0,0,0,0,11,0,45,2,https://www.sports-reference.com/cfb/players/isaiah-johnson-4.html,7,Isaiah Johnson,WR/CB,0.0,Houston,2026-04-02T09:23:39.813Z,50,season_totals,2.0
48,,SR,92,ACC,2019,currentPlayer,2018,2,0,0,0,11,0,9,2,https://www.sports-reference.com/cfb/players/jaquan-johnson-1.html,1,Jaquan Johnson,DB,0.0,Miami (FL),2026-04-02T09:23:44.850Z,44,season_totals,1.5
6,,SR,23,SEC,2019,currentPlayer,2018,1,0,0,0,13,0,24,1,https://www.sports-reference.com/cfb/players/lonnie-johnson-4.html,4,Lonnie Johnson,CB,0.0,Kentucky,2026-04-02T09:24:04.836Z,17,season_totals,0.0
28,,JR,72,Big Ten,2019,currentPlayer,2018,0,0,0,0,12,0,6,1,https://www.sports-reference.com/cfb/players/justin-layne-1.html,15,Justin Layne,WR/CB,0.5,Michigan State,2026-04-02T09:24:09.869Z,44,season_totals,2.5
35,,JR,111,Big 12,2019,currentPlayer,2018,1,1,0,0,12,0,0,0,https://www.sports-reference.com/cfb/players/david-long-2.html,4,David Long,LB,8.0,West Virginia,2026-04-02T09:24:19.846Z,76,season_totals,19.0
14,AA,JR,63,Ind,2019,currentPlayer,2018,0,3,1,42,13,0,4,1,https://www.sports-reference.com/cfb/players/julian-love-1.html,16,Julian Love,CB,0.0,Notre Dame,2026-04-02T09:24:24.864Z,49,season_totals,3.0
6,,SR,26,Pac-12,2019,currentPlayer,2018,2,0,0,0,12,0,0,2,https://www.sports-reference.com/cfb/players/jordan-miller-3.html,6,Jordan Miller,DB,0.0,Washington,2026-04-02T09:24:43.007Z,20,season_totals,2.0
6,,JR,36,ACC,2019,currentPlayer,2018,1,0,0,0,15,0,46,1,https://www.sports-reference.com/cfb/players/trayvon-mullen-1.html,3,Trayvon Mullen,CB,2.0,Clemson,2026-04-02T09:24:47.881Z,30,season_totals,4.0
21,,SO,58,Pac-12,2019,currentPlayer,2018,1,0,0,0,14,1,78,4,https://www.sports-reference.com/cfb/players/byron-murphy-1.html,13,Byron Murphy,DB,0.0,Washington,2026-04-02T09:24:52.963Z,37,season_totals,4.0
11,,SR,51,Big Ten,2019,currentPlayer,2018,1,0,0,0,13,0,-2,3,https://www.sports-reference.com/cfb/players/amani-oruwariye-1.html,12,Amani Oruwariye,CB,0.0,Penn State,2026-04-02T09:24:57.834Z,40,season_totals,2.0
29,,SR,64,ACC,2019,currentPlayer,2018,1,1,0,7,13,0,14,3,https://www.sports-reference.com/cfb/players/sheldrick-redwine-1.html,2,Sheldrick Redwine,DB,3.0,Miami (FL),2026-04-02T09:25:18.470Z,35,season_totals,3.5
8,,JR,35,Big Ten,2019,currentPlayer,2018,1,0,0,0,14,0,0,2,https://www.sports-reference.com/cfb/players/kendall-sheffield-1.html,8,Kendall Sheffield,CB,0.0,Ohio State,2026-04-02T09:25:39.296Z,27,season_totals,2.0
31,AA,JR,79,SEC,2019,currentPlayer,2018,4,1,0,0,15,0,65,2,https://www.sports-reference.com/cfb/players/deionte-thompson-1.html,6,Deionte Thompson,DB,0.0,Alabama,2026-04-02T09:26:01.448Z,48,season_totals,3.5
36,,SR,98,ACC,2019,currentPlayer,2018,0,0,0,0,13,0,141,6,https://www.sports-reference.com/cfb/players/juan-thornhill-1.html,7,Juan Thornhill,S,0.0,Virginia,2026-04-02T09:26:06.474Z,62,season_totals,4.5
10,AA,SO,33,SEC,2019,currentPlayer,2018,0,0,0,0,12,0,20,2,https://www.sports-reference.com/cfb/players/greedy-williams-1.html,9,Greedy Williams,CB,0.0,LSU,2026-04-02T09:26:19.115Z,23,season_totals,0.0
13,,JR,61,SEC,2019,currentPlayer,2018,0,0,0,0,13,0,8,4,https://www.sports-reference.com/cfb/players/joejuan-williams-1.html,14,Joejuan Williams,CB,0.0,Vanderbilt,2026-04-02T09:26:24.322Z,48,season_totals,2.0
43,,SR,84,Big Ten,2019,currentPlayer,2018,1,0,0,0,13,0,30,2,https://www.sports-reference.com/cfb/players/khari-willis-1.html,10,Khari Willis,S,0.0,Michigan State,2026-04-02T09:26:29.322Z,41,season_totals,1.0
29,,SR,66,SEC,2019,currentPlayer,2018,1,0,0,0,12,0,0,2,https://www.sports-reference.com/cfb/players/donovan-wilson-2.html,3,Donovan Wilson,DB,2.0,Texas A&M,2026-04-02T09:26:39.220Z,37,season_totals,4.5
11,,SR,47,American,2019,currentPlayer,2018,0,0,0,0,12,0,-1,2,https://www.sports-reference.com/cfb/players/rock-ya-sin-1.html,12,Rock Ya-Sin,CB,0.0,Temple,2026-04-02T09:26:44.241Z,36,season_totals,2.0
8,,SR,35,Big Ten,2020,currentPlayer,2019,1,0,0,0,13,1,96,1,https://www.sports-reference.com/cfb/players/damon-arnette-1.html,8,Damon Arnette,CB,0.0,Ohio State,2026-04-02T09:26:49.194Z,27,season_totals,1.0
19,,SR,60,Pac-12,2020,currentPlayer,2019,2,0,0,0,13,1,39,4,https://www.sports-reference.com/cfb/players/julian-blackmon-1.html,4,Julian Blackmon,DB,1.5,Utah,2026-04-02T09:26:54.344Z,41,season_totals,4.0
31,,SR,81,Pac-12,2020,currentPlayer,2019,0,2,0,5,14,0,29,1,https://www.sports-reference.com/cfb/players/terrell-burgess-1.html,5,Terrell Burgess,DB,0.5,Utah,2026-04-02T09:26:59.245Z,50,season_totals,7.5
9,,JR,40,SEC,2020,currentPlayer,2019,1,1,0,0,9,0,0,2,https://www.sports-reference.com/cfb/players/cameron-dantzler-1.html,8,Cameron Dantzler,DB/CB,0.5,Mississippi State,2026-04-02T09:27:11.869Z,31,season_totals,2.0
24,,SR,57,Pac-12,2020,currentPlayer,2019,2,2,0,0,11,0,31,2,https://www.sports-reference.com/cfb/players/ashtyn-davis-1.html,4,Ashtyn Davis,CB/S,0.0,California,2026-04-02T09:27:16.972Z,33,season_totals,1.0
27,AA,JR,65,SEC,2020,currentPlayer,2019,1,1,0,0,14,0,0,2,https://www.sports-reference.com/cfb/players/grant-delpit-1.html,7,Grant Delpit,S,2.0,LSU,2026-04-02T09:27:22.028Z,38,season_totals,4.5
17,,SR,37,SEC,2020,currentPlayer,2019,0,2,1,100,12,1,79,3,https://www.sports-reference.com/cfb/players/trevon-diggs-1.html,8,Trevon Diggs,WR/DB,0.0,Alabama,2026-04-02T09:27:26.906Z,20,season_totals,0.5
20,,SR,62,Big Ten,2020,currentPlayer,2019,0,1,0,0,14,0,26,2,https://www.sports-reference.com/cfb/players/jordan-fuller-1.html,4,Jordan Fuller,S,0.0,Ohio State,2026-04-02T09:27:39.662Z,42,season_totals,0.0
10,,SR,38,SEC,2020,currentPlayer,2019,0,0,0,0,15,0,0,1,https://www.sports-reference.com/cfb/players/kristian-fulton-1.html,14,Kristian Fulton,DB/CB,0.0,LSU,2026-04-02T09:27:44.866Z,28,season_totals,1.0
42,,SR,74,Ind,2020,currentPlayer,2019,3,1,0,0,13,0,0,1,https://www.sports-reference.com/cfb/players/alohi-gilman-1.html,2,Alohi Gilman,S,1.0,Notre Dame,2026-04-02T09:27:49.739Z,32,season_totals,3.0
7,,SR,31,Big 12,2020,currentPlayer,2019,0,0,0,0,12,0,0,1,https://www.sports-reference.com/cfb/players/jeff-gladney-1.html,14,Jeff Gladney,CB,0.5,Texas Christian,2026-04-02T09:27:54.727Z,24,season_totals,1.5
7,,SR,20,ACC,2020,currentPlayer,2019,0,0,0,0,6,0,0,0,https://www.sports-reference.com/cfb/players/bryce-hall-1.html,4,Bryce Hall,DB/CB,1.0,Virginia,2026-04-02T09:27:59.661Z,13,season_totals,3.0
16,,SR,56,Pac-12,2020,currentPlayer,2019,2,0,0,0,13,0,29,3,https://www.sports-reference.com/cfb/players/jaylinn-hawkins-1.html,2,Jaylinn Hawkins,CB/S,2.0,California,2026-04-02T09:28:12.580Z,40,season_totals,4.5
7,,JR,33,SEC,2020,currentPlayer,2019,0,0,0,0,9,0,0,0,https://www.sports-reference.com/cfb/players/cj-henderson-1.html,11,C.J. Henderson,CB/DB,1.0,Florida,2026-04-02T09:28:17.499Z,26,season_totals,3.0
10,,JR,34,Pac-12,2020,currentPlayer,2019,0,1,0,0,10,0,0,2,https://www.sports-reference.com/cfb/players/darnay-holmes-1.html,6,Darnay Holmes,DB,0.0,UCLA,2026-04-02T09:28:22.517Z,24,season_totals,1.0
14,,JR,42,SEC,2020,currentPlayer,2019,0,0,0,0,13,0,0,0,https://www.sports-reference.com/cfb/players/noah-igbinoghene-1.html,7,Noah Igbinoghene,WR/DB,0.0,Auburn,2026-04-02T09:28:27.590Z,28,season_totals,1.0
13,,SR,43,ACC,2020,currentPlayer,2019,0,0,0,0,13,0,21,1,https://www.sports-reference.com/cfb/players/dane-jackson-1.html,12,Dane Jackson,DB,0.5,Pitt,2026-04-02T09:28:40.306Z,30,season_totals,3.0
2,,JR,36,Pac-12,2020,currentPlayer,2019,0,0,0,0,13,1,39,2,https://www.sports-reference.com/cfb/players/jaylon-johnson-1.html,11,Jaylon Johnson,DB,0.0,Utah,2026-04-02T09:28:45.266Z,34,season_totals,1.0
22,,SR,86,Big 12,2020,currentPlayer,2019,1,1,0,0,13,0,7,2,https://www.sports-reference.com/cfb/players/brandon-jones-13.html,4,Brandon Jones,DB,1.0,Texas,2026-04-02T09:29:53.292Z,64,season_totals,4.5
26,AA,SO,88,Big Ten,2020,currentPlayer,2019,2,0,0,0,13,1,111,7,https://www.sports-reference.com/cfb/players/antoine-winfield-jr-1.html,1,Antoine Winfield Jr.,DB,3.0,Minnesota,2026-04-02T09:30:05.976Z,62,season_totals,3.5
36,,JR,95,SEC,2020,currentPlayer,2019,4,1,0,0,13,1,78,3,https://www.sports-reference.com/cfb/players/xavier-mckinney-1.html,5,Xavier McKinney,DB,3.0,Alabama,2026-04-02T09:30:18.678Z,59,season_totals,5.5
33,,SR,74,Big Ten,2020,currentPlayer,2019,0,1,0,0,13,0,0,2,https://www.sports-reference.com/cfb/players/josh-metellus-1.html,5,Josh Metellus,S/DB,0.0,Michigan,2026-04-02T09:30:23.700Z,41,season_totals,4.0
18,,SR,55,ACC,2020,currentPlayer,2019,0,0,0,0,15,0,13,4,https://www.sports-reference.com/cfb/players/tanner-muse-1.html,3,Tanner Muse,S,2.0,Clemson,2026-04-02T09:30:28.742Z,37,season_totals,6.0
11,,SR,52,Big Ten,2020,currentPlayer,2019,0,1,0,0,12,0,12,3,https://www.sports-reference.com/cfb/players/michael-ojemudia-1.html,9,Michael Ojemudia,DB,0.0,Iowa,2026-04-02T09:30:33.741Z,41,season_totals,1.0
11,,SR,37,Big Ten,2020,currentPlayer,2019,0,0,0,0,13,1,61,2,https://www.sports-reference.com/cfb/players/john-reid-1.html,8,John Reid,CB,1.0,Penn State,2026-04-02T09:30:54.035Z,26,season_totals,2.5
16,,JR,60,CUSA,2020,currentPlayer,2019,1,1,0,0,12,2,97,5,https://www.sports-reference.com/cfb/players/amik-robertson-1.html,16,Amik Robertson,CB,1.0,Louisiana Tech,2026-04-02T09:30:59.094Z,44,season_totals,8.0
17,,JR,55,Big Ten,2020,currentPlayer,2019,1,1,0,5,13,0,34,3,https://www.sports-reference.com/cfb/players/josiah-scott-1.html,7,Josiah Scott,CB,0.0,Michigan State,2026-04-02T09:31:04.140Z,38,season_totals,0.0
30,,SR,73,CUSA,2020,currentPlayer,2019,0,0,0,0,13,1,68,3,https://www.sports-reference.com/cfb/players/ljarius-sneed-1.html,6,L'Jarius Sneed,CB/S,0.0,Louisiana Tech,2026-04-02T09:31:09.160Z,43,season_totals,3.5
24,,JR,70,Big Ten,2020,currentPlayer,2019,3,1,0,0,13,0,0,1,https://www.sports-reference.com/cfb/players/geno-stone-1.html,4,Geno Stone,DB,1.0,Iowa,2026-04-02T09:31:14.302Z,46,season_totals,3.0
10,,JR,34,ACC,2020,currentPlayer,2019,0,0,0,0,15,0,65,2,https://www.sports-reference.com/cfb/players/aj-terrell-1.html,4,A.J. Terrell,CB,0.5,Clemson,2026-04-02T09:31:19.168Z,24,season_totals,0.5
27,,SR,74,SEC,2020,currentPlayer,2019,1,1,0,0,13,0,0,0,https://www.sports-reference.com/cfb/players/daniel-thomas-3.html,1,Daniel Thomas,DB,0.0,Auburn,2026-04-02T09:31:34.126Z,47,season_totals,5.5
4,,SR,27,Sun Belt,2020,currentPlayer,2019,0,0,0,0,11,0,0,2,https://www.sports-reference.com/cfb/players/kindle-vildor-1.html,6,Kindle Vildor,CB,0.0,Georgia Southern,2026-04-02T09:31:46.807Z,23,season_totals,3.0
23,,SR,71,ACC,2020,currentPlayer,2019,0,0,0,0,15,1,66,2,https://www.sports-reference.com/cfb/players/kvon-wallace-1.html,10,K'Von Wallace,DB/S,2.0,Clemson,2026-04-02T09:31:51.987Z,48,season_totals,3.0
13,,SR,41,SEC,2021,currentPlayer,2020,1,1,0,0,10,0,0,1,https://www.sports-reference.com/cfb/players/joshuah-bledsoe-1.html,6,Joshuah Bledsoe,S,0.0,Missouri,2026-04-02T09:32:09.600Z,28,season_totals,2.5
6,,SR,31,Big 12,2021,currentPlayer,2020,0,0,0,0,10,0,0,3,https://www.sports-reference.com/cfb/players/tre-brown-2.html,6,Tre Brown,CB,0.0,Oklahoma,2026-04-02T09:32:32.381Z,25,season_totals,1.0
8,,JR,29,SEC,2021,currentPlayer,2020,0,0,0,0,10,0,40,1,https://www.sports-reference.com/cfb/players/tyson-campbell-1.html,5,Tyson Campbell,DB,0.0,Georgia,2026-04-02T09:32:37.548Z,21,season_totals,3.0
4,,JR,11,ACC,2021,currentPlayer,2020,0,0,0,0,2,0,29,1,https://www.sports-reference.com/cfb/players/andre-cisco-1.html,0,Andre Cisco,DB,0.0,Syracuse,2026-04-02T09:32:42.432Z,7,season_totals,0.5
16,,SR,40,SEC,2021,currentPlayer,2020,1,0,0,0,7,0,45,2,https://www.sports-reference.com/cfb/players/shawn-davis-3.html,1,Shawn Davis,DB,0.0,Florida,2026-04-02T09:32:57.392Z,24,season_totals,2.0
23,,SR,55,ACC,2021,currentPlayer,2020,1,0,0,0,9,0,5,4,https://www.sports-reference.com/cfb/players/divine-deablo-1.html,4,Divine Deablo,WR/DB,0.0,Virginia Tech,2026-04-02T09:33:02.441Z,32,season_totals,2.0
9,,SR,40,American,2021,currentPlayer,2020,0,0,0,0,10,0,22,2,https://www.sports-reference.com/cfb/players/darrick-forrest-1.html,1,Darrick Forrest,S,0.0,Cincinnati,2026-04-02T09:33:07.459Z,31,season_totals,1.0
15,,SR,46,SEC,2021,currentPlayer,2020,0,0,0,0,9,0,0,0,https://www.sports-reference.com/cfb/players/tyree-gillespie-1.html,4,Tyree Gillespie,S,0.0,Missouri,2026-04-02T09:33:12.396Z,31,season_totals,0.5
23,,SR,72,American,2021,currentPlayer,2020,2,2,0,0,9,0,25,3,https://www.sports-reference.com/cfb/players/richie-grant-1.html,5,Richie Grant,DB,1.0,UCF,2026-04-02T09:33:17.378Z,49,season_totals,3.5
7,,JR,38,MWC,2021,currentPlayer,2020,0,0,0,0,8,1,72,3,https://www.sports-reference.com/cfb/players/darren-hall-1.html,6,Darren Hall,S/CB,0.0,San Diego State,2026-04-02T09:33:22.430Z,31,season_totals,2.0
30,,SR,66,ACC,2021,currentPlayer,2020,0,0,0,0,10,0,4,2,https://www.sports-reference.com/cfb/players/damar-hamlin-1.html,7,Damar Hamlin,DB,0.0,Pitt,2026-04-02T09:33:27.389Z,36,season_totals,3.5
6,,JR,16,SEC,2021,currentPlayer,2020,0,0,0,0,7,0,34,2,https://www.sports-reference.com/cfb/players/jaycee-horn-1.html,6,Jaycee Horn,DB,0.0,South Carolina,2026-04-02T09:33:45.133Z,10,season_totals,1.0
22,AA,JR,62,Pac-12,2021,currentPlayer,2020,2,0,0,0,6,0,90,4,https://www.sports-reference.com/cfb/players/talanoa-hufanga-1.html,1,Talanoa Hufanga,S,3.0,USC,2026-04-02T09:33:50.128Z,40,season_totals,5.5
10,,JR,43,Big Ten,2021,currentPlayer,2020,1,0,0,0,8,0,94,4,https://www.sports-reference.com/cfb/players/jamar-johnson-1.html,4,Jamar Johnson,DB,1.0,Indiana,2026-04-02T09:33:55.210Z,33,season_totals,3.5
11,,SO,25,SEC,2021,currentPlayer,2020,0,0,0,0,9,1,62,4,https://www.sports-reference.com/cfb/players/kelvin-joseph-1.html,1,Kelvin Joseph,CB/DB,0.0,Kentucky,2026-04-02T09:34:00.122Z,14,season_totals,0.5
10,,SR,35,Pac-12,2021,currentPlayer,2020,1,0,0,0,7,0,24,1,https://www.sports-reference.com/cfb/players/deommodore-lenoir-1.html,0,Deommodore Lenoir,CB,0.0,Oregon,2026-04-02T09:34:25.579Z,25,season_totals,0.0
13,,JR,55,ACC,2021,currentPlayer,2020,0,0,0,0,11,0,0,1,https://www.sports-reference.com/cfb/players/ifeatu-melifonwu-1.html,9,Ifeatu Melifonwu,DB,1.0,Syracuse,2026-04-02T09:34:30.746Z,42,season_totals,3.0
5,,SR,26,Pac-12,2021,currentPlayer,2020,0,0,0,0,4,0,24,1,https://www.sports-reference.com/cfb/players/elijah-molden-1.html,1,Elijah Molden,DB,0.0,Washington,2026-04-02T09:34:43.352Z,21,season_totals,1.0
4,,JR,10,SEC,2021,currentPlayer,2020,0,0,0,0,6,0,56,2,https://www.sports-reference.com/cfb/players/israel-mukuamu-1.html,0,Israel Mukuamu,DB,0.0,South Carolina,2026-04-02T09:34:48.379Z,6,season_totals,0.0
8,,SR,13,ACC,2021,currentPlayer,2020,0,0,0,0,2,0,25,1,https://www.sports-reference.com/cfb/players/hamsah-nasirildeen-1.html,1,Hamsah Nasirildeen,DB,0.0,Florida State,2026-04-02T09:34:53.364Z,5,season_totals,1.5
11,,JR,23,Big 12,2021,currentPlayer,2020,0,0,0,0,11,1,98,5,https://www.sports-reference.com/cfb/players/tre-norwood-1.html,2,Tre Norwood,CB/DB,0.0,Oklahoma,2026-04-02T09:35:06.227Z,12,season_totals,0.0
10,,SR,41,American,2021,currentPlayer,2020,1,1,0,0,9,0,0,0,https://www.sports-reference.com/cfb/players/aaron-robinson-2.html,6,Aaron Robinson,DB,0.0,UCF,2026-04-02T09:35:16.132Z,31,season_totals,1.0
31,,JR,75,SEC,2021,currentPlayer,2020,0,2,0,7,11,0,0,0,https://www.sports-reference.com/cfb/players/jamien-sherwood-1.html,3,Jamien Sherwood,DB,1.0,Auburn,2026-04-02T09:35:28.921Z,44,season_totals,3.0
3,,JR,14,Big Ten,2021,currentPlayer,2020,0,0,0,0,5,0,0,0,https://www.sports-reference.com/cfb/players/benjamin-st-juste-1.html,3,Benjamin St-Juste,DB,0.0,Minnesota,2026-04-02T09:35:34.071Z,11,season_totals,0.0
22,,JR,52,Big 12,2021,currentPlayer,2020,0,0,0,0,7,0,0,1,https://www.sports-reference.com/cfb/players/caden-sterns-1.html,3,Caden Sterns,DB,0.0,Texas,2026-04-02T09:35:39.013Z,30,season_totals,1.5
30,,SR,63,SEC,2021,currentPlayer,2020,1,3,0,0,10,0,0,0,https://www.sports-reference.com/cfb/players/jacoby-stevens-1.html,4,JaCoby Stevens,WR/S,3.0,LSU,2026-04-02T09:35:43.892Z,33,season_totals,6.0
6,,JR,20,SEC,2021,currentPlayer,2020,0,0,0,0,9,2,94,4,https://www.sports-reference.com/cfb/players/eric-stokes-2.html,4,Eric Stokes,DB,0.0,Georgia,2026-04-02T09:35:53.909Z,14,season_totals,0.0
2,,SR,9,Pac-12,2021,currentPlayer,2020,0,0,0,0,4,0,0,0,https://www.sports-reference.com/cfb/players/keith-taylor-3.html,1,Keith Taylor,DB,0.0,Washington,2026-04-02T09:36:08.884Z,7,season_totals,0.0
11,AA,JR,35,Big Ten,2021,currentPlayer,2020,0,0,0,0,8,1,36,2,https://www.sports-reference.com/cfb/players/shaun-wade-1.html,4,Shaun Wade,CB,0.0,Ohio State,2026-04-02T09:36:26.650Z,24,season_totals,1.0
11,,SR,21,SEC,2021,currentPlayer,2020,0,0,0,0,8,0,13,1,https://www.sports-reference.com/cfb/players/mark-webb-1.html,2,Mark Webb,DB,0.0,Georgia,2026-04-02T09:36:31.674Z,10,season_totals,0.0
7,,SR,32,American,2021,currentPlayer,2020,1,0,0,0,9,0,0,1,https://www.sports-reference.com/cfb/players/james-wiggins-1.html,6,James Wiggins,S,1.0,Cincinnati,2026-04-02T09:36:36.732Z,25,season_totals,1.0
0,,JR,6,Big Ten,2021,currentPlayer,2020,0,0,0,0,2,0,0,0,https://www.sports-reference.com/cfb/players/rachad-wildgoose-1.html,1,Rachad Wildgoose,CB,0.0,Wisconsin,2026-04-02T09:36:41.702Z,6,season_totals,2.0
5,,SR,18,Big 12,2021,currentPlayer,2020,1,0,0,0,9,0,0,0,https://www.sports-reference.com/cfb/players/rodarius-williams-1.html,7,Rodarius Williams,CB,0.0,Oklahoma State,2026-04-02T09:37:14.392Z,13,season_totals,1.0
9,,JR,33,SEC,2021,currentPlayer,2020,0,1,0,4,10,0,0,0,https://www.sports-reference.com/cfb/players/marco-wilson-1.html,4,Marco Wilson,CB/DB,0.0,Florida,2026-04-02T09:37:19.396Z,24,season_totals,0.0
7,,JR,30,Pac-12,2021,currentPlayer,2020,1,0,0,0,6,0,0,2,https://www.sports-reference.com/cfb/players/nahshon-wright-1.html,4,Nahshon Wright,DB,1.0,Oregon State,2026-04-02T09:37:24.425Z,23,season_totals,1.0
18,,SR,44,MAC,2022,currentPlayer,2021,1,0,0,0,10,0,0,0,https://www.sports-reference.com/cfb/players/tycen-anderson-1.html,2,Tycen Anderson,DB/S,1.0,Toledo,2026-04-02T09:37:29.424Z,26,season_totals,2.0
10,,JR,32,SEC,2022,currentPlayer,2021,0,0,0,0,11,0,51,3,https://www.sports-reference.com/cfb/players/jalyn-armour-davis-1.html,4,Jalyn Armour-Davis,DB,0.0,Alabama,2026-04-02T09:37:34.518Z,22,season_totals,1.0
17,,JR,46,Big Ten,2022,currentPlayer,2021,0,0,0,0,14,0,0,5,https://www.sports-reference.com/cfb/players/dane-belton-1.html,7,Dane Belton,DB,0.0,Iowa,2026-04-02T09:37:39.552Z,29,season_totals,3.0
26,,SR,64,Big Ten,2022,currentPlayer,2021,0,1,0,12,12,0,39,2,https://www.sports-reference.com/cfb/players/jaquan-brisker-1.html,5,Jaquan Brisker,S,0.0,Penn State,2026-04-02T09:37:52.636Z,38,season_totals,6.0
30,,SR,54,SEC,2022,currentPlayer,2021,1,1,0,0,13,0,0,5,https://www.sports-reference.com/cfb/players/montaric-brown-1.html,6,Montaric Brown,DB,0.0,Arkansas,2026-04-02T09:37:57.723Z,24,season_totals,1.0
11,,SR,46,American,2022,currentPlayer,2021,3,0,0,0,14,1,95,3,https://www.sports-reference.com/cfb/players/coby-bryant-1.html,11,Coby Bryant,S/CB,0.0,Cincinnati,2026-04-02T09:38:02.757Z,35,season_totals,1.0
24,,JR,61,Sun Belt,2022,currentPlayer,2021,0,2,0,0,13,0,0,1,https://www.sports-reference.com/cfb/players/percy-butler-1.html,4,Percy Butler,DB/S,0.0,Louisiana,2026-04-02T09:38:07.745Z,37,season_totals,6.0
7,,SR,33,Big Ten,2022,currentPlayer,2021,0,0,0,0,13,0,0,0,https://www.sports-reference.com/cfb/players/tariq-castro-fields-1.html,6,Tariq Castro-Fields,CB,0.0,Penn State,2026-04-02T09:38:12.723Z,26,season_totals,0.0
30,,JR,73,SEC,2022,currentPlayer,2021,0,0,0,0,15,0,8,1,https://www.sports-reference.com/cfb/players/lewis-cine-1.html,9,Lewis Cine,DB,0.0,Georgia,2026-04-02T09:38:17.731Z,43,season_totals,2.0
38,,SR,93,American,2022,currentPlayer,2021,0,0,0,0,14,0,0,2,https://www.sports-reference.com/cfb/players/bryan-cook-2.html,9,Bryan Cook,S,1.0,Cincinnati,2026-04-02T09:38:27.719Z,55,season_totals,5.5
22,,JR,67,Big Ten,2022,currentPlayer,2021,2,0,0,0,13,0,55,3,https://www.sports-reference.com/cfb/players/nick-cross-1.html,4,Nick Cross,DB,3.0,Maryland,2026-04-02T09:38:32.714Z,45,season_totals,3.5
13,,JR,29,SEC,2022,currentPlayer,2021,0,0,0,0,10,0,0,1,https://www.sports-reference.com/cfb/players/kaiir-elam-1.html,5,Kaiir Elam,DB/CB,0.0,Florida,2026-04-02T09:38:45.471Z,16,season_totals,1.5
18,,JR,49,SEC,2022,currentPlayer,2021,0,0,0,0,12,0,0,0,https://www.sports-reference.com/cfb/players/martin-emerson-1.html,3,Martin Emerson,CB,0.0,Mississippi State,2026-04-02T09:38:50.523Z,31,season_totals,3.0
3,,SR,30,SEC,2022,currentPlayer,2021,2,0,0,0,11,0,0,1,https://www.sports-reference.com/cfb/players/akayleb-evans-1.html,6,Akayleb Evans,DB/CB,0.0,Missouri,2026-04-02T09:38:55.588Z,27,season_totals,1.0
13,,JR,41,SEC,2022,currentPlayer,2021,1,0,0,0,11,0,0,1,https://www.sports-reference.com/cfb/players/cordale-flott-1.html,3,Cordale Flott,CB,0.0,LSU,2026-04-02T09:39:00.487Z,28,season_totals,1.0
9,,SO,46,Pac-12,2022,currentPlayer,2021,1,0,0,0,12,0,0,2,https://www.sports-reference.com/cfb/players/kyler-gordon-1.html,7,Kyler Gordon,CB/DB,0.0,Washington,2026-04-02T09:39:05.493Z,37,season_totals,2.0
15,AA,JR,34,Ind,2022,currentPlayer,2021,0,0,0,0,7,0,0,3,https://www.sports-reference.com/cfb/players/kyle-hamilton-1.html,4,Kyle Hamilton,DB/S,0.0,Notre Dame,2026-04-02T09:39:10.468Z,19,season_totals,2.0
6,,SR,42,Pac-12,2022,currentPlayer,2021,3,0,0,0,11,0,-1,3,https://www.sports-reference.com/cfb/players/jack-jones-5.html,6,Jack Jones,CB/DB,1.0,Arizona State,2026-04-02T09:39:41.476Z,36,season_totals,2.5
16,,JR,57,Big Ten,2022,currentPlayer,2021,0,3,0,0,12,0,12,5,https://www.sports-reference.com/cfb/players/kerby-joseph-1.html,2,Kerby Joseph,DB/WR,1.0,Illinois,2026-04-02T09:40:42.193Z,41,season_totals,1.0
17,,SR,41,SEC,2022,currentPlayer,2021,0,0,0,0,15,0,14,4,https://www.sports-reference.com/cfb/players/derion-kendrick-1.html,3,Derion Kendrick,WR/CB/DB,0.0,Georgia,2026-04-02T09:40:47.420Z,24,season_totals,2.0
14,,SR,54,Pac-12,2022,currentPlayer,2021,0,0,0,0,11,0,23,3,https://www.sports-reference.com/cfb/players/quentin-lake-1.html,6,Quentin Lake,DB,0.0,UCLA,2026-04-02T09:40:52.281Z,40,season_totals,2.0
4,,SR,34,Pac-12,2022,currentPlayer,2021,0,0,0,0,10,0,0,0,https://www.sports-reference.com/cfb/players/chase-lucas-1.html,6,Chase Lucas,DB,0.0,Arizona State,2026-04-02T09:40:57.306Z,30,season_totals,1.0
12,,SR,44,ACC,2022,currentPlayer,2021,0,0,0,0,13,1,50,2,https://www.sports-reference.com/cfb/players/damarri-mathis-1.html,6,Damarri Mathis,DB,0.0,Pitt,2026-04-02T09:41:02.296Z,32,season_totals,0.0
8,,SR,49,SEC,2022,currentPlayer,2021,0,1,0,0,12,1,35,2,https://www.sports-reference.com/cfb/players/roger-mccreary-1.html,14,Roger McCreary,DB/CB,1.0,Auburn,2026-04-02T09:41:14.984Z,41,season_totals,2.0
10,,SO,35,Pac-12,2022,currentPlayer,2021,0,0,0,0,11,0,0,0,https://www.sports-reference.com/cfb/players/trent-mcduffie-1.html,6,Trent McDuffie,DB,1.0,Washington,2026-04-02T09:41:19.999Z,25,season_totals,4.0
19,AA,SR,75,Big 12,2022,currentPlayer,2021,3,3,0,10,14,0,20,2,https://www.sports-reference.com/cfb/players/jalen-pitre-1.html,7,Jalen Pitre,LB/S,3.5,Baylor,2026-04-02T09:41:24.987Z,56,season_totals,17.0
19,,SR,60,SEC,2022,currentPlayer,2021,1,0,0,0,12,1,85,2,https://www.sports-reference.com/cfb/players/alontae-taylor-1.html,6,Alontae Taylor,DB,0.0,Tennessee,2026-04-02T09:41:37.779Z,41,season_totals,1.0
17,,SR,52,Big 12,2022,currentPlayer,2021,0,0,0,0,10,0,0,3,https://www.sports-reference.com/cfb/players/delarrin-turner-yell-1.html,1,Delarrin Turner-Yell,S,0.0,Oklahoma,2026-04-02T09:41:50.565Z,35,season_totals,2.5
8,,SR,31,Pac-12,2022,currentPlayer,2021,0,4,0,49,12,0,11,2,https://www.sports-reference.com/cfb/players/jaylen-watson-2.html,3,Jaylen Watson,DB,0.0,Washington State,2026-04-02T09:42:03.569Z,23,season_totals,1.0
10,,SR,63,American,2022,currentPlayer,2021,0,0,0,0,14,0,0,1,https://www.sports-reference.com/cfb/players/damarion-williams-1.html,9,Damarion Williams,CB,0.0,Houston,2026-04-02T09:42:08.599Z,53,season_totals,3.0
13,,SR,57,Big 12,2022,currentPlayer,2021,0,1,1,97,14,1,109,6,https://www.sports-reference.com/cfb/players/jt-woods-1.html,2,J.T. Woods,S,0.0,Baylor,2026-04-02T09:42:29.332Z,44,season_totals,4.5
15,,SO,57,Pac-12,2023,currentPlayer,2022,0,1,0,0,12,1,42,2,https://www.sports-reference.com/cfb/players/alex-austin-1.html,10,Alex Austin,DB,1.0,Oregon State,2026-04-02T09:42:34.507Z,42,season_totals,1.0
13,,SR,38,Big Ten,2023,currentPlayer,2022,0,0,0,0,12,0,0,1,https://www.sports-reference.com/cfb/players/deonte-banks-1.html,8,Deonte Banks,CB/DB,0.5,Maryland,2026-04-02T09:42:39.402Z,25,season_totals,0.5
37,,SR,71,SEC,2023,currentPlayer,2022,0,0,0,0,13,0,0,1,https://www.sports-reference.com/cfb/players/jordan-battle-1.html,2,Jordan Battle,DB,0.0,Alabama,2026-04-02T09:42:44.405Z,34,season_totals,0.5
13,,SR,39,Big Ten,2023,currentPlayer,2022,0,0,0,0,12,0,0,2,https://www.sports-reference.com/cfb/players/jakorian-bennett-1.html,11,Jakorian Bennett,DB,0.0,Maryland,2026-04-02T09:42:49.474Z,26,season_totals,1.5
21,,SR,67,Pac-12,2023,currentPlayer,2022,1,1,0,0,14,0,31,3,https://www.sports-reference.com/cfb/players/mekhi-blackmon-1.html,12,Mekhi Blackmon,CB/DB,0.0,USC,2026-04-02T09:42:54.383Z,46,season_totals,2.0
32,,JR,90,SEC,2023,currentPlayer,2022,0,0,0,0,13,0,2,2,https://www.sports-reference.com/cfb/players/brian-branch-1.html,7,Brian Branch,DB,3.0,Alabama,2026-04-02T09:42:59.361Z,58,season_totals,14.0
18,,SR,74,Big Ten,2023,currentPlayer,2022,2,1,1,0,13,0,114,4,https://www.sports-reference.com/cfb/players/jiayir-brown-1.html,3,Ji'ayir Brown,S,4.5,Penn State,2026-04-02T09:43:04.454Z,56,season_totals,7.0
19,,SR,60,Big Ten,2023,currentPlayer,2022,1,1,1,53,12,1,86,6,https://www.sports-reference.com/cfb/players/sydney-brown-1.html,7,Sydney Brown,DB,1.0,Illinois,2026-04-02T09:43:09.421Z,41,season_totals,3.5
29,,SR,67,ACC,2023,currentPlayer,2022,0,0,0,0,11,0,0,0,https://www.sports-reference.com/cfb/players/chamarri-conner-1.html,2,Chamarri Conner,DB,0.0,Virginia Tech,2026-04-02T09:43:14.390Z,38,season_totals,2.0
20,AA,JR,46,SEC,2023,currentPlayer,2022,0,0,0,0,12,3,174,6,https://www.sports-reference.com/cfb/players/emmanuel-forbes-1.html,10,Emmanuel Forbes,CB,0.0,Mississippi State,2026-04-02T09:43:19.425Z,26,season_totals,1.0
15,,SO,50,Pac-12,2023,currentPlayer,2022,0,0,0,0,12,0,118,4,https://www.sports-reference.com/cfb/players/christian-gonzalez-2.html,7,Christian Gonzalez,CB/DB,0.0,Oregon,2026-04-02T09:43:29.448Z,35,season_totals,1.0
41,,SR,108,SEC,2023,currentPlayer,2022,1,1,0,0,13,0,0,1,https://www.sports-reference.com/cfb/players/demarcco-hellams-1.html,7,Demarcco Hellams,DB,1.0,Alabama,2026-04-02T09:43:34.443Z,67,season_totals,3.0
18,,SR,58,Big Ten,2023,currentPlayer,2022,0,0,0,0,13,0,0,2,https://www.sports-reference.com/cfb/players/jordan-howden-1.html,5,Jordan Howden,DB,0.0,Minnesota,2026-04-02T09:43:39.414Z,40,season_totals,3.5
8,AA,SO,24,Pac-12,2023,currentPlayer,2022,0,0,0,0,12,2,142,6,https://www.sports-reference.com/cfb/players/clark-phillips-iii-1.html,6,Clark Phillips III,CB,1.0,Utah,2026-04-02T09:43:44.438Z,16,season_totals,2.0
36,,JR,71,SEC,2023,currentPlayer,2022,3,0,0,0,9,0,0,0,https://www.sports-reference.com/cfb/players/antonio-johnson-6.html,1,Antonio Johnson,DB,1.0,Texas A&M,2026-04-02T09:44:14.410Z,35,season_totals,5.0
3,,SR,13,Sun Belt,2023,currentPlayer,2022,0,0,0,0,12,0,0,0,https://www.sports-reference.com/cfb/players/jaylon-jones-2.html,8,Jaylon Jones,S/CB/DB,0.0,Georgia State,2026-04-02T09:44:24.407Z,10,season_totals,0.0
7,,SR,23,MAC,2023,currentPlayer,2022,0,0,0,0,11,0,12,2,https://www.sports-reference.com/cfb/players/nic-jones-1.html,12,Nic Jones,CB/DB,0.0,Ball State,2026-04-02T09:44:29.408Z,16,season_totals,0.0
13,,SR,42,Sun Belt,2023,currentPlayer,2022,0,0,0,0,13,0,21,1,https://www.sports-reference.com/cfb/players/darrell-luter-jr-1.html,7,Darrell Luter Jr.,CB,0.0,South Alabama,2026-04-02T09:44:34.431Z,29,season_totals,0.5
6,,JR,27,Big Ten,2023,currentPlayer,2022,0,1,0,0,10,0,0,0,https://www.sports-reference.com/cfb/players/joey-porter-jr-1.html,11,Joey Porter Jr.,CB,0.0,Penn State,2026-04-02T09:44:39.469Z,21,season_totals,0.0
14,,JR,52,Big Ten,2023,currentPlayer,2022,1,1,0,0,11,0,33,1,https://www.sports-reference.com/cfb/players/cameron-mitchell-2.html,9,Cameron Mitchell,DB,1.0,Northwestern,2026-04-02T09:44:49.524Z,38,season_totals,2.5
16,,SR,47,Big Ten,2023,currentPlayer,2022,2,0,0,0,13,0,0,1,https://www.sports-reference.com/cfb/players/riley-moss-1.html,11,Riley Moss,DB,0.0,Iowa,2026-04-02T09:44:54.458Z,31,season_totals,1.0
20,,SR,74,American,2023,currentPlayer,2022,2,1,0,0,12,0,24,1,https://www.sports-reference.com/cfb/players/gervarrius-owens-1.html,8,Gervarrius Owens,S/DB,0.0,Houston,2026-04-02T09:44:59.472Z,54,season_totals,1.0
5,,SO,42,SEC,2023,currentPlayer,2022,1,0,0,0,15,0,45,2,https://www.sports-reference.com/cfb/players/kelee-ringo-1.html,7,Kelee Ringo,DB,0.0,Georgia,2026-04-02T09:45:04.453Z,37,season_totals,2.0
53,,JR,99,ACC,2023,currentPlayer,2022,0,1,0,0,13,0,0,1,https://www.sports-reference.com/cfb/players/jammie-robinson-1.html,5,Jammie Robinson,DB,1.0,Florida State,2026-04-02T09:45:09.531Z,46,season_totals,5.0
10,,SR,38,SEC,2023,currentPlayer,2022,1,0,0,0,10,0,59,2,https://www.sports-reference.com/cfb/players/darius-rush-1.html,7,Darius Rush,DB,0.0,South Carolina,2026-04-02T09:45:14.432Z,28,season_totals,2.0
28,,SR,85,Pac-12,2023,currentPlayer,2022,2,0,0,0,12,0,59,3,https://www.sports-reference.com/cfb/players/daniel-scott-1.html,4,Daniel Scott,S,0.0,California,2026-04-02T09:45:19.451Z,57,season_totals,2.5
29,,SR,65,MWC,2023,currentPlayer,2022,0,0,0,0,12,0,30,4,https://www.sports-reference.com/cfb/players/jl-skinner-1.html,5,JL Skinner,S,0.0,Boise State,2026-04-02T09:45:24.428Z,36,season_totals,0.5
4,,JR,27,SEC,2023,currentPlayer,2022,0,0,0,0,11,0,0,1,https://www.sports-reference.com/cfb/players/cam-smith-3.html,5,Cam Smith,DB,0.0,South Carolina,2026-04-02T09:45:45.385Z,23,season_totals,1.0
16,AA,SR,61,SEC,2023,currentPlayer,2022,1,1,0,0,15,0,29,3,https://www.sports-reference.com/cfb/players/christopher-smith-1.html,5,Christopher Smith,DB,1.0,Georgia,2026-04-02T09:45:50.382Z,45,season_totals,5.0
7,,JR,25,ACC,2023,currentPlayer,2022,0,0,0,0,11,0,0,2,https://www.sports-reference.com/cfb/players/tyrique-stevenson-1.html,7,Tyrique Stevenson,DB/CB,0.0,Miami (FL),2026-04-02T09:45:55.367Z,18,season_totals,1.5
6,,SR,34,Big Ten,2023,currentPlayer,2022,0,0,0,0,13,1,8,2,https://www.sports-reference.com/cfb/players/cory-trice-1.html,10,Cory Trice,DB/S/CB,0.0,Purdue,2026-04-02T09:46:00.328Z,28,season_totals,2.0
9,,SR,36,Big Ten,2023,currentPlayer,2022,0,1,1,45,14,0,0,1,https://www.sports-reference.com/cfb/players/dj-turner-3.html,10,DJ Turner,DB,0.0,Michigan,2026-04-02T09:46:15.411Z,27,season_totals,1.0
14,,JR,48,SEC,2023,currentPlayer,2022,0,1,0,21,12,0,0,1,https://www.sports-reference.com/cfb/players/carrington-valentine-1.html,10,Carrington Valentine,DB,1.0,Kentucky,2026-04-02T09:46:20.449Z,34,season_totals,1.5
16,,SR,59,SEC,2023,currentPlayer,2022,0,1,1,23,13,0,18,1,https://www.sports-reference.com/cfb/players/jay-ward-2.html,4,Jay Ward,CB/S/DB,0.0,LSU,2026-04-02T09:46:30.389Z,43,season_totals,2.5
11,,SO,35,ACC,2023,currentPlayer,2022,0,1,0,5,7,0,5,2,https://www.sports-reference.com/cfb/players/garrett-williams-2.html,3,Garrett Williams,DB,1.0,Syracuse,2026-04-02T09:46:40.365Z,24,season_totals,1.5
9,AA,JR,41,Big Ten,2023,currentPlayer,2022,0,0,0,0,12,0,97,3,https://www.sports-reference.com/cfb/players/devon-witherspoon-1.html,14,Devon Witherspoon,DB,0.0,Illinois,2026-04-02T09:46:45.394Z,32,season_totals,2.5
13,,SR,51,SEC,2024,currentPlayer,2023,1,0,0,0,13,0,9,4,https://www.sports-reference.com/cfb/players/kris-abrams-draine-1.html,13,Kris Abrams-Draine,WR/DB,0.0,Missouri,2026-04-02T09:46:50.440Z,38,season_totals,2.5
33,,SR,61,SEC,2024,currentPlayer,2023,1,0,0,0,13,0,19,3,https://www.sports-reference.com/cfb/players/daijahn-anthony-1.html,8,Daijahn Anthony,CB/S,0.0,Ole Miss,2026-04-02T09:46:55.411Z,28,season_totals,2.5
23,,SO,63,SEC,2024,currentPlayer,2023,1,0,0,0,14,0,69,5,https://www.sports-reference.com/cfb/players/terrion-arnold-1.html,12,Terrion Arnold,DB,1.0,Alabama,2026-04-02T09:47:00.440Z,40,season_totals,6.5
25,,JR,60,Pac-12,2024,currentPlayer,2023,1,2,0,0,11,0,10,2,https://www.sports-reference.com/cfb/players/cole-bishop-1.html,4,Cole Bishop,S,3.0,Utah,2026-04-02T09:47:05.359Z,35,season_totals,6.5
14,,JR,30,ACC,2024,currentPlayer,2023,0,1,0,0,11,0,18,1,https://www.sports-reference.com/cfb/players/jarvis-brownlee-1.html,6,Jarvis Brownlee,DB/CB,0.0,Louisville,2026-04-02T09:47:10.445Z,16,season_totals,1.0
17,,JR,56,SEC,2024,currentPlayer,2023,0,0,0,0,12,0,0,2,https://www.sports-reference.com/cfb/players/javon-bullard-1.html,5,Javon Bullard,DB,0.0,Georgia,2026-04-02T09:47:15.373Z,39,season_totals,1.0
21,,JR,63,Pac-12,2024,currentPlayer,2023,0,0,0,0,12,1,41,2,https://www.sports-reference.com/cfb/players/calen-bullock-1.html,7,Calen Bullock,S/DB,0.0,USC,2026-04-02T09:47:20.379Z,42,season_totals,0.0
26,,SR,64,SEC,2024,currentPlayer,2023,1,1,0,0,12,0,0,2,https://www.sports-reference.com/cfb/players/jaylon-carlies-1.html,5,Jaylon Carlies,DB,2.0,Missouri,2026-04-02T09:47:25.373Z,38,season_totals,4.5
13,,JR,42,ACC,2024,currentPlayer,2023,1,1,0,0,11,0,0,0,https://www.sports-reference.com/cfb/players/caelen-carson-1.html,8,Caelen Carson,DB,0.0,Wake Forest,2026-04-02T09:47:30.543Z,29,season_totals,1.0
15,AA,JR,41,Big Ten,2024,currentPlayer,2023,0,0,0,0,10,0,41,2,https://www.sports-reference.com/cfb/players/cooper-dejean-1.html,5,Cooper DeJean,DB,0.0,Iowa,2026-04-02T09:47:35.405Z,26,season_totals,2.0
11,,SR,36,SEC,2024,currentPlayer,2023,0,0,0,0,12,0,0,0,https://www.sports-reference.com/cfb/players/marcellas-dial-1.html,10,Marcellas Dial,DB,1.0,South Carolina,2026-04-02T09:47:40.356Z,25,season_totals,2.0
11,,SR,43,ACC,2024,currentPlayer,2023,0,0,0,0,13,0,0,1,https://www.sports-reference.com/cfb/players/renardo-green-1.html,13,Renardo Green,DB,0.5,Florida State,2026-04-02T09:47:45.380Z,32,season_totals,2.5
6,,SR,19,SEC,2024,currentPlayer,2023,0,0,0,0,7,1,33,3,https://www.sports-reference.com/cfb/players/kamal-hadden-1.html,8,Kamal Hadden,DB,0.0,Tennessee,2026-04-02T09:47:50.364Z,13,season_totals,0.0
6,,SR,21,Ind,2024,currentPlayer,2023,3,1,0,0,12,0,0,0,https://www.sports-reference.com/cfb/players/cam-hart-1.html,4,Cam Hart,CB,0.0,Notre Dame,2026-04-02T09:47:55.365Z,15,season_totals,3.0
30,,SO,79,Pac-12,2024,currentPlayer,2023,1,0,0,0,12,1,37,2,https://www.sports-reference.com/cfb/players/jaden-hicks-1.html,4,Jaden Hicks,DB,2.5,Washington State,2026-04-02T09:48:00.420Z,49,season_totals,6.0
7,,SR,25,ACC,2024,currentPlayer,2023,1,0,0,0,9,0,11,5,https://www.sports-reference.com/cfb/players/elijah-jones-3.html,8,Elijah Jones,DB/CB,0.0,Boston College,2026-04-02T09:48:15.413Z,18,season_totals,0.0
9,,SR,25,ACC,2024,currentPlayer,2023,1,1,0,3,12,1,32,3,https://www.sports-reference.com/cfb/players/jarrian-jones-1.html,3,Jarrian Jones,CB/DB,1.0,Florida State,2026-04-02T09:48:20.365Z,16,season_totals,5.0
11,,SR,35,SEC,2024,currentPlayer,2023,1,0,0,0,9,0,0,0,https://www.sports-reference.com/cfb/players/ennis-rakestraw-jr-1.html,4,Ennis Rakestraw Jr.,DB,0.0,Missouri,2026-04-02T09:48:25.422Z,24,season_totals,1.5
19,,JR,59,ACC,2024,currentPlayer,2023,0,1,0,0,10,1,57,5,https://www.sports-reference.com/cfb/players/kamren-kinchens-1.html,5,Kamren Kinchens,S/DB,1.0,Miami (FL),2026-04-02T09:48:30.421Z,40,season_totals,2.5
16,,JR,37,SEC,2024,currentPlayer,2023,0,0,0,0,14,0,0,0,https://www.sports-reference.com/cfb/players/kamari-lassiter-1.html,8,Kamari Lassiter,DB,0.5,Georgia,2026-04-02T09:48:35.483Z,21,season_totals,3.5
8,,JR,32,SEC,2024,currentPlayer,2023,0,0,0,0,14,0,0,0,https://www.sports-reference.com/cfb/players/kool-aid-mckinstry-1.html,7,Kool-Aid McKinstry,DB,0.0,Alabama,2026-04-02T09:48:40.415Z,24,season_totals,2.0
11,,JR,32,Big Ten,2024,currentPlayer,2023,1,1,0,0,12,0,5,3,https://www.sports-reference.com/cfb/players/max-melton-1.html,6,Max Melton,DB,1.0,Rutgers,2026-04-02T09:48:45.422Z,21,season_totals,4.0
9,,JR,41,MAC,2024,currentPlayer,2023,0,0,0,0,13,0,3,1,https://www.sports-reference.com/cfb/players/quinyon-mitchell-1.html,18,Quinyon Mitchell,CB,0.0,Toledo,2026-04-02T09:48:50.418Z,32,season_totals,2.0
35,,JR,80,ACC,2024,currentPlayer,2023,1,0,0,0,12,0,50,1,https://www.sports-reference.com/cfb/players/malik-mustapha-1.html,2,Malik Mustapha,DB,0.5,Wake Forest,2026-04-02T09:48:55.434Z,45,season_totals,5.0
7,,SR,33,Big 12,2024,currentPlayer,2023,0,0,0,0,12,0,53,1,https://www.sports-reference.com/cfb/players/josh-newton-1.html,9,Josh Newton,CB,0.0,Texas Christian,2026-04-02T09:49:00.449Z,26,season_totals,0.0
19,,SR,53,Big Ten,2024,currentPlayer,2023,1,1,0,0,12,0,66,5,https://www.sports-reference.com/cfb/players/tyler-nubin-1.html,4,Tyler Nubin,DB,1.0,Minnesota,2026-04-02T09:49:05.403Z,34,season_totals,1.0
14,,JR,47,SEC,2024,currentPlayer,2023,0,0,0,0,12,0,0,0,https://www.sports-reference.com/cfb/players/andru-phillips-1.html,5,Andru Phillips,DB,0.0,Kentucky,2026-04-02T09:49:10.479Z,33,season_totals,1.5
12,,SR,36,SEC,2024,currentPlayer,2023,1,0,0,0,13,0,44,1,https://www.sports-reference.com/cfb/players/deantre-prince-1.html,5,Deantre Prince,DB/CB,1.0,Ole Miss,2026-04-02T09:49:15.481Z,24,season_totals,5.0
4,,SR,22,SEC,2024,currentPlayer,2023,0,0,0,0,9,0,33,1,https://www.sports-reference.com/cfb/players/nehemiah-pritchett-1.html,3,Nehemiah Pritchett,DB/CB,0.0,Auburn,2026-04-02T09:49:20.486Z,18,season_totals,1.0
36,,SR,79,SEC,2024,currentPlayer,2023,0,0,0,0,12,0,0,0,https://www.sports-reference.com/cfb/players/decamerion-richardson-1.html,7,Decamerion Richardson,CB,1.0,Mississippi State,2026-04-02T09:49:25.457Z,43,season_totals,1.0
18,,SR,44,Big Ten,2024,currentPlayer,2023,2,0,0,0,15,2,232,6,https://www.sports-reference.com/cfb/players/mike-sainristil-1.html,6,Mike Sainristil,WR/CB/DB,1.0,Michigan,2026-04-02T09:49:30.463Z,26,season_totals,4.0
8,,SR,36,SEC,2024,currentPlayer,2023,0,1,0,13,13,1,87,4,https://www.sports-reference.com/cfb/players/jaylin-simpson-1.html,3,Jaylin Simpson,DB/CB,0.0,Auburn,2026-04-02T09:49:35.473Z,28,season_totals,1.5
24,,SR,70,SEC,2024,currentPlayer,2023,0,0,0,0,14,0,20,4,https://www.sports-reference.com/cfb/players/tykee-smith-1.html,2,Tykee Smith,S/DB,2.0,Georgia,2026-04-02T09:49:40.586Z,46,season_totals,8.5
13,,JR,35,Pac-12,2024,currentPlayer,2023,0,0,0,0,7,0,0,0,https://www.sports-reference.com/cfb/players/chau-smith-wade-1.html,6,Chau Smith-Wade,DB,0.0,Washington State,2026-04-02T09:49:45.404Z,22,season_totals,2.0
14,,SR,45,Big Ten,2024,currentPlayer,2023,0,0,0,0,10,0,29,5,https://www.sports-reference.com/cfb/players/tarheeb-still-1.html,2,Tarheeb Still,DB,0.0,Maryland,2026-04-02T09:49:50.414Z,31,season_totals,2.0
20,,SR,73,Big 12,2024,currentPlayer,2023,0,0,0,0,13,0,23,4,https://www.sports-reference.com/cfb/players/dadrion-taylor-demerson-1.html,8,Dadrion Taylor-Demerson,DB,1.0,Texas Tech,2026-04-02T09:49:55.451Z,53,season_totals,1.5
14,,SO,51,Pac-12,2024,currentPlayer,2023,0,0,0,0,12,0,2,1,https://www.sports-reference.com/cfb/players/sione-vaki-1.html,2,Sione Vaki,S,2.0,Utah,2026-04-02T09:50:00.404Z,37,season_totals,8.5
6,,JR,29,ACC,2024,currentPlayer,2023,2,0,0,0,10,1,52,2,https://www.sports-reference.com/cfb/players/nate-wiggins-1.html,6,Nate Wiggins,CB,1.0,Clemson,2026-04-02T09:50:05.453Z,23,season_totals,1.0
33,,SR,82,Pac-12,2024,currentPlayer,2023,1,2,0,0,13,0,0,0,https://www.sports-reference.com/cfb/players/evan-williams-3.html,2,Evan Williams,DB,4.5,Oregon,2026-04-02T09:50:23.422Z,49,season_totals,5.0
25,,JR,73,ACC,2024,currentPlayer,2023,2,1,0,0,12,0,44,1,https://www.sports-reference.com/cfb/players/james-williams-16.html,5,James Williams,S/DB,0.0,Miami (FL),2026-04-02T09:51:49.343Z,48,season_totals,0.5
11,,SR,50,SEC,2025,currentPlayer,2024,1,0,0,0,13,0,-1,3,https://www.sports-reference.com/cfb/players/trey-amos-1.html,13,Trey Amos,CB/DB,0.0,Ole Miss,2026-04-02T09:51:54.426Z,39,season_totals,3.5
21,AA,SR,67,SEC,2025,currentPlayer,2024,0,1,0,2,16,0,82,5,https://www.sports-reference.com/cfb/players/jahdae-barron-1.html,11,Jahdae Barron,DB,1.0,Texas,2026-04-02T09:51:59.320Z,46,season_totals,2.5
11,,SR,48,Big Ten,2025,currentPlayer,2024,0,0,0,0,16,0,31,2,https://www.sports-reference.com/cfb/players/denzel-burke-1.html,2,Denzel Burke,CB/DB,0.0,Ohio State,2026-04-02T09:52:04.364Z,37,season_totals,3.0
31,,JR,88,SEC,2025,currentPlayer,2024,0,0,0,0,13,2,107,4,https://www.sports-reference.com/cfb/players/nick-emmanwori-1.html,2,Nick Emmanwori,DB,0.0,South Carolina,2026-04-02T09:52:09.375Z,57,season_totals,3.0
4,,JR,19,SEC,2025,currentPlayer,2024,2,0,0,0,7,1,25,1,https://www.sports-reference.com/cfb/players/maxwell-hairston-1.html,4,Maxwell Hairston,DB,1.0,Kentucky,2026-04-02T09:52:14.371Z,15,season_totals,1.0
19,,SR,48,Big Ten,2025,currentPlayer,2024,2,0,0,0,16,0,0,1,https://www.sports-reference.com/cfb/players/jordan-hancock-1.html,8,Jordan Hancock,CB/DB,0.5,Ohio State,2026-04-02T09:52:19.312Z,29,season_totals,1.5
11,"H-1,Bednarik,AA,Camp",JR,36,Big 12,2025,currentPlayer,2024,1,0,0,0,13,0,65,4,https://www.sports-reference.com/cfb/players/travis-hunter-2.html,11,Travis Hunter,CB,0.0,Colorado,2026-04-02T09:52:29.294Z,25,season_totals,1.0
2,,JR,14,Big Ten,2025,currentPlayer,2024,0,0,0,0,6,2,128,2,https://www.sports-reference.com/cfb/players/will-johnson-10.html,3,Will Johnson,DB,0.0,Michigan,2026-04-02T09:53:36.181Z,12,season_totals,1.0
7,,SR,20,SEC,2025,currentPlayer,2024,1,0,0,0,7,0,0,0,https://www.sports-reference.com/cfb/players/jason-marshall-jr-1.html,4,Jason Marshall Jr.,CB/DB,0.0,Florida,2026-04-02T09:53:48.855Z,13,season_totals,1.5
31,,SR,75,ACC,2025,currentPlayer,2024,0,0,0,0,13,0,6,2,https://www.sports-reference.com/cfb/players/rj-mickens-1.html,7,R.J. Mickens,S,0.0,Clemson,2026-04-02T09:54:17.041Z,44,season_totals,6.0
30,,SR,70,SEC,2025,currentPlayer,2024,2,1,0,0,12,0,72,2,https://www.sports-reference.com/cfb/players/malachi-moore-2.html,8,Malachi Moore,DB,1.0,Alabama,2026-04-02T09:54:27.159Z,40,season_totals,3.0
6,,JR,20,Ind,2025,currentPlayer,2024,0,0,0,0,6,0,0,0,https://www.sports-reference.com/cfb/players/benjamin-morrison-1.html,4,Benjamin  Morrison,CB,0.0,Notre Dame,2026-04-02T09:54:32.104Z,14,season_totals,0.0
28,,SR,69,SEC,2025,currentPlayer,2024,1,0,0,0,15,0,12,5,https://www.sports-reference.com/cfb/players/andrew-mukuba-1.html,7,Andrew Mukuba,S/DB,0.0,Texas,2026-04-02T09:54:37.134Z,41,season_totals,4.0
10,,JR,50,Big 12,2025,currentPlayer,2024,0,0,0,0,12,0,0,1,https://www.sports-reference.com/cfb/players/jacob-parrish-1.html,7,Jacob Parrish,CB,0.0,Kansas State,2026-04-02T09:54:42.137Z,40,season_totals,2.5
6,,SR,18,Big 12,2025,currentPlayer,2024,0,0,0,0,12,0,5,3,https://www.sports-reference.com/cfb/players/darien-porter-1.html,2,Darien Porter,WR/DB,0.0,Iowa State,2026-04-02T09:54:47.444Z,12,season_totals,2.0
30,,SR,76,Big Ten,2025,currentPlayer,2024,3,1,1,27,15,0,24,1,https://www.sports-reference.com/cfb/players/lathan-ransom-1.html,2,Lathan Ransom,S/DB,1.0,Ohio State,2026-04-02T09:54:52.222Z,46,season_totals,9.0
47,,SR,98,Big Ten,2025,currentPlayer,2024,1,1,0,0,16,1,50,3,https://www.sports-reference.com/cfb/players/jaylen-reed-1.html,3,Jaylen Reed,S,2.5,Penn State,2026-04-02T09:54:57.134Z,51,season_totals,6.5
12,,SR,33,ACC,2025,currentPlayer,2024,1,0,0,0,10,0,-3,2,https://www.sports-reference.com/cfb/players/quincy-riley-2.html,13,Quincy Riley,CB,0.0,Louisville,2026-04-02T09:55:07.099Z,21,season_totals,3.0
33,,SR,98,ACC,2025,currentPlayer,2024,0,2,1,40,12,0,45,1,https://www.sports-reference.com/cfb/players/jonas-sanker-1.html,4,Jonas Sanker,DB/S,2.0,Virginia,2026-04-02T09:55:12.096Z,65,season_totals,8.5
19,,SR,59,Big Ten,2025,currentPlayer,2024,0,0,0,0,10,0,0,2,https://www.sports-reference.com/cfb/players/jaylin-smith-1.html,2,Jaylin Smith,S/DB/CB,0.0,USC,2026-04-02T09:55:17.132Z,40,season_totals,4.0
25,,JR,77,SEC,2025,currentPlayer,2024,0,0,0,0,14,0,0,1,https://www.sports-reference.com/cfb/players/malaki-starks-1.html,3,Malaki Starks,DB,0.0,Georgia,2026-04-02T09:55:22.215Z,52,season_totals,4.0
23,,JR,52,CUSA,2025,currentPlayer,2024,0,0,0,0,12,0,24,1,https://www.sports-reference.com/cfb/players/upton-stout-1.html,1,Upton Stout,DB,1.0,Western Kentucky,2026-04-02T09:55:27.188Z,29,season_totals,7.5
12,,SR,32,ACC,2025,currentPlayer,2024,1,1,0,12,12,0,-7,2,https://www.sports-reference.com/cfb/players/dorian-strong-1.html,6,Dorian Strong,DB/CB,0.0,Virginia Tech,2026-04-02T09:55:32.140Z,20,season_totals,0.0
17,,JR,52,ACC,2025,currentPlayer,2024,0,0,0,0,12,0,0,1,https://www.sports-reference.com/cfb/players/azareyeh-thomas-1.html,4,Azareye'h Thomas,DB,0.0,Florida State,2026-04-02T09:55:37.143Z,35,season_totals,1.5
30,AA,SR,82,Ind,2025,currentPlayer,2024,1,1,0,0,16,1,136,6,https://www.sports-reference.com/cfb/players/xavier-watts-1.html,10,Xavier Watts,WR/LB/S,0.0,Notre Dame,2026-04-02T09:55:42.120Z,52,season_totals,3.5
19,AA,SR,52,ACC,2025,currentPlayer,2024,1,0,0,0,13,1,54,7,https://www.sports-reference.com/cfb/players/nohl-williams-1.html,9,Nohl Williams,DB,0.0,California,2026-04-02T09:55:47.175Z,33,season_totals,1.0