Player,NFL_id,Pos,combine_year,college_name,forty_yard_sec,vertical_jump_in,bench_reps,broad_jump_in,three_cone_sec,shuttle_sec,height_in,weight_lb,college_games,college_interceptions,college_interception_yards,college_interception_tds,college_passes_defended,college_combined_tackles,college_solo_tackles,college_assisted_tackles,college_sacks,college_tfl,college_forced_fumbles,college_fumble_recoveries,college_fumble_recovery_yards,college_fumble_recovery_tds,NFL_production_value,forty_yard_sec_missing,forty_yard_sec_z,vertical_jump_in_missing,vertical_jump_in_z,bench_reps_missing,bench_reps_z,broad_jump_in_missing,broad_jump_in_z,three_cone_sec_missing,three_cone_sec_z,shuttle_sec_missing,shuttle_sec_z,height_in_missing,height_in_z,weight_lb_missing,weight_lb_z,college_games_missing,college_games_z,college_interceptions_missing,college_interceptions_z,college_interception_yards_missing,college_interception_yards_z,college_interception_tds_missing,college_interception_tds_z,college_passes_defended_missing,college_passes_defended_z,college_combined_tackles_missing,college_combined_tackles_z,college_solo_tackles_missing,college_solo_tackles_z,college_assisted_tackles_missing,college_assisted_tackles_z,college_sacks_missing,college_sacks_z,college_tfl_missing,college_tfl_z,college_forced_fumbles_missing,college_forced_fumbles_z,college_fumble_recoveries_missing,college_fumble_recoveries_z,college_fumble_recovery_yards_missing,college_fumble_recovery_yards_z,college_fumble_recovery_tds_missing,college_fumble_recovery_tds_z,dataset_split
Deltha O'Neal,2146,CB,2000,College Stats,4.6,36.0,16.0,122.0,6.94,4.17,71.0,193.0,11,9.0,280.0,4,4.0,53.5,37.0,16.0,0.0,2.5,1.0,0.0,0.0,0.0,940.4,0,1.2477399055694416,1,-0.09300026703346613,1,0.020260898304570486,1,-0.0913142707684144,1,0.018646627838695376,1,0.05217386231499889,0,-0.45492032512163055,0,-0.5069215889021599,0,-0.49211191676975147,0,3.485526772263165,0,5.646682975021216,0,6.736962262737254,1,-0.05731028276090452,1,-0.10540444557242859,1,-0.05157958710740222,1,-0.19188271958148292,1,-0.4775441224635003,1,-0.1819713314890877,1,0.15004169174687998,1,-0.38749394545440313,1,-0.2302215311947184,1,-0.2580612937396559,test
Ahmed Plummer,2155,CB,2000,Ohio State,4.43,36.0,16.0,122.0,6.94,4.17,71.0,191.0,12,5.0,64.0,0,4.0,53.5,37.0,16.0,0.0,2.5,1.0,0.0,0.0,0.0,816.3,0,-0.687668953762707,1,-0.09300026703346613,1,0.020260898304570486,1,-0.0913142707684144,1,0.018646627838695376,1,0.05217386231499889,0,-0.45492032512163055,0,-0.6830631157318814,0,0.04158692254392306,0,1.3384422805490555,0,0.686394003592116,0,-0.4728514166340949,1,-0.05731028276090452,1,-0.10540444557242859,1,-0.05157958710740222,1,-0.19188271958148292,1,-0.4775441224635003,1,-0.1819713314890877,1,0.15004169174687998,1,-0.38749394545440313,1,-0.2302215311947184,1,-0.2580612937396559,train
Mark Roman,2165,CB,2000,LSU,4.55,36.0,16.0,122.0,6.94,4.17,71.0,188.0,6,2.0,83.0,1,4.0,53.5,37.0,16.0,0.0,2.5,1.0,0.0,0.0,0.0,805.05,0,0.6785020057658702,1,-0.09300026703346613,1,0.020260898304570486,1,-0.0913142707684144,1,0.018646627838695376,1,0.05217386231499889,0,-0.45492032512163055,0,-0.9472754059764636,0,-3.160606113338124,0,-0.27187108823652695,0,1.1227157186715275,0,1.3296020032087423,1,-0.05731028276090452,1,-0.10540444557242859,1,-0.05157958710740222,1,-0.19188271958148292,1,-0.4775441224635003,1,-0.1819713314890877,1,0.15004169174687998,1,-0.38749394545440313,1,-0.2302215311947184,1,-0.2580612937396559,train
Mike Brown,2170,S,2000,Nebraska,4.59,36.0,14.0,116.0,6.93,4.01,70.0,204.0,12,5.0,40.0,0,4.0,53.5,37.0,16.0,0.0,2.5,1.0,0.0,0.0,0.0,1043.1,0,1.1338923256087292,0,-0.09300026703346613,0,-0.5271388102750575,0,-1.2471277802206653,0,-0.04782514732703388,0,-1.4288906163045525,0,-1.0860710464615502,0,0.4618568086613085,0,0.04158692254392306,0,1.3384422805490555,0,0.13525078454443823,0,-0.4728514166340949,1,-0.05731028276090452,1,-0.10540444557242859,1,-0.05157958710740222,1,-0.19188271958148292,1,-0.4775441224635003,1,-0.1819713314890877,1,0.15004169174687998,1,-0.38749394545440313,1,-0.2302215311947184,1,-0.2580612937396559,train
Rogers Beckett,2174,S,2000,Marshall,4.62,39.5,15.0,119.0,6.48,4.29,73.0,207.0,12,4.0,20.0,1,4.0,53.5,37.0,16.0,0.0,2.5,1.0,0.0,0.0,0.0,554.8,0,1.475435065490876,0,1.3190319563760464,0,-0.2534389559852435,0,-0.6692210254945399,0,-3.0390550297846435,0,1.1629722212796625,0,0.8073811175582088,0,0.7260690989058909,0,0.04158692254392306,0,0.801671157620528,0,-0.32403523132862655,0,1.3296020032087423,1,-0.05731028276090452,1,-0.10540444557242859,1,-0.05157958710740222,1,-0.19188271958148292,1,-0.4775441224635003,1,-0.1819713314890877,1,0.15004169174687998,1,-0.38749394545440313,1,-0.2302215311947184,1,-0.2580612937396559,train
Kenoy Kennedy,2176,S,2000,College Stats,4.71,33.5,8.0,113.0,7.08,4.38,73.0,221.0,11,3.0,97.0,0,4.0,53.5,37.0,16.0,0.0,2.5,1.0,0.0,0.0,0.0,809.8999999999999,0,2.5000632851373066,0,-1.101594712325975,0,-2.1693379360139415,0,-1.825034534946791,0,0.94925148015884,0,1.9960709905031582,0,0.8073811175582088,0,1.9590597867139414,0,-0.49211191676975147,0,0.2649000346920005,0,1.4442159297826729,0,-0.4728514166340949,1,-0.05731028276090452,1,-0.10540444557242859,1,-0.05157958710740222,1,-0.19188271958148292,1,-0.4775441224635003,1,-0.1819713314890877,1,0.15004169174687998,1,-0.38749394545440313,1,-0.2302215311947184,1,-0.2580612937396559,train
Jason Webster,2179,CB,2000,Texas A&M,4.42,35.5,17.0,122.0,6.76,3.98,69.0,180.0,11,4.0,14.0,0,4.0,53.5,37.0,16.0,0.0,2.5,1.0,0.0,0.0,0.0,763.7,0,-0.8015165337234192,0,-0.2947191560919679,0,0.2939607525943845,0,-0.0913142707684144,0,-1.1778453251443544,0,-1.7065902060457163,0,-1.7172217678014698,0,-1.65184151329535,0,-0.49211191676975147,0,0.801671157620528,0,-0.46182103609054603,0,-0.4728514166340949,1,-0.05731028276090452,1,-0.10540444557242859,1,-0.05157958710740222,1,-0.19188271958148292,1,-0.4775441224635003,1,-0.1819713314890877,1,0.15004169174687998,1,-0.38749394545440313,1,-0.2302215311947184,1,-0.2580612937396559,val
Dwayne Goodrich,2180,CB,2000,Tennessee,4.45,36.0,16.0,122.0,6.94,4.17,71.0,195.0,10,3.0,28.0,0,4.0,53.5,37.0,16.0,0.0,2.5,1.0,0.0,0.0,0.0,30.199999999999996,0,-0.4599737938412724,1,-0.09300026703346613,1,0.020260898304570486,1,-0.0913142707684144,1,0.018646627838695376,1,0.05217386231499889,0,-0.45492032512163055,0,-0.3307800620724383,0,-1.025810756083426,0,0.2649000346920005,0,-0.14032082497940065,0,-0.4728514166340949,1,-0.05731028276090452,1,-0.10540444557242859,1,-0.05157958710740222,1,-0.19188271958148292,1,-0.4775441224635003,1,-0.1819713314890877,1,0.15004169174687998,1,-0.38749394545440313,1,-0.2302215311947184,1,-0.2580612937396559,test
Ike Charlton,2183,CB,2000,College Stats,4.47,36.0,16.0,126.0,6.94,4.17,71.0,205.0,11,1.0,34.0,1,4.0,53.5,37.0,16.0,0.0,2.5,1.0,0.0,0.0,0.0,232.79999999999995,0,-0.23227863391984793,1,-0.09300026703346613,0,0.020260898304570486,0,0.6792280688664196,1,0.018646627838695376,1,0.05217386231499889,0,-0.45492032512163055,0,0.5499275720761693,0,-0.49211191676975147,0,-0.8086422111650544,0,-0.002535020217481204,0,1.3296020032087423,1,-0.05731028276090452,1,-0.10540444557242859,1,-0.05157958710740222,1,-0.19188271958148292,1,-0.4775441224635003,1,-0.1819713314890877,1,0.15004169174687998,1,-0.38749394545440313,1,-0.2302215311947184,1,-0.2580612937396559,train
William Bartee,2185,CB,2000,Oklahoma,4.43,38.5,16.0,124.0,6.7,3.99,73.0,192.0,11,1.0,0.0,0,4.0,53.5,37.0,16.0,0.0,2.5,1.0,0.0,0.0,0.0,458.75,0,-0.687668953762707,0,0.9155941782590429,1,0.020260898304570486,0,0.2939568990490026,0,-1.5766759761387004,0,-1.6140236761319924,0,0.8073811175582088,0,-0.5949923523170206,0,-0.49211191676975147,0,-0.8086422111650544,0,-0.7833212472016914,0,-0.4728514166340949,1,-0.05731028276090452,1,-0.10540444557242859,1,-0.05157958710740222,1,-0.19188271958148292,1,-0.4775441224635003,1,-0.1819713314890877,1,0.15004169174687998,1,-0.38749394545440313,1,-0.2302215311947184,1,-0.2580612937396559,test
Deon Grant,2188,S,2000,College Stats,4.5,36.0,15.0,122.0,6.94,4.17,74.0,209.0,11,9.0,167.0,1,4.0,53.5,37.0,16.0,0.0,2.5,1.0,0.0,0.0,0.0,1274.9499999999998,0,0.1092641059622989,1,-0.09300026703346613,0,-0.2534389559852435,1,-0.0913142707684144,1,0.018646627838695376,1,0.05217386231499889,0,1.4385318388981285,0,0.9022106257356124,0,-0.49211191676975147,0,3.485526772263165,0,3.0517169853384,0,1.3296020032087423,1,-0.05731028276090452,1,-0.10540444557242859,1,-0.05157958710740222,1,-0.19188271958148292,1,-0.4775441224635003,1,-0.1819713314890877,1,0.15004169174687998,1,-0.38749394545440313,1,-0.2302215311947184,1,-0.2580612937396559,train
Travares Tillman,2189,S,2000,Georgia Tech,4.6,37.5,15.0,123.0,6.95,4.29,73.0,194.0,9,1.0,9.0,0,4.0,53.5,37.0,16.0,0.0,2.5,1.0,0.0,0.0,0.0,302.79999999999995,0,1.2477399055694416,0,0.5121564001420393,0,-0.2534389559852435,0,0.10132131414029409,0,0.08511840300441872,0,1.1629722212796625,0,0.8073811175582088,0,-0.4188508254872991,0,-1.5595095953971005,0,-0.8086422111650544,0,-0.5766425400588122,0,-0.4728514166340949,1,-0.05731028276090452,1,-0.10540444557242859,1,-0.05157958710740222,1,-0.19188271958148292,1,-0.4775441224635003,1,-0.1819713314890877,1,0.15004169174687998,1,-0.38749394545440313,1,-0.2302215311947184,1,-0.2580612937396559,train
Jacoby Shepherd,2193,CB,2000,Oklahoma State,4.53,35.0,5.0,120.0,6.94,4.17,73.0,195.0,11,2.0,0.0,0,4.0,53.5,37.0,16.0,0.0,2.5,1.0,0.0,0.0,0.0,99.0,0,0.45080684584444575,0,-0.49643804515046974,0,-2.9904374988833835,0,-0.4765854405858314,1,0.018646627838695376,1,0.05217386231499889,0,0.8073811175582088,0,-0.3307800620724383,0,-0.49211191676975147,0,-0.27187108823652695,0,-0.7833212472016914,0,-0.4728514166340949,1,-0.05731028276090452,1,-0.10540444557242859,1,-0.05157958710740222,1,-0.19188271958148292,1,-0.4775441224635003,1,-0.1819713314890877,1,0.15004169174687998,1,-0.38749394545440313,1,-0.2302215311947184,1,-0.2580612937396559,test
Lloyd Harrison,2195,CB,2000,College Stats,4.5,37.5,16.0,119.0,7.12,4.25,70.0,190.0,12,5.0,0.0,0,4.0,53.5,37.0,16.0,0.0,2.5,1.0,0.0,0.0,0.0,49.99999999999999,0,0.1092641059622989,0,0.5121564001420393,0,0.020260898304570486,0,-0.6692210254945399,0,1.2151385808217392,0,0.7927061016247746,0,-1.0860710464615502,0,-0.7711338791467421,0,0.04158692254392306,0,1.3384422805490555,0,-0.7833212472016914,0,-0.4728514166340949,1,-0.05731028276090452,1,-0.10540444557242859,1,-0.05157958710740222,1,-0.19188271958148292,1,-0.4775441224635003,1,-0.1819713314890877,1,0.15004169174687998,1,-0.38749394545440313,1,-0.2302215311947184,1,-0.2580612937396559,train
Hank Poteat,2208,CB,2000,College Stats,4.57,37.0,16.0,126.0,6.66,4.0,70.0,197.0,11,3.0,56.0,0,4.0,53.5,37.0,16.0,0.0,2.5,1.0,0.0,0.0,0.0,320.09999999999997,0,0.9061971656873048,0,0.3104375110835375,0,0.020260898304570486,0,0.6792280688664196,0,-1.8425630768015997,0,-1.5214571462182724,0,-1.0860710464615502,0,-0.1546385352427168,0,-0.49211191676975147,0,0.2649000346920005,0,0.5026795972428901,0,-0.4728514166340949,1,-0.05731028276090452,1,-0.10540444557242859,1,-0.05157958710740222,1,-0.19188271958148292,1,-0.4775441224635003,1,-0.1819713314890877,1,0.15004169174687998,1,-0.38749394545440313,1,-0.2302215311947184,1,-0.2580612937396559,val
Ben Kelly,2215,CB,2000,College Stats,4.53,36.0,17.0,116.0,6.63,3.95,69.0,183.0,11,5.0,49.0,0,4.0,53.5,37.0,16.0,0.0,2.5,1.0,0.0,0.0,0.0,21.0,0,0.45080684584444575,0,-0.09300026703346613,0,0.2939607525943845,0,-1.2471277802206653,0,-2.041978402298776,0,-1.9842897957868801,0,-1.7172217678014698,0,-1.3876292230507674,0,-0.49211191676975147,0,1.3384422805490555,0,0.3419294916873174,0,-0.4728514166340949,1,-0.05731028276090452,1,-0.10540444557242859,1,-0.05157958710740222,1,-0.19188271958148292,1,-0.4775441224635003,1,-0.1819713314890877,1,0.15004169174687998,1,-0.38749394545440313,1,-0.2302215311947184,1,-0.2580612937396559,train
David Macklin,2222,CB,2000,Penn State,4.54,37.5,16.0,120.0,6.9,4.09,69.0,194.0,12,1.0,0.0,0,4.0,53.5,37.0,16.0,0.0,2.5,1.0,0.0,0.0,0.0,784.05,0,0.564654425805158,0,0.5121564001420393,1,0.020260898304570486,0,-0.4765854405858314,0,-0.24724047282420392,0,-0.6883583769947769,0,-1.7172217678014698,0,-0.4188508254872991,0,0.04158692254392306,0,-0.8086422111650544,0,-0.7833212472016914,0,-0.4728514166340949,1,-0.05731028276090452,1,-0.10540444557242859,1,-0.05157958710740222,1,-0.19188271958148292,1,-0.4775441224635003,1,-0.1819713314890877,1,0.15004169174687998,1,-0.38749394545440313,1,-0.2302215311947184,1,-0.2580612937396559,train
Lewis Sanders,2226,CB,2000,Maryland,4.5,37.0,10.0,116.0,6.94,4.17,72.0,202.0,11,6.0,37.0,0,4.0,53.5,37.0,16.0,0.0,2.5,1.0,0.0,0.0,0.0,413.5,0,0.1092641059622989,0,0.3104375110835375,0,-1.6219382274343135,0,-1.2471277802206653,1,0.018646627838695376,1,0.05217386231499889,0,0.17623039621828915,0,0.285715281831587,0,-0.49211191676975147,0,1.875213403477583,0,0.06635788216347852,0,-0.4728514166340949,1,-0.05731028276090452,1,-0.10540444557242859,1,-0.05157958710740222,1,-0.19188271958148292,1,-0.4775441224635003,1,-0.1819713314890877,1,0.15004169174687998,1,-0.38749394545440313,1,-0.2302215311947184,1,-0.2580612937396559,train
David Barrett,2233,CB,2000,Arkansas,4.44,37.5,16.0,116.0,6.81,4.04,70.0,199.0,11,3.0,45.0,1,4.0,53.5,37.0,16.0,0.0,2.5,1.0,0.0,0.0,0.0,875.8499999999999,0,-0.5738213738019847,0,0.5121564001420393,0,0.020260898304570486,0,-1.2471277802206653,0,-0.8454864493157318,0,-1.1511910265633847,0,-1.0860710464615502,0,0.021502991587004718,0,-0.49211191676975147,0,0.2649000346920005,0,0.25007228851270447,0,1.3296020032087423,1,-0.05731028276090452,1,-0.10540444557242859,1,-0.05157958710740222,1,-0.19188271958148292,1,-0.4775441224635003,1,-0.1819713314890877,1,0.15004169174687998,1,-0.38749394545440313,1,-0.2302215311947184,1,-0.2580612937396559,train
Tyrone Carter,2249,S,2000,College Stats,4.5,41.0,16.0,121.0,6.75,4.19,68.0,190.0,11,0.0,3.0,0,4.0,53.5,37.0,16.0,0.0,2.5,1.0,0.0,0.0,0.0,777.8499999999999,0,0.1092641059622989,0,1.924188623551552,0,0.020260898304570486,0,-0.2839498556771229,0,-1.2443171003100777,0,0.23730692214244692,0,-2.3483724891413895,0,-0.7711338791467421,0,-0.49211191676975147,0,-1.3454133340935819,0,-0.7144283448207317,0,-0.4728514166340949,1,-0.05731028276090452,1,-0.10540444557242859,1,-0.05157958710740222,1,-0.19188271958148292,1,-0.4775441224635003,1,-0.1819713314890877,1,0.15004169174687998,1,-0.38749394545440313,1,-0.2302215311947184,1,-0.2580612937396559,train
Bobby Myers,2255,S,2000,Wisconsin,4.56,37.5,16.0,123.0,7.04,4.1,73.0,183.0,11,4.0,54.0,0,4.0,53.5,37.0,16.0,0.0,2.5,1.0,0.0,0.0,0.0,44.2,0,0.7923495857265824,0,0.5121564001420393,1,0.020260898304570486,0,0.10132131414029409,0,0.6833643794959406,0,-0.5957918470810569,0,0.8073811175582088,0,-1.3876292230507674,0,-0.49211191676975147,0,0.801671157620528,0,0.4567509956555836,0,-0.4728514166340949,1,-0.05731028276090452,1,-0.10540444557242859,1,-0.05157958710740222,1,-0.19188271958148292,1,-0.4775441224635003,1,-0.1819713314890877,1,0.15004169174687998,1,-0.38749394545440313,1,-0.2302215311947184,1,-0.2580612937396559,val
Reggie Austin,2256,CB,2000,Wake Forest,4.44,35.0,17.0,119.0,7.03,4.14,69.0,175.0,11,2.0,1.0,0,4.0,53.5,37.0,16.0,0.0,2.5,1.0,0.0,0.0,0.0,88.0,0,-0.5738213738019847,0,-0.49643804515046974,0,0.2939607525943845,0,-0.6692210254945399,0,0.6168926043302173,0,-0.22552572742616905,0,-1.7172217678014698,0,-2.0921953303696537,0,-0.49211191676975147,0,-0.27187108823652695,0,-0.7603569464080382,0,-0.4728514166340949,1,-0.05731028276090452,1,-0.10540444557242859,1,-0.05157958710740222,1,-0.19188271958148292,1,-0.4775441224635003,1,-0.1819713314890877,1,0.15004169174687998,1,-0.38749394545440313,1,-0.2302215311947184,1,-0.2580612937396559,train
Anthony Malbrough,2261,CB,2000,College Stats,4.44,35.5,20.0,117.0,6.73,4.0,69.0,184.0,11,1.0,3.0,0,4.0,53.5,37.0,16.0,0.0,2.5,1.0,0.0,0.0,0.0,35.8,0,-0.5738213738019847,0,-0.2947191560919679,0,1.1150603154638266,0,-1.0544921953119568,0,-1.3772606506415246,0,-1.5214571462182724,0,-1.7172217678014698,0,-1.2995584596359067,0,-0.49211191676975147,0,-0.8086422111650544,0,-0.7144283448207317,0,-0.4728514166340949,1,-0.05731028276090452,1,-0.10540444557242859,1,-0.05157958710740222,1,-0.19188271958148292,1,-0.4775441224635003,1,-0.1819713314890877,1,0.15004169174687998,1,-0.38749394545440313,1,-0.2302215311947184,1,-0.2580612937396559,train
Robert Bean,2264,CB,2000,Mississippi State,4.5,34.5,16.0,122.0,6.87,4.2,71.0,178.0,11,1.0,33.0,0,4.0,53.5,37.0,16.0,0.0,2.5,1.0,0.0,0.0,0.0,190.2,0,0.1092641059622989,0,-0.6981569342089715,1,0.020260898304570486,0,-0.0913142707684144,0,-0.44665579832137986,0,0.32987345205616686,0,-0.45492032512163055,0,-1.8279830401250714,0,-0.49211191676975147,0,-0.8086422111650544,0,-0.025499321011134446,0,-0.4728514166340949,1,-0.05731028276090452,1,-0.10540444557242859,1,-0.05157958710740222,1,-0.19188271958148292,1,-0.4775441224635003,1,-0.1819713314890877,1,0.15004169174687998,1,-0.38749394545440313,1,-0.2302215311947184,1,-0.2580612937396559,train
Aric Morris,2266,S,2000,College Stats,4.56,36.0,24.0,122.0,6.94,4.17,69.0,211.0,11,2.0,93.0,1,4.0,53.5,37.0,16.0,0.0,2.5,1.0,0.0,0.0,0.0,208.5,0,0.7923495857265824,1,-0.09300026703346613,0,2.2098597326230824,1,-0.0913142707684144,1,0.018646627838695376,1,0.05217386231499889,0,-1.7172217678014698,0,1.078352152565334,0,-0.49211191676975147,0,-0.27187108823652695,0,1.35235872660806,0,1.3296020032087423,1,-0.05731028276090452,1,-0.10540444557242859,1,-0.05157958710740222,1,-0.19188271958148292,1,-0.4775441224635003,1,-0.1819713314890877,1,0.15004169174687998,1,-0.38749394545440313,1,-0.2302215311947184,1,-0.2580612937396559,train
Ralph Brown,2271,CB,2000,College Stats,4.55,36.0,10.0,122.0,6.94,4.17,70.0,185.0,12,3.0,82.0,0,4.0,53.5,37.0,16.0,0.0,2.5,1.0,0.0,0.0,0.0,433.29999999999995,0,0.6785020057658702,1,-0.09300026703346613,0,-1.6219382274343135,1,-0.0913142707684144,1,0.018646627838695376,1,0.05217386231499889,0,-1.0860710464615502,0,-1.211487696221046,0,0.04158692254392306,0,0.2649000346920005,0,1.0997514178778744,0,-0.4728514166340949,1,-0.05731028276090452,1,-0.10540444557242859,1,-0.05157958710740222,1,-0.19188271958148292,1,-0.4775441224635003,1,-0.1819713314890877,1,0.15004169174687998,1,-0.38749394545440313,1,-0.2302215311947184,1,-0.2580612937396559,test
Todd Franz,2276,S,2000,Tulsa,4.55,36.0,14.0,122.0,6.94,4.17,73.0,199.0,11,3.0,8.0,0,4.0,53.5,37.0,16.0,0.0,2.5,1.0,0.0,0.0,0.0,126.5,0,0.6785020057658702,1,-0.09300026703346613,0,-0.5271388102750575,1,-0.0913142707684144,1,0.018646627838695376,1,0.05217386231499889,0,0.8073811175582088,0,0.021502991587004718,0,-0.49211191676975147,0,0.2649000346920005,0,-0.5996068408524654,0,-0.4728514166340949,1,-0.05731028276090452,1,-0.10540444557242859,1,-0.05157958710740222,1,-0.19188271958148292,1,-0.4775441224635003,1,-0.1819713314890877,1,0.15004169174687998,1,-0.38749394545440313,1,-0.2302215311947184,1,-0.2580612937396559,train
Tony Scott,2310,CB,2000,North Carolina State,4.5,34.0,11.0,116.0,7.45,4.24,70.0,193.0,11,4.0,38.0,0,4.0,53.5,37.0,16.0,0.0,2.5,1.0,0.0,0.0,0.0,51.2,0,0.1092641059622989,0,-0.8998758232674734,0,-1.3482383731444996,0,-1.2471277802206653,0,3.408707161290657,0,0.7001395717110547,0,-1.0860710464615502,0,-0.5069215889021599,0,-0.49211191676975147,0,0.801671157620528,0,0.08932218295713176,0,-0.4728514166340949,1,-0.05731028276090452,1,-0.10540444557242859,1,-0.05157958710740222,1,-0.19188271958148292,1,-0.4775441224635003,1,-0.1819713314890877,1,0.15004169174687998,1,-0.38749394545440313,1,-0.2302215311947184,1,-0.2580612937396559,train
Matt Bowen,2329,S,2000,Iowa,4.49,33.0,12.0,115.0,7.06,4.09,73.0,201.0,11,1.0,0.0,0,4.0,53.5,37.0,16.0,0.0,2.5,1.0,0.0,0.0,0.0,434.8,0,-0.004583473998413347,0,-1.303313601384477,0,-1.0745385188546857,0,-1.439763365129374,0,0.8163079298273874,0,-0.6883583769947769,0,0.8073811175582088,0,0.19764451841672626,0,-0.49211191676975147,0,-0.8086422111650544,0,-0.7833212472016914,0,-0.4728514166340949,1,-0.05731028276090452,1,-0.10540444557242859,1,-0.05157958710740222,1,-0.19188271958148292,1,-0.4775441224635003,1,-0.1819713314890877,1,0.15004169174687998,1,-0.38749394545440313,1,-0.2302215311947184,1,-0.2580612937396559,test
Damen Wheeler,2334,CB,2000,Colorado,4.51,35.0,11.0,115.0,7.21,4.27,69.0,179.0,11,4.0,40.0,1,4.0,53.5,37.0,16.0,0.0,2.5,1.0,0.0,0.0,0.0,21.0,0,0.22311168592301114,0,-0.49643804515046974,0,-1.3482383731444996,0,-1.439763365129374,0,1.8133845573132612,0,0.9778391614522144,0,-1.7172217678014698,0,-1.7399122767102106,0,-0.49211191676975147,0,0.801671157620528,0,0.13525078454443823,0,1.3296020032087423,1,-0.05731028276090452,1,-0.10540444557242859,1,-0.05157958710740222,1,-0.19188271958148292,1,-0.4775441224635003,1,-0.1819713314890877,1,0.15004169174687998,1,-0.38749394545440313,1,-0.2302215311947184,1,-0.2580612937396559,test
Rashidi Barnes,2356,S,2000,Colorado,4.62,35.0,10.0,114.0,6.92,4.32,72.0,208.0,11,1.0,0.0,0,4.0,53.5,37.0,16.0,0.0,2.5,1.0,0.0,0.0,0.0,39.2,0,1.475435065490876,0,-0.49643804515046974,0,-1.6219382274343135,0,-1.6323989500380824,0,-0.11429692249275723,0,1.4406718110208305,0,0.17623039621828915,0,0.8141398623207516,0,-0.49211191676975147,0,-0.8086422111650544,0,-0.7833212472016914,0,-0.4728514166340949,1,-0.05731028276090452,1,-0.10540444557242859,1,-0.05157958710740222,1,-0.19188271958148292,1,-0.4775441224635003,1,-0.1819713314890877,1,0.15004169174687998,1,-0.38749394545440313,1,-0.2302215311947184,1,-0.2580612937396559,test
Erik Olson,2366,S,2000,Colorado State,4.63,35.0,17.0,115.0,6.81,4.21,73.0,208.0,9,6.0,93.0,1,4.0,53.5,37.0,16.0,0.0,2.5,1.0,0.0,0.0,0.0,23.8,0,1.5892826454515885,0,-0.49643804515046974,0,0.2939607525943845,0,-1.439763365129374,0,-0.8454864493157318,0,0.42243998196988675,0,0.8073811175582088,0,0.8141398623207516,0,-1.5595095953971005,0,1.875213403477583,0,1.35235872660806,0,1.3296020032087423,1,-0.05731028276090452,1,-0.10540444557242859,1,-0.05157958710740222,1,-0.19188271958148292,1,-0.4775441224635003,1,-0.1819713314890877,1,0.15004169174687998,1,-0.38749394545440313,1,-0.2302215311947184,1,-0.2580612937396559,train
Adam Archuleta,2568,S,2001,College Stats,4.46,36.0,31.0,122.0,6.94,4.17,72.0,211.0,11,1.0,0.0,0,4.0,53.5,37.0,16.0,0.0,2.5,1.0,0.0,0.0,0.0,860.05,0,-0.3461262138805602,1,-0.09300026703346613,0,4.1257587126517805,1,-0.0913142707684144,1,0.018646627838695376,1,0.05217386231499889,0,0.17623039621828915,0,1.078352152565334,0,-0.49211191676975147,0,-0.8086422111650544,0,-0.7833212472016914,0,-0.4728514166340949,1,-0.05731028276090452,1,-0.10540444557242859,1,-0.05157958710740222,1,-0.19188271958148292,1,-0.4775441224635003,1,-0.1819713314890877,1,0.15004169174687998,0,-0.38749394545440313,0,-0.2302215311947184,0,-0.2580612937396559,train
Nate Clements,2569,CB,2001,College Stats,4.38,36.0,16.0,122.0,6.94,4.17,71.0,209.0,11,4.0,47.0,0,4.0,53.5,37.0,16.0,0.0,2.5,1.0,0.0,0.0,0.0,1470.1,0,-1.2569068535662784,1,-0.09300026703346613,1,0.020260898304570486,1,-0.0913142707684144,1,0.018646627838695376,1,0.05217386231499889,0,-0.45492032512163055,0,0.9022106257356124,0,-0.49211191676975147,0,0.801671157620528,0,0.2960008901000109,0,-0.4728514166340949,1,-0.05731028276090452,1,-0.10540444557242859,1,-0.05157958710740222,1,-0.19188271958148292,1,-0.4775441224635003,1,-0.1819713314890877,1,0.15004169174687998,0,-0.38749394545440313,0,-0.2302215311947184,0,-0.2580612937396559,train
Will Allen,2570,CB,2001,College Stats,4.44,39.5,14.0,121.0,6.78,3.9,70.0,192.0,11,2.0,9.0,0,4.0,53.5,37.0,16.0,0.0,2.5,1.0,0.0,0.0,0.0,1069.2,0,-0.5738213738019847,0,1.3190319563760464,0,-0.5271388102750575,0,-0.2839498556771229,0,-1.044901774812902,0,-2.4471224453554923,0,-1.0860710464615502,0,-0.5949923523170206,0,-0.49211191676975147,0,-0.27187108823652695,0,-0.5766425400588122,0,-0.4728514166340949,1,-0.05731028276090452,1,-0.10540444557242859,1,-0.05157958710740222,1,-0.19188271958148292,1,-0.4775441224635003,1,-0.1819713314890877,1,0.15004169174687998,0,-0.38749394545440313,0,-0.2302215311947184,0,-0.2580612937396559,train
Willie Middlebrooks,2572,CB,2001,College Stats,4.5,36.0,17.0,122.0,6.94,4.17,74.0,200.0,8,1.0,29.0,0,4.0,53.5,37.0,16.0,0.0,2.5,1.0,0.0,0.0,0.0,199.29999999999998,0,0.1092641059622989,1,-0.09300026703346613,0,0.2939607525943845,1,-0.0913142707684144,1,0.018646627838695376,1,0.05217386231499889,0,1.4385318388981285,0,0.10957375500186549,0,-2.093208434710775,0,-0.8086422111650544,0,-0.11735652418574741,0,-0.4728514166340949,1,-0.05731028276090452,1,-0.10540444557242859,1,-0.05157958710740222,1,-0.19188271958148292,1,-0.4775441224635003,1,-0.1819713314890877,1,0.15004169174687998,0,-0.38749394545440313,0,-0.2302215311947184,0,-0.2580612937396559,train
Jamar Fletcher,2574,CB,2001,College Stats,4.48,36.0,16.0,122.0,6.94,4.17,69.0,180.0,9,6.0,159.0,0,4.0,53.5,37.0,16.0,0.0,2.5,1.0,0.0,0.0,0.0,439.4,0,-0.11843105395912559,1,-0.09300026703346613,1,0.020260898304570486,1,-0.0913142707684144,1,0.018646627838695376,1,0.05217386231499889,0,-1.7172217678014698,0,-1.65184151329535,0,-1.5595095953971005,0,1.875213403477583,0,2.868002578989174,0,-0.4728514166340949,1,-0.05731028276090452,1,-0.10540444557242859,1,-0.05157958710740222,1,-0.19188271958148292,1,-0.4775441224635003,1,-0.1819713314890877,1,0.15004169174687998,0,-0.38749394545440313,0,-0.2302215311947184,0,-0.2580612937396559,val
Derrick Gibson,2576,S,2001,College Stats,4.45,36.0,17.0,122.0,6.94,4.17,74.0,218.0,12,2.0,25.0,0,4.0,53.5,37.0,16.0,0.0,2.5,1.0,0.0,0.0,0.0,391.79999999999995,0,-0.4599737938412724,1,-0.09300026703346613,0,0.2939607525943845,1,-0.0913142707684144,1,0.018646627838695376,1,0.05217386231499889,0,1.4385318388981285,0,1.6948474964693592,0,0.04158692254392306,0,-0.27187108823652695,0,-0.20921372736036037,0,-0.4728514166340949,1,-0.05731028276090452,1,-0.10540444557242859,1,-0.05157958710740222,1,-0.19188271958148292,1,-0.4775441224635003,1,-0.1819713314890877,1,0.15004169174687998,0,-0.38749394545440313,0,-0.2302215311947184,0,-0.2580612937396559,train
Idrees Bashir,2585,S,2001,College Stats,4.56,40.0,22.0,126.0,7.14,4.2,74.0,206.0,11,2.0,100.0,1,4.0,53.5,37.0,16.0,0.0,2.5,1.0,0.0,66.0,1.0,518.5,0,0.7923495857265824,0,1.5207508454345484,0,1.6624600240434546,0,0.6792280688664196,0,1.348082131153186,0,0.32987345205616686,0,1.4385318388981285,0,0.63799833549103,0,-0.49211191676975147,0,-0.27187108823652695,0,1.5131088321636328,0,1.3296020032087423,1,-0.05731028276090452,1,-0.10540444557242859,1,-0.05157958710740222,1,-0.19188271958148292,1,-0.4775441224635003,1,-0.1819713314890877,1,0.15004169174687998,0,-0.38749394545440313,0,5.293790846196966,0,3.7160826298510456,test
Ken Lucas,2588,CB,2001,College Stats,4.45,36.0,16.0,122.0,6.94,4.17,72.0,200.0,11,5.0,60.0,0,4.0,53.5,37.0,16.0,0.0,2.5,1.0,0.0,0.0,0.0,1117.1,0,-0.4599737938412724,1,-0.09300026703346613,1,0.020260898304570486,1,-0.0913142707684144,1,0.018646627838695376,1,0.05217386231499889,0,0.17623039621828915,0,0.10957375500186549,0,-0.49211191676975147,0,1.3384422805490555,0,0.594536800417503,0,-0.4728514166340949,1,-0.05731028276090452,1,-0.10540444557242859,1,-0.05157958710740222,1,-0.19188271958148292,1,-0.4775441224635003,1,-0.1819713314890877,1,0.15004169174687998,0,-0.38749394545440313,0,-0.2302215311947184,0,-0.2580612937396559,train
Fred Smoot,2593,CB,2001,College Stats,4.48,36.0,16.0,122.0,6.94,4.17,71.0,172.0,11,5.0,31.0,0,4.0,53.5,37.0,16.0,0.0,2.5,1.0,0.0,0.0,0.0,960.4,0,-0.11843105395912559,1,-0.09300026703346613,1,0.020260898304570486,1,-0.0913142707684144,1,0.018646627838695376,1,0.05217386231499889,0,-0.45492032512163055,0,-2.356407620614236,0,-0.49211191676975147,0,1.3384422805490555,0,-0.07142792259844093,0,-0.4728514166340949,1,-0.05731028276090452,1,-0.10540444557242859,1,-0.05157958710740222,1,-0.19188271958148292,1,-0.4775441224635003,1,-0.1819713314890877,1,0.15004169174687998,0,-0.38749394545440313,0,-0.2302215311947184,0,-0.2580612937396559,val
Michael Stone,2602,CB,2001,College Stats,4.51,41.0,17.0,127.0,6.94,4.17,71.0,191.0,11,2.0,28.0,0,4.0,53.5,37.0,16.0,0.0,2.5,1.0,0.0,0.0,0.0,133.0,0,0.22311168592301114,0,1.924188623551552,0,0.2939607525943845,0,0.8718636537751281,1,0.018646627838695376,1,0.05217386231499889,0,-0.45492032512163055,0,-0.6830631157318814,0,-0.49211191676975147,0,-0.27187108823652695,0,-0.14032082497940065,0,-0.4728514166340949,1,-0.05731028276090452,1,-0.10540444557242859,1,-0.05157958710740222,1,-0.19188271958148292,1,-0.4775441224635003,1,-0.1819713314890877,1,0.15004169174687998,0,-0.38749394545440313,0,-0.2302215311947184,0,-0.2580612937396559,train
Tony Dixon,2604,S,2001,College Stats,4.63,37.0,17.0,117.0,7.38,4.17,73.0,213.0,10,2.0,13.0,0,4.0,53.5,37.0,16.0,0.0,2.5,1.0,0.0,0.0,0.0,288.4,0,1.5892826454515885,0,0.3104375110835375,0,0.2939607525943845,0,-1.0544921953119568,0,2.943404735130582,1,0.05217386231499889,0,0.8073811175582088,0,1.2544936793950554,0,-1.025810756083426,0,-0.27187108823652695,0,-0.4847853368841993,0,-0.4728514166340949,1,-0.05731028276090452,1,-0.10540444557242859,1,-0.05157958710740222,1,-0.19188271958148292,1,-0.4775441224635003,1,-0.1819713314890877,1,0.15004169174687998,0,-0.38749394545440313,0,-0.2302215311947184,0,-0.2580612937396559,train
Andre Dyson,2608,CB,2001,College Stats,4.4,36.0,16.0,119.0,6.94,4.17,70.0,179.0,11,4.0,115.0,3,4.0,53.5,37.0,16.0,0.0,2.5,1.0,0.0,30.0,1.0,880.2,0,-1.0292116936448437,1,-0.09300026703346613,1,0.020260898304570486,0,-0.6692210254945399,1,0.018646627838695376,1,0.05217386231499889,0,-1.0860710464615502,0,-1.7399122767102106,0,-0.49211191676975147,0,0.801671157620528,0,1.8575733440684314,0,4.934508842894417,1,-0.05731028276090452,1,-0.10540444557242859,1,-0.05157958710740222,1,-0.19188271958148292,1,-0.4775441224635003,1,-0.1819713314890877,1,0.15004169174687998,0,-0.38749394545440313,0,2.280693185801502,0,3.7160826298510456,train
Tay Cody,2615,CB,2001,College Stats,4.55,36.0,11.0,122.0,6.94,4.17,69.0,181.0,12,6.0,200.0,1,4.0,53.5,37.0,16.0,0.0,2.5,1.0,0.0,0.0,0.0,157.2,0,0.6785020057658702,1,-0.09300026703346613,0,-1.3482383731444996,1,-0.0913142707684144,1,0.018646627838695376,1,0.05217386231499889,0,-1.7172217678014698,0,-1.5637707498804891,0,0.04158692254392306,0,1.875213403477583,0,3.809538911528957,0,1.3296020032087423,1,-0.05731028276090452,1,-0.10540444557242859,1,-0.05157958710740222,1,-0.19188271958148292,1,-0.4775441224635003,1,-0.1819713314890877,1,0.15004169174687998,0,-0.38749394545440313,0,-0.2302215311947184,0,-0.2580612937396559,val
Eric Kelly,2617,CB,2001,College Stats,4.46,36.0,15.0,120.0,7.24,4.18,70.0,199.0,11,1.0,20.0,0,4.0,53.5,37.0,16.0,0.0,2.5,1.0,0.0,0.0,0.0,345.99999999999994,0,-0.3461262138805602,0,-0.09300026703346613,0,-0.2534389559852435,0,-0.4765854405858314,0,2.0127998828104374,0,0.1447403922287188,0,-1.0860710464615502,0,0.021502991587004718,0,-0.49211191676975147,0,-0.8086422111650544,0,-0.32403523132862655,0,-0.4728514166340949,1,-0.05731028276090452,1,-0.10540444557242859,1,-0.05157958710740222,1,-0.19188271958148292,1,-0.4775441224635003,1,-0.1819713314890877,1,0.15004169174687998,0,-0.38749394545440313,0,-0.2302215311947184,0,-0.2580612937396559,train
Bhawoh Jue,2619,CB,2001,College Stats,4.54,34.5,16.0,113.0,7.21,4.27,72.0,199.0,12,3.0,31.0,0,4.0,53.5,37.0,16.0,0.0,2.5,1.0,0.0,0.0,0.0,404.7,0,0.564654425805158,0,-0.6981569342089715,1,0.020260898304570486,0,-1.825034534946791,0,1.8133845573132612,0,0.9778391614522144,0,0.17623039621828915,0,0.021502991587004718,0,0.04158692254392306,0,0.2649000346920005,0,-0.07142792259844093,0,-0.4728514166340949,1,-0.05731028276090452,1,-0.10540444557242859,1,-0.05157958710740222,1,-0.19188271958148292,1,-0.4775441224635003,1,-0.1819713314890877,1,0.15004169174687998,0,-0.38749394545440313,0,-0.2302215311947184,0,-0.2580612937396559,val
Dwight Smith,2632,CB,2001,College Stats,4.51,33.5,15.0,114.0,6.94,4.17,70.0,212.0,11,10.0,208.0,2,4.0,53.5,37.0,16.0,0.0,2.5,1.0,0.0,35.0,1.0,895.9,0,0.22311168592301114,0,-1.101594712325975,0,-0.2534389559852435,0,-1.6323989500380824,1,0.018646627838695376,1,0.05217386231499889,0,-1.0860710464615502,0,1.1664229159801947,0,-0.49211191676975147,0,4.022297895191692,0,3.9932533178781826,0,3.13205542305158,1,-0.05731028276090452,1,-0.10540444557242859,1,-0.05157958710740222,1,-0.19188271958148292,1,-0.4775441224635003,1,-0.1819713314890877,1,0.15004169174687998,0,-0.38749394545440313,0,2.6991789719675388,0,3.7160826298510456,train
Brock Williams,2634,CB,2001,College Stats,4.46,42.5,11.0,130.0,6.7,4.21,70.0,183.0,11,1.0,0.0,0,4.0,53.5,37.0,16.0,0.0,2.5,1.0,0.0,0.0,0.0,30.8,0,-0.3461262138805602,0,2.5293452907270573,0,-1.3482383731444996,0,1.4497704085012535,0,-1.5766759761387004,0,0.42243998196988675,0,-1.0860710464615502,0,-1.3876292230507674,0,-0.49211191676975147,0,-0.8086422111650544,0,-0.7833212472016914,0,-0.4728514166340949,1,-0.05731028276090452,1,-0.10540444557242859,1,-0.05157958710740222,1,-0.19188271958148292,1,-0.4775441224635003,1,-0.1819713314890877,1,0.15004169174687998,0,-0.38749394545440313,0,-0.2302215311947184,0,-0.2580612937396559,val
Cory Bird,2640,S,2001,College Stats,4.6,36.0,22.0,122.0,6.94,4.17,70.0,217.0,11,2.0,14.0,0,4.0,53.5,37.0,16.0,0.0,2.5,1.0,0.0,0.0,0.0,224.89999999999998,0,1.2477399055694416,1,-0.09300026703346613,0,1.6624600240434546,1,-0.0913142707684144,1,0.018646627838695376,1,0.05217386231499889,0,-1.0860710464615502,0,1.6067767330544984,0,-0.49211191676975147,0,-0.27187108823652695,0,-0.46182103609054603,0,-0.4728514166340949,1,-0.05731028276090452,1,-0.10540444557242859,1,-0.05157958710740222,1,-0.19188271958148292,1,-0.4775441224635003,1,-0.1819713314890877,1,0.15004169174687998,0,-0.38749394545440313,0,-0.2302215311947184,0,-0.2580612937396559,train
James Boyd,2643,S,2001,College Stats,4.59,32.5,16.0,117.0,7.29,4.24,71.0,207.0,12,3.0,24.0,0,4.0,53.5,37.0,16.0,0.0,2.5,1.0,0.0,6.0,1.0,63.2,0,1.1338923256087292,0,-1.5050324904429788,1,0.020260898304570486,0,-1.0544921953119568,0,2.3451587586390596,0,0.7001395717110547,0,-0.45492032512163055,0,0.7260690989058909,0,0.04158692254392306,0,0.2649000346920005,0,-0.23217802815401362,0,-0.4728514166340949,1,-0.05731028276090452,1,-0.10540444557242859,1,-0.05157958710740222,1,-0.19188271958148292,1,-0.4775441224635003,1,-0.1819713314890877,1,0.15004169174687998,0,-0.38749394545440313,0,0.2719614122045257,0,3.7160826298510456,train
Anthony Henry,2646,CB,2001,College Stats,4.6,41.0,15.0,126.0,6.9,4.2,73.0,198.0,11,5.0,88.0,0,4.0,53.5,37.0,16.0,0.0,2.5,1.0,0.0,0.0,0.0,1120.7999999999997,0,1.2477399055694416,0,1.924188623551552,0,-0.2534389559852435,0,0.6792280688664196,0,-0.24724047282420392,0,0.32987345205616686,0,0.8073811175582088,0,-0.06656777182785605,0,-0.49211191676975147,0,1.3384422805490555,0,1.2375372226397938,0,-0.4728514166340949,1,-0.05731028276090452,1,-0.10540444557242859,1,-0.05157958710740222,1,-0.19188271958148292,1,-0.4775441224635003,1,-0.1819713314890877,1,0.15004169174687998,0,-0.38749394545440313,0,-0.2302215311947184,0,-0.2580612937396559,test
Jamie Henderson,2650,CB,2001,College Stats,4.48,40.5,10.0,125.0,6.9,4.12,73.0,202.0,11,3.0,35.0,1,4.0,53.5,37.0,16.0,0.0,2.5,1.0,0.0,0.0,0.0,130.39999999999998,0,-0.11843105395912559,0,1.7224697344930502,0,-1.6219382274343135,0,0.4865924839577111,0,-0.24724047282420392,0,-0.4106587872536089,0,0.8073811175582088,0,0.285715281831587,0,-0.49211191676975147,0,0.2649000346920005,0,0.020429280576172038,0,1.3296020032087423,1,-0.05731028276090452,1,-0.10540444557242859,1,-0.05157958710740222,1,-0.19188271958148292,1,-0.4775441224635003,1,-0.1819713314890877,1,0.15004169174687998,0,-0.38749394545440313,0,-0.2302215311947184,0,-0.2580612937396559,train
John Howell,2666,S,2001,College Stats,4.64,37.0,14.0,121.0,6.87,4.12,72.0,204.0,11,2.0,0.0,0,4.0,53.5,37.0,16.0,0.0,2.5,1.0,0.0,0.0,0.0,225.7,0,1.7031302254123006,0,0.3104375110835375,0,-0.5271388102750575,0,-0.2839498556771229,0,-0.44665579832137986,0,-0.4106587872536089,0,0.17623039621828915,0,0.4618568086613085,0,-0.49211191676975147,0,-0.27187108823652695,0,-0.7833212472016914,0,-0.4728514166340949,1,-0.05731028276090452,1,-0.10540444557242859,1,-0.05157958710740222,1,-0.19188271958148292,1,-0.4775441224635003,1,-0.1819713314890877,1,0.15004169174687998,0,-0.38749394545440313,0,-0.2302215311947184,0,-0.2580612937396559,val
Curtis Fuller,2676,S,2001,College Stats,4.45,36.0,18.0,114.0,7.2,4.21,70.0,186.0,11,1.0,0.0,0,4.0,53.5,37.0,16.0,0.0,2.5,1.0,0.0,0.0,0.0,156.6,0,-0.4599737938412724,0,-0.09300026703346613,0,0.5676606068841985,0,-1.6323989500380824,0,1.7469127821475379,0,0.42243998196988675,0,-1.0860710464615502,0,-1.1234169328061852,0,-0.49211191676975147,0,-0.8086422111650544,0,-0.7833212472016914,0,-0.4728514166340949,1,-0.05731028276090452,1,-0.10540444557242859,1,-0.05157958710740222,1,-0.19188271958148292,1,-0.4775441224635003,1,-0.1819713314890877,1,0.15004169174687998,0,-0.38749394545440313,0,-0.2302215311947184,0,-0.2580612937396559,train
Jerametrius Butler,2694,CB,2001,College Stats,4.57,36.0,11.0,121.0,7.22,4.4,70.0,173.0,13,6.0,47.0,0,4.0,53.5,37.0,16.0,0.0,2.5,1.0,0.0,0.0,0.0,522.6,0,0.9061971656873048,0,-0.09300026703346613,0,-1.3482383731444996,0,-0.2839498556771229,0,1.8798563324789845,0,2.181204050330606,0,-1.0860710464615502,0,-2.268336857199375,0,0.5752857618575975,0,1.875213403477583,0,0.2960008901000109,0,-0.4728514166340949,1,-0.05731028276090452,1,-0.10540444557242859,1,-0.05157958710740222,1,-0.19188271958148292,1,-0.4775441224635003,1,-0.1819713314890877,1,0.15004169174687998,0,-0.38749394545440313,0,-0.2302215311947184,0,-0.2580612937396559,test
Raymond Walls,2701,CB,2001,College Stats,4.51,39.0,16.0,124.0,6.94,4.18,71.0,176.0,11,2.0,54.0,1,4.0,53.5,37.0,16.0,0.0,2.5,1.0,0.0,0.0,0.0,137.4,0,0.22311168592301114,0,1.1173130673175447,1,0.020260898304570486,0,0.2939568990490026,1,0.018646627838695376,0,0.1447403922287188,0,-0.45492032512163055,0,-2.004124566954793,0,-0.49211191676975147,0,-0.27187108823652695,0,0.4567509956555836,0,1.3296020032087423,1,-0.05731028276090452,1,-0.10540444557242859,1,-0.05157958710740222,1,-0.19188271958148292,1,-0.4775441224635003,1,-0.1819713314890877,1,0.15004169174687998,0,-0.38749394545440313,0,-0.2302215311947184,0,-0.2580612937396559,train
Hakim Akbar,2712,S,2001,College Stats,4.55,36.0,16.0,122.0,6.94,4.17,72.0,210.0,11,2.0,31.0,0,4.0,53.5,37.0,16.0,0.0,2.5,1.0,0.0,0.0,0.0,15.399999999999999,0,0.6785020057658702,1,-0.09300026703346613,1,0.020260898304570486,1,-0.0913142707684144,1,0.018646627838695376,1,0.05217386231499889,0,0.17623039621828915,0,0.9902813891504731,0,-0.49211191676975147,0,-0.27187108823652695,0,-0.07142792259844093,0,-0.4728514166340949,1,-0.05731028276090452,1,-0.10540444557242859,1,-0.05157958710740222,1,-0.19188271958148292,1,-0.4775441224635003,1,-0.1819713314890877,1,0.15004169174687998,0,-0.38749394545440313,0,-0.2302215311947184,0,-0.2580612937396559,train
Michael Jameson,2714,S,2001,College Stats,4.5,34.5,9.0,118.0,7.13,4.2,71.0,186.0,9,2.0,88.0,0,4.0,53.5,37.0,16.0,0.0,2.5,1.0,0.0,0.0,0.0,144.6,0,0.1092641059622989,0,-0.6981569342089715,0,-1.8956380817241276,0,-0.8618566104032483,0,1.2816103559874625,0,0.32987345205616686,0,-0.45492032512163055,0,-1.1234169328061852,0,-1.5595095953971005,0,-0.27187108823652695,0,1.2375372226397938,0,-0.4728514166340949,1,-0.05731028276090452,1,-0.10540444557242859,1,-0.05157958710740222,1,-0.19188271958148292,1,-0.4775441224635003,1,-0.1819713314890877,1,0.15004169174687998,0,-0.38749394545440313,0,-0.2302215311947184,0,-0.2580612937396559,train
Rashad Holman,2728,CB,2001,College Stats,4.58,42.0,6.0,129.0,7.09,3.85,71.0,186.0,11,6.0,32.0,0,4.0,53.5,37.0,16.0,0.0,2.5,1.0,0.0,0.0,0.0,239.2,0,1.020044745648017,0,2.3276264016685557,0,-2.71673764459357,0,1.257134823592545,0,1.0157232553245634,0,-2.9099550949240998,0,-0.45492032512163055,0,-1.1234169328061852,0,-0.49211191676975147,0,1.875213403477583,0,-0.048463621804787686,0,-0.4728514166340949,1,-0.05731028276090452,1,-0.10540444557242859,1,-0.05157958710740222,1,-0.19188271958148292,1,-0.4775441224635003,1,-0.1819713314890877,1,0.15004169174687998,0,-0.38749394545440313,0,-0.2302215311947184,0,-0.2580612937396559,val
Jason Doering,2742,S,2001,College Stats,4.73,36.0,16.0,122.0,7.07,4.12,71.0,202.0,10,3.0,0.0,0,4.0,53.5,37.0,16.0,0.0,2.5,1.0,0.0,0.0,0.0,193.2,0,2.727758445058741,1,-0.09300026703346613,1,0.020260898304570486,1,-0.0913142707684144,0,0.8827797049931166,0,-0.4106587872536089,0,-0.45492032512163055,0,0.285715281831587,0,-1.025810756083426,0,0.2649000346920005,0,-0.7833212472016914,0,-0.4728514166340949,1,-0.05731028276090452,1,-0.10540444557242859,1,-0.05157958710740222,1,-0.19188271958148292,1,-0.4775441224635003,1,-0.1819713314890877,1,0.15004169174687998,0,-0.38749394545440313,0,-0.2302215311947184,0,-0.2580612937396559,val
Jimmy Williams,2745,CB,2001,College Stats,4.58,36.0,16.0,120.0,7.12,4.17,70.0,188.0,9,4.0,64.0,0,4.0,53.5,37.0,16.0,0.0,2.5,1.0,0.0,0.0,0.0,296.9,0,1.020044745648017,0,-0.09300026703346613,1,0.020260898304570486,0,-0.4765854405858314,0,1.2151385808217392,1,0.05217386231499889,0,-1.0860710464615502,0,-0.9472754059764636,0,-1.5595095953971005,0,0.801671157620528,0,0.686394003592116,0,-0.4728514166340949,1,-0.05731028276090452,1,-0.10540444557242859,1,-0.05157958710740222,1,-0.19188271958148292,1,-0.4775441224635003,1,-0.1819713314890877,1,0.15004169174687998,0,-0.38749394545440313,0,-0.2302215311947184,0,-0.2580612937396559,test
Leonard Myers,2749,CB,2001,College Stats,4.65,37.0,13.0,120.0,7.21,4.16,70.0,190.0,11,2.0,34.0,1,4.0,53.5,37.0,16.0,0.0,2.5,1.0,0.0,0.0,0.0,63.199999999999996,0,1.816977805373023,0,0.3104375110835375,0,-0.8008386645648715,0,-0.4765854405858314,0,1.8133845573132612,0,-0.04039266759872102,0,-1.0860710464615502,0,-0.7711338791467421,0,-0.49211191676975147,0,-0.27187108823652695,0,-0.002535020217481204,0,1.3296020032087423,1,-0.05731028276090452,1,-0.10540444557242859,1,-0.05157958710740222,1,-0.19188271958148292,1,-0.4775441224635003,1,-0.1819713314890877,1,0.15004169174687998,0,-0.38749394545440313,0,-0.2302215311947184,0,-0.2580612937396559,train
Renaldo Hill,2751,CB,2001,College Stats,4.68,35.5,10.0,116.0,7.07,4.18,71.0,178.0,11,3.0,7.0,0,4.0,53.5,37.0,16.0,0.0,2.5,1.0,0.0,0.0,0.0,978.4000000000001,0,2.15852054525516,0,-0.2947191560919679,0,-1.6219382274343135,0,-1.2471277802206653,0,0.8827797049931166,0,0.1447403922287188,0,-0.45492032512163055,0,-1.8279830401250714,0,-0.49211191676975147,0,0.2649000346920005,0,-0.6225711416461187,0,-0.4728514166340949,1,-0.05731028276090452,1,-0.10540444557242859,1,-0.05157958710740222,1,-0.19188271958148292,1,-0.4775441224635003,1,-0.1819713314890877,1,0.15004169174687998,0,-0.38749394545440313,0,-0.2302215311947184,0,-0.2580612937396559,train
Harold Blackmon,2759,CB,2001,College Stats,4.54,37.0,17.0,121.0,7.03,4.28,71.0,210.0,11,5.0,18.0,0,4.0,53.5,37.0,16.0,0.0,2.5,1.0,0.0,0.0,0.0,17.599999999999998,0,0.564654425805158,0,0.3104375110835375,0,0.2939607525943845,0,-0.2839498556771229,0,0.6168926043302173,0,1.0704056913659425,0,-0.45492032512163055,0,0.9902813891504731,0,-0.49211191676975147,0,1.3384422805490555,0,-0.36996383291593304,0,-0.4728514166340949,1,-0.05731028276090452,1,-0.10540444557242859,1,-0.05157958710740222,1,-0.19188271958148292,1,-0.4775441224635003,1,-0.1819713314890877,1,0.15004169174687998,0,-0.38749394545440313,0,-0.2302215311947184,0,-0.2580612937396559,val
Eric Johnson,2773,S,2000,Nevada,4.6,38.0,12.0,121.0,6.96,4.17,72.0,215.0,3,2.0,20.0,0,4.0,53.5,37.0,16.0,0.0,2.5,1.0,0.0,0.0,0.0,67.89999999999999,0,1.2477399055694416,0,0.7138752892005411,0,-1.0745385188546857,0,-0.2839498556771229,0,0.1515901781701421,0,0.05217386231499889,0,0.17623039621828915,0,1.430635206224777,0,-4.761702631279148,1,-0.27187108823652695,1,-0.32403523132862655,0,-0.4728514166340949,1,-0.05731028276090452,1,-0.10540444557242859,1,-0.05157958710740222,1,-0.19188271958148292,1,-0.4775441224635003,1,-0.1819713314890877,1,0.15004169174687998,1,-0.38749394545440313,1,-0.2302215311947184,1,-0.2580612937396559,train
Marlon McCree,2782,S,2001,College Stats,4.62,38.0,10.0,117.0,7.36,4.1,71.0,197.0,11,0.0,0.0,0,4.0,53.5,37.0,16.0,0.0,2.5,1.0,2.0,32.0,1.0,827.3,0,1.475435065490876,0,0.7138752892005411,0,-1.6219382274343135,0,-1.0544921953119568,0,2.810461184799135,0,-0.5957918470810569,0,-0.45492032512163055,0,-0.1546385352427168,0,-0.49211191676975147,0,-1.3454133340935819,0,-0.7833212472016914,0,-0.4728514166340949,1,-0.05731028276090452,1,-0.10540444557242859,1,-0.05157958710740222,1,-0.19188271958148292,1,-0.4775441224635003,1,-0.1819713314890877,1,0.15004169174687998,0,3.462445899705473,0,2.448087500267917,0,3.7160826298510456,test
Robert Carswell,2793,S,2001,College Stats,4.59,34.0,21.0,106.0,7.14,4.18,72.0,214.0,11,1.0,29.0,0,4.0,53.5,37.0,16.0,0.0,2.5,1.0,0.0,0.0,0.0,46.2,0,1.1338923256087292,0,-0.8998758232674734,0,1.3887601697536405,0,-3.1734836293077504,0,1.348082131153186,0,0.1447403922287188,0,0.17623039621828915,0,1.3425644428099162,0,-0.49211191676975147,0,-0.8086422111650544,0,-0.11735652418574741,0,-0.4728514166340949,1,-0.05731028276090452,1,-0.10540444557242859,1,-0.05157958710740222,1,-0.19188271958148292,1,-0.4775441224635003,1,-0.1819713314890877,1,0.15004169174687998,0,-0.38749394545440313,0,-0.2302215311947184,0,-0.2580612937396559,train
Quentin Jammer,3533,CB,2002,College Stats,4.49,36.0,18.0,124.0,6.94,4.17,72.0,204.0,12,2.0,0.0,0,4.0,53.5,37.0,16.0,0.0,2.5,1.0,0.0,0.0,0.0,1311.5,0,-0.004583473998413347,0,-0.09300026703346613,0,0.5676606068841985,0,0.2939568990490026,1,0.018646627838695376,1,0.05217386231499889,0,0.17623039621828915,0,0.4618568086613085,0,0.04158692254392306,0,-0.27187108823652695,0,-0.7833212472016914,0,-0.4728514166340949,1,-0.05731028276090452,1,-0.10540444557242859,1,-0.05157958710740222,1,-0.19188271958148292,1,-0.4775441224635003,1,-0.1819713314890877,1,0.15004169174687998,0,-0.38749394545440313,0,-0.2302215311947184,0,-0.2580612937396559,train
Roy Williams,3536,S,2002,College Stats,4.53,30.5,13.0,115.0,6.94,4.17,72.0,219.0,12,0.0,0.0,0,4.0,53.5,37.0,16.0,0.0,2.5,1.0,2.0,25.0,1.0,1084.1,0,0.45080684584444575,0,-2.311908046676986,0,-0.8008386645648715,0,-1.439763365129374,1,0.018646627838695376,1,0.05217386231499889,0,0.17623039621828915,0,1.78291825988422,0,0.04158692254392306,0,-1.3454133340935819,0,-0.7833212472016914,0,-0.4728514166340949,1,-0.05731028276090452,1,-0.10540444557242859,1,-0.05157958710740222,1,-0.19188271958148292,1,-0.4775441224635003,1,-0.1819713314890877,1,0.15004169174687998,0,3.462445899705473,0,1.8622073996354653,0,3.7160826298510456,train
Phillip Buchanon,3545,CB,2002,College Stats,4.31,36.0,16.0,122.0,6.94,4.17,70.0,186.0,11,5.0,157.0,1,4.0,53.5,37.0,16.0,0.0,2.5,1.0,0.0,0.0,0.0,792.0,0,-2.0538399132912843,1,-0.09300026703346613,1,0.020260898304570486,1,-0.0913142707684144,1,0.018646627838695376,1,0.05217386231499889,0,-1.0860710464615502,0,-1.1234169328061852,0,-0.49211191676975147,0,1.3384422805490555,0,2.8220739774018675,0,1.3296020032087423,1,-0.05731028276090452,1,-0.10540444557242859,1,-0.05157958710740222,1,-0.19188271958148292,1,-0.4775441224635003,1,-0.1819713314890877,1,0.15004169174687998,0,-0.38749394545440313,0,-0.2302215311947184,0,-0.2580612937396559,train
Ed Reed,3552,S,2002,College Stats,4.57,36.0,16.0,122.0,6.94,4.17,71.0,201.0,11,9.0,206.0,2,4.0,53.5,37.0,16.0,0.0,2.5,1.0,0.0,0.0,0.0,1466.6999999999998,0,0.9061971656873048,1,-0.09300026703346613,1,0.020260898304570486,1,-0.0913142707684144,1,0.018646627838695376,1,0.05217386231499889,0,-0.45492032512163055,0,0.19764451841672626,0,-0.49211191676975147,0,3.485526772263165,0,3.9473247162908764,0,3.13205542305158,1,-0.05731028276090452,1,-0.10540444557242859,1,-0.05157958710740222,1,-0.19188271958148292,1,-0.4775441224635003,1,-0.1819713314890877,1,0.15004169174687998,0,-0.38749394545440313,0,-0.2302215311947184,0,-0.2580612937396559,test
Lito Sheppard,3554,CB,2002,College Stats,4.47,37.5,11.0,120.0,6.94,4.17,70.0,194.0,11,2.0,7.0,0,4.0,53.5,37.0,16.0,0.0,2.5,1.0,0.0,0.0,0.0,804.8000000000001,0,-0.23227863391984793,0,0.5121564001420393,0,-1.3482383731444996,0,-0.4765854405858314,1,0.018646627838695376,1,0.05217386231499889,0,-1.0860710464615502,0,-0.4188508254872991,0,-0.49211191676975147,0,-0.27187108823652695,0,-0.6225711416461187,0,-0.4728514166340949,1,-0.05731028276090452,1,-0.10540444557242859,1,-0.05157958710740222,1,-0.19188271958148292,1,-0.4775441224635003,1,-0.1819713314890877,1,0.15004169174687998,0,-0.38749394545440313,0,-0.2302215311947184,0,-0.2580612937396559,train
Lamont Thompson,3569,S,2002,College Stats,4.59,33.5,12.0,120.0,6.94,4.17,73.0,220.0,11,8.0,96.0,1,4.0,53.5,37.0,16.0,0.0,2.5,1.0,0.0,0.0,0.0,518.4,0,1.1338923256087292,0,-1.101594712325975,0,-1.0745385188546857,0,-0.4765854405858314,1,0.018646627838695376,1,0.05217386231499889,0,0.8073811175582088,0,1.8709890232990807,0,-0.49211191676975147,0,2.948755649334638,0,1.4212516289890198,0,1.3296020032087423,1,-0.05731028276090452,1,-0.10540444557242859,1,-0.05157958710740222,1,-0.19188271958148292,1,-0.4775441224635003,1,-0.1819713314890877,1,0.15004169174687998,0,-0.38749394545440313,0,-0.2302215311947184,0,-0.2580612937396559,train
Tank Williams,3573,S,2002,College Stats,4.46,38.5,19.0,125.0,6.78,3.93,74.0,222.0,11,5.0,22.0,0,4.0,53.5,37.0,16.0,0.0,2.5,1.0,0.0,25.0,1.0,588.2,0,-0.3461262138805602,0,0.9155941782590429,0,0.8413604611740125,0,0.4865924839577111,0,-1.044901774812902,0,-2.1694228556143242,0,1.4385318388981285,0,2.047130550128802,0,-0.49211191676975147,0,1.3384422805490555,0,-0.2781066297413201,0,-0.4728514166340949,1,-0.05731028276090452,1,-0.10540444557242859,1,-0.05157958710740222,1,-0.19188271958148292,1,-0.4775441224635003,1,-0.1819713314890877,1,0.15004169174687998,0,-0.38749394545440313,0,1.8622073996354653,0,3.7160826298510456,train
Jon McGraw,3585,S,2002,College Stats,4.5,39.5,13.0,126.0,6.51,3.92,75.0,208.0,9,4.0,54.0,0,4.0,53.5,37.0,16.0,0.0,2.5,1.0,0.0,0.0,0.0,561.4,0,0.1092641059622989,0,1.3190319563760464,0,-0.8008386645648715,0,0.6792280688664196,0,-2.8396397042874737,0,-2.2619893855280484,0,2.069682560238048,0,0.8141398623207516,0,-1.5595095953971005,0,0.801671157620528,0,0.4567509956555836,0,-0.4728514166340949,1,-0.05731028276090452,1,-0.10540444557242859,1,-0.05157958710740222,1,-0.19188271958148292,1,-0.4775441224635003,1,-0.1819713314890877,1,0.15004169174687998,0,-0.38749394545440313,0,-0.2302215311947184,0,-0.2580612937396559,train
Michael Lewis,3586,S,2002,College Stats,4.6,36.5,16.0,122.0,6.96,4.14,73.0,211.0,12,5.0,78.0,1,4.0,53.5,37.0,16.0,0.0,2.5,1.0,0.0,0.0,0.0,1080.95,0,1.2477399055694416,0,0.10871862202503568,0,0.020260898304570486,0,-0.0913142707684144,0,0.1515901781701421,0,-0.22552572742616905,0,0.8073811175582088,0,1.078352152565334,0,0.04158692254392306,0,1.3384422805490555,0,1.0078942147032615,0,1.3296020032087423,1,-0.05731028276090452,1,-0.10540444557242859,1,-0.05157958710740222,1,-0.19188271958148292,1,-0.4775441224635003,1,-0.1819713314890877,1,0.15004169174687998,0,-0.38749394545440313,0,-0.2302215311947184,0,-0.2580612937396559,train
Sheldon Brown,3587,CB,2002,College Stats,4.47,36.5,15.0,120.0,7.0,4.24,70.0,196.0,11,2.0,9.0,0,4.0,53.5,37.0,16.0,0.0,2.5,1.0,0.0,0.0,0.0,1236.6999999999998,0,-0.23227863391984793,0,0.10871862202503568,0,-0.2534389559852435,0,-0.4765854405858314,0,0.41747727883304137,0,0.7001395717110547,0,-1.0860710464615502,0,-0.24270929865757757,0,-0.49211191676975147,0,-0.27187108823652695,0,-0.5766425400588122,0,-0.4728514166340949,1,-0.05731028276090452,1,-0.10540444557242859,1,-0.05157958710740222,1,-0.19188271958148292,1,-0.4775441224635003,1,-0.1819713314890877,1,0.15004169174687998,0,-0.38749394545440313,0,-0.2302215311947184,0,-0.2580612937396559,test
Willie Offord,3598,S,2002,College Stats,4.61,35.0,22.0,117.0,6.94,4.17,74.0,215.0,11,1.0,2.0,0,4.0,53.5,37.0,16.0,0.0,2.5,1.0,0.0,0.0,0.0,205.0,0,1.361587485530164,0,-0.49643804515046974,0,1.6624600240434546,0,-1.0544921953119568,1,0.018646627838695376,1,0.05217386231499889,0,1.4385318388981285,0,1.430635206224777,0,-0.49211191676975147,0,-0.8086422111650544,0,-0.7373926456143849,0,-0.4728514166340949,1,-0.05731028276090452,1,-0.10540444557242859,1,-0.05157958710740222,1,-0.19188271958148292,1,-0.4775441224635003,1,-0.1819713314890877,1,0.15004169174687998,0,-0.38749394545440313,0,-0.2302215311947184,0,-0.2580612937396559,train
Derek Ross,3603,CB,2002,College Stats,4.56,36.0,17.0,118.0,6.94,4.17,71.0,197.0,11,7.0,194.0,1,4.0,53.5,37.0,16.0,0.0,2.5,1.0,0.0,0.0,0.0,262.0,0,0.7923495857265824,1,-0.09300026703346613,0,0.2939607525943845,0,-0.8618566104032483,1,0.018646627838695376,1,0.05217386231499889,0,-0.45492032512163055,0,-0.1546385352427168,0,-0.49211191676975147,0,2.4119845264061106,0,3.6717531067670373,0,1.3296020032087423,1,-0.05731028276090452,1,-0.10540444557242859,1,-0.05157958710740222,1,-0.19188271958148292,1,-0.4775441224635003,1,-0.1819713314890877,1,0.15004169174687998,0,-0.38749394545440313,0,-0.2302215311947184,0,-0.2580612937396559,train
Rashad Bauman,3607,CB,2002,College Stats,4.44,39.0,10.0,118.0,6.94,4.17,68.0,186.0,11,2.0,39.0,0,4.0,53.5,37.0,16.0,0.0,2.5,1.0,0.0,0.0,0.0,182.8,0,-0.5738213738019847,0,1.1173130673175447,0,-1.6219382274343135,0,-0.8618566104032483,1,0.018646627838695376,1,0.05217386231499889,0,-2.3483724891413895,0,-1.1234169328061852,0,-0.49211191676975147,0,-0.27187108823652695,0,0.112286483750785,0,-0.4728514166340949,1,-0.05731028276090452,1,-0.10540444557242859,1,-0.05157958710740222,1,-0.19188271958148292,1,-0.4775441224635003,1,-0.1819713314890877,1,0.15004169174687998,0,-0.38749394545440313,0,-0.2302215311947184,0,-0.2580612937396559,train
Kris Richard,3613,CB,2002,College Stats,4.47,39.5,10.0,120.0,6.94,4.15,71.0,186.0,11,2.0,94.0,1,4.0,53.5,37.0,16.0,0.0,2.5,1.0,0.0,0.0,1.0,137.6,0,-0.23227863391984793,0,1.3190319563760464,0,-1.6219382274343135,0,-0.4765854405858314,1,0.018646627838695376,0,-0.13295919751244092,0,-0.45492032512163055,0,-1.1234169328061852,0,-0.49211191676975147,0,-0.27187108823652695,0,1.3753230274017132,0,1.3296020032087423,1,-0.05731028276090452,1,-0.10540444557242859,1,-0.05157958710740222,1,-0.19188271958148292,1,-0.4775441224635003,1,-0.1819713314890877,1,0.15004169174687998,0,-0.38749394545440313,0,-0.2302215311947184,0,3.7160826298510456,train
Marques Anderson,3620,S,2002,College Stats,4.5,39.5,18.0,127.0,6.94,4.17,71.0,213.0,11,2.0,20.0,0,4.0,53.5,37.0,16.0,0.0,2.5,1.0,0.0,0.0,0.0,487.5,0,0.1092641059622989,0,1.3190319563760464,0,0.5676606068841985,0,0.8718636537751281,1,0.018646627838695376,1,0.05217386231499889,0,-0.45492032512163055,0,1.2544936793950554,0,-0.49211191676975147,0,-0.27187108823652695,0,-0.32403523132862655,0,-0.4728514166340949,1,-0.05731028276090452,1,-0.10540444557242859,1,-0.05157958710740222,1,-0.19188271958148292,1,-0.4775441224635003,1,-0.1819713314890877,1,0.15004169174687998,0,-0.38749394545440313,0,-0.2302215311947184,0,-0.2580612937396559,train
Chris Hope,3622,S,2002,College Stats,4.58,36.0,28.0,113.0,6.94,4.17,72.0,210.0,11,3.0,0.0,0,4.0,53.5,37.0,16.0,0.0,2.5,1.0,0.0,0.0,0.0,1015.8000000000001,0,1.020044745648017,1,-0.09300026703346613,0,3.3046591497823385,0,-1.825034534946791,1,0.018646627838695376,1,0.05217386231499889,0,0.17623039621828915,0,0.9902813891504731,0,-0.49211191676975147,0,0.2649000346920005,0,-0.7833212472016914,0,-0.4728514166340949,1,-0.05731028276090452,1,-0.10540444557242859,1,-0.05157958710740222,1,-0.19188271958148292,1,-0.4775441224635003,1,-0.1819713314890877,1,0.15004169174687998,0,-0.38749394545440313,0,-0.2302215311947184,0,-0.2580612937396559,test
Coy Wire,3625,S,2002,College Stats,4.56,38.5,28.0,120.0,6.62,3.87,72.0,209.0,11,0.0,0.0,0,4.0,53.5,37.0,16.0,0.0,2.5,1.0,0.0,89.0,1.0,442.4,0,0.7923495857265824,0,0.9155941782590429,0,3.3046591497823385,0,-0.4765854405858314,0,-2.108450177464499,0,-2.724822035096656,0,0.17623039621828915,0,0.9022106257356124,0,-0.49211191676975147,0,-1.3454133340935819,0,-0.7833212472016914,0,-0.4728514166340949,1,-0.05731028276090452,1,-0.10540444557242859,1,-0.05157958710740222,1,-0.19188271958148292,1,-0.4775441224635003,1,-0.1819713314890877,1,0.15004169174687998,0,-0.38749394545440313,0,7.218825462560735,0,3.7160826298510456,train
Mike Echols,3638,CB,2002,College Stats,4.35,36.0,16.0,122.0,6.94,4.17,69.0,190.0,12,3.0,1.0,0,4.0,53.5,37.0,16.0,0.0,2.5,1.0,0.0,0.0,0.0,57.4,0,-1.598449593448425,1,-0.09300026703346613,1,0.020260898304570486,1,-0.0913142707684144,1,0.018646627838695376,1,0.05217386231499889,0,-1.7172217678014698,0,-0.7711338791467421,0,0.04158692254392306,0,0.2649000346920005,0,-0.7603569464080382,0,-0.4728514166340949,1,-0.05731028276090452,1,-0.10540444557242859,1,-0.05157958710740222,1,-0.19188271958148292,1,-0.4775441224635003,1,-0.1819713314890877,1,0.15004169174687998,0,-0.38749394545440313,0,-0.2302215311947184,0,-0.2580612937396559,train
Keyuo Craver,3653,CB,2002,College Stats,4.62,31.0,13.0,123.0,6.94,4.17,71.0,201.0,12,3.0,97.0,1,4.0,53.5,37.0,16.0,0.0,2.5,1.0,0.0,0.0,0.0,69.4,0,1.475435065490876,0,-2.110189157618484,0,-0.8008386645648715,0,0.10132131414029409,1,0.018646627838695376,1,0.05217386231499889,0,-0.45492032512163055,0,0.19764451841672626,0,0.04158692254392306,0,0.2649000346920005,0,1.4442159297826729,0,1.3296020032087423,1,-0.05731028276090452,1,-0.10540444557242859,1,-0.05157958710740222,1,-0.19188271958148292,1,-0.4775441224635003,1,-0.1819713314890877,1,0.15004169174687998,0,-0.38749394545440313,0,-0.2302215311947184,0,-0.2580612937396559,val
Sam Brandon,3659,S,2002,College Stats,4.66,36.5,16.0,127.0,6.94,4.17,74.0,199.0,11,2.0,90.0,1,4.0,53.5,37.0,16.0,0.0,2.5,1.0,0.0,0.0,0.0,304.0,0,1.9308253853337352,0,0.10871862202503568,1,0.020260898304570486,0,0.8718636537751281,1,0.018646627838695376,1,0.05217386231499889,0,1.4385318388981285,0,0.021502991587004718,0,-0.49211191676975147,0,-0.27187108823652695,0,1.2834658242271002,0,1.3296020032087423,1,-0.05731028276090452,1,-0.10540444557242859,1,-0.05157958710740222,1,-0.19188271958148292,1,-0.4775441224635003,1,-0.1819713314890877,1,0.15004169174687998,0,-0.38749394545440313,0,-0.2302215311947184,0,-0.2580612937396559,train
Bobby Gray,3668,S,2002,College Stats,4.66,36.0,24.0,112.0,6.94,4.17,72.0,209.0,11,2.0,38.0,1,4.0,53.5,37.0,16.0,0.0,2.5,1.0,0.0,0.0,0.0,195.39999999999998,0,1.9308253853337352,1,-0.09300026703346613,0,2.2098597326230824,0,-2.0176701198554996,1,0.018646627838695376,1,0.05217386231499889,0,0.17623039621828915,0,0.9022106257356124,0,-0.49211191676975147,0,-0.27187108823652695,0,0.08932218295713176,0,1.3296020032087423,1,-0.05731028276090452,1,-0.10540444557242859,1,-0.05157958710740222,1,-0.19188271958148292,1,-0.4775441224635003,1,-0.1819713314890877,1,0.15004169174687998,0,-0.38749394545440313,0,-0.2302215311947184,0,-0.2580612937396559,train
Jermaine Phillips,3685,S,2002,College Stats,4.66,31.5,18.0,115.0,6.94,4.17,73.0,214.0,11,3.0,89.0,1,4.0,53.5,37.0,16.0,0.0,2.5,1.0,0.0,0.0,0.0,633.8,0,1.9308253853337352,0,-1.9084702685599824,0,0.5676606068841985,0,-1.439763365129374,1,0.018646627838695376,1,0.05217386231499889,0,0.8073811175582088,0,1.3425644428099162,0,-0.49211191676975147,0,0.2649000346920005,0,1.2605015234334471,0,1.3296020032087423,1,-0.05731028276090452,1,-0.10540444557242859,1,-0.05157958710740222,1,-0.19188271958148292,1,-0.4775441224635003,1,-0.1819713314890877,1,0.15004169174687998,0,-0.38749394545440313,0,-0.2302215311947184,0,-0.2580612937396559,train
Omare Lowe,3689,CB,2002,College Stats,4.58,35.5,12.0,118.0,6.65,3.97,73.0,196.0,11,1.0,21.0,1,4.0,53.5,37.0,16.0,0.0,2.5,1.0,0.0,0.0,0.0,91.1,0,1.020044745648017,0,-0.2947191560919679,0,-1.0745385188546857,0,-0.8618566104032483,0,-1.909034851967323,0,-1.7991567359594363,0,0.8073811175582088,0,-0.24270929865757757,0,-0.49211191676975147,0,-0.8086422111650544,0,-0.30107093053497336,0,1.3296020032087423,1,-0.05731028276090452,1,-0.10540444557242859,1,-0.05157958710740222,1,-0.19188271958148292,1,-0.4775441224635003,1,-0.1819713314890877,1,0.15004169174687998,0,-0.38749394545440313,0,-0.2302215311947184,0,-0.2580612937396559,train
Demarcus Faggins,3694,CB,2002,College Stats,4.57,36.5,3.0,121.0,6.64,3.92,70.0,178.0,11,5.0,89.0,0,4.0,53.5,37.0,16.0,0.0,2.5,1.0,0.0,0.0,0.0,452.0,0,0.9061971656873048,0,0.10871862202503568,0,-3.537837207463012,0,-0.2839498556771229,0,-1.9755066271330524,0,-2.2619893855280484,0,-1.0860710464615502,0,-1.8279830401250714,0,-0.49211191676975147,0,1.3384422805490555,0,1.2605015234334471,0,-0.4728514166340949,1,-0.05731028276090452,1,-0.10540444557242859,1,-0.05157958710740222,1,-0.19188271958148292,1,-0.4775441224635003,1,-0.1819713314890877,1,0.15004169174687998,0,-0.38749394545440313,0,-0.2302215311947184,0,-0.2580612937396559,test
Chris Cash,3700,CB,2002,College Stats,4.5,36.0,16.0,122.0,6.94,4.17,70.0,177.0,9,2.0,7.0,0,4.0,53.5,37.0,16.0,0.0,2.5,1.0,0.0,0.0,0.0,312.4,0,0.1092641059622989,1,-0.09300026703346613,1,0.020260898304570486,1,-0.0913142707684144,1,0.018646627838695376,1,0.05217386231499889,0,-1.0860710464615502,0,-1.9160538035399322,0,-1.5595095953971005,0,-0.27187108823652695,0,-0.6225711416461187,0,-0.4728514166340949,1,-0.05731028276090452,1,-0.10540444557242859,1,-0.05157958710740222,1,-0.19188271958148292,1,-0.4775441224635003,1,-0.1819713314890877,1,0.15004169174687998,0,-0.38749394545440313,0,-0.2302215311947184,0,-0.2580612937396559,test
Kevin Thomas,3705,CB,2002,College Stats,4.64,35.0,10.0,122.0,6.94,4.17,71.0,180.0,11,1.0,6.0,0,4.0,53.5,37.0,16.0,0.0,2.5,1.0,0.0,0.0,0.0,216.9,0,1.7031302254123006,0,-0.49643804515046974,0,-1.6219382274343135,0,-0.0913142707684144,1,0.018646627838695376,1,0.05217386231499889,0,-0.45492032512163055,0,-1.65184151329535,0,-0.49211191676975147,0,-0.8086422111650544,0,-0.6455354424397719,0,-0.4728514166340949,1,-0.05731028276090452,1,-0.10540444557242859,1,-0.05157958710740222,1,-0.19188271958148292,1,-0.4775441224635003,1,-0.1819713314890877,1,0.15004169174687998,0,-0.38749394545440313,0,-0.2302215311947184,0,-0.2580612937396559,train
Marquand Manuel,3724,S,2002,College Stats,4.52,36.0,18.0,122.0,6.94,4.17,72.0,209.0,11,1.0,18.0,0,4.0,53.5,37.0,16.0,0.0,2.5,1.0,0.0,0.0,0.0,527.2,0,0.3369592658837234,1,-0.09300026703346613,0,0.5676606068841985,1,-0.0913142707684144,1,0.018646627838695376,1,0.05217386231499889,0,0.17623039621828915,0,0.9022106257356124,0,-0.49211191676975147,0,-0.8086422111650544,0,-0.36996383291593304,0,-0.4728514166340949,1,-0.05731028276090452,1,-0.10540444557242859,1,-0.05157958710740222,1,-0.19188271958148292,1,-0.4775441224635003,1,-0.1819713314890877,1,0.15004169174687998,0,-0.38749394545440313,0,-0.2302215311947184,0,-0.2580612937396559,train
Chris Young,3725,S,2002,College Stats,4.63,38.5,23.0,121.0,6.94,4.17,72.0,210.0,12,1.0,14.0,0,4.0,53.5,37.0,16.0,0.0,2.5,1.0,0.0,25.0,1.0,39.2,0,1.5892826454515885,0,0.9155941782590429,0,1.9361598783332685,0,-0.2839498556771229,1,0.018646627838695376,1,0.05217386231499889,0,0.17623039621828915,0,0.9902813891504731,0,0.04158692254392306,0,-0.8086422111650544,0,-0.46182103609054603,0,-0.4728514166340949,1,-0.05731028276090452,1,-0.10540444557242859,1,-0.05157958710740222,1,-0.19188271958148292,1,-0.4775441224635003,1,-0.1819713314890877,1,0.15004169174687998,0,-0.38749394545440313,0,1.8622073996354653,0,3.7160826298510456,train
Wesly Mallard,3753,S,2002,College Stats,4.49,41.0,22.0,122.0,6.81,4.07,74.0,221.0,11,2.0,14.0,0,4.0,53.5,37.0,16.0,0.0,2.5,1.0,0.0,0.0,0.0,141.39999999999998,0,-0.004583473998413347,0,1.924188623551552,0,1.6624600240434546,0,-0.0913142707684144,0,-0.8454864493157318,0,-0.8734914368222166,0,1.4385318388981285,0,1.9590597867139414,0,-0.49211191676975147,0,-0.27187108823652695,0,-0.46182103609054603,0,-0.4728514166340949,1,-0.05731028276090452,1,-0.10540444557242859,1,-0.05157958710740222,1,-0.19188271958148292,1,-0.4775441224635003,1,-0.1819713314890877,1,0.15004169174687998,0,-0.38749394545440313,0,-0.2302215311947184,0,-0.2580612937396559,test
Chad Williams,3786,S,2002,College Stats,4.58,36.5,20.0,121.0,6.96,4.17,69.0,207.0,11,1.0,11.0,0,4.0,53.5,37.0,16.0,0.0,2.5,1.0,0.0,0.0,0.0,495.84999999999997,0,1.020044745648017,0,0.10871862202503568,0,1.1150603154638266,0,-0.2839498556771229,0,0.1515901781701421,1,0.05217386231499889,0,-1.7172217678014698,0,0.7260690989058909,0,-0.49211191676975147,0,-0.8086422111650544,0,-0.5307139384715057,0,-0.4728514166340949,1,-0.05731028276090452,1,-0.10540444557242859,1,-0.05157958710740222,1,-0.19188271958148292,1,-0.4775441224635003,1,-0.1819713314890877,1,0.15004169174687998,0,-0.38749394545440313,0,-0.2302215311947184,0,-0.2580612937396559,train
Terence Newman,4463,CB,2003,College Stats,4.37,41.0,16.0,136.0,6.88,3.83,70.0,189.0,13,5.0,21.0,0,4.0,53.5,37.0,16.0,0.0,2.5,1.0,0.0,0.0,0.0,1642.1,0,-1.3707544335269906,0,1.924188623551552,1,0.020260898304570486,0,2.6055839179535045,0,-0.3801840231556565,0,-3.0950881547515436,0,-1.0860710464615502,0,-0.8592046425616029,0,0.5752857618575975,0,1.3384422805490555,0,-0.30107093053497336,0,-0.4728514166340949,1,-0.05731028276090452,1,-0.10540444557242859,1,-0.05157958710740222,1,-0.19188271958148292,1,-0.4775441224635003,1,-0.1819713314890877,1,0.15004169174687998,0,-0.38749394545440313,0,-0.2302215311947184,0,-0.2580612937396559,test
Marcus Trufant,4469,CB,2003,College Stats,4.38,39.0,11.0,127.0,6.87,4.32,71.0,199.0,13,3.0,33.0,0,4.0,53.5,37.0,16.0,0.0,2.5,1.0,0.0,0.0,0.0,1234.5,0,-1.2569068535662784,0,1.1173130673175447,0,-1.3482383731444996,0,0.8718636537751281,0,-0.44665579832137986,0,1.4406718110208305,0,-0.45492032512163055,0,0.021502991587004718,0,0.5752857618575975,0,0.2649000346920005,0,-0.025499321011134446,0,-0.4728514166340949,1,-0.05731028276090452,1,-0.10540444557242859,1,-0.05157958710740222,1,-0.19188271958148292,1,-0.4775441224635003,1,-0.1819713314890877,1,0.15004169174687998,0,-0.38749394545440313,0,-0.2302215311947184,0,-0.2580612937396559,train
Troy Polamalu,4474,S,2003,College Stats,4.4,36.0,16.0,122.0,6.94,4.17,70.0,206.0,12,1.0,33.0,0,4.0,53.5,37.0,16.0,0.0,2.5,1.0,0.0,0.0,0.0,1344.5,0,-1.0292116936448437,1,-0.09300026703346613,1,0.020260898304570486,1,-0.0913142707684144,1,0.018646627838695376,1,0.05217386231499889,0,-1.0860710464615502,0,0.63799833549103,0,0.04158692254392306,0,-0.8086422111650544,0,-0.025499321011134446,0,-0.4728514166340949,1,-0.05731028276090452,1,-0.10540444557242859,1,-0.05157958710740222,1,-0.19188271958148292,1,-0.4775441224635003,1,-0.1819713314890877,1,0.15004169174687998,0,-0.38749394545440313,0,-0.2302215311947184,0,-0.2580612937396559,test
Andre Woolfolk,4486,CB,2003,College Stats,4.47,35.5,10.0,128.0,6.78,3.96,73.0,197.0,13,2.0,0.0,0,4.0,53.5,37.0,16.0,0.0,2.5,1.0,0.0,0.0,0.0,331.0,0,-0.23227863391984793,0,-0.2947191560919679,0,-1.6219382274343135,0,1.0644992386838366,0,-1.044901774812902,0,-1.8917232658731604,0,0.8073811175582088,0,-0.1546385352427168,0,0.5752857618575975,0,-0.27187108823652695,0,-0.7833212472016914,0,-0.4728514166340949,1,-0.05731028276090452,1,-0.10540444557242859,1,-0.05157958710740222,1,-0.19188271958148292,1,-0.4775441224635003,1,-0.1819713314890877,1,0.15004169174687998,0,-0.38749394545440313,0,-0.2302215311947184,0,-0.2580612937396559,test
Sammy Davis,4488,CB,2003,College Stats,4.42,40.0,19.0,131.0,7.01,4.17,72.0,186.0,12,2.0,35.0,0,4.0,53.5,37.0,16.0,0.0,2.5,1.0,0.0,0.0,0.0,448.7,0,-0.8015165337234192,0,1.5207508454345484,0,0.8413604611740125,0,1.642405993409962,0,0.48394905399876476,1,0.05217386231499889,0,0.17623039621828915,0,-1.1234169328061852,0,0.04158692254392306,0,-0.27187108823652695,0,0.020429280576172038,0,-0.4728514166340949,1,-0.05731028276090452,1,-0.10540444557242859,1,-0.05157958710740222,1,-0.19188271958148292,1,-0.4775441224635003,1,-0.1819713314890877,1,0.15004169174687998,0,-0.38749394545440313,0,-0.2302215311947184,0,-0.2580612937396559,train
Nnamdi Asomugha,4489,CB,2003,College Stats,4.45,37.5,16.0,124.0,6.94,4.17,74.0,213.0,12,3.0,85.0,1,4.0,53.5,37.0,16.0,0.0,2.5,1.0,0.0,0.0,0.0,861.5999999999999,0,-0.4599737938412724,0,0.5121564001420393,0,0.020260898304570486,0,0.2939568990490026,1,0.018646627838695376,1,0.05217386231499889,0,1.4385318388981285,0,1.2544936793950554,0,0.04158692254392306,0,0.2649000346920005,0,1.1686443202588341,0,1.3296020032087423,1,-0.05731028276090452,1,-0.10540444557242859,1,-0.05157958710740222,1,-0.19188271958148292,1,-0.4775441224635003,1,-0.1819713314890877,1,0.15004169174687998,0,-0.38749394545440313,0,-0.2302215311947184,0,-0.2580612937396559,train
Charles Tillman,4493,CB,2003,College Stats,4.49,40.0,12.0,131.0,7.05,3.89,73.0,207.0,12,2.0,8.0,0,4.0,53.5,37.0,16.0,0.0,2.5,1.0,0.0,0.0,0.0,1526.4,0,-0.004583473998413347,0,1.5207508454345484,0,-1.0745385188546857,0,1.642405993409962,0,0.7498361546616641,0,-2.539688975269212,0,0.8073811175582088,0,0.7260690989058909,0,0.04158692254392306,0,-0.27187108823652695,0,-0.5996068408524654,0,-0.4728514166340949,1,-0.05731028276090452,1,-0.10540444557242859,1,-0.05157958710740222,1,-0.19188271958148292,1,-0.4775441224635003,1,-0.1819713314890877,1,0.15004169174687998,0,-0.38749394545440313,0,-0.2302215311947184,0,-0.2580612937396559,train
Eugene Wilson,4494,CB,2003,College Stats,4.48,38.0,15.0,122.0,7.18,4.05,70.0,192.0,12,1.0,0.0,0,4.0,53.5,37.0,16.0,0.0,2.5,1.0,0.0,0.0,0.0,735.4999999999999,0,-0.11843105395912559,0,0.7138752892005411,0,-0.2534389559852435,0,-0.0913142707684144,0,1.6139692318160852,0,-1.0586244966496647,0,-1.0860710464615502,0,-0.5949923523170206,0,0.04158692254392306,0,-0.8086422111650544,0,-0.7833212472016914,0,-0.4728514166340949,1,-0.05731028276090452,1,-0.10540444557242859,1,-0.05157958710740222,1,-0.19188271958148292,1,-0.4775441224635003,1,-0.1819713314890877,1,0.15004169174687998,0,-0.38749394545440313,0,-0.2302215311947184,0,-0.2580612937396559,train
Ken Hamlin,4500,S,2003,College Stats,4.61,33.0,16.0,117.0,6.8,3.92,74.0,209.0,14,4.0,33.0,0,4.0,53.5,37.0,16.0,0.0,2.5,1.0,0.0,0.0,0.0,900.1999999999999,0,1.361587485530164,0,-1.303313601384477,0,0.020260898304570486,0,-1.0544921953119568,0,-0.9119582244814551,0,-2.2619893855280484,0,1.4385318388981285,0,0.9022106257356124,0,1.108984601171272,0,0.801671157620528,0,-0.025499321011134446,0,-0.4728514166340949,1,-0.05731028276090452,1,-0.10540444557242859,1,-0.05157958710740222,1,-0.19188271958148292,1,-0.4775441224635003,1,-0.1819713314890877,1,0.15004169174687998,0,-0.38749394545440313,0,-0.2302215311947184,0,-0.2580612937396559,train
Bryan Scott,4513,S,2003,College Stats,4.6,36.0,13.0,122.0,6.94,4.17,73.0,219.0,13,4.0,47.0,0,4.0,53.5,37.0,16.0,0.0,2.5,1.0,0.0,0.0,0.0,909.6,0,1.2477399055694416,1,-0.09300026703346613,0,-0.8008386645648715,1,-0.0913142707684144,1,0.018646627838695376,1,0.05217386231499889,0,0.8073811175582088,0,1.78291825988422,0,0.5752857618575975,0,0.801671157620528,0,0.2960008901000109,0,-0.4728514166340949,1,-0.05731028276090452,1,-0.10540444557242859,1,-0.05157958710740222,1,-0.19188271958148292,1,-0.4775441224635003,1,-0.1819713314890877,1,0.15004169174687998,0,-0.38749394545440313,0,-0.2302215311947184,0,-0.2580612937396559,test
Mike Doss,4516,S,2003,College Stats,4.45,36.0,16.0,122.0,6.94,4.17,70.0,207.0,14,2.0,80.0,1,4.0,53.5,37.0,16.0,0.0,2.5,1.0,0.0,0.0,0.0,544.0,0,-0.4599737938412724,1,-0.09300026703346613,1,0.020260898304570486,1,-0.0913142707684144,1,0.018646627838695376,1,0.05217386231499889,0,-1.0860710464615502,0,0.7260690989058909,0,1.108984601171272,0,-0.27187108823652695,0,1.0538228162905678,0,1.3296020032087423,1,-0.05731028276090452,1,-0.10540444557242859,1,-0.05157958710740222,1,-0.19188271958148292,1,-0.4775441224635003,1,-0.1819713314890877,1,0.15004169174687998,0,-0.38749394545440313,0,-0.2302215311947184,0,-0.2580612937396559,train
Terrence Kiel,4520,S,2003,College Stats,4.46,38.0,16.0,127.0,6.88,3.96,71.0,204.0,12,3.0,19.0,0,4.0,53.5,37.0,16.0,0.0,2.5,1.0,0.0,0.0,0.0,580.0,0,-0.3461262138805602,0,0.7138752892005411,0,0.020260898304570486,0,0.8718636537751281,0,-0.3801840231556565,0,-1.8917232658731604,0,-0.45492032512163055,0,0.4618568086613085,0,0.04158692254392306,0,0.2649000346920005,0,-0.3469995321222798,0,-0.4728514166340949,1,-0.05731028276090452,1,-0.10540444557242859,1,-0.05157958710740222,1,-0.19188271958148292,1,-0.4775441224635003,1,-0.1819713314890877,1,0.15004169174687998,0,-0.38749394545440313,0,-0.2302215311947184,0,-0.2580612937396559,train
Kevin Curtis,4532,S,2002,College Stats,4.53,37.5,24.0,124.0,6.75,3.88,74.0,212.0,11,4.0,19.0,0,4.0,53.5,37.0,16.0,0.0,2.5,1.0,0.0,0.0,0.0,88.19999999999999,0,0.45080684584444575,0,0.5121564001420393,0,2.2098597326230824,0,0.2939568990490026,0,-1.2443171003100777,0,-2.632255505182936,0,1.4385318388981285,0,1.1664229159801947,0,-0.49211191676975147,0,0.801671157620528,0,-0.3469995321222798,0,-0.4728514166340949,1,-0.05731028276090452,1,-0.10540444557242859,1,-0.05157958710740222,1,-0.19188271958148292,1,-0.4775441224635003,1,-0.1819713314890877,1,0.15004169174687998,0,-0.38749394545440313,0,-0.2302215311947184,0,-0.2580612937396559,train
Ricky Manning,4540,CB,2003,College Stats,4.52,36.5,12.0,117.0,7.11,4.17,69.0,185.0,13,4.0,47.0,1,4.0,53.5,37.0,16.0,0.0,2.5,1.0,0.0,0.0,0.0,666.4,0,0.3369592658837234,0,0.10871862202503568,0,-1.0745385188546857,0,-1.0544921953119568,0,1.1486668056560159,0,0.05217386231499889,0,-1.7172217678014698,0,-1.211487696221046,0,0.5752857618575975,0,0.801671157620528,0,0.2960008901000109,0,1.3296020032087423,1,-0.05731028276090452,1,-0.10540444557242859,1,-0.05157958710740222,1,-0.19188271958148292,1,-0.4775441224635003,1,-0.1819713314890877,1,0.15004169174687998,0,-0.38749394545440313,0,-0.2302215311947184,0,-0.2580612937396559,train
Donald Strickland,4548,CB,2003,College Stats,4.53,35.5,16.0,121.0,6.98,4.04,70.0,187.0,14,2.0,186.0,2,4.0,53.5,37.0,16.0,0.0,2.5,1.0,0.0,0.0,0.0,411.2,0,0.45080684584444575,0,-0.2947191560919679,0,0.020260898304570486,0,-0.2839498556771229,0,0.2845337285015947,0,-1.1511910265633847,0,-1.0860710464615502,0,-1.0353461693913244,0,1.108984601171272,0,-0.27187108823652695,0,3.4880387004178117,0,3.13205542305158,1,-0.05731028276090452,1,-0.10540444557242859,1,-0.05157958710740222,1,-0.19188271958148292,1,-0.4775441224635003,1,-0.1819713314890877,1,0.15004169174687998,0,-0.38749394545440313,0,-0.2302215311947184,0,-0.2580612937396559,train
Julian Battle,4550,CB,2003,College Stats,4.45,36.0,16.0,122.0,6.94,4.17,74.0,205.0,13,1.0,0.0,0,4.0,53.5,37.0,16.0,0.0,2.5,1.0,0.0,0.0,0.0,80.79999999999998,0,-0.4599737938412724,1,-0.09300026703346613,1,0.020260898304570486,1,-0.0913142707684144,1,0.018646627838695376,1,0.05217386231499889,0,1.4385318388981285,0,0.5499275720761693,0,0.5752857618575975,0,-0.8086422111650544,0,-0.7833212472016914,0,-0.4728514166340949,1,-0.05731028276090452,1,-0.10540444557242859,1,-0.05157958710740222,1,-0.19188271958148292,1,-0.4775441224635003,1,-0.1819713314890877,1,0.15004169174687998,0,-0.38749394545440313,0,-0.2302215311947184,0,-0.2580612937396559,train
Todd Johnson,4558,S,2003,College Stats,4.56,33.5,19.0,117.0,7.01,4.19,73.0,206.0,12,2.0,0.0,0,4.0,53.5,37.0,16.0,0.0,2.5,1.0,0.0,0.0,0.0,340.6,0,0.7923495857265824,0,-1.101594712325975,0,0.8413604611740125,0,-1.0544921953119568,0,0.48394905399876476,0,0.23730692214244692,0,0.8073811175582088,0,0.63799833549103,0,0.04158692254392306,0,-0.27187108823652695,0,-0.7833212472016914,0,-0.4728514166340949,1,-0.05731028276090452,1,-0.10540444557242859,1,-0.05157958710740222,1,-0.19188271958148292,1,-0.4775441224635003,1,-0.1819713314890877,1,0.15004169174687998,0,-0.38749394545440313,0,-0.2302215311947184,0,-0.2580612937396559,train
DeJuan Groce,4565,CB,2003,College Stats,4.49,36.0,18.0,118.0,6.82,4.0,70.0,192.0,14,4.0,26.0,0,4.0,53.5,37.0,16.0,0.0,2.5,1.0,0.0,0.0,0.0,317.4,0,-0.004583473998413347,0,-0.09300026703346613,0,0.5676606068841985,0,-0.8618566104032483,0,-0.7790146741500026,0,-1.5214571462182724,0,-1.0860710464615502,0,-0.5949923523170206,0,1.108984601171272,0,0.801671157620528,0,-0.18624942656670712,0,-0.4728514166340949,1,-0.05731028276090452,1,-0.10540444557242859,1,-0.05157958710740222,1,-0.19188271958148292,1,-0.4775441224635003,1,-0.1819713314890877,1,0.15004169174687998,0,-0.38749394545440313,0,-0.2302215311947184,0,-0.2580612937396559,test
Colin Branch,4577,S,2003,College Stats,4.4,36.0,22.0,119.0,6.94,4.17,72.0,203.0,11,2.0,0.0,0,4.0,53.5,37.0,16.0,0.0,2.5,1.0,0.0,0.0,0.0,248.0,0,-1.0292116936448437,0,-0.09300026703346613,0,1.6624600240434546,0,-0.6692210254945399,1,0.018646627838695376,1,0.05217386231499889,0,0.17623039621828915,0,0.37378604524644776,0,-0.49211191676975147,0,-0.27187108823652695,0,-0.7833212472016914,0,-0.4728514166340949,1,-0.05731028276090452,1,-0.10540444557242859,1,-0.05157958710740222,1,-0.19188271958148292,1,-0.4775441224635003,1,-0.1819713314890877,1,0.15004169174687998,0,-0.38749394545440313,0,-0.2302215311947184,0,-0.2580612937396559,test
Asante Samuel,4578,CB,2003,College Stats,4.49,35.5,9.0,120.0,6.95,4.14,71.0,185.0,12,4.0,26.0,0,4.0,53.5,37.0,16.0,0.0,2.5,1.0,0.0,0.0,0.0,1219.6,0,-0.004583473998413347,0,-0.2947191560919679,0,-1.8956380817241276,0,-0.4765854405858314,0,0.08511840300441872,0,-0.22552572742616905,0,-0.45492032512163055,0,-1.211487696221046,0,0.04158692254392306,0,0.801671157620528,0,-0.18624942656670712,0,-0.4728514166340949,1,-0.05731028276090452,1,-0.10540444557242859,1,-0.05157958710740222,1,-0.19188271958148292,1,-0.4775441224635003,1,-0.1819713314890877,1,0.15004169174687998,0,-0.38749394545440313,0,-0.2302215311947184,0,-0.2580612937396559,train
Terrence Holt,4595,S,2003,College Stats,4.55,34.5,13.0,122.0,6.99,4.03,74.0,208.0,14,3.0,12.0,0,4.0,53.5,37.0,16.0,0.0,2.5,1.0,0.0,0.0,0.0,489.5,0,0.6785020057658702,0,-0.6981569342089715,0,-0.8008386645648715,0,-0.0913142707684144,0,0.35100550366731803,0,-1.2437575564771046,0,1.4385318388981285,0,0.8141398623207516,0,1.108984601171272,0,0.2649000346920005,0,-0.5077496376778525,0,-0.4728514166340949,1,-0.05731028276090452,1,-0.10540444557242859,1,-0.05157958710740222,1,-0.19188271958148292,1,-0.4775441224635003,1,-0.1819713314890877,1,0.15004169174687998,0,-0.38749394545440313,0,-0.2302215311947184,0,-0.2580612937396559,train
Derek Pagel,4598,S,2003,College Stats,4.57,35.5,25.0,115.0,6.87,4.08,73.0,208.0,13,4.0,89.0,1,4.0,53.5,37.0,16.0,0.0,2.5,1.0,0.0,0.0,0.0,47.599999999999994,0,0.9061971656873048,0,-0.2947191560919679,0,2.4835595869128966,0,-1.439763365129374,0,-0.44665579832137986,0,-0.7809249069084967,0,0.8073811175582088,0,0.8141398623207516,0,0.5752857618575975,0,0.801671157620528,0,1.2605015234334471,0,1.3296020032087423,1,-0.05731028276090452,1,-0.10540444557242859,1,-0.05157958710740222,1,-0.19188271958148292,1,-0.4775441224635003,1,-0.1819713314890877,1,0.15004169174687998,0,-0.38749394545440313,0,-0.2302215311947184,0,-0.2580612937396559,train
Michael Lehan,4610,CB,2003,College Stats,4.48,34.5,13.0,119.0,6.95,4.15,72.0,196.0,10,2.0,28.0,0,4.0,53.5,37.0,16.0,0.0,2.5,1.0,0.0,0.0,0.0,259.2,0,-0.11843105395912559,0,-0.6981569342089715,0,-0.8008386645648715,0,-0.6692210254945399,0,0.08511840300441872,0,-0.13295919751244092,0,0.17623039621828915,0,-0.24270929865757757,0,-1.025810756083426,0,-0.27187108823652695,0,-0.14032082497940065,0,-0.4728514166340949,1,-0.05731028276090452,1,-0.10540444557242859,1,-0.05157958710740222,1,-0.19188271958148292,1,-0.4775441224635003,1,-0.1819713314890877,1,0.15004169174687998,0,-0.38749394545440313,0,-0.2302215311947184,0,-0.2580612937396559,val
Donnie Nickey,4612,S,2003,College Stats,4.65,33.5,17.0,119.0,7.08,4.16,74.0,220.0,14,0.0,0.0,0,4.0,53.5,37.0,16.0,0.0,2.5,1.0,0.0,0.0,0.0,255.7,0,1.816977805373023,0,-1.101594712325975,0,0.2939607525943845,0,-0.6692210254945399,0,0.94925148015884,0,-0.04039266759872102,0,1.4385318388981285,0,1.8709890232990807,0,1.108984601171272,0,-1.3454133340935819,0,-0.7833212472016914,0,-0.4728514166340949,1,-0.05731028276090452,1,-0.10540444557242859,1,-0.05157958710740222,1,-0.19188271958148292,1,-0.4775441224635003,1,-0.1819713314890877,1,0.15004169174687998,0,-0.38749394545440313,0,-0.2302215311947184,0,-0.2580612937396559,val
Shane Walton,4628,CB,2003,College Stats,4.67,31.0,11.0,109.0,7.05,4.29,71.0,184.0,13,7.0,84.0,2,4.0,53.5,37.0,16.0,0.0,2.5,1.0,0.0,0.0,0.0,8.399999999999999,0,2.0446729652944473,0,-2.110189157618484,0,-1.3482383731444996,0,-2.595576874581625,0,0.7498361546616641,0,1.1629722212796625,0,-0.45492032512163055,0,-1.2995584596359067,0,0.5752857618575975,0,2.4119845264061106,0,1.1456800194651808,0,3.13205542305158,1,-0.05731028276090452,1,-0.10540444557242859,1,-0.05157958710740222,1,-0.19188271958148292,1,-0.4775441224635003,1,-0.1819713314890877,1,0.15004169174687998,0,-0.38749394545440313,0,-0.2302215311947184,0,-0.2580612937396559,train
Kevin Garrett,4630,CB,2003,College Stats,4.32,35.0,16.0,129.0,6.9,3.96,69.0,194.0,9,2.0,5.0,0,4.0,53.5,37.0,16.0,0.0,2.5,1.0,0.0,0.0,0.0,77.4,0,-1.939992333330562,0,-0.49643804515046974,1,0.020260898304570486,0,1.257134823592545,0,-0.24724047282420392,0,-1.8917232658731604,0,-1.7172217678014698,0,-0.4188508254872991,0,-1.5595095953971005,0,-0.27187108823652695,0,-0.6684997432334252,0,-0.4728514166340949,1,-0.05731028276090452,1,-0.10540444557242859,1,-0.05157958710740222,1,-0.19188271958148292,1,-0.4775441224635003,1,-0.1819713314890877,1,0.15004169174687998,0,-0.38749394545440313,0,-0.2302215311947184,0,-0.2580612937396559,train
B.J. Tucker,4636,CB,2003,College Stats,4.34,35.0,16.0,123.0,7.25,4.2,70.0,188.0,14,5.0,67.0,1,4.0,53.5,37.0,16.0,0.0,2.5,1.0,0.0,0.0,0.0,47.8,0,-1.7122971734091375,0,-0.49643804515046974,0,0.020260898304570486,0,0.10132131414029409,0,2.0792716579761605,0,0.32987345205616686,0,-1.0860710464615502,0,-0.9472754059764636,0,1.108984601171272,0,1.3384422805490555,0,0.7552869059730757,0,1.3296020032087423,1,-0.05731028276090452,1,-0.10540444557242859,1,-0.05157958710740222,1,-0.19188271958148292,1,-0.4775441224635003,1,-0.1819713314890877,1,0.15004169174687998,0,-0.38749394545440313,0,-0.2302215311947184,0,-0.2580612937396559,val
Gerome Sapp,4640,S,2003,College Stats,4.64,36.5,16.0,112.0,7.13,4.3,72.0,216.0,13,4.0,17.0,0,4.0,53.5,37.0,16.0,0.0,2.5,1.0,0.0,54.0,1.0,233.1,0,1.7031302254123006,0,0.10871862202503568,1,0.020260898304570486,0,-2.0176701198554996,0,1.2816103559874625,0,1.2555387511933824,0,0.17623039621828915,0,1.5187059696396377,0,0.5752857618575975,0,0.801671157620528,0,-0.3929281337095863,0,-0.4728514166340949,1,-0.05731028276090452,1,-0.10540444557242859,1,-0.05157958710740222,1,-0.19188271958148292,1,-0.4775441224635003,1,-0.1819713314890877,1,0.15004169174687998,0,-0.38749394545440313,0,4.289424959398478,0,3.7160826298510456,train
Hanik Milligan,4646,S,2003,College Stats,4.52,36.5,9.0,130.0,7.11,4.18,74.0,201.0,12,1.0,19.0,0,4.0,53.5,37.0,16.0,0.0,2.5,1.0,0.0,0.0,0.0,154.2,0,0.3369592658837234,0,0.10871862202503568,0,-1.8956380817241276,0,1.4497704085012535,0,1.1486668056560159,0,0.1447403922287188,0,1.4385318388981285,0,0.19764451841672626,0,0.04158692254392306,0,-0.8086422111650544,0,-0.3469995321222798,0,-0.4728514166340949,1,-0.05731028276090452,1,-0.10540444557242859,1,-0.05157958710740222,1,-0.19188271958148292,1,-0.4775441224635003,1,-0.1819713314890877,1,0.15004169174687998,0,-0.38749394545440313,0,-0.2302215311947184,0,-0.2580612937396559,train
Torrie Cox,4663,CB,2003,College Stats,4.55,32.0,16.0,119.0,6.98,4.2,69.0,181.0,13,2.0,41.0,0,4.0,53.5,37.0,16.0,0.0,2.5,1.0,0.0,0.0,0.0,185.3,0,0.6785020057658702,0,-1.7067513795014806,1,0.020260898304570486,0,-0.6692210254945399,0,0.2845337285015947,0,0.32987345205616686,0,-1.7172217678014698,0,-1.5637707498804891,0,0.5752857618575975,0,-0.27187108823652695,0,0.15821508533809148,0,-0.4728514166340949,1,-0.05731028276090452,1,-0.10540444557242859,1,-0.05157958710740222,1,-0.19188271958148292,1,-0.4775441224635003,1,-0.1819713314890877,1,0.15004169174687998,0,-0.38749394545440313,0,-0.2302215311947184,0,-0.2580612937396559,train
Curry Burns,4675,S,2003,College Stats,4.56,36.0,19.0,120.0,7.04,4.16,72.0,216.0,13,2.0,25.0,0,4.0,53.5,37.0,16.0,0.0,2.5,1.0,0.0,0.0,0.0,58.2,0,0.7923495857265824,0,-0.09300026703346613,0,0.8413604611740125,0,-0.4765854405858314,0,0.6833643794959406,0,-0.04039266759872102,0,0.17623039621828915,0,1.5187059696396377,0,0.5752857618575975,0,-0.27187108823652695,0,-0.20921372736036037,0,-0.4728514166340949,1,-0.05731028276090452,1,-0.10540444557242859,1,-0.05157958710740222,1,-0.19188271958148292,1,-0.4775441224635003,1,-0.1819713314890877,1,0.15004169174687998,0,-0.38749394545440313,0,-0.2302215311947184,0,-0.2580612937396559,val
Willie Pile,4710,S,2003,College Stats,4.57,38.0,14.0,125.0,6.77,4.21,74.0,206.0,14,4.0,171.0,1,4.0,53.5,37.0,16.0,0.0,2.5,1.0,0.0,0.0,0.0,133.2,0,0.9061971656873048,0,0.7138752892005411,0,-0.5271388102750575,0,0.4865924839577111,0,-1.111373549978631,0,0.42243998196988675,0,1.4385318388981285,0,0.63799833549103,0,1.108984601171272,0,0.801671157620528,0,3.143574188513013,0,1.3296020032087423,1,-0.05731028276090452,1,-0.10540444557242859,1,-0.05157958710740222,1,-0.19188271958148292,1,-0.4775441224635003,1,-0.1819713314890877,1,0.15004169174687998,0,-0.38749394545440313,0,-0.2302215311947184,0,-0.2580612937396559,train
Sean Taylor,5530,S,2004,College Stats,4.51,36.0,16.0,122.0,6.94,4.17,74.0,230.0,12,10.0,184.0,3,4.0,53.5,37.0,16.0,0.0,2.5,1.0,0.0,0.0,0.0,737.4,0,0.22311168592301114,1,-0.09300026703346613,1,0.020260898304570486,1,-0.0913142707684144,1,0.018646627838695376,1,0.05217386231499889,0,1.4385318388981285,0,2.751696657447688,0,0.04158692254392306,0,4.022297895191692,0,3.442110098830505,0,4.934508842894417,1,-0.05731028276090452,1,-0.10540444557242859,1,-0.05157958710740222,1,-0.19188271958148292,1,-0.4775441224635003,1,-0.1819713314890877,1,0.15004169174687998,0,-0.38749394545440313,0,-0.2302215311947184,0,-0.2580612937396559,train
DeAngelo Hall,5533,CB,2004,College Stats,4.34,36.0,16.0,122.0,6.94,4.17,70.0,202.0,13,1.0,0.0,0,4.0,53.5,37.0,16.0,0.0,2.5,1.0,0.0,28.0,1.0,1442.65,0,-1.7122971734091375,1,-0.09300026703346613,1,0.020260898304570486,1,-0.0913142707684144,1,0.018646627838695376,1,0.05217386231499889,0,-1.0860710464615502,0,0.285715281831587,0,0.5752857618575975,0,-0.8086422111650544,0,-0.7833212472016914,0,-0.4728514166340949,1,-0.05731028276090452,1,-0.10540444557242859,1,-0.05157958710740222,1,-0.19188271958148292,1,-0.4775441224635003,1,-0.1819713314890877,1,0.15004169174687998,0,-0.38749394545440313,0,2.1132988713350875,0,3.7160826298510456,test
Dunta Robinson,5535,CB,2004,College Stats,4.34,36.0,15.0,120.0,6.97,3.75,71.0,186.0,12,1.0,29.0,1,4.0,53.5,37.0,16.0,0.0,2.5,1.0,0.0,0.0,0.0,1117.75,0,-1.7122971734091375,0,-0.09300026703346613,0,-0.2534389559852435,0,-0.4765854405858314,0,0.21806195333586542,0,-3.8356203940613196,0,-0.45492032512163055,0,-1.1234169328061852,0,0.04158692254392306,0,-0.8086422111650544,0,-0.11735652418574741,0,1.3296020032087423,1,-0.05731028276090452,1,-0.10540444557242859,1,-0.05157958710740222,1,-0.19188271958148292,1,-0.4775441224635003,1,-0.1819713314890877,1,0.15004169174687998,0,-0.38749394545440313,0,-0.2302215311947184,0,-0.2580612937396559,val
Ahmad Carroll,5550,CB,2004,College Stats,4.34,41.0,15.0,128.0,6.94,4.17,70.0,195.0,13,3.0,0.0,0,4.0,53.5,37.0,16.0,0.0,2.5,1.0,0.0,0.0,0.0,326.69999999999993,0,-1.7122971734091375,0,1.924188623551552,0,-0.2534389559852435,0,1.0644992386838366,1,0.018646627838695376,1,0.05217386231499889,0,-1.0860710464615502,0,-0.3307800620724383,0,0.5752857618575975,0,0.2649000346920005,0,-0.7833212472016914,0,-0.4728514166340949,1,-0.05731028276090452,1,-0.10540444557242859,1,-0.05157958710740222,1,-0.19188271958148292,1,-0.4775441224635003,1,-0.1819713314890877,1,0.15004169174687998,0,-0.38749394545440313,0,-0.2302215311947184,0,-0.2580612937396559,train
Chris Gamble,5553,CB,2004,College Stats,4.52,36.0,16.0,122.0,6.94,4.17,73.0,198.0,13,3.0,0.0,0,4.0,53.5,37.0,16.0,0.0,2.5,1.0,0.0,0.0,0.0,1076.8,0,0.3369592658837234,1,-0.09300026703346613,1,0.020260898304570486,1,-0.0913142707684144,1,0.018646627838695376,1,0.05217386231499889,0,0.8073811175582088,0,-0.06656777182785605,0,0.5752857618575975,0,0.2649000346920005,0,-0.7833212472016914,0,-0.4728514166340949,1,-0.05731028276090452,1,-0.10540444557242859,1,-0.05157958710740222,1,-0.19188271958148292,1,-0.4775441224635003,1,-0.1819713314890877,1,0.15004169174687998,0,-0.38749394545440313,0,-0.2302215311947184,0,-0.2580612937396559,train
Bob Sanders,5569,S,2004,College Stats,4.35,41.5,15.0,128.0,6.7,3.91,68.0,204.0,10,1.0,0.0,0,4.0,53.5,37.0,16.0,0.0,2.5,1.0,0.0,3.0,1.0,542.1,0,-1.598449593448425,0,2.1259075126100537,0,-0.2534389559852435,0,1.0644992386838366,0,-1.5766759761387004,0,-2.354555915441768,0,-2.3483724891413895,0,0.4618568086613085,0,-1.025810756083426,0,-0.8086422111650544,0,-0.7833212472016914,0,-0.4728514166340949,1,-0.05731028276090452,1,-0.10540444557242859,1,-0.05157958710740222,1,-0.19188271958148292,1,-0.4775441224635003,1,-0.1819713314890877,1,0.15004169174687998,0,-0.38749394545440313,0,0.020869940504903657,0,3.7160826298510456,val
Keiwan Ratliff,5574,CB,2004,College Stats,4.56,36.0,11.0,122.0,6.94,4.17,70.0,194.0,13,9.0,182.0,2,4.0,53.5,37.0,16.0,0.0,2.5,1.0,0.0,111.0,2.0,347.29999999999995,0,0.7923495857265824,1,-0.09300026703346613,0,-1.3482383731444996,1,-0.0913142707684144,1,0.018646627838695376,1,0.05217386231499889,0,-1.0860710464615502,0,-0.4188508254872991,0,0.5752857618575975,0,3.485526772263165,0,3.3961814972431985,0,3.13205542305158,1,-0.05731028276090452,1,-0.10540444557242859,1,-0.05157958710740222,1,-0.19188271958148292,1,-0.4775441224635003,1,-0.1819713314890877,1,0.15004169174687998,0,-0.38749394545440313,0,9.060162921691298,0,7.6902265534417475,test
Madieu Williams,5581,S,2004,College Stats,4.48,36.0,18.0,125.0,6.94,4.17,72.0,193.0,13,3.0,10.0,0,4.0,53.5,37.0,16.0,0.0,2.5,1.0,0.0,0.0,0.0,969.25,0,-0.11843105395912559,1,-0.09300026703346613,0,0.5676606068841985,0,0.4865924839577111,1,0.018646627838695376,1,0.05217386231499889,0,0.17623039621828915,0,-0.5069215889021599,0,0.5752857618575975,0,0.2649000346920005,0,-0.553678239265159,0,-0.4728514166340949,1,-0.05731028276090452,1,-0.10540444557242859,1,-0.05157958710740222,1,-0.19188271958148292,1,-0.4775441224635003,1,-0.1819713314890877,1,0.15004169174687998,0,-0.38749394545440313,0,-0.2302215311947184,0,-0.2580612937396559,train
Sean Jones,5584,S,2004,College Stats,4.63,36.5,16.0,122.0,7.19,4.17,73.0,218.0,12,5.0,42.0,0,4.0,53.5,37.0,16.0,0.0,2.5,1.0,0.0,92.0,1.0,849.4,0,1.5892826454515885,0,0.10871862202503568,1,0.020260898304570486,0,-0.0913142707684144,0,1.6804410069818145,1,0.05217386231499889,0,0.8073811175582088,0,1.6948474964693592,0,0.04158692254392306,0,1.3384422805490555,0,0.18117938613174472,0,-0.4728514166340949,1,-0.05731028276090452,1,-0.10540444557242859,1,-0.05157958710740222,1,-0.19188271958148292,1,-0.4775441224635003,1,-0.1819713314890877,1,0.15004169174687998,0,-0.38749394545440313,0,7.4699169342603575,0,3.7160826298510456,val
Stuart Schweigert,5592,S,2004,College Stats,4.47,38.0,18.0,124.0,6.68,3.89,74.0,218.0,13,4.0,62.0,0,4.0,53.5,37.0,16.0,0.0,2.5,1.0,0.0,0.0,0.0,642.1999999999999,0,-0.23227863391984793,0,0.7138752892005411,0,0.5676606068841985,0,0.2939568990490026,0,-1.709619526470153,0,-2.539688975269212,0,1.4385318388981285,0,1.6948474964693592,0,0.5752857618575975,0,0.801671157620528,0,0.6404654020048095,0,-0.4728514166340949,1,-0.05731028276090452,1,-0.10540444557242859,1,-0.05157958710740222,1,-0.19188271958148292,1,-0.4775441224635003,1,-0.1819713314890877,1,0.15004169174687998,0,-0.38749394545440313,0,-0.2302215311947184,0,-0.2580612937396559,train
Derrick Strait,5601,CB,2004,College Stats,4.52,36.0,16.0,122.0,6.94,4.17,71.0,196.0,13,3.0,127.0,0,4.0,53.5,37.0,16.0,0.0,2.5,1.0,0.0,17.0,1.0,155.5,0,0.3369592658837234,1,-0.09300026703346613,1,0.020260898304570486,1,-0.0913142707684144,1,0.018646627838695376,1,0.05217386231499889,0,-0.45492032512163055,0,-0.24270929865757757,0,0.5752857618575975,0,0.2649000346920005,0,2.13314495359227,0,-0.4728514166340949,1,-0.05731028276090452,1,-0.10540444557242859,1,-0.05157958710740222,1,-0.19188271958148292,1,-0.4775441224635003,1,-0.1819713314890877,1,0.15004169174687998,0,-0.38749394545440313,0,1.1926301417698066,0,3.7160826298510456,val
Matt Ware,5614,S,2004,College Stats,4.54,36.0,15.0,122.0,6.94,4.17,74.0,209.0,10,2.0,12.0,0,4.0,53.5,37.0,16.0,0.0,2.5,1.0,0.0,0.0,0.0,255.79999999999998,0,0.564654425805158,1,-0.09300026703346613,0,-0.2534389559852435,1,-0.0913142707684144,1,0.018646627838695376,1,0.05217386231499889,0,1.4385318388981285,0,0.9022106257356124,0,-1.025810756083426,0,-0.27187108823652695,0,-0.5077496376778525,0,-0.4728514166340949,1,-0.05731028276090452,1,-0.10540444557242859,1,-0.05157958710740222,1,-0.19188271958148292,1,-0.4775441224635003,1,-0.1819713314890877,1,0.15004169174687998,0,-0.38749394545440313,0,-0.2302215311947184,0,-0.2580612937396559,train
Rich Gardner,5617,CB,2004,College Stats,4.46,36.5,11.0,123.0,6.91,3.91,71.0,199.0,12,1.0,22.0,0,4.0,53.5,37.0,16.0,0.0,2.5,1.0,0.0,0.0,0.0,83.4,0,-0.3461262138805602,0,0.10871862202503568,0,-1.3482383731444996,0,0.10132131414029409,0,-0.18076869765848058,0,-2.354555915441768,0,-0.45492032512163055,0,0.021502991587004718,0,0.04158692254392306,0,-0.8086422111650544,0,-0.2781066297413201,0,-0.4728514166340949,1,-0.05731028276090452,1,-0.10540444557242859,1,-0.05157958710740222,1,-0.19188271958148292,1,-0.4775441224635003,1,-0.1819713314890877,1,0.15004169174687998,0,-0.38749394545440313,0,-0.2302215311947184,0,-0.2580612937396559,val
Guss Scott,5620,S,2004,College Stats,4.46,39.0,20.0,124.0,6.94,4.17,70.0,204.0,13,2.0,47.0,1,4.0,53.5,37.0,16.0,0.0,2.5,1.0,0.0,0.0,0.0,84.0,0,-0.3461262138805602,0,1.1173130673175447,0,1.1150603154638266,0,0.2939568990490026,1,0.018646627838695376,1,0.05217386231499889,0,-1.0860710464615502,0,0.4618568086613085,0,0.5752857618575975,0,-0.27187108823652695,0,0.2960008901000109,0,1.3296020032087423,1,-0.05731028276090452,1,-0.10540444557242859,1,-0.05157958710740222,1,-0.19188271958148292,1,-0.4775441224635003,1,-0.1819713314890877,1,0.15004169174687998,0,-0.38749394545440313,0,-0.2302215311947184,0,-0.2580612937396559,train
Will Poole,5627,CB,2004,College Stats,4.47,36.0,16.0,122.0,6.94,4.17,70.0,194.0,13,7.0,70.0,1,4.0,53.5,37.0,16.0,0.0,2.5,1.0,0.0,0.0,0.0,85.4,0,-0.23227863391984793,1,-0.09300026703346613,0,0.020260898304570486,1,-0.0913142707684144,1,0.018646627838695376,1,0.05217386231499889,0,-1.0860710464615502,0,-0.4188508254872991,0,0.5752857618575975,0,2.4119845264061106,0,0.8241798083540355,0,1.3296020032087423,1,-0.05731028276090452,1,-0.10540444557242859,1,-0.05157958710740222,1,-0.19188271958148292,1,-0.4775441224635003,1,-0.1819713314890877,1,0.15004169174687998,0,-0.38749394545440313,0,-0.2302215311947184,0,-0.2580612937396559,train
Nathan Vasher,5635,CB,2004,College Stats,4.49,36.0,16.0,122.0,6.94,4.17,70.0,177.0,13,6.0,12.0,0,4.0,53.5,37.0,16.0,0.0,2.5,1.0,0.0,0.0,0.0,597.3,0,-0.004583473998413347,1,-0.09300026703346613,1,0.020260898304570486,1,-0.0913142707684144,1,0.018646627838695376,1,0.05217386231499889,0,-1.0860710464615502,0,-1.9160538035399322,0,0.5752857618575975,0,1.875213403477583,0,-0.5077496376778525,0,-0.4728514166340949,1,-0.05731028276090452,1,-0.10540444557242859,1,-0.05157958710740222,1,-0.19188271958148292,1,-0.4775441224635003,1,-0.1819713314890877,1,0.15004169174687998,0,-0.38749394545440313,0,-0.2302215311947184,0,-0.2580612937396559,train
Will Allen,5636,S,2004,College Stats,4.58,36.0,16.0,122.0,6.94,4.17,72.0,202.0,11,2.0,9.0,0,4.0,53.5,37.0,16.0,0.0,2.5,1.0,0.0,0.0,0.0,659.1999999999999,0,1.020044745648017,1,-0.09300026703346613,1,0.020260898304570486,1,-0.0913142707684144,1,0.018646627838695376,1,0.05217386231499889,0,0.17623039621828915,0,0.285715281831587,0,-0.49211191676975147,0,-0.27187108823652695,0,-0.5766425400588122,0,-0.4728514166340949,1,-0.05731028276090452,1,-0.10540444557242859,1,-0.05157958710740222,1,-0.19188271958148292,1,-0.4775441224635003,1,-0.1819713314890877,1,0.15004169174687998,0,-0.38749394545440313,0,-0.2302215311947184,0,-0.2580612937396559,train
Bruce Thornton,5646,CB,2004,College Stats,4.5,37.5,16.0,122.0,6.94,4.17,70.0,197.0,14,2.0,4.0,0,4.0,53.5,37.0,16.0,0.0,2.5,1.0,0.0,0.0,0.0,115.6,0,0.1092641059622989,0,0.5121564001420393,1,0.020260898304570486,0,-0.0913142707684144,1,0.018646627838695376,1,0.05217386231499889,0,-1.0860710464615502,0,-0.1546385352427168,0,1.108984601171272,0,-0.27187108823652695,0,-0.6914640440270784,0,-0.4728514166340949,1,-0.05731028276090452,1,-0.10540444557242859,1,-0.05157958710740222,1,-0.19188271958148292,1,-0.4775441224635003,1,-0.1819713314890877,1,0.15004169174687998,0,-0.38749394545440313,0,-0.2302215311947184,0,-0.2580612937396559,test
Glenn Earl,5647,S,2004,College Stats,4.65,36.0,20.0,122.0,6.94,4.17,73.0,222.0,12,1.0,0.0,0,4.0,53.5,37.0,16.0,0.0,2.5,1.0,0.0,0.0,0.0,326.8,0,1.816977805373023,1,-0.09300026703346613,0,1.1150603154638266,1,-0.0913142707684144,1,0.018646627838695376,1,0.05217386231499889,0,0.8073811175582088,0,2.047130550128802,0,0.04158692254392306,0,-0.8086422111650544,0,-0.7833212472016914,0,-0.4728514166340949,1,-0.05731028276090452,1,-0.10540444557242859,1,-0.05157958710740222,1,-0.19188271958148292,1,-0.4775441224635003,1,-0.1819713314890877,1,0.15004169174687998,0,-0.38749394545440313,0,-0.2302215311947184,0,-0.2580612937396559,train
Michael Waddell,5649,CB,2004,College Stats,4.31,37.5,14.0,121.0,6.84,4.03,71.0,187.0,12,0.0,0.0,0,4.0,53.5,37.0,16.0,0.0,2.5,1.0,0.0,0.0,0.0,167.3,0,-2.0538399132912843,0,0.5121564001420393,0,-0.5271388102750575,0,-0.2839498556771229,0,-0.6460711238185558,0,-1.2437575564771046,0,-0.45492032512163055,0,-1.0353461693913244,0,0.04158692254392306,0,-1.3454133340935819,0,-0.7833212472016914,0,-0.4728514166340949,1,-0.05731028276090452,1,-0.10540444557242859,1,-0.05157958710740222,1,-0.19188271958148292,1,-0.4775441224635003,1,-0.1819713314890877,1,0.15004169174687998,0,-0.38749394545440313,0,-0.2302215311947184,0,-0.2580612937396559,train
Gibril Wilson,5661,S,2004,College Stats,4.47,36.0,15.0,120.0,6.94,4.17,72.0,197.0,13,3.0,1.0,0,4.0,53.5,37.0,16.0,0.0,2.5,1.0,0.0,0.0,0.0,1014.05,0,-0.23227863391984793,1,-0.09300026703346613,0,-0.2534389559852435,0,-0.4765854405858314,1,0.018646627838695376,1,0.05217386231499889,0,0.17623039621828915,0,-0.1546385352427168,0,0.5752857618575975,0,0.2649000346920005,0,-0.7603569464080382,0,-0.4728514166340949,1,-0.05731028276090452,1,-0.10540444557242859,1,-0.05157958710740222,1,-0.19188271958148292,1,-0.4775441224635003,1,-0.1819713314890877,1,0.15004169174687998,0,-0.38749394545440313,0,-0.2302215311947184,0,-0.2580612937396559,test
Erik Coleman,5668,S,2004,College Stats,4.64,35.5,16.0,117.0,7.03,4.14,70.0,200.0,13,7.0,22.0,0,4.0,53.5,37.0,16.0,0.0,2.5,1.0,0.0,0.0,0.0,1029.0,0,1.7031302254123006,0,-0.2947191560919679,0,0.020260898304570486,0,-1.0544921953119568,0,0.6168926043302173,0,-0.22552572742616905,0,-1.0860710464615502,0,0.10957375500186549,0,0.5752857618575975,0,2.4119845264061106,0,-0.2781066297413201,0,-0.4728514166340949,1,-0.05731028276090452,1,-0.10540444557242859,1,-0.05157958710740222,1,-0.19188271958148292,1,-0.4775441224635003,1,-0.1819713314890877,1,0.15004169174687998,0,-0.38749394545440313,0,-0.2302215311947184,0,-0.2580612937396559,val
Jeff Shoate,5677,CB,2004,College Stats,4.62,36.0,12.0,121.0,7.0,3.88,70.0,189.0,12,1.0,8.0,0,4.0,53.5,37.0,16.0,0.0,2.5,1.0,0.0,0.0,0.0,35.0,0,1.475435065490876,0,-0.09300026703346613,0,-1.0745385188546857,0,-0.2839498556771229,0,0.41747727883304137,0,-2.632255505182936,0,-1.0860710464615502,0,-0.8592046425616029,0,0.04158692254392306,0,-0.8086422111650544,0,-0.5996068408524654,0,-0.4728514166340949,1,-0.05731028276090452,1,-0.10540444557242859,1,-0.05157958710740222,1,-0.19188271958148292,1,-0.4775441224635003,1,-0.1819713314890877,1,0.15004169174687998,0,-0.38749394545440313,0,-0.2302215311947184,0,-0.2580612937396559,test
Jason Shivers,5683,S,2004,College Stats,4.51,36.0,19.0,128.0,6.94,4.17,72.0,201.0,11,3.0,85.0,0,4.0,53.5,37.0,16.0,0.0,2.5,1.0,0.0,0.0,0.0,2.8,0,0.22311168592301114,0,-0.09300026703346613,0,0.8413604611740125,0,1.0644992386838366,1,0.018646627838695376,1,0.05217386231499889,0,0.17623039621828915,0,0.19764451841672626,0,-0.49211191676975147,0,0.2649000346920005,0,1.1686443202588341,0,-0.4728514166340949,1,-0.05731028276090452,1,-0.10540444557242859,1,-0.05157958710740222,1,-0.19188271958148292,1,-0.4775441224635003,1,-0.1819713314890877,1,0.15004169174687998,0,-0.38749394545440313,0,-0.2302215311947184,0,-0.2580612937396559,train
Von Hutchins,5698,CB,2004,College Stats,4.46,34.5,11.0,115.0,7.05,4.06,70.0,185.0,13,4.0,5.0,0,4.0,53.5,37.0,16.0,0.0,2.5,1.0,0.0,0.0,0.0,306.1,0,-0.3461262138805602,0,-0.6981569342089715,0,-1.3482383731444996,0,-1.439763365129374,0,0.7498361546616641,0,-0.9660579667359448,0,-1.0860710464615502,0,-1.211487696221046,0,0.5752857618575975,0,0.801671157620528,0,-0.6684997432334252,0,-0.4728514166340949,1,-0.05731028276090452,1,-0.10540444557242859,1,-0.05157958710740222,1,-0.19188271958148292,1,-0.4775441224635003,1,-0.1819713314890877,1,0.15004169174687998,0,-0.38749394545440313,0,-0.2302215311947184,0,-0.2580612937396559,val
Greg Brooks,5708,CB,2004,College Stats,4.45,36.0,16.0,122.0,6.94,4.17,71.0,177.0,11,3.0,24.0,0,4.0,53.5,37.0,16.0,0.0,2.5,1.0,0.0,0.0,0.0,35.0,0,-0.4599737938412724,1,-0.09300026703346613,1,0.020260898304570486,1,-0.0913142707684144,1,0.018646627838695376,1,0.05217386231499889,0,-0.45492032512163055,0,-1.9160538035399322,0,-0.49211191676975147,0,0.2649000346920005,0,-0.23217802815401362,0,-0.4728514166340949,1,-0.05731028276090452,1,-0.10540444557242859,1,-0.05157958710740222,1,-0.19188271958148292,1,-0.4775441224635003,1,-0.1819713314890877,1,0.15004169174687998,0,-0.38749394545440313,0,-0.2302215311947184,0,-0.2580612937396559,train
Etric Pruitt,5711,S,2004,College Stats,4.57,39.5,16.0,116.0,7.15,4.0,72.0,197.0,13,3.0,32.0,0,4.0,53.5,37.0,16.0,0.0,2.5,1.0,0.0,0.0,0.0,28.8,0,0.9061971656873048,0,1.3190319563760464,1,0.020260898304570486,0,-1.2471277802206653,0,1.4145539063189152,0,-1.5214571462182724,0,0.17623039621828915,0,-0.1546385352427168,0,0.5752857618575975,0,0.2649000346920005,0,-0.048463621804787686,0,-0.4728514166340949,1,-0.05731028276090452,1,-0.10540444557242859,1,-0.05157958710740222,1,-0.19188271958148292,1,-0.4775441224635003,1,-0.1819713314890877,1,0.15004169174687998,0,-0.38749394545440313,0,-0.2302215311947184,0,-0.2580612937396559,train
Dexter Wynn,5717,CB,2004,College Stats,4.49,39.0,13.0,123.0,6.7,3.9,69.0,175.0,13,1.0,6.0,0,4.0,53.5,37.0,16.0,0.0,2.5,1.0,0.0,0.0,0.0,208.0,0,-0.004583473998413347,0,1.1173130673175447,0,-0.8008386645648715,0,0.10132131414029409,0,-1.5766759761387004,0,-2.4471224453554923,0,-1.7172217678014698,0,-2.0921953303696537,0,0.5752857618575975,0,-0.8086422111650544,0,-0.6455354424397719,0,-0.4728514166340949,1,-0.05731028276090452,1,-0.10540444557242859,1,-0.05157958710740222,1,-0.19188271958148292,1,-0.4775441224635003,1,-0.1819713314890877,1,0.15004169174687998,0,-0.38749394545440313,0,-0.2302215311947184,0,-0.2580612937396559,train
Keith Lewis,5723,S,2004,College Stats,4.6,37.0,11.0,121.0,7.28,4.07,72.0,204.0,13,3.0,31.0,1,4.0,53.5,37.0,16.0,0.0,2.5,1.0,0.0,0.0,0.0,349.9,0,1.2477399055694416,0,0.3104375110835375,0,-1.3482383731444996,0,-0.2839498556771229,0,2.2786869834733365,0,-0.8734914368222166,0,0.17623039621828915,0,0.4618568086613085,0,0.5752857618575975,0,0.2649000346920005,0,-0.07142792259844093,0,1.3296020032087423,1,-0.05731028276090452,1,-0.10540444557242859,1,-0.05157958710740222,1,-0.19188271958148292,1,-0.4775441224635003,1,-0.1819713314890877,1,0.15004169174687998,0,-0.38749394545440313,0,-0.2302215311947184,0,-0.2580612937396559,train
Rashad Washington,5761,S,2004,College Stats,4.61,34.0,14.0,116.0,7.06,4.02,74.0,223.0,15,3.0,67.0,1,4.0,53.5,37.0,16.0,0.0,2.5,1.0,0.0,0.0,0.0,185.3,0,1.361587485530164,0,-0.8998758232674734,0,-0.5271388102750575,0,-1.2471277802206653,0,0.8163079298273874,0,-1.3363240863908326,0,1.4385318388981285,0,2.135201313543663,0,1.6426834404849466,0,0.2649000346920005,0,0.7552869059730757,0,1.3296020032087423,1,-0.05731028276090452,1,-0.10540444557242859,1,-0.05157958710740222,1,-0.19188271958148292,1,-0.4775441224635003,1,-0.1819713314890877,1,0.15004169174687998,0,-0.38749394545440313,0,-0.2302215311947184,0,-0.2580612937396559,val
Marlin Jackson,6472,CB,2005,College Stats,4.52,36.0,23.0,125.0,6.95,3.96,73.0,198.0,12,1.0,34.0,0,4.0,53.5,37.0,16.0,0.0,2.5,1.0,0.0,0.0,0.0,544.4,0,0.3369592658837234,0,-0.09300026703346613,0,1.9361598783332685,0,0.4865924839577111,0,0.08511840300441872,0,-1.8917232658731604,0,0.8073811175582088,0,-0.06656777182785605,0,0.04158692254392306,0,-0.8086422111650544,0,-0.002535020217481204,0,-0.4728514166340949,1,-0.05731028276090452,1,-0.10540444557242859,1,-0.05157958710740222,1,-0.19188271958148292,1,-0.4775441224635003,1,-0.1819713314890877,1,0.15004169174687998,0,-0.38749394545440313,0,-0.2302215311947184,0,-0.2580612937396559,train
Adam Jones,8421,CB,2005,College Stats,4.38,36.0,16.0,122.0,6.94,4.17,69.0,187.0,12,3.0,51.0,0,4.0,53.5,37.0,16.0,0.0,2.5,1.0,0.0,0.0,0.0,892.4999999999999,0,-1.2569068535662784,1,-0.09300026703346613,1,0.020260898304570486,1,-0.0913142707684144,1,0.018646627838695376,1,0.05217386231499889,0,-1.7172217678014698,0,-1.0353461693913244,0,0.04158692254392306,0,0.2649000346920005,0,0.3878580932746239,0,-0.4728514166340949,1,-0.05731028276090452,1,-0.10540444557242859,1,-0.05157958710740222,1,-0.19188271958148292,1,-0.4775441224635003,1,-0.1819713314890877,1,0.15004169174687998,0,-0.38749394545440313,0,-0.2302215311947184,0,-0.2580612937396559,train
Antrel Rolle,8423,CB,2005,College Stats,4.48,36.0,15.0,122.0,6.94,4.17,72.0,201.0,12,1.0,6.0,0,4.0,53.5,37.0,16.0,0.0,2.5,1.0,0.0,0.0,0.0,1219.5,0,-0.11843105395912559,1,-0.09300026703346613,0,-0.2534389559852435,1,-0.0913142707684144,1,0.018646627838695376,1,0.05217386231499889,0,0.17623039621828915,0,0.19764451841672626,0,0.04158692254392306,0,-0.8086422111650544,0,-0.6455354424397719,0,-0.4728514166340949,1,-0.05731028276090452,1,-0.10540444557242859,1,-0.05157958710740222,1,-0.19188271958148292,1,-0.4775441224635003,1,-0.1819713314890877,1,0.15004169174687998,0,-0.38749394545440313,0,-0.2302215311947184,0,-0.2580612937396559,train
Carlos Rogers,8424,CB,2005,College Stats,4.44,40.5,15.0,126.0,6.48,3.82,72.0,196.0,13,2.0,53.0,1,4.0,53.5,37.0,16.0,0.0,2.5,1.0,0.0,0.0,0.0,985.1,0,-0.5738213738019847,0,1.7224697344930502,0,-0.2534389559852435,0,0.6792280688664196,0,-3.0390550297846435,0,-3.187654684665268,0,0.17623039621828915,0,-0.24270929865757757,0,0.5752857618575975,0,-0.27187108823652695,0,0.4337866948619304,0,1.3296020032087423,1,-0.05731028276090452,1,-0.10540444557242859,1,-0.05157958710740222,1,-0.19188271958148292,1,-0.4775441224635003,1,-0.1819713314890877,1,0.15004169174687998,0,-0.38749394545440313,0,-0.2302215311947184,0,-0.2580612937396559,train
Thomas Davis,8429,S,2005,College Stats,4.6,36.5,16.0,115.0,7.09,3.97,73.0,230.0,11,1.0,0.0,0,4.0,53.5,37.0,16.0,0.0,2.5,1.0,0.0,0.0,0.0,1499.1499999999999,0,1.2477399055694416,0,0.10871862202503568,1,0.020260898304570486,0,-1.439763365129374,0,1.0157232553245634,0,-1.7991567359594363,0,0.8073811175582088,0,2.751696657447688,0,-0.49211191676975147,0,-0.8086422111650544,0,-0.7833212472016914,0,-0.4728514166340949,1,-0.05731028276090452,1,-0.10540444557242859,1,-0.05157958710740222,1,-0.19188271958148292,1,-0.4775441224635003,1,-0.1819713314890877,1,0.15004169174687998,0,-0.38749394545440313,0,-0.2302215311947184,0,-0.2580612937396559,test
Fabian Washington,8438,CB,2005,College Stats,4.29,41.5,18.0,129.0,6.94,3.91,70.0,188.0,11,3.0,23.0,0,4.0,53.5,37.0,16.0,0.0,2.5,1.0,0.0,0.0,0.0,581.1,0,-2.2815350732127087,0,2.1259075126100537,0,0.5676606068841985,0,1.257134823592545,1,0.018646627838695376,0,-2.354555915441768,0,-1.0860710464615502,0,-0.9472754059764636,0,-0.49211191676975147,0,0.2649000346920005,0,-0.25514232894766686,0,-0.4728514166340949,1,-0.05731028276090452,1,-0.10540444557242859,1,-0.05157958710740222,1,-0.19188271958148292,1,-0.4775441224635003,1,-0.1819713314890877,1,0.15004169174687998,0,-0.38749394545440313,0,-0.2302215311947184,0,-0.2580612937396559,train
Brodney Pool,8448,S,2005,College Stats,4.52,36.0,16.0,122.0,6.94,4.17,73.0,207.0,13,2.0,42.0,0,4.0,53.5,37.0,16.0,0.0,2.5,1.0,0.0,0.0,0.0,741.65,0,0.3369592658837234,1,-0.09300026703346613,1,0.020260898304570486,1,-0.0913142707684144,1,0.018646627838695376,1,0.05217386231499889,0,0.8073811175582088,0,0.7260690989058909,0,0.5752857618575975,0,-0.27187108823652695,0,0.18117938613174472,0,-0.4728514166340949,1,-0.05731028276090452,1,-0.10540444557242859,1,-0.05157958710740222,1,-0.19188271958148292,1,-0.4775441224635003,1,-0.1819713314890877,1,0.15004169174687998,0,-0.38749394545440313,0,-0.2302215311947184,0,-0.2580612937396559,train
Stanford Routt,8452,CB,2005,College Stats,4.27,36.5,16.0,129.0,6.63,3.9,73.0,193.0,10,2.0,37.0,0,4.0,53.5,37.0,16.0,0.0,2.5,1.0,0.0,0.0,0.0,567.0,0,-2.509230233134143,0,0.10871862202503568,1,0.020260898304570486,0,1.257134823592545,0,-2.041978402298776,0,-2.4471224453554923,0,0.8073811175582088,0,-0.5069215889021599,0,-1.025810756083426,0,-0.27187108823652695,0,0.06635788216347852,0,-0.4728514166340949,1,-0.05731028276090452,1,-0.10540444557242859,1,-0.05157958710740222,1,-0.19188271958148292,1,-0.4775441224635003,1,-0.1819713314890877,1,0.15004169174687998,0,-0.38749394545440313,0,-0.2302215311947184,0,-0.2580612937396559,train
Josh Bullocks,8454,S,2005,College Stats,4.46,37.5,16.0,118.0,7.09,4.08,72.0,209.0,11,2.0,38.0,0,4.0,53.5,37.0,16.0,0.0,2.5,1.0,0.0,0.0,0.0,632.2,0,-0.3461262138805602,0,0.5121564001420393,1,0.020260898304570486,0,-0.8618566104032483,0,1.0157232553245634,0,-0.7809249069084967,0,0.17623039621828915,0,0.9022106257356124,0,-0.49211191676975147,0,-0.27187108823652695,0,0.08932218295713176,0,-0.4728514166340949,1,-0.05731028276090452,1,-0.10540444557242859,1,-0.05157958710740222,1,-0.19188271958148292,1,-0.4775441224635003,1,-0.1819713314890877,1,0.15004169174687998,0,-0.38749394545440313,0,-0.2302215311947184,0,-0.2580612937396559,train
Corey Webster,8457,CB,2005,College Stats,4.5,36.0,9.0,122.0,6.94,4.17,72.0,199.0,11,2.0,46.0,0,4.0,53.5,37.0,16.0,0.0,2.5,1.0,0.0,0.0,0.0,838.8,0,0.1092641059622989,1,-0.09300026703346613,0,-1.8956380817241276,1,-0.0913142707684144,1,0.018646627838695376,1,0.05217386231499889,0,0.17623039621828915,0,0.021502991587004718,0,-0.49211191676975147,0,-0.27187108823652695,0,0.27303658930635766,0,-0.4728514166340949,1,-0.05731028276090452,1,-0.10540444557242859,1,-0.05157958710740222,1,-0.19188271958148292,1,-0.4775441224635003,1,-0.1819713314890877,1,0.15004169174687998,0,-0.38749394545440313,0,-0.2302215311947184,0,-0.2580612937396559,train
Darrent Williams,8470,CB,2005,College Stats,4.3,39.0,16.0,124.0,6.97,3.96,69.0,176.0,7,0.0,0.0,0,4.0,53.5,37.0,16.0,0.0,2.5,1.0,0.0,0.0,0.0,345.8,0,-2.1676874932519965,0,1.1173130673175447,0,0.020260898304570486,0,0.2939568990490026,0,0.21806195333586542,0,-1.8917232658731604,0,-1.7172217678014698,0,-2.004124566954793,0,-2.6269072740244495,0,-1.3454133340935819,0,-0.7833212472016914,0,-0.4728514166340949,1,-0.05731028276090452,1,-0.10540444557242859,1,-0.05157958710740222,1,-0.19188271958148292,1,-0.4775441224635003,1,-0.1819713314890877,1,0.15004169174687998,0,-0.38749394545440313,0,-0.2302215311947184,0,-0.2580612937396559,train
Kelvin Hayden,8474,CB,2005,College Stats,4.45,34.0,17.0,111.0,6.87,3.9,70.0,197.0,11,4.0,84.0,1,4.0,53.5,37.0,16.0,0.0,2.5,1.0,0.0,0.0,0.0,681.8,0,-0.4599737938412724,0,-0.8998758232674734,0,0.2939607525943845,0,-2.210305704764208,0,-0.44665579832137986,0,-2.4471224453554923,0,-1.0860710464615502,0,-0.1546385352427168,0,-0.49211191676975147,0,0.801671157620528,0,1.1456800194651808,0,1.3296020032087423,1,-0.05731028276090452,1,-0.10540444557242859,1,-0.05157958710740222,1,-0.19188271958148292,1,-0.4775441224635003,1,-0.1819713314890877,1,0.15004169174687998,0,-0.38749394545440313,0,-0.2302215311947184,0,-0.2580612937396559,test
Bryant McFadden,8476,CB,2005,College Stats,4.44,38.5,23.0,130.0,6.94,4.04,72.0,193.0,12,1.0,0.0,0,4.0,53.5,37.0,16.0,0.0,2.5,1.0,0.0,0.0,0.0,630.9000000000001,0,-0.5738213738019847,0,0.9155941782590429,0,1.9361598783332685,0,1.4497704085012535,1,0.018646627838695376,0,-1.1511910265633847,0,0.17623039621828915,0,-0.5069215889021599,0,0.04158692254392306,0,-0.8086422111650544,0,-0.7833212472016914,0,-0.4728514166340949,1,-0.05731028276090452,1,-0.10540444557242859,1,-0.05157958710740222,1,-0.19188271958148292,1,-0.4775441224635003,1,-0.1819713314890877,1,0.15004169174687998,0,-0.38749394545440313,0,-0.2302215311947184,0,-0.2580612937396559,train
Stanley Wilson,8486,CB,2005,College Stats,4.36,39.5,14.0,125.0,6.94,4.17,72.0,185.0,11,1.0,51.0,0,4.0,53.5,37.0,16.0,0.0,2.5,1.0,0.0,0.0,0.0,194.0,0,-1.484602013487703,0,1.3190319563760464,0,-0.5271388102750575,0,0.4865924839577111,1,0.018646627838695376,1,0.05217386231499889,0,0.17623039621828915,0,-1.211487696221046,0,-0.49211191676975147,0,-0.8086422111650544,0,0.3878580932746239,0,-0.4728514166340949,1,-0.05731028276090452,1,-0.10540444557242859,1,-0.05157958710740222,1,-0.19188271958148292,1,-0.4775441224635003,1,-0.1819713314890877,1,0.15004169174687998,0,-0.38749394545440313,0,-0.2302215311947184,0,-0.2580612937396559,test
Eric Green,8489,CB,2005,College Stats,4.52,38.0,16.0,120.0,6.94,3.9,71.0,198.0,13,1.0,47.0,0,4.0,53.5,37.0,16.0,0.0,2.5,1.0,0.0,0.0,0.0,432.2,0,0.3369592658837234,0,0.7138752892005411,1,0.020260898304570486,0,-0.4765854405858314,1,0.018646627838695376,0,-2.4471224453554923,0,-0.45492032512163055,0,-0.06656777182785605,0,0.5752857618575975,0,-0.8086422111650544,0,0.2960008901000109,0,-0.4728514166340949,1,-0.05731028276090452,1,-0.10540444557242859,1,-0.05157958710740222,1,-0.19188271958148292,1,-0.4775441224635003,1,-0.1819713314890877,1,0.15004169174687998,0,-0.38749394545440313,0,-0.2302215311947184,0,-0.2580612937396559,train
Karl Paymah,8490,CB,2005,College Stats,4.35,41.5,15.0,125.0,7.09,3.91,72.0,204.0,11,2.0,5.0,0,4.0,53.5,37.0,16.0,0.0,2.5,1.0,0.0,0.0,0.0,323.3,0,-1.598449593448425,0,2.1259075126100537,0,-0.2534389559852435,0,0.4865924839577111,0,1.0157232553245634,0,-2.354555915441768,0,0.17623039621828915,0,0.4618568086613085,0,-0.49211191676975147,0,-0.27187108823652695,0,-0.6684997432334252,0,-0.4728514166340949,1,-0.05731028276090452,1,-0.10540444557242859,1,-0.05157958710740222,1,-0.19188271958148292,1,-0.4775441224635003,1,-0.1819713314890877,1,0.15004169174687998,0,-0.38749394545440313,0,-0.2302215311947184,0,-0.2580612937396559,train
Ellis Hobbs,8498,CB,2005,College Stats,4.45,42.0,12.0,124.0,6.8,4.07,69.0,192.0,12,5.0,117.0,1,4.0,53.5,37.0,16.0,0.0,2.5,1.0,0.0,0.0,0.0,624.3,0,-0.4599737938412724,0,2.3276264016685557,0,-1.0745385188546857,0,0.2939568990490026,0,-0.9119582244814551,0,-0.8734914368222166,0,-1.7172217678014698,0,-0.5949923523170206,0,0.04158692254392306,0,1.3384422805490555,0,1.9035019456557378,0,1.3296020032087423,1,-0.05731028276090452,1,-0.10540444557242859,1,-0.05157958710740222,1,-0.19188271958148292,1,-0.4775441224635003,1,-0.1819713314890877,1,0.15004169174687998,0,-0.38749394545440313,0,-0.2302215311947184,0,-0.2580612937396559,test
Scott Starks,8501,CB,2005,College Stats,4.37,43.0,13.0,137.0,6.99,3.9,68.0,172.0,12,1.0,16.0,0,4.0,53.5,37.0,16.0,0.0,2.5,1.0,0.0,40.0,1.0,203.6,0,-1.3707544335269906,0,2.7310641797855593,0,-0.8008386645648715,0,2.798219502862213,0,0.35100550366731803,0,-2.4471224453554923,0,-2.3483724891413895,0,-2.356407620614236,0,0.04158692254392306,0,-0.8086422111650544,0,-0.41589243450323954,0,-0.4728514166340949,1,-0.05731028276090452,1,-0.10540444557242859,1,-0.05157958710740222,1,-0.19188271958148292,1,-0.4775441224635003,1,-0.1819713314890877,1,0.15004169174687998,0,-0.38749394545440313,0,3.1176647581335755,0,3.7160826298510456,train
Sean Considine,8516,S,2005,College Stats,4.5,37.0,19.0,117.0,7.09,3.92,72.0,212.0,10,3.0,62.0,0,4.0,53.5,37.0,16.0,0.0,2.5,1.0,0.0,0.0,0.0,460.4,0,0.1092641059622989,0,0.3104375110835375,0,0.8413604611740125,0,-1.0544921953119568,0,1.0157232553245634,0,-2.2619893855280484,0,0.17623039621828915,0,1.1664229159801947,0,-1.025810756083426,0,0.2649000346920005,0,0.6404654020048095,0,-0.4728514166340949,1,-0.05731028276090452,1,-0.10540444557242859,1,-0.05157958710740222,1,-0.19188271958148292,1,-0.4775441224635003,1,-0.1819713314890877,1,0.15004169174687998,0,-0.38749394545440313,0,-0.2302215311947184,0,-0.2580612937396559,train
Antonio Perkins,8517,CB,2005,College Stats,4.49,40.0,10.0,126.0,7.17,4.07,71.0,190.0,12,1.0,0.0,0,4.0,53.5,37.0,16.0,0.0,2.5,1.0,0.0,0.0,0.0,9.8,0,-0.004583473998413347,0,1.5207508454345484,0,-1.6219382274343135,0,0.6792280688664196,0,1.5474974566503619,0,-0.8734914368222166,0,-0.45492032512163055,0,-0.7711338791467421,0,0.04158692254392306,0,-0.8086422111650544,0,-0.7833212472016914,0,-0.4728514166340949,1,-0.05731028276090452,1,-0.10540444557242859,1,-0.05157958710740222,1,-0.19188271958148292,1,-0.4775441224635003,1,-0.1819713314890877,1,0.15004169174687998,0,-0.38749394545440313,0,-0.2302215311947184,0,-0.2580612937396559,test
Travis Daniels,8518,CB,2005,College Stats,4.54,35.0,16.0,120.0,6.95,3.97,73.0,194.0,12,0.0,1.0,1,4.0,53.5,37.0,16.0,0.0,2.5,1.0,0.0,0.0,0.0,453.59999999999997,0,0.564654425805158,0,-0.49643804515046974,1,0.020260898304570486,0,-0.4765854405858314,0,0.08511840300441872,0,-1.7991567359594363,0,0.8073811175582088,0,-0.4188508254872991,0,0.04158692254392306,0,-1.3454133340935819,0,-0.7603569464080382,0,1.3296020032087423,1,-0.05731028276090452,1,-0.10540444557242859,1,-0.05157958710740222,1,-0.19188271958148292,1,-0.4775441224635003,1,-0.1819713314890877,1,0.15004169174687998,0,-0.38749394545440313,0,-0.2302215311947184,0,-0.2580612937396559,val
Vincent Fuller,8522,S,2005,College Stats,4.44,36.0,16.0,122.0,6.94,4.17,73.0,189.0,13,3.0,12.0,0,4.0,53.5,37.0,16.0,0.0,2.5,1.0,0.0,0.0,1.0,339.9,0,-0.5738213738019847,1,-0.09300026703346613,1,0.020260898304570486,1,-0.0913142707684144,1,0.018646627838695376,1,0.05217386231499889,0,0.8073811175582088,0,-0.8592046425616029,0,0.5752857618575975,0,0.2649000346920005,0,-0.5077496376778525,0,-0.4728514166340949,1,-0.05731028276090452,1,-0.10540444557242859,1,-0.05157958710740222,1,-0.19188271958148292,1,-0.4775441224635003,1,-0.1819713314890877,1,0.15004169174687998,0,-0.38749394545440313,0,-0.2302215311947184,0,3.7160826298510456,train
Marviel Underwood,8529,S,2005,College Stats,4.45,38.0,19.0,118.0,7.12,4.21,70.0,205.0,11,2.0,21.0,0,4.0,53.5,37.0,16.0,0.0,2.5,1.0,0.0,0.0,0.0,71.4,0,-0.4599737938412724,0,0.7138752892005411,0,0.8413604611740125,0,-0.8618566104032483,0,1.2151385808217392,0,0.42243998196988675,0,-1.0860710464615502,0,0.5499275720761693,0,-0.49211191676975147,0,-0.27187108823652695,0,-0.30107093053497336,0,-0.4728514166340949,1,-0.05731028276090452,1,-0.10540444557242859,1,-0.05157958710740222,1,-0.19188271958148292,1,-0.4775441224635003,1,-0.1819713314890877,1,0.15004169174687998,0,-0.38749394545440313,0,-0.2302215311947184,0,-0.2580612937396559,train
Kerry Rhodes,8537,S,2005,College Stats,4.56,42.0,12.0,123.0,6.94,4.12,74.0,209.0,12,6.0,56.0,1,4.0,53.5,37.0,16.0,0.0,2.5,1.0,0.0,40.0,1.0,1150.7,0,0.7923495857265824,0,2.3276264016685557,0,-1.0745385188546857,0,0.10132131414029409,0,0.018646627838695376,0,-0.4106587872536089,0,1.4385318388981285,0,0.9022106257356124,0,0.04158692254392306,0,1.875213403477583,0,0.5026795972428901,0,1.3296020032087423,1,-0.05731028276090452,1,-0.10540444557242859,1,-0.05157958710740222,1,-0.19188271958148292,1,-0.4775441224635003,1,-0.1819713314890877,1,0.15004169174687998,0,-0.38749394545440313,0,3.1176647581335755,0,3.7160826298510456,train
Donte Nicholson,8555,S,2005,College Stats,4.56,36.0,18.0,122.0,6.94,4.17,73.0,212.0,13,1.0,32.0,0,4.0,53.5,37.0,16.0,0.0,2.5,1.0,0.0,0.0,0.0,35.0,0,0.7923495857265824,1,-0.09300026703346613,0,0.5676606068841985,1,-0.0913142707684144,1,0.018646627838695376,1,0.05217386231499889,0,0.8073811175582088,0,1.1664229159801947,0,0.5752857618575975,0,-0.8086422111650544,0,-0.048463621804787686,0,-0.4728514166340949,1,-0.05731028276090452,1,-0.10540444557242859,1,-0.05157958710740222,1,-0.19188271958148292,1,-0.4775441224635003,1,-0.1819713314890877,1,0.15004169174687998,0,-0.38749394545440313,0,-0.2302215311947184,0,-0.2580612937396559,val
Eric King,8570,CB,2005,College Stats,4.43,36.0,12.0,122.0,6.94,4.17,68.0,189.0,10,1.0,0.0,0,4.0,53.5,37.0,16.0,0.0,2.5,1.0,0.0,0.0,0.0,209.0,0,-0.687668953762707,1,-0.09300026703346613,0,-1.0745385188546857,1,-0.0913142707684144,1,0.018646627838695376,1,0.05217386231499889,0,-2.3483724891413895,0,-0.8592046425616029,0,-1.025810756083426,0,-0.8086422111650544,0,-0.7833212472016914,0,-0.4728514166340949,1,-0.05731028276090452,1,-0.10540444557242859,1,-0.05157958710740222,1,-0.19188271958148292,1,-0.4775441224635003,1,-0.1819713314890877,1,0.15004169174687998,0,-0.38749394545440313,0,-0.2302215311947184,0,-0.2580612937396559,val
Gerald Sensabaugh,8571,S,2005,College Stats,4.44,46.0,17.0,133.0,6.94,4.17,72.0,214.0,12,1.0,0.0,0,4.0,53.5,37.0,16.0,0.0,2.5,1.0,0.0,0.0,0.0,662.8,0,-0.5738213738019847,0,3.94137751413657,0,0.2939607525943845,0,2.027677163227379,1,0.018646627838695376,1,0.05217386231499889,0,0.17623039621828915,0,1.3425644428099162,0,0.04158692254392306,0,-0.8086422111650544,0,-0.7833212472016914,0,-0.4728514166340949,1,-0.05731028276090452,1,-0.10540444557242859,1,-0.05157958710740222,1,-0.19188271958148292,1,-0.4775441224635003,1,-0.1819713314890877,1,0.15004169174687998,0,-0.38749394545440313,0,-0.2302215311947184,0,-0.2580612937396559,train
Ben Emanuel,8585,S,2005,College Stats,4.57,36.0,21.0,122.0,6.94,4.17,75.0,213.0,12,1.0,0.0,0,4.0,53.5,37.0,16.0,0.0,2.5,1.0,0.0,0.0,0.0,96.5,0,0.9061971656873048,1,-0.09300026703346613,0,1.3887601697536405,1,-0.0913142707684144,1,0.018646627838695376,1,0.05217386231499889,0,2.069682560238048,0,1.2544936793950554,0,0.04158692254392306,0,-0.8086422111650544,0,-0.7833212472016914,0,-0.4728514166340949,1,-0.05731028276090452,1,-0.10540444557242859,1,-0.05157958710740222,1,-0.19188271958148292,1,-0.4775441224635003,1,-0.1819713314890877,1,0.15004169174687998,0,-0.38749394545440313,0,-0.2302215311947184,0,-0.2580612937396559,train
Derrick Johnson,8619,CB,2005,College Stats,4.43,36.0,18.0,122.0,7.15,4.1,71.0,197.0,12,1.0,18.0,0,4.0,53.5,37.0,16.0,0.0,2.5,1.0,0.0,0.0,0.0,109.1,0,-0.687668953762707,1,-0.09300026703346613,0,0.5676606068841985,1,-0.0913142707684144,0,1.4145539063189152,0,-0.5957918470810569,0,-0.45492032512163055,0,-0.1546385352427168,0,0.04158692254392306,0,-0.8086422111650544,0,-0.36996383291593304,0,-0.4728514166340949,1,-0.05731028276090452,1,-0.10540444557242859,1,-0.05157958710740222,1,-0.19188271958148292,1,-0.4775441224635003,1,-0.1819713314890877,1,0.15004169174687998,0,-0.38749394545440313,0,-0.2302215311947184,0,-0.2580612937396559,train
Daven Holly,8629,CB,2005,College Stats,4.39,39.0,15.0,115.0,7.16,4.08,70.0,192.0,12,2.0,0.0,0,4.0,53.5,37.0,16.0,0.0,2.5,1.0,0.0,0.0,0.0,294.4,0,-1.143059273605566,0,1.1173130673175447,0,-0.2534389559852435,0,-1.439763365129374,0,1.4810256814846385,0,-0.7809249069084967,0,-1.0860710464615502,0,-0.5949923523170206,0,0.04158692254392306,0,-0.27187108823652695,0,-0.7833212472016914,0,-0.4728514166340949,1,-0.05731028276090452,1,-0.10540444557242859,1,-0.05157958710740222,1,-0.19188271958148292,1,-0.4775441224635003,1,-0.1819713314890877,1,0.15004169174687998,0,-0.38749394545440313,0,-0.2302215311947184,0,-0.2580612937396559,train
Hamza Abdullah,8645,S,2005,College Stats,4.49,39.0,18.0,114.0,6.94,4.17,74.0,214.0,11,1.0,3.0,0,4.0,53.5,37.0,16.0,0.0,2.5,1.0,0.0,0.0,0.0,169.10000000000002,1,-0.004583473998413347,0,1.1173130673175447,0,0.5676606068841985,0,-1.6323989500380824,0,0.018646627838695376,1,0.05217386231499889,0,1.4385318388981285,0,1.3425644428099162,0,-0.49211191676975147,0,-0.8086422111650544,0,-0.7144283448207317,0,-0.4728514166340949,1,-0.05731028276090452,1,-0.10540444557242859,1,-0.05157958710740222,1,-0.19188271958148292,1,-0.4775441224635003,1,-0.1819713314890877,1,0.15004169174687998,0,-0.38749394545440313,0,-0.2302215311947184,0,-0.2580612937396559,train
Michael Huff,9593,S,2006,College Stats,4.34,40.5,21.0,125.0,6.94,4.17,72.0,204.0,13,1.0,11.0,0,0.0,87.0,44.0,43.0,2.0,9.0,3.0,0.0,21.0,1.0,832.4,0,-1.7122971734091375,0,1.7224697344930502,0,1.3887601697536405,0,0.4865924839577111,1,0.018646627838695376,1,0.05217386231499889,0,0.17623039621828915,0,0.4618568086613085,0,0.5752857618575975,0,-0.8086422111650544,0,-0.5307139384715057,0,-0.4728514166340949,0,-1.0776320798914605,0,1.5454198856605958,0,0.5011320918367275,0,2.5939006184764986,0,1.8909516862121534,0,2.8438310409457417,0,2.3718128964602943,0,-0.38749394545440313,0,1.527418770702636,0,3.7160826298510456,train
Donte Whitner,9594,S,2006,College Stats,4.4,40.0,18.0,132.0,6.94,4.17,70.0,204.0,12,2.0,26.0,1,0.0,73.0,56.0,17.0,4.0,9.0,1.0,0.0,0.0,0.0,1189.1999999999998,0,-1.0292116936448437,0,1.5207508454345484,0,0.5676606068841985,0,1.8350415783186707,1,0.018646627838695376,1,0.05217386231499889,0,-1.0860710464615502,0,0.4618568086613085,0,0.04158692254392306,0,-0.27187108823652695,0,-0.18624942656670712,0,1.3296020032087423,0,-1.0776320798914605,0,0.8555231502199289,0,1.4486378271695213,0,-0.08870555891266879,0,4.259447494887807,0,2.8438310409457417,0,0.15004169174687998,0,-0.38749394545440313,0,-0.2302215311947184,0,-0.2580612937396559,train
Tye Hill,9601,CB,2006,College Stats,4.34,41.0,16.0,129.0,6.63,4.01,70.0,185.0,12,3.0,35.0,0,0.0,43.0,35.0,8.0,0.0,4.0,1.0,0.0,0.0,0.0,309.7,0,-1.7122971734091375,0,1.924188623551552,1,0.020260898304570486,0,1.257134823592545,0,-2.041978402298776,0,-1.4288906163045525,0,-1.0860710464615502,0,-1.211487696221046,0,0.04158692254392306,0,0.2649000346920005,0,0.020429280576172038,0,-0.4728514166340949,0,-1.0776320798914605,0,-0.6228269971529288,0,-0.20949720966286783,0,-1.017300004931996,0,-0.4775441224635003,0,0.5162907544574113,0,0.15004169174687998,0,-0.38749394545440313,0,-0.2302215311947184,0,-0.2580612937396559,test
Jason Allen,9602,S,2006,College Stats,4.39,39.5,17.0,131.0,6.75,3.81,73.0,209.0,12,0.0,0.0,0,2.0,29.0,14.0,15.0,7.0,10.0,1.0,0.0,0.0,0.0,534.5999999999999,0,-1.143059273605566,0,1.3190319563760464,0,0.2939607525943845,0,1.642405993409962,0,-1.2443171003100777,0,-3.280221214578988,0,0.8073811175582088,0,0.9022106257356124,0,0.04158692254392306,0,-1.3454133340935819,0,-0.7833212472016914,0,-0.4728514166340949,0,-0.5674711813261825,0,-1.3127237325935956,0,-1.8676322464952568,0,-0.29505988025029706,0,7.812191207901288,0,3.3093390982434077,0,0.15004169174687998,0,-0.38749394545440313,0,-0.2302215311947184,0,-0.2580612937396559,train
Kelly Jennings,9617,CB,2006,College Stats,4.39,40.0,16.0,120.0,6.94,4.0,71.0,178.0,12,3.0,36.0,0,0.0,32.0,24.0,8.0,1.0,3.0,4.0,0.0,0.0,0.0,565.2,0,-1.143059273605566,0,1.5207508454345484,1,0.020260898304570486,0,-0.4765854405858314,1,0.018646627838695376,0,-1.5214571462182724,0,-0.45492032512163055,0,-1.8279830401250714,0,0.04158692254392306,0,0.2649000346920005,0,0.043393581369825275,0,-0.4728514166340949,0,-1.0776320798914605,0,-1.1648887178563099,0,-1.0780441337179287,0,-1.017300004931996,0,0.7067037818743266,0,0.050782697159745295,0,3.482698498817001,0,-0.38749394545440313,0,-0.2302215311947184,0,-0.2580612937396559,train
Jimmy Williams,9623,CB,2006,College Stats,4.44,36.0,16.0,122.0,6.94,4.17,74.0,213.0,9,4.0,64.0,0,4.0,53.5,37.0,16.0,0.0,2.5,1.0,0.0,0.0,0.0,111.6,0,-0.5738213738019847,1,-0.09300026703346613,1,0.020260898304570486,1,-0.0913142707684144,1,0.018646627838695376,1,0.05217386231499889,0,1.4385318388981285,0,1.2544936793950554,0,-1.5595095953971005,0,0.801671157620528,0,0.686394003592116,0,-0.4728514166340949,1,-0.05731028276090452,1,-0.10540444557242859,1,-0.05157958710740222,1,-0.19188271958148292,1,-0.4775441224635003,1,-0.1819713314890877,1,0.15004169174687998,0,-0.38749394545440313,0,-0.2302215311947184,0,-0.2580612937396559,train
Daniel Bullocks,9626,S,2006,College Stats,4.38,38.0,18.0,124.0,6.91,4.16,72.0,212.0,12,1.0,12.0,0,0.0,83.0,46.0,37.0,0.0,4.0,2.0,0.0,30.0,1.0,301.0,0,-1.2569068535662784,0,0.7138752892005411,0,0.5676606068841985,0,0.2939568990490026,0,-0.18076869765848058,0,-0.04039266759872102,0,0.17623039621828915,0,1.1664229159801947,0,0.04158692254392306,0,-0.8086422111650544,0,-0.5077496376778525,0,-0.4728514166340949,0,-1.0776320798914605,0,1.348306532677548,0,0.6590497143921931,0,1.974837654463614,0,-0.4775441224635003,0,0.5162907544574113,0,1.260927294103587,0,-0.38749394545440313,0,2.280693185801502,0,3.7160826298510456,train
Roman Harper,9629,S,2006,College Stats,4.5,36.0,19.0,122.0,6.94,4.17,72.0,198.0,12,1.0,50.0,0,0.0,69.0,35.0,34.0,0.5,6.5,2.0,0.0,0.0,0.0,1185.85,0,0.1092641059622989,1,-0.09300026703346613,0,0.8413604611740125,1,-0.0913142707684144,1,0.018646627838695376,1,0.05217386231499889,0,0.17623039621828915,0,-0.06656777182785605,0,0.04158692254392306,0,-0.8086422111650544,0,0.36489379248097065,0,-0.4728514166340949,0,-1.0776320798914605,0,0.6584097972368812,0,-0.20949720966286783,0,1.6653061724571714,0,0.11457982970541312,0,1.6800608977015763,0,1.260927294103587,0,-0.38749394545440313,0,-0.2302215311947184,0,-0.2580612937396559,train
Cedric Griffin,9634,S,2006,College Stats,4.51,35.5,17.0,125.0,6.84,4.1,72.0,199.0,13,0.0,0.0,0,0.0,71.0,44.0,27.0,0.0,0.0,2.0,0.0,0.0,0.0,828.5999999999999,0,0.22311168592301114,0,-0.2947191560919679,0,0.2939607525943845,0,0.4865924839577111,0,-0.6460711238185558,0,-0.5957918470810569,0,0.17623039621828915,0,0.021502991587004718,0,0.5752857618575975,0,-1.3454133340935819,0,-0.7833212472016914,0,-0.4728514166340949,0,-1.0776320798914605,0,0.756966473728405,0,0.5011320918367275,0,0.9430660477754725,0,-0.4775441224635003,0,-1.3457414747332528,0,1.260927294103587,0,-0.38749394545440313,0,-0.2302215311947184,0,-0.2580612937396559,val
Bernard Pollard,9640,S,2006,College Stats,4.57,36.5,16.0,131.0,6.94,4.17,74.0,224.0,11,3.0,0.0,0,0.0,92.0,64.0,28.0,0.0,1.5,0.0,0.0,0.0,0.0,1045.9,0,0.9061971656873048,0,0.10871862202503568,1,0.020260898304570486,0,1.642405993409962,1,0.018646627838695376,1,0.05217386231499889,0,1.4385318388981285,0,2.2232720769585237,0,-0.49211191676975147,0,0.2649000346920005,0,-0.7833212472016914,0,-0.4728514166340949,0,-1.0776320798914605,0,1.7918115768894054,0,2.080308317391384,0,1.0462432084442868,0,-0.4775441224635003,0,-0.6474793887867537,0,-0.9608439106098271,0,-0.38749394545440313,0,-0.2302215311947184,0,-0.2580612937396559,train
Richard Marshall,9644,CB,2006,College Stats,4.42,37.0,12.0,129.0,6.65,4.16,71.0,189.0,13,3.0,17.0,0,0.0,78.0,57.0,21.0,0.0,1.0,1.0,0.0,0.0,0.0,1098.6,0,-0.8015165337234192,0,0.3104375110835375,0,-1.0745385188546857,0,1.257134823592545,0,-1.909034851967323,0,-0.04039266759872102,0,-0.45492032512163055,0,-0.8592046425616029,0,0.5752857618575975,0,0.2649000346920005,0,-0.3929281337095863,0,-0.4728514166340949,0,-1.0776320798914605,0,1.1019148414487385,0,1.527596638447254,0,0.32400308376258774,0,-0.4775441224635003,0,-0.8802334174355867,0,0.15004169174687998,0,-0.38749394545440313,0,-0.2302215311947184,0,-0.2580612937396559,train
Tim Jennings,9648,CB,2006,College Stats,4.32,37.5,17.0,117.0,6.94,4.17,68.0,185.0,12,4.0,79.0,1,0.0,56.0,46.0,10.0,1.0,7.0,0.0,0.0,0.0,0.0,842.5,0,-1.939992333330562,0,0.5121564001420393,0,0.2939607525943845,0,-1.0544921953119568,1,0.018646627838695376,1,0.05217386231499889,0,-2.3483724891413895,0,-1.211487696221046,0,0.04158692254392306,0,0.801671157620528,0,1.0308585154969145,0,1.3296020032087423,0,-1.0776320798914605,0,0.017791400041976206,0,0.6590497143921931,0,-0.8109456835943677,0,0.7067037818743266,0,1.9128149263504095,0,-0.9608439106098271,0,-0.38749394545440313,0,-0.2302215311947184,0,-0.2580612937396559,val
Ashton Youboty,9656,CB,2006,College Stats,4.44,36.0,16.0,122.0,6.94,4.17,72.0,189.0,12,1.0,-6.0,0,0.0,56.0,42.0,14.0,1.0,6.0,0.0,0.0,0.0,1.0,202.5,0,-0.5738213738019847,1,-0.09300026703346613,1,0.020260898304570486,1,-0.0913142707684144,1,0.018646627838695376,1,0.05217386231499889,0,0.17623039621828915,0,-0.8592046425616029,0,0.04158692254392306,0,-0.8086422111650544,0,-0.9211070519636109,0,-0.4728514166340949,0,-1.0776320798914605,0,0.017791400041976206,0,0.3432144692812618,0,-0.3982370409191112,0,0.7067037818743266,0,1.4473068690527433,0,-0.9608439106098271,0,-0.38749394545440313,0,-0.2302215311947184,0,3.7160826298510456,train
Anthony Smith,9669,S,2006,College Stats,4.71,41.0,18.0,125.0,6.75,4.35,72.0,194.0,11,6.0,73.0,0,0.0,71.0,50.0,21.0,3.0,5.0,2.0,0.0,0.0,0.0,467.7,0,2.5000632851373066,0,1.924188623551552,0,0.5676606068841985,0,0.4865924839577111,0,-1.2443171003100777,0,1.7183714007619901,0,0.17623039621828915,0,-0.4188508254872991,0,-0.49211191676975147,0,1.875213403477583,0,0.8930727107349952,0,-0.4728514166340949,0,-1.0776320798914605,0,0.756966473728405,0,0.9748849595031244,0,0.32400308376258774,0,3.0751995905499805,0,0.9817988117550773,0,1.260927294103587,0,-0.38749394545440313,0,-0.2302215311947184,0,-0.2580612937396559,val
Eric Smith,9683,S,2006,College Stats,4.63,40.0,21.0,127.0,6.89,4.1,73.0,209.0,11,2.0,16.0,0,0.0,101.0,77.0,24.0,0.0,2.0,0.0,0.0,65.0,1.0,542.25,0,1.5892826454515885,0,1.5207508454345484,0,1.3887601697536405,0,0.8718636537751281,0,-0.3137122479899332,0,-0.5957918470810569,0,0.8073811175582088,0,0.9022106257356124,0,-0.49211191676975147,0,-0.27187108823652695,0,-0.41589243450323954,0,-0.4728514166340949,0,-1.0776320798914605,0,2.2353166211012625,0,3.1067728640019103,0,0.6335345657690301,0,-0.4775441224635003,0,-0.4147253601379207,0,-0.9608439106098271,0,-0.38749394545440313,0,5.2100936889637595,0,3.7160826298510456,train
Darnell Bing,9687,S,2006,College Stats,4.53,34.0,17.0,120.0,7.25,4.07,74.0,227.0,12,4.0,119.0,1,0.0,50.0,36.0,14.0,0.0,2.5,1.0,0.0,0.0,0.0,14.0,0,0.45080684584444575,0,-0.8998758232674734,0,0.2939607525943845,0,-0.4765854405858314,0,2.0792716579761605,0,-0.8734914368222166,0,1.4385318388981285,0,2.487484367203106,0,0.04158692254392306,0,0.801671157620528,0,1.9494305472430444,0,1.3296020032087423,0,-1.0776320798914605,0,-0.27787862943259534,0,-0.13053839838513503,0,-0.3982370409191112,0,-0.4775441224635003,0,-0.1819713314890877,0,0.15004169174687998,0,-0.38749394545440313,0,-0.2302215311947184,0,-0.2580612937396559,train
Calvin Lowry,9688,S,2006,College Stats,4.54,36.0,15.0,120.0,7.16,4.2,71.0,200.0,12,4.0,36.0,0,0.0,79.0,48.0,31.0,1.0,1.5,1.0,0.0,0.0,0.0,242.8,0,0.564654425805158,0,-0.09300026703346613,0,-0.2534389559852435,0,-0.4765854405858314,0,1.4810256814846385,0,0.32987345205616686,0,-0.45492032512163055,0,0.10957375500186549,0,0.04158692254392306,0,0.801671157620528,0,0.043393581369825275,0,-0.4728514166340949,0,-1.0776320798914605,0,1.1511931796945003,0,0.8169673369476587,0,1.355774690450729,0,0.7067037818743266,0,-0.6474793887867537,0,0.15004169174687998,0,-0.38749394545440313,0,-0.2302215311947184,0,-0.2580612937396559,train
Ko Simpson,9691,S,2006,College Stats,4.45,40.5,11.0,122.0,7.09,4.17,73.0,209.0,12,1.0,16.0,0,0.0,103.0,72.0,31.0,0.0,2.5,0.0,0.0,19.0,1.0,361.0,0,-0.4599737938412724,0,1.7224697344930502,0,-1.3482383731444996,0,-0.0913142707684144,0,1.0157232553245634,0,0.05217386231499889,0,0.8073811175582088,0,0.9022106257356124,0,0.04158692254392306,0,-0.8086422111650544,0,-0.41589243450323954,0,-0.4728514166340949,0,-1.0776320798914605,0,2.3338732975927865,0,2.7119788076132463,0,1.355774690450729,0,-0.4775441224635003,0,-0.1819713314890877,0,-0.9608439106098271,0,-0.38749394545440313,0,1.3600244562362214,0,3.7160826298510456,train
Will Blackmon,9701,CB,2006,College Stats,4.47,41.0,16.0,133.0,6.67,4.23,72.0,198.0,12,0.0,0.0,0,0.0,2.0,2.0,0.0,0.0,0.0,0.0,0.0,0.0,0.0,327.04999999999995,0,-0.23227863391984793,0,1.924188623551552,1,0.020260898304570486,0,2.027677163227379,0,-1.7760913016358764,0,0.6075730417973348,0,0.17623039621828915,0,-0.06656777182785605,0,0.04158692254392306,0,-1.3454133340935819,0,-0.7833212472016914,0,-0.4728514166340949,0,-1.0776320798914605,0,-2.6432388652291676,0,-2.8151379818280504,0,-1.842717290282509,0,-0.4775441224635003,0,-1.3457414747332528,0,-0.9608439106098271,0,-0.38749394545440313,0,-0.2302215311947184,0,-0.2580612937396559,train
Nate Salley,9707,S,2006,College Stats,4.63,40.0,14.0,123.0,6.79,4.15,74.0,216.0,12,1.0,0.0,0,0.0,43.0,27.0,16.0,0.0,1.5,1.0,0.0,0.0,0.0,48.99999999999999,0,1.5892826454515885,0,1.5207508454345484,0,-0.5271388102750575,0,0.10132131414029409,0,-0.9784299996471785,0,-0.13295919751244092,0,1.4385318388981285,0,1.5187059696396377,0,0.04158692254392306,0,-0.8086422111650544,0,-0.7833212472016914,0,-0.4728514166340949,0,-1.0776320798914605,0,-0.6228269971529288,0,-0.8411676998847303,0,-0.19188271958148292,0,-0.4775441224635003,0,-0.6474793887867537,0,0.15004169174687998,0,-0.38749394545440313,0,-0.2302215311947184,0,-0.2580612937396559,train
Pat Watkins,9724,S,2006,College Stats,4.42,41.0,14.0,133.0,6.94,4.17,77.0,211.0,13,3.0,34.0,0,0.0,77.0,44.0,33.0,0.0,2.5,1.0,0.0,0.0,0.0,312.5,0,-0.8015165337234192,0,1.924188623551552,0,-0.5271388102750575,0,2.027677163227379,1,0.018646627838695376,1,0.05217386231499889,0,3.3319840029178875,0,1.078352152565334,0,0.5752857618575975,0,0.2649000346920005,0,-0.002535020217481204,0,-0.4728514166340949,0,-1.0776320798914605,0,1.0526365032029765,0,0.5011320918367275,0,1.5621290117883573,0,-0.4775441224635003,0,-0.1819713314890877,0,0.15004169174687998,0,-0.38749394545440313,0,-0.2302215311947184,0,-0.2580612937396559,train
Dawan Landry,9732,S,2006,College Stats,4.64,37.5,18.0,124.0,6.94,4.27,73.0,220.0,12,4.0,12.0,0,0.0,76.0,53.0,23.0,0.0,3.5,1.0,0.0,0.0,0.0,1054.6,0,1.7031302254123006,0,0.5121564001420393,0,0.5676606068841985,0,0.2939568990490026,1,0.018646627838695376,0,0.9778391614522144,0,0.8073811175582088,0,1.8709890232990807,0,0.04158692254392306,0,0.801671157620528,0,-0.5077496376778525,0,-0.4728514166340949,0,-1.0776320798914605,0,1.0033581649572145,0,1.2117613933363227,0,0.530357405100216,0,-0.4775441224635003,0,0.2835367258085783,0,0.15004169174687998,0,-0.38749394545440313,0,-0.2302215311947184,0,-0.2580612937396559,train
Greg Blue,9735,S,2006,College Stats,4.57,37.5,16.0,120.0,6.94,4.17,74.0,216.0,13,2.0,0.0,0,0.0,96.0,70.0,26.0,0.0,3.5,1.0,0.0,0.0,0.0,63.8,0,0.9061971656873048,0,0.5121564001420393,0,0.020260898304570486,0,-0.4765854405858314,1,0.018646627838695376,1,0.05217386231499889,0,1.4385318388981285,0,1.5187059696396377,0,0.5752857618575975,0,-0.27187108823652695,0,-0.7833212472016914,0,-0.4728514166340949,0,-1.0776320798914605,0,1.988924929872453,0,2.5540611850577806,0,0.8398888871066584,0,-0.4775441224635003,0,0.2835367258085783,0,0.15004169174687998,0,-0.38749394545440313,0,-0.2302215311947184,0,-0.2580612937396559,train
Charlie Peprah,9744,S,2006,College Stats,4.66,37.5,15.0,119.0,6.81,4.09,71.0,206.0,12,0.0,0.0,0,5.0,43.0,28.0,15.0,0.0,3.0,2.0,1.0,0.0,0.0,293.1,0,1.9308253853337352,0,0.5121564001420393,0,-0.2534389559852435,0,-0.6692210254945399,0,-0.8454864493157318,0,-0.6883583769947769,0,-0.45492032512163055,0,0.63799833549103,0,0.04158692254392306,0,-1.3454133340935819,0,-0.7833212472016914,0,-0.4728514166340949,0,0.19777016652173446,0,-0.6228269971529288,0,-0.7622088886069975,0,-0.29505988025029706,0,-0.4775441224635003,0,0.050782697159745295,0,1.260927294103587,0,1.5374759771255349,0,-0.2302215311947184,0,-0.2580612937396559,train
Marcus Hudson,9778,S,2006,College Stats,4.55,36.0,11.0,122.0,6.94,4.17,73.0,194.0,12,2.0,28.0,1,0.0,56.0,34.0,22.0,0.0,1.0,0.0,0.0,0.0,0.0,198.1,0,0.6785020057658702,1,-0.09300026703346613,0,-1.3482383731444996,1,-0.0913142707684144,1,0.018646627838695376,1,0.05217386231499889,0,0.8073811175582088,0,-0.4188508254872991,0,0.04158692254392306,0,-0.27187108823652695,0,-0.14032082497940065,0,1.3296020032087423,0,-1.0776320798914605,0,0.017791400041976206,0,-0.28845602094060063,0,0.4271802444314019,0,-0.4775441224635003,0,-0.8802334174355867,0,-0.9608439106098271,0,-0.38749394545440313,0,-0.2302215311947184,0,-0.2580612937396559,train
Derrick Martin,9794,CB,2006,College Stats,4.5,40.0,17.0,127.0,6.72,3.95,70.0,202.0,11,3.0,13.0,1,0.0,47.0,32.0,15.0,1.0,3.5,1.0,0.0,0.0,0.0,246.2,0,0.1092641059622989,0,1.5207508454345484,0,0.2939607525943845,0,0.8718636537751281,0,-1.4437324258072537,0,-1.9842897957868801,0,-1.0860710464615502,0,0.285715281831587,0,-0.49211191676975147,0,0.2649000346920005,0,-0.4847853368841993,0,1.3296020032087423,0,-1.0776320798914605,0,-0.42571364416988106,0,-0.4463736434960663,0,-0.29505988025029706,0,0.7067037818743266,0,0.2835367258085783,0,0.15004169174687998,0,-0.38749394545440313,0,-0.2302215311947184,0,-0.2580612937396559,train
Jarrad Page,9814,S,2006,College Stats,4.63,38.0,16.0,127.0,6.68,4.14,72.0,239.0,12,1.0,0.0,0,0.0,72.0,53.0,19.0,1.0,7.0,2.0,0.0,0.0,0.0,589.0999999999999,0,1.5892826454515885,0,0.7138752892005411,1,0.020260898304570486,0,0.8718636537751281,0,-1.709619526470153,0,-0.22552572742616905,0,0.17623039621828915,0,3.5443335281814354,0,0.04158692254392306,0,-0.8086422111650544,0,-0.7833212472016914,0,-0.4728514166340949,0,-1.0776320798914605,0,0.806244811974167,0,1.2117613933363227,0,0.11764876242495947,0,0.7067037818743266,0,1.9128149263504095,0,1.260927294103587,0,-0.38749394545440313,0,-0.2302215311947184,0,-0.2580612937396559,val
Willie Andrews,9815,S,2006,College Stats,4.43,36.5,7.0,124.0,6.99,4.27,69.0,193.0,11,0.0,0.0,0,0.0,59.0,36.0,23.0,2.0,7.5,1.0,0.0,0.0,0.0,75.6,0,-0.687668953762707,0,0.10871862202503568,0,-2.4430377903037557,0,0.2939568990490026,0,0.35100550366731803,0,0.9778391614522144,0,-1.7172217678014698,0,-0.5069215889021599,0,-0.49211191676975147,0,-1.3454133340935819,0,-0.7833212472016914,0,-0.4728514166340949,0,-1.0776320798914605,0,0.16562641477926196,0,-0.13053839838513503,0,0.530357405100216,0,1.8909516862121534,0,2.1455689549992427,0,0.15004169174687998,0,-0.38749394545440313,0,-0.2302215311947184,0,-0.2580612937396559,val
Jerome Carter,10417,S,2005,College Stats,4.47,35.0,21.0,121.0,7.18,4.04,71.0,220.0,12,1.0,3.0,0,4.0,53.5,37.0,16.0,0.0,2.5,1.0,0.0,0.0,0.0,148.6,0,-0.23227863391984793,0,-0.49643804515046974,0,1.3887601697536405,0,-0.2839498556771229,0,1.6139692318160852,0,-1.1511910265633847,0,-0.45492032512163055,0,1.8709890232990807,0,0.04158692254392306,0,-0.8086422111650544,0,-0.7144283448207317,0,-0.4728514166340949,1,-0.05731028276090452,1,-0.10540444557242859,1,-0.05157958710740222,1,-0.19188271958148292,1,-0.4775441224635003,1,-0.1819713314890877,1,0.15004169174687998,0,-0.38749394545440313,0,-0.2302215311947184,0,-0.2580612937396559,test
LaRon Landry,10451,S,2007,College Stats,4.35,37.5,16.0,123.0,6.94,4.17,72.0,213.0,13,3.0,58.0,0,0.0,74.0,46.0,28.0,1.0,3.5,1.0,0.0,0.0,0.0,959.6,0,-1.598449593448425,0,0.5121564001420393,1,0.020260898304570486,0,0.10132131414029409,1,0.018646627838695376,1,0.05217386231499889,0,0.17623039621828915,0,1.2544936793950554,0,0.5752857618575975,0,0.2649000346920005,0,0.5486081988301966,0,-0.4728514166340949,0,-1.0776320798914605,0,0.9048014884656908,0,0.6590497143921931,0,1.0462432084442868,0,0.7067037818743266,0,0.2835367258085783,0,0.15004169174687998,0,-0.38749394545440313,0,-0.2302215311947184,0,-0.2580612937396559,train
Darrelle Revis,10458,CB,2007,College Stats,4.38,36.0,16.0,122.0,6.94,4.17,71.0,204.0,12,2.0,76.0,2,0.0,39.0,33.0,6.0,0.0,4.0,0.0,0.0,0.0,0.0,1190.1,0,-1.2569068535662784,1,-0.09300026703346613,0,0.020260898304570486,1,-0.0913142707684144,1,0.018646627838695376,1,0.05217386231499889,0,-0.45492032512163055,0,0.4618568086613085,0,0.04158692254392306,0,-0.27187108823652695,0,0.9619656131159549,0,3.13205542305158,0,-1.0776320798914605,0,-0.8199403501359764,0,-0.3674148322183335,0,-1.2236543262696242,0,-0.4775441224635003,0,0.5162907544574113,0,-0.9608439106098271,0,-0.38749394545440313,0,-0.2302215311947184,0,-0.2580612937396559,train
Leon Hall,10462,CB,2007,College Stats,4.39,37.5,15.0,125.0,6.5,4.07,71.0,193.0,13,3.0,10.0,0,0.0,45.0,38.0,7.0,1.0,2.0,0.0,0.0,0.0,0.0,1210.1,0,-1.143059273605566,0,0.5121564001420393,0,-0.2534389559852435,0,0.4865924839577111,0,-2.906111479453197,0,-0.8734914368222166,0,-0.45492032512163055,0,-0.5069215889021599,0,0.5752857618575975,0,0.2649000346920005,0,-0.553678239265159,0,-0.4728514166340949,0,-1.0776320798914605,0,-0.5242703206614049,0,0.027379224170330594,0,-1.1204771656008101,0,0.7067037818743266,0,-0.4147253601379207,0,-0.9608439106098271,0,-0.38749394545440313,0,-0.2302215311947184,0,-0.2580612937396559,val
Michael Griffin,10463,S,2007,College Stats,4.45,36.0,16.0,120.0,6.6,4.1,72.0,202.0,13,4.0,41.0,0,0.0,88.0,63.0,25.0,1.0,2.0,4.0,0.0,0.0,0.0,1262.6,0,-0.4599737938412724,0,-0.09300026703346613,0,0.020260898304570486,0,-0.4765854405858314,0,-2.2413937277959515,0,-0.5957918470810569,0,0.17623039621828915,0,0.285715281831587,0,0.5752857618575975,0,0.801671157620528,0,0.15821508533809148,0,-0.4728514166340949,0,-1.0776320798914605,0,1.5946982239063576,0,2.001349506113651,0,0.7367117264378443,0,0.7067037818743266,0,-0.4147253601379207,0,3.482698498817001,0,-0.38749394545440313,0,-0.2302215311947184,0,-0.2580612937396559,train
Aaron Ross,10464,CB,2007,College Stats,4.44,34.0,17.0,118.0,6.67,4.15,72.0,193.0,13,6.0,7.0,0,0.0,57.0,47.0,10.0,1.0,2.0,3.0,0.0,3.0,1.0,544.0,0,-0.5738213738019847,0,-0.8998758232674734,0,0.2939607525943845,0,-0.8618566104032483,0,-1.7760913016358764,0,-0.13295919751244092,0,0.17623039621828915,0,-0.5069215889021599,0,0.5752857618575975,0,1.875213403477583,0,-0.6225711416461187,0,-0.4728514166340949,0,-1.0776320798914605,0,0.06706973828773813,0,0.7380085256699259,0,-0.8109456835943677,0,0.7067037818743266,0,-0.4147253601379207,0,2.3718128964602943,0,-0.38749394545440313,0,0.020869940504903657,0,3.7160826298510456,val
Reggie Nelson,10465,S,2007,College Stats,4.48,34.5,16.0,122.0,6.94,4.17,71.0,198.0,14,6.0,70.0,1,0.0,51.0,34.0,17.0,0.0,2.0,0.0,0.0,0.0,0.0,1323.45,0,-0.11843105395912559,0,-0.6981569342089715,1,0.020260898304570486,1,-0.0913142707684144,1,0.018646627838695376,1,0.05217386231499889,0,-0.45492032512163055,0,-0.06656777182785605,0,1.108984601171272,0,1.875213403477583,0,0.8241798083540355,0,1.3296020032087423,0,-1.0776320798914605,0,-0.2286002911868334,0,-0.28845602094060063,0,-0.08870555891266879,0,-0.4775441224635003,0,-0.4147253601379207,0,-0.9608439106098271,0,-0.38749394545440313,0,-0.2302215311947184,0,-0.2580612937396559,train
Brandon Meriweather,10468,S,2007,College Stats,4.47,35.0,11.0,111.0,7.06,4.33,71.0,195.0,12,1.0,6.0,0,0.0,58.0,37.0,21.0,1.0,5.0,0.0,0.0,0.0,0.0,885.3,0,-0.23227863391984793,0,-0.49643804515046974,0,-1.3482383731444996,0,-2.210305704764208,0,0.8163079298273874,0,1.5332383409345502,0,-0.45492032512163055,0,-0.3307800620724383,0,0.04158692254392306,0,-0.8086422111650544,0,-0.6455354424397719,0,-0.4728514166340949,0,-1.0776320798914605,0,0.11634807653350004,0,-0.05157958710740222,0,0.32400308376258774,0,0.7067037818743266,0,0.9817988117550773,0,-0.9608439106098271,0,-0.38749394545440313,0,-0.2302215311947184,0,-0.2580612937396559,train
Eric Weddle,10481,S,2007,College Stats,4.48,33.5,11.0,113.0,6.78,4.12,71.0,203.0,13,7.0,80.0,2,0.0,65.0,41.0,24.0,1.0,2.5,0.0,0.0,35.0,1.0,1629.25,0,-0.11843105395912559,0,-1.101594712325975,0,-1.3482383731444996,0,-1.825034534946791,0,-1.044901774812902,0,-0.4106587872536089,0,-0.45492032512163055,0,0.37378604524644776,0,0.5752857618575975,0,2.4119845264061106,0,1.0538228162905678,0,3.13205542305158,0,-1.0776320798914605,0,0.4612964442538335,0,0.264255658003529,0,0.6335345657690301,0,0.7067037818743266,0,-0.1819713314890877,0,-0.9608439106098271,0,-0.38749394545440313,0,2.6991789719675388,0,3.7160826298510456,train
Chris Houston,10485,CB,2007,College Stats,4.32,36.0,27.0,122.0,6.94,4.12,70.0,185.0,14,3.0,129.0,1,0.0,46.0,41.0,5.0,0.0,1.5,2.0,0.0,0.0,0.0,815.5,0,-1.939992333330562,0,-0.09300026703346613,0,3.0309592954925244,0,-0.0913142707684144,0,0.018646627838695376,0,-0.4106587872536089,0,-1.0860710464615502,0,-1.211487696221046,0,1.108984601171272,0,0.2649000346920005,0,2.179073555179577,0,1.3296020032087423,0,-1.0776320798914605,0,-0.474991982415643,0,0.264255658003529,0,-1.3268314869384383,0,-0.4775441224635003,0,-0.6474793887867537,0,1.260927294103587,0,-0.38749394545440313,0,-0.2302215311947184,0,-0.2580612937396559,train
Eric Wright,10497,CB,2007,College Stats,4.36,36.5,16.0,123.0,6.93,4.23,71.0,192.0,9,1.0,32.0,0,0.0,29.0,17.0,12.0,0.0,0.5,1.0,0.0,0.0,0.0,838.0999999999999,0,-1.484602013487703,0,0.10871862202503568,0,0.020260898304570486,0,0.10132131414029409,0,-0.04782514732703388,0,0.6075730417973348,0,-0.45492032512163055,0,-0.5949923523170206,0,-1.5595095953971005,0,-0.8086422111650544,0,-0.048463621804787686,0,-0.4728514166340949,0,-1.0776320798914605,0,-1.3127237325935956,0,-1.6307558126620585,0,-0.6045913622567395,0,-0.4775441224635003,0,-1.1129874460844198,0,0.15004169174687998,0,-0.38749394545440313,0,-0.2302215311947184,0,-0.2580612937396559,train
Josh Wilson,10499,CB,2007,College Stats,4.39,36.5,20.0,120.0,7.07,4.43,69.0,189.0,13,1.0,21.0,0,0.0,55.0,46.0,9.0,2.0,2.5,0.0,0.0,0.0,0.0,867.85,0,-1.143059273605566,0,0.10871862202503568,0,1.1150603154638266,0,-0.4765854405858314,0,0.8827797049931166,0,2.458903640071766,0,-1.7172217678014698,0,-0.8592046425616029,0,0.5752857618575975,0,-0.8086422111650544,0,-0.30107093053497336,0,-0.4728514166340949,0,-1.0776320798914605,0,-0.031486938203785717,0,0.6590497143921931,0,-0.9141228442631819,0,1.8909516862121534,0,-0.1819713314890877,0,-0.9608439106098271,0,-0.38749394545440313,0,-0.2302215311947184,0,-0.2580612937396559,test
Gerald Alexander,10505,S,2007,College Stats,4.51,41.0,15.0,124.0,7.24,4.21,72.0,210.0,13,2.0,25.0,0,0.0,38.0,27.0,11.0,0.0,1.0,1.0,0.0,0.0,0.0,361.6,0,0.22311168592301114,0,1.924188623551552,0,-0.2534389559852435,0,0.2939568990490026,0,2.0127998828104374,0,0.42243998196988675,0,0.17623039621828915,0,0.9902813891504731,0,0.5752857618575975,0,-0.27187108823652695,0,-0.20921372736036037,0,-0.4728514166340949,0,-1.0776320798914605,0,-0.8692186883817383,0,-0.8411676998847303,0,-0.7077685229255536,0,-0.4775441224635003,0,-0.8802334174355867,0,0.15004169174687998,0,-0.38749394545440313,0,-0.2302215311947184,0,-0.2580612937396559,test
Sabby Piscitelli,10508,S,2007,College Stats,4.47,34.5,19.0,122.0,6.84,3.9,75.0,224.0,14,5.0,35.0,0,0.0,71.0,48.0,23.0,1.0,3.0,0.0,0.0,0.0,0.0,440.4,0,-0.23227863391984793,0,-0.6981569342089715,0,0.8413604611740125,0,-0.0913142707684144,0,-0.6460711238185558,0,-2.4471224453554923,0,2.069682560238048,0,2.2232720769585237,0,1.108984601171272,0,1.3384422805490555,0,0.020429280576172038,0,-0.4728514166340949,0,-1.0776320798914605,0,0.756966473728405,0,0.8169673369476587,0,0.530357405100216,0,0.7067037818743266,0,0.050782697159745295,0,-0.9608439106098271,0,-0.38749394545440313,0,-0.2302215311947184,0,-0.2580612937396559,val
Marcus McCauley,10516,CB,2007,College Stats,4.39,36.0,17.0,129.0,6.61,4.17,73.0,203.0,12,0.0,0.0,0,0.0,55.0,40.0,15.0,0.0,3.0,2.0,0.0,0.0,0.0,163.2,0,-1.143059273605566,0,-0.09300026703346613,0,0.2939607525943845,0,1.257134823592545,0,-2.1749219526302226,0,0.05217386231499889,0,0.8073811175582088,0,0.37378604524644776,0,0.04158692254392306,0,-1.3454133340935819,0,-0.7833212472016914,0,-0.4728514166340949,0,-1.0776320798914605,0,-0.031486938203785717,0,0.18529684672579622,0,-0.29505988025029706,0,-0.4775441224635003,0,0.050782697159745295,0,1.260927294103587,0,-0.38749394545440313,0,-0.2302215311947184,0,-0.2580612937396559,train
Jonathan Wade,10528,CB,2007,College Stats,4.36,40.5,16.0,126.0,7.07,4.4,70.0,195.0,13,4.0,59.0,0,0.0,52.0,43.0,9.0,0.0,6.0,1.0,0.0,0.0,0.0,343.4,0,-1.484602013487703,0,1.7224697344930502,1,0.020260898304570486,0,0.6792280688664196,0,0.8827797049931166,0,2.181204050330606,0,-1.0860710464615502,0,-0.3307800620724383,0,0.5752857618575975,0,0.801671157620528,0,0.5715724996238498,0,-0.4728514166340949,0,-1.0776320798914605,0,-0.17932195294107148,0,0.42217328055899467,0,-0.9141228442631819,0,-0.4775441224635003,0,1.4473068690527433,0,0.15004169174687998,0,-0.38749394545440313,0,-0.2302215311947184,0,-0.2580612937396559,train
Aaron Rouse,10533,S,2007,College Stats,4.58,35.0,16.0,122.0,6.94,4.17,76.0,223.0,13,1.0,28.0,0,0.0,57.0,24.0,33.0,0.0,2.0,1.0,0.0,0.0,0.0,391.5,0,1.020044745648017,0,-0.49643804515046974,0,0.020260898304570486,1,-0.0913142707684144,1,0.018646627838695376,1,0.05217386231499889,0,2.700833281577968,0,2.135201313543663,0,0.5752857618575975,0,-0.8086422111650544,0,-0.14032082497940065,0,-0.4728514166340949,0,-1.0776320798914605,0,0.06706973828773813,0,-1.0780441337179287,0,1.5621290117883573,0,-0.4775441224635003,0,-0.4147253601379207,0,0.15004169174687998,0,-0.38749394545440313,0,-0.2302215311947184,0,-0.2580612937396559,train
Tanard Jackson,10550,S,2007,College Stats,4.52,32.5,12.0,121.0,6.89,4.28,72.0,200.0,12,2.0,39.0,0,0.0,62.0,47.0,15.0,2.5,4.5,2.0,0.0,0.0,0.0,539.3,0,0.3369592658837234,0,-1.5050324904429788,0,-1.0745385188546857,0,-0.2839498556771229,0,-0.3137122479899332,0,1.0704056913659425,0,0.17623039621828915,0,0.10957375500186549,0,0.04158692254392306,0,-0.27187108823652695,0,0.112286483750785,0,-0.4728514166340949,0,-1.0776320798914605,0,0.3134614295165477,0,0.7380085256699259,0,-0.29505988025029706,0,2.483075638381067,0,0.7490447831062443,0,1.260927294103587,0,-0.38749394545440313,0,-0.2302215311947184,0,-0.2580612937396559,test
Marvin White,10558,S,2007,College Stats,4.54,33.5,17.0,122.0,6.94,4.17,73.0,199.0,13,4.0,45.0,0,0.0,86.0,58.0,28.0,1.0,3.0,2.0,0.0,0.0,0.0,373.4,0,0.564654425805158,0,-1.101594712325975,0,0.2939607525943845,1,-0.0913142707684144,1,0.018646627838695376,1,0.05217386231499889,0,0.8073811175582088,0,0.021502991587004718,0,0.5752857618575975,0,0.801671157620528,0,0.25007228851270447,0,-0.4728514166340949,0,-1.0776320798914605,0,1.4961415474148339,0,1.6065554497249868,0,1.0462432084442868,0,0.7067037818743266,0,0.050782697159745295,0,1.260927294103587,0,-0.38749394545440313,0,-0.2302215311947184,0,-0.2580612937396559,val
Fred Bennett,10566,CB,2007,College Stats,4.46,38.5,17.0,125.0,6.67,4.3,73.0,196.0,13,2.0,28.0,0,0.0,37.0,26.0,11.0,0.0,1.0,0.0,0.0,0.0,0.0,361.9,0,-0.3461262138805602,0,0.9155941782590429,0,0.2939607525943845,0,0.4865924839577111,0,-1.7760913016358764,0,1.2555387511933824,0,0.8073811175582088,0,-0.24270929865757757,0,0.5752857618575975,0,-0.27187108823652695,0,-0.14032082497940065,0,-0.4728514166340949,0,-1.0776320798914605,0,-0.9184970266275003,0,-0.9201265111624631,0,-0.7077685229255536,0,-0.4775441224635003,0,-0.8802334174355867,0,-0.9608439106098271,0,-0.38749394545440313,0,-0.2302215311947184,0,-0.2580612937396559,val
Dashon Goldson,10569,S,2007,College Stats,4.6,34.5,12.0,115.0,7.37,4.46,74.0,205.0,11,1.0,6.0,0,0.0,50.0,33.0,17.0,0.0,1.0,0.0,0.0,0.0,0.0,889.0999999999999,0,1.2477399055694416,0,-0.6981569342089715,0,-1.0745385188546857,0,-1.439763365129374,0,2.8769329599648583,0,2.7366032298129337,0,1.4385318388981285,0,0.5499275720761693,0,-0.49211191676975147,0,-0.8086422111650544,0,-0.6455354424397719,0,-0.4728514166340949,0,-1.0776320798914605,0,-0.27787862943259534,0,-0.3674148322183335,0,-0.08870555891266879,0,-0.4775441224635003,0,-0.8802334174355867,0,-0.9608439106098271,0,-0.38749394545440313,0,-0.2302215311947184,0,-0.2580612937396559,train
Brandon McDonald,10583,CB,2007,College Stats,4.58,33.0,17.0,118.0,7.44,4.76,71.0,181.0,12,4.0,83.0,0,0.0,84.0,45.0,39.0,0.0,2.0,1.0,0.0,0.0,0.0,571.2,0,1.020044745648017,0,-1.303313601384477,0,0.2939607525943845,0,-0.8618566104032483,0,3.342235386124934,0,5.513599127224588,0,-0.45492032512163055,0,-1.5637707498804891,0,0.04158692254392306,0,0.801671157620528,0,1.1227157186715275,0,-0.4728514166340949,0,-1.0776320798914605,0,1.39758487092331,0,0.5800909031144603,0,2.181191975801242,0,-0.4775441224635003,0,-0.4147253601379207,0,0.15004169174687998,0,-0.38749394545440313,0,-0.2302215311947184,0,-0.2580612937396559,train
Brandon Harris,10587,CB,2011,College Stats,4.46,35.5,13.0,113.0,6.77,4.12,69.0,191.0,13,1.0,0.0,0,0.0,45.0,30.0,15.0,0.0,2.0,2.0,0.0,0.0,0.0,162.0,0,-0.3461262138805602,0,-0.2947191560919679,0,-0.8008386645648715,0,-1.825034534946791,0,-1.111373549978631,0,-0.4106587872536089,0,-1.7172217678014698,0,-0.6830631157318814,0,0.5752857618575975,0,-0.8086422111650544,0,-0.7833212472016914,0,-0.4728514166340949,0,-1.0776320798914605,0,-0.5242703206614049,0,-0.6042912660515319,0,-0.29505988025029706,0,-0.4775441224635003,0,-0.4147253601379207,0,1.260927294103587,0,-0.38749394545440313,0,-0.2302215311947184,0,-0.2580612937396559,test
Tarell Brown,10590,CB,2007,College Stats,4.45,33.5,17.0,111.0,7.0,4.37,71.0,190.0,11,0.0,0.0,0,0.0,42.0,31.0,11.0,0.0,0.0,1.0,0.0,0.0,0.0,606.1,0,-0.4599737938412724,0,-1.101594712325975,0,0.2939607525943845,0,-2.210305704764208,0,0.41747727883304137,0,1.9035044605894382,0,-0.45492032512163055,0,-0.7711338791467421,0,-0.49211191676975147,0,-1.3454133340935819,0,-0.7833212472016914,0,-0.4728514166340949,0,-1.0776320798914605,0,-0.6721053353986907,0,-0.5253324547737991,0,-0.7077685229255536,0,-0.4775441224635003,0,-1.3457414747332528,0,0.15004169174687998,0,-0.38749394545440313,0,-0.2302215311947184,0,-0.2580612937396559,train
Josh Gattis,10593,S,2007,College Stats,4.51,34.5,22.0,121.0,6.72,4.27,73.0,206.0,14,5.0,0.0,0,0.0,82.0,51.0,31.0,0.0,5.5,1.0,0.0,0.0,0.0,7.0,0,0.22311168592301114,0,-0.6981569342089715,0,1.6624600240434546,0,-0.2839498556771229,0,-1.4437324258072537,0,0.9778391614522144,0,0.8073811175582088,0,0.63799833549103,0,1.108984601171272,0,1.3384422805490555,0,-0.7833212472016914,0,-0.4728514166340949,0,-1.0776320798914605,0,1.299028194431786,0,1.0538437707808572,0,1.355774690450729,0,-0.4775441224635003,0,1.2145528404039103,0,0.15004169174687998,0,-0.38749394545440313,0,-0.2302215311947184,0,-0.2580612937396559,test
Eric Frampton,10608,S,2007,College Stats,4.61,34.5,10.0,122.0,6.84,4.17,71.0,204.0,12,5.0,50.0,1,0.0,100.0,55.0,45.0,1.0,4.0,2.0,0.0,0.0,0.0,246.5,0,1.361587485530164,0,-0.6981569342089715,0,-1.6219382274343135,0,-0.0913142707684144,0,-0.6460711238185558,0,0.05217386231499889,0,-0.45492032512163055,0,0.4618568086613085,0,0.04158692254392306,0,1.3384422805490555,0,0.36489379248097065,0,1.3296020032087423,0,-1.0776320798914605,0,2.1860382828555007,0,1.3696790158917884,0,2.8002549398141268,0,0.7067037818743266,0,0.5162907544574113,0,1.260927294103587,0,-0.38749394545440313,0,-0.2302215311947184,0,-0.2580612937396559,val
Kevin Payne,10610,S,2007,College Stats,4.6,35.0,20.0,106.0,7.0,4.3,72.0,220.0,12,4.0,50.0,0,0.0,98.0,75.0,23.0,1.0,3.0,1.0,0.0,0.0,0.0,309.4,0,1.2477399055694416,0,-0.49643804515046974,0,1.1150603154638266,0,-3.1734836293077504,0,0.41747727883304137,0,1.2555387511933824,0,0.17623039621828915,0,1.8709890232990807,0,0.04158692254392306,0,0.801671157620528,0,0.36489379248097065,0,-0.4728514166340949,0,-1.0776320798914605,0,2.0874816063639767,0,2.9488552414464446,0,0.530357405100216,0,0.7067037818743266,0,0.050782697159745295,0,0.15004169174687998,0,-0.38749394545440313,0,-0.2302215311947184,0,-0.2580612937396559,test
John Wendling,10627,S,2007,College Stats,4.48,38.5,22.0,129.0,6.96,4.16,73.0,222.0,12,1.0,15.0,0,0.0,79.0,39.0,40.0,1.0,3.5,1.0,0.0,54.0,1.0,289.2,0,-0.11843105395912559,0,0.9155941782590429,0,1.6624600240434546,0,1.257134823592545,0,0.1515901781701421,0,-0.04039266759872102,0,0.8073811175582088,0,2.047130550128802,0,0.04158692254392306,0,-0.8086422111650544,0,-0.4388567352968928,0,-0.4728514166340949,0,-1.0776320798914605,0,1.1511931796945003,0,0.1063380354480634,0,2.2843691364700565,0,0.7067037818743266,0,0.2835367258085783,0,0.15004169174687998,0,-0.38749394545440313,0,4.289424959398478,0,3.7160826298510456,train
David Irons,10637,CB,2007,College Stats,4.44,29.5,11.0,111.0,7.18,4.3,70.0,190.0,13,2.0,0.0,0,0.0,42.0,23.0,19.0,0.0,3.0,1.0,0.0,0.0,0.0,51.8,0,-0.5738213738019847,0,-2.7153458247939897,0,-1.3482383731444996,0,-2.210305704764208,0,1.6139692318160852,0,1.2555387511933824,0,-1.0860710464615502,0,-0.7711338791467421,0,0.5752857618575975,0,-0.27187108823652695,0,-0.7833212472016914,0,-0.4728514166340949,0,-1.0776320798914605,0,-0.6721053353986907,0,-1.1570029449956616,0,0.11764876242495947,0,-0.4775441224635003,0,0.050782697159745295,0,0.15004169174687998,0,-0.38749394545440313,0,-0.2302215311947184,0,-0.2580612937396559,train
Trumaine McBride,10664,CB,2007,College Stats,4.57,34.5,14.0,122.0,6.96,4.32,69.0,185.0,12,0.0,0.0,0,9.0,48.0,37.0,11.0,0.0,2.0,0.0,0.0,0.0,0.0,337.9,0,0.9061971656873048,0,-0.6981569342089715,0,-0.5271388102750575,0,-0.0913142707684144,0,0.1515901781701421,0,1.4406718110208305,0,-1.7172217678014698,0,-1.211487696221046,0,0.04158692254392306,0,-1.3454133340935819,0,-0.7833212472016914,0,-0.4728514166340949,0,1.2180919636522902,0,-0.37643530592411917,0,-0.05157958710740222,0,-0.7077685229255536,0,-0.4775441224635003,0,-0.4147253601379207,0,-0.9608439106098271,0,-0.38749394545440313,0,-0.2302215311947184,0,-0.2580612937396559,test
C.J. Wilson,10669,CB,2007,College Stats,4.62,37.5,16.0,127.0,6.81,4.2,73.0,195.0,12,4.0,98.0,1,0.0,59.0,36.0,23.0,0.0,0.0,0.0,0.0,0.0,0.0,84.4,0,1.475435065490876,0,0.5121564001420393,1,0.020260898304570486,0,0.8718636537751281,0,-0.8454864493157318,0,0.32987345205616686,0,0.8073811175582088,0,-0.3307800620724383,0,0.04158692254392306,0,0.801671157620528,0,1.4671802305763262,0,1.3296020032087423,0,-1.0776320798914605,0,0.16562641477926196,0,-0.13053839838513503,0,0.530357405100216,0,-0.4775441224635003,0,-1.3457414747332528,0,-0.9608439106098271,0,-0.38749394545440313,0,-0.2302215311947184,0,-0.2580612937396559,train
Chinedum Ndukwe,10696,S,2007,College Stats,4.49,37.5,15.0,122.0,6.94,4.17,74.0,206.0,13,2.0,52.0,0,0.0,98.0,58.0,40.0,1.0,3.0,2.0,0.0,0.0,0.0,571.4,0,-0.004583473998413347,0,0.5121564001420393,0,-0.2534389559852435,1,-0.0913142707684144,1,0.018646627838695376,1,0.05217386231499889,0,1.4385318388981285,0,0.63799833549103,0,0.5752857618575975,0,-0.27187108823652695,0,0.41082239406827714,0,-0.4728514166340949,0,-1.0776320798914605,0,2.0874816063639767,0,1.6065554497249868,0,2.2843691364700565,0,0.7067037818743266,0,0.050782697159745295,0,1.260927294103587,0,-0.38749394545440313,0,-0.2302215311947184,0,-0.2580612937396559,test
Leodis McKelvin,11245,CB,2008,College Stats,4.38,33.5,17.0,121.0,7.06,4.1,70.0,190.0,12,2.0,-9.0,0,0.0,60.0,50.0,10.0,0.0,2.5,3.0,0.0,0.0,0.0,725.2,0,-1.2569068535662784,0,-1.101594712325975,0,0.2939607525943845,0,-0.2839498556771229,0,0.8163079298273874,0,-0.5957918470810569,0,-1.0860710464615502,0,-0.7711338791467421,0,0.04158692254392306,0,-0.27187108823652695,0,-0.9899999543445706,0,-0.4728514166340949,0,-1.0776320798914605,0,0.2149047530250239,0,0.9748849595031244,0,-0.8109456835943677,0,-0.4775441224635003,0,-0.1819713314890877,0,2.3718128964602943,0,-0.38749394545440313,0,-0.2302215311947184,0,-0.2580612937396559,train
Aqib Talib,11254,CB,2008,College Stats,4.44,38.0,10.0,131.0,6.82,4.22,73.0,202.0,13,5.0,195.0,2,0.0,66.0,44.0,22.0,0.0,4.0,0.0,0.0,0.0,0.0,1069.9,0,-0.5738213738019847,0,0.7138752892005411,0,-1.6219382274343135,0,1.642405993409962,0,-0.7790146741500026,0,0.5150065118836067,0,0.8073811175582088,0,0.285715281831587,0,0.5752857618575975,0,1.3384422805490555,0,3.694717407560691,0,3.13205542305158,0,-1.0776320798914605,0,0.5105747824995954,0,0.5011320918367275,0,0.4271802444314019,0,-0.4775441224635003,0,0.5162907544574113,0,-0.9608439106098271,0,-0.38749394545440313,0,-0.2302215311947184,0,-0.2580612937396559,train
Mike Jenkins,11259,CB,2008,College Stats,4.38,34.0,18.0,117.0,7.21,4.4,70.0,197.0,13,3.0,41.0,0,0.0,41.0,33.0,8.0,0.0,4.0,0.0,0.0,0.0,0.0,617.2,0,-1.2569068535662784,0,-0.8998758232674734,0,0.5676606068841985,0,-1.0544921953119568,0,1.8133845573132612,0,2.181204050330606,0,-1.0860710464615502,0,-0.1546385352427168,0,0.5752857618575975,0,0.2649000346920005,0,0.15821508533809148,0,-0.4728514166340949,0,-1.0776320798914605,0,-0.7213836736444525,0,-0.3674148322183335,0,-1.017300004931996,0,-0.4775441224635003,0,0.5162907544574113,0,-0.9608439106098271,0,-0.38749394545440313,0,-0.2302215311947184,0,-0.2580612937396559,val
Antoine Cason,11261,CB,2008,College Stats,4.45,35.5,20.0,128.0,6.94,4.08,72.0,191.0,12,5.0,164.0,2,0.0,71.0,57.0,14.0,1.0,4.0,2.0,0.0,0.0,0.0,836.3,0,-0.4599737938412724,0,-0.2947191560919679,0,1.1150603154638266,0,1.0644992386838366,1,0.018646627838695376,0,-0.7809249069084967,0,0.17623039621828915,0,-0.6830631157318814,0,0.04158692254392306,0,1.3384422805490555,0,2.9828240829574404,0,3.13205542305158,0,-1.0776320798914605,0,0.756966473728405,0,1.527596638447254,0,-0.3982370409191112,0,0.7067037818743266,0,0.5162907544574113,0,1.260927294103587,0,-0.38749394545440313,0,-0.2302215311947184,0,-0.2580612937396559,train
Kenny Phillips,11265,S,2008,College Stats,4.48,32.5,19.0,121.0,6.97,4.27,74.0,212.0,12,2.0,5.0,0,0.0,82.0,54.0,28.0,0.0,6.0,3.0,0.0,0.0,0.0,579.6,0,-0.11843105395912559,0,-1.5050324904429788,0,0.8413604611740125,0,-0.2839498556771229,0,0.21806195333586542,0,0.9778391614522144,0,1.4385318388981285,0,1.1664229159801947,0,0.04158692254392306,0,-0.27187108823652695,0,-0.6684997432334252,0,-0.4728514166340949,0,-1.0776320798914605,0,1.299028194431786,0,1.2907202046140556,0,1.0462432084442868,0,-0.4775441224635003,0,1.4473068690527433,0,2.3718128964602943,0,-0.38749394545440313,0,-0.2302215311947184,0,-0.2580612937396559,train
Brandon Flowers,11269,CB,2008,College Stats,4.55,30.0,14.0,117.0,6.94,4.17,70.0,189.0,14,5.0,93.0,1,0.0,86.0,56.0,30.0,0.0,8.0,0.0,0.0,0.0,0.0,1094.3,0,0.6785020057658702,0,-2.5136269357354877,0,-0.5271388102750575,0,-1.0544921953119568,1,0.018646627838695376,1,0.05217386231499889,0,-1.0860710464615502,0,-0.8592046425616029,0,1.108984601171272,0,1.3384422805490555,0,1.35235872660806,0,1.3296020032087423,0,-1.0776320798914605,0,1.4961415474148339,0,1.4486378271695213,0,1.252597529781915,0,-0.4775441224635003,0,2.3783229836480757,0,-0.9608439106098271,0,-0.38749394545440313,0,-0.2302215311947184,0,-0.2580612937396559,train
Tracy Porter,11274,CB,2008,College Stats,4.37,34.0,18.0,123.0,7.2,4.07,71.0,188.0,13,6.0,137.0,0,0.0,83.0,63.0,20.0,1.0,5.5,0.0,0.0,76.0,1.0,755.95,0,-1.3707544335269906,0,-0.8998758232674734,0,0.5676606068841985,0,0.10132131414029409,0,1.7469127821475379,0,-0.8734914368222166,0,-0.45492032512163055,0,-0.9472754059764636,0,0.5752857618575975,0,1.875213403477583,0,2.3627879615288028,0,-0.4728514166340949,0,-1.0776320798914605,0,1.348306532677548,0,2.001349506113651,0,0.2208259230937736,0,0.7067037818743266,0,1.2145528404039103,0,-0.9608439106098271,0,-0.38749394545440313,0,6.13076241852904,0,3.7160826298510456,train
Tyrell Johnson,11277,S,2008,College Stats,4.41,32.0,27.0,127.0,6.94,4.17,72.0,207.0,12,6.0,142.0,1,0.0,94.0,55.0,39.0,0.0,4.5,2.0,0.0,0.0,0.0,295.7,0,-0.9153641136841315,0,-1.7067513795014806,0,3.0309592954925244,0,0.8718636537751281,1,0.018646627838695376,1,0.05217386231499889,0,0.17623039621828915,0,0.7260690989058909,0,0.04158692254392306,0,1.875213403477583,0,2.477609465497069,0,1.3296020032087423,0,-1.0776320798914605,0,1.8903682533809292,0,1.3696790158917884,0,2.181191975801242,0,-0.4775441224635003,0,0.7490447831062443,0,1.260927294103587,0,-0.38749394545440313,0,-0.2302215311947184,0,-0.2580612937396559,train
Terrence Wheatley,11296,CB,2008,College Stats,4.37,36.5,17.0,128.0,6.74,4.17,70.0,187.0,11,5.0,65.0,1,0.0,41.0,34.0,7.0,0.0,1.0,1.0,0.0,0.0,0.0,28.2,0,-1.3707544335269906,0,0.10871862202503568,0,0.2939607525943845,0,1.0644992386838366,0,-1.3107888754758013,0,0.05217386231499889,0,-1.0860710464615502,0,-1.0353461693913244,0,-0.49211191676975147,0,1.3384422805490555,0,0.7093583043857693,0,1.3296020032087423,0,-1.0776320798914605,0,-0.7213836736444525,0,-0.28845602094060063,0,-1.1204771656008101,0,-0.4775441224635003,0,-0.8802334174355867,0,0.15004169174687998,0,-0.38749394545440313,0,-0.2302215311947184,0,-0.2580612937396559,val
Terrell Thomas,11297,CB,2008,College Stats,4.45,30.5,14.0,123.0,7.18,4.17,72.0,202.0,13,4.0,44.0,0,0.0,45.0,31.0,14.0,1.0,4.5,3.0,0.0,0.0,0.0,680.5,0,-0.4599737938412724,0,-2.311908046676986,0,-0.5271388102750575,0,0.10132131414029409,0,1.6139692318160852,1,0.05217386231499889,0,0.17623039621828915,0,0.285715281831587,0,0.5752857618575975,0,0.801671157620528,0,0.2271079877190512,0,-0.4728514166340949,0,-1.0776320798914605,0,-0.5242703206614049,0,-0.5253324547737991,0,-0.3982370409191112,0,0.7067037818743266,0,0.7490447831062443,0,2.3718128964602943,0,-0.38749394545440313,0,-0.2302215311947184,0,-0.2580612937396559,val
Charles Godfrey,11301,CB,2008,College Stats,4.43,32.5,14.0,121.0,7.28,4.4,72.0,207.0,12,5.0,33.0,0,0.0,65.0,42.0,23.0,0.0,1.0,0.0,0.0,0.0,0.0,747.8999999999999,0,-0.687668953762707,0,-1.5050324904429788,0,-0.5271388102750575,0,-0.2839498556771229,0,2.2786869834733365,0,2.181204050330606,0,0.17623039621828915,0,0.7260690989058909,0,0.04158692254392306,0,1.3384422805490555,0,-0.025499321011134446,0,-0.4728514166340949,0,-1.0776320798914605,0,0.4612964442538335,0,0.3432144692812618,0,0.530357405100216,0,-0.4775441224635003,0,-0.8802334174355867,0,-0.9608439106098271,0,-0.38749394545440313,0,-0.2302215311947184,0,-0.2580612937396559,train
Chevis Jackson,11302,CB,2008,College Stats,4.52,36.0,13.0,125.0,6.96,4.15,72.0,192.0,14,5.0,52.0,0,0.0,44.0,33.0,11.0,0.0,3.0,0.0,0.0,0.0,0.0,162.6,0,0.3369592658837234,0,-0.09300026703346613,0,-0.8008386645648715,0,0.4865924839577111,0,0.1515901781701421,0,-0.13295919751244092,0,0.17623039621828915,0,-0.5949923523170206,0,1.108984601171272,0,1.3384422805490555,0,0.41082239406827714,0,-0.4728514166340949,0,-1.0776320798914605,0,-0.5735486589071669,0,-0.3674148322183335,0,-0.7077685229255536,0,-0.4775441224635003,0,0.050782697159745295,0,-0.9608439106098271,0,-0.38749394545440313,0,-0.2302215311947184,0,-0.2580612937396559,train
Reggie Smith,11309,CB,2008,College Stats,4.61,36.0,13.0,122.0,6.94,4.17,72.0,199.0,13,3.0,48.0,0,0.0,78.0,57.0,21.0,1.0,7.0,0.0,0.0,61.0,1.0,191.8,0,1.361587485530164,1,-0.09300026703346613,0,-0.8008386645648715,1,-0.0913142707684144,1,0.018646627838695376,1,0.05217386231499889,0,0.17623039621828915,0,0.021502991587004718,0,0.5752857618575975,0,0.2649000346920005,0,0.31896519089366415,0,-0.4728514166340949,0,-1.0776320798914605,0,1.1019148414487385,0,1.527596638447254,0,0.32400308376258774,0,0.7067037818743266,0,1.9128149263504095,0,-0.9608439106098271,0,-0.38749394545440313,0,4.87530506003093,0,3.7160826298510456,train
DaJuan Morgan,11316,S,2008,College Stats,4.5,33.0,21.0,119.0,7.12,4.41,72.0,205.0,12,3.0,0.0,0,0.0,97.0,73.0,24.0,0.0,2.0,1.0,0.0,0.0,0.0,100.8,0,0.1092641059622989,0,-1.303313601384477,0,1.3887601697536405,0,-0.6692210254945399,0,1.2151385808217392,0,2.273770580244326,0,0.17623039621828915,0,0.5499275720761693,0,0.04158692254392306,0,0.2649000346920005,0,-0.7833212472016914,0,-0.4728514166340949,0,-1.0776320798914605,0,2.038203268118215,0,2.790937618890979,0,0.6335345657690301,0,-0.4775441224635003,0,-0.4147253601379207,0,0.15004169174687998,0,-0.38749394545440313,0,-0.2302215311947184,0,-0.2580612937396559,train
Tom Zbikowski,11320,S,2008,College Stats,4.44,36.0,24.0,122.0,6.94,4.17,71.0,211.0,12,2.0,41.0,0,0.0,80.0,42.0,38.0,1.0,1.5,3.0,0.0,0.0,0.0,277.1,0,-0.5738213738019847,1,-0.09300026703346613,0,2.2098597326230824,1,-0.0913142707684144,1,0.018646627838695376,1,0.05217386231499889,0,-0.45492032512163055,0,1.078352152565334,0,0.04158692254392306,0,-0.27187108823652695,0,0.15821508533809148,0,-0.4728514166340949,0,-1.0776320798914605,0,1.2004715179402623,0,0.3432144692812618,0,2.078014815132428,0,0.7067037818743266,0,-0.6474793887867537,0,2.3718128964602943,0,-0.38749394545440313,0,-0.2302215311947184,0,-0.2580612937396559,train
Thomas DeCoud,11332,S,2008,College Stats,4.5,35.5,16.0,122.0,6.85,4.27,73.0,207.0,13,1.0,0.0,0,0.0,115.0,71.0,44.0,1.0,3.0,2.0,0.0,0.0,0.0,749.1,0,0.1092641059622989,0,-0.2947191560919679,1,0.020260898304570486,0,-0.0913142707684144,0,-0.5795993486528325,0,0.9778391614522144,0,0.8073811175582088,0,0.7260690989058909,0,0.5752857618575975,0,-0.8086422111650544,0,-0.7833212472016914,0,-0.4728514166340949,0,-1.0776320798914605,0,2.9252133565419296,0,2.633019996335513,0,2.697077779145313,0,0.7067037818743266,0,0.050782697159745295,0,1.260927294103587,0,-0.38749394545440313,0,-0.2302215311947184,0,-0.2580612937396559,train
Tyvon Branch,11334,CB,2008,College Stats,4.31,34.0,19.0,120.0,6.94,4.4,71.0,204.0,13,0.0,0.0,0,0.0,89.0,53.0,36.0,0.0,3.0,1.0,0.0,0.0,0.0,928.0,0,-2.0538399132912843,0,-0.8998758232674734,0,0.8413604611740125,0,-0.4765854405858314,1,0.018646627838695376,0,2.181204050330606,0,-0.45492032512163055,0,0.4618568086613085,0,0.5752857618575975,0,-1.3454133340935819,0,-0.7833212472016914,0,-0.4728514166340949,0,-1.0776320798914605,0,1.6439765621521196,0,1.2117613933363227,0,1.8716604937947998,0,-0.4775441224635003,0,0.050782697159745295,0,0.15004169174687998,0,-0.38749394545440313,0,-0.2302215311947184,0,-0.2580612937396559,train
Justin King,11335,CB,2008,College Stats,4.31,34.0,14.0,127.0,7.14,4.31,71.0,192.0,13,2.0,6.0,0,0.0,49.0,36.0,13.0,0.0,0.0,0.0,0.0,0.0,0.0,257.4,0,-2.0538399132912843,0,-0.8998758232674734,0,-0.5271388102750575,0,0.8718636537751281,0,1.348082131153186,0,1.3481052811071024,0,-0.45492032512163055,0,-0.5949923523170206,0,0.5752857618575975,0,-0.27187108823652695,0,-0.6455354424397719,0,-0.4728514166340949,0,-1.0776320798914605,0,-0.3271569676783572,0,-0.13053839838513503,0,-0.5014142015879254,0,-0.4775441224635003,0,-1.3457414747332528,0,-0.9608439106098271,0,-0.38749394545440313,0,-0.2302215311947184,0,-0.2580612937396559,train
Dwight Lowery,11347,CB,2008,College Stats,4.54,33.5,16.0,116.0,7.31,4.38,71.0,201.0,12,4.0,36.0,1,0.0,44.0,30.0,14.0,0.0,0.0,0.0,0.0,0.0,0.0,792.5999999999999,0,0.564654425805158,0,-1.101594712325975,0,0.020260898304570486,0,-1.2471277802206653,0,2.4781023089705068,0,1.9960709905031582,0,-0.45492032512163055,0,0.19764451841672626,0,0.04158692254392306,0,0.801671157620528,0,0.043393581369825275,0,1.3296020032087423,0,-1.0776320798914605,0,-0.5735486589071669,0,-0.6042912660515319,0,-0.3982370409191112,0,-0.4775441224635003,0,-1.3457414747332528,0,-0.9608439106098271,0,-0.38749394545440313,0,-0.2302215311947184,0,-0.2580612937396559,train
Quintin Demps,11351,S,2008,College Stats,4.39,31.5,16.0,110.0,6.94,4.17,72.0,206.0,12,5.0,220.0,2,0.0,72.0,55.0,17.0,0.0,4.5,0.0,0.0,0.0,0.0,529.9499999999999,0,-1.143059273605566,0,-1.9084702685599824,0,0.020260898304570486,0,-2.4029412896729165,1,0.018646627838695376,1,0.05217386231499889,0,0.17623039621828915,0,0.63799833549103,0,0.04158692254392306,0,1.3384422805490555,0,4.268824927402021,0,3.13205542305158,0,-1.0776320798914605,0,0.806244811974167,0,1.3696790158917884,0,-0.08870555891266879,0,-0.4775441224635003,0,0.7490447831062443,0,-0.9608439106098271,0,-0.38749394545440313,0,-0.2302215311947184,0,-0.2580612937396559,train
Craig Steltz,11356,S,2008,College Stats,4.63,36.0,16.0,122.0,6.94,4.17,73.0,213.0,14,6.0,153.0,0,0.0,101.0,63.0,38.0,1.0,5.0,3.0,0.0,0.0,0.0,250.29999999999995,0,1.5892826454515885,1,-0.09300026703346613,1,0.020260898304570486,1,-0.0913142707684144,1,0.018646627838695376,1,0.05217386231499889,0,0.8073811175582088,0,1.2544936793950554,0,1.108984601171272,0,1.875213403477583,0,2.7302167742272547,0,-0.4728514166340949,0,-1.0776320798914605,0,2.2353166211012625,0,2.001349506113651,0,2.078014815132428,0,0.7067037818743266,0,0.9817988117550773,0,2.3718128964602943,0,-0.38749394545440313,0,-0.2302215311947184,0,-0.2580612937396559,val
Justin Tryon,11361,CB,2008,College Stats,4.42,32.5,21.0,119.0,7.41,4.28,69.0,190.0,13,3.0,122.0,1,0.0,56.0,43.0,13.0,0.0,1.0,1.0,0.0,0.0,0.0,270.5,0,-0.8015165337234192,0,-1.5050324904429788,0,1.3887601697536405,0,-0.6692210254945399,0,3.142820060627758,0,1.0704056913659425,0,-1.7172217678014698,0,-0.7711338791467421,0,0.5752857618575975,0,0.2649000346920005,0,2.0183234496240043,0,1.3296020032087423,0,-1.0776320798914605,0,0.017791400041976206,0,0.42217328055899467,0,-0.5014142015879254,0,-0.4775441224635003,0,-0.8802334174355867,0,0.15004169174687998,0,-0.38749394545440313,0,-0.2302215311947184,0,-0.2580612937396559,train
Orlando Scandrick,11366,CB,2008,College Stats,4.32,33.5,16.0,125.0,6.83,4.17,70.0,192.0,13,2.0,42.0,0,0.0,50.0,36.0,14.0,0.5,3.0,2.0,0.0,0.0,0.0,847.5,0,-1.939992333330562,0,-1.101594712325975,1,0.020260898304570486,0,0.4865924839577111,0,-0.7125428989842791,1,0.05217386231499889,0,-1.0860710464615502,0,-0.5949923523170206,0,0.5752857618575975,0,-0.27187108823652695,0,0.18117938613174472,0,-0.4728514166340949,0,-1.0776320798914605,0,-0.27787862943259534,0,-0.13053839838513503,0,-0.3982370409191112,0,0.11457982970541312,0,0.050782697159745295,0,1.260927294103587,0,-0.38749394545440313,0,-0.2302215311947184,0,-0.2580612937396559,train
Jonathan Wilhite,11376,CB,2008,College Stats,4.38,33.5,20.0,119.0,6.94,4.17,69.0,185.0,12,2.0,0.0,0,0.0,30.0,22.0,8.0,1.0,1.5,0.0,0.0,0.0,0.0,318.59999999999997,0,-1.2569068535662784,0,-1.101594712325975,0,1.1150603154638266,0,-0.6692210254945399,1,0.018646627838695376,1,0.05217386231499889,0,-1.7172217678014698,0,-1.211487696221046,0,0.04158692254392306,0,-0.27187108823652695,0,-0.7833212472016914,0,-0.4728514166340949,0,-1.0776320798914605,0,-1.2634453943478337,0,-1.2359617562733944,0,-1.017300004931996,0,0.7067037818743266,0,-0.6474793887867537,0,-0.9608439106098271,0,-0.38749394545440313,0,-0.2302215311947184,0,-0.2580612937396559,train
Dominique Barber,11407,S,2008,College Stats,4.68,34.0,23.0,117.0,7.08,4.34,72.0,210.0,12,0.0,0.0,0,8.0,100.0,71.0,29.0,1.0,5.5,1.0,2.0,53.0,1.0,162.39999999999998,0,2.15852054525516,0,-0.8998758232674734,0,1.9361598783332685,0,-1.0544921953119568,0,0.94925148015884,0,1.6258048708482702,0,0.17623039621828915,0,0.9902813891504731,0,0.04158692254392306,0,-1.3454133340935819,0,-0.7833212472016914,0,-0.4728514166340949,0,0.9630115143696514,0,2.1860382828555007,0,2.633019996335513,0,1.1494203691131009,0,0.7067037818743266,0,1.2145528404039103,0,0.15004169174687998,0,3.462445899705473,0,4.205727802165271,0,3.7160826298510456,train
Caleb Campbell,11452,S,2008,College Stats,4.57,36.0,24.0,122.0,6.94,4.17,74.0,229.0,12,0.0,0.0,0,2.0,97.0,68.0,29.0,0.0,2.0,3.0,0.0,0.0,0.0,8.399999999999999,0,0.9061971656873048,1,-0.09300026703346613,0,2.2098597326230824,1,-0.0913142707684144,1,0.018646627838695376,1,0.05217386231499889,0,1.4385318388981285,0,2.6636258940328275,0,0.04158692254392306,0,-1.3454133340935819,0,-0.7833212472016914,0,-0.4728514166340949,0,-0.5674711813261825,0,2.038203268118215,0,2.396143562502315,0,1.1494203691131009,0,-0.4775441224635003,0,-0.4147253601379207,0,2.3718128964602943,0,-0.38749394545440313,0,-0.2302215311947184,0,-0.2580612937396559,test
Josh Barrett,11454,S,2008,College Stats,4.34,31.5,17.0,121.0,7.07,4.27,74.0,223.0,11,1.0,0.0,0,0.0,38.0,25.0,13.0,1.0,4.0,0.0,0.0,0.0,0.0,125.0,0,-1.7122971734091375,0,-1.9084702685599824,0,0.2939607525943845,0,-0.2839498556771229,0,0.8827797049931166,0,0.9778391614522144,0,1.4385318388981285,0,2.135201313543663,0,-0.49211191676975147,0,-0.8086422111650544,0,-0.7833212472016914,0,-0.4728514166340949,0,-1.0776320798914605,0,-0.8692186883817383,0,-0.999085322440196,0,-0.5014142015879254,0,0.7067037818743266,0,0.5162907544574113,0,-0.9608439106098271,0,-0.38749394545440313,0,-0.2302215311947184,0,-0.2580612937396559,train
Chris Horton,11483,S,2008,College Stats,4.54,28.5,14.0,109.0,7.34,4.35,72.0,212.0,13,0.0,0.0,0,4.0,90.0,65.0,25.0,3.0,7.0,1.0,0.0,0.0,0.0,264.2,0,0.564654425805158,0,-3.118783602910993,0,-0.5271388102750575,0,-2.595576874581625,0,2.6775176344676823,0,1.7183714007619901,0,0.17623039621828915,0,1.1664229159801947,0,0.5752857618575975,0,-1.3454133340935819,0,-0.7833212472016914,0,-0.4728514166340949,0,-0.05731028276090452,0,1.6932549003978816,0,2.1592671286691165,0,0.7367117264378443,0,3.0751995905499805,0,1.9128149263504095,0,0.15004169174687998,0,-0.38749394545440313,0,-0.2302215311947184,0,-0.2580612937396559,test
Darius Butler,12423,CB,2009,College Stats,4.41,43.0,16.0,134.0,6.92,4.18,70.0,183.0,10,0.0,0.0,0,0.0,40.0,28.0,12.0,0.0,3.0,0.0,0.0,0.0,0.0,689.7,0,-0.9153641136841315,0,2.7310641797855593,1,0.020260898304570486,0,2.2203127481360876,0,-0.11429692249275723,0,0.1447403922287188,0,-1.0860710464615502,0,-1.3876292230507674,0,-1.025810756083426,0,-1.3454133340935819,0,-0.7833212472016914,0,-0.4728514166340949,0,-1.0776320798914605,0,-0.7706620118902145,0,-0.7622088886069975,0,-0.6045913622567395,0,-0.4775441224635003,0,0.050782697159745295,0,-0.9608439106098271,0,-0.38749394545440313,0,-0.2302215311947184,0,-0.2580612937396559,train
Vontae Davis,12424,CB,2009,College Stats,4.4,36.0,25.0,125.0,6.75,4.07,71.0,203.0,12,2.0,12.0,0,0.0,78.0,53.0,25.0,0.0,7.0,3.0,0.0,0.0,0.0,912.0,0,-1.0292116936448437,0,-0.09300026703346613,0,2.4835595869128966,0,0.4865924839577111,0,-1.2443171003100777,0,-0.8734914368222166,0,-0.45492032512163055,0,0.37378604524644776,0,0.04158692254392306,0,-0.27187108823652695,0,-0.5077496376778525,0,-0.4728514166340949,0,-1.0776320798914605,0,1.1019148414487385,0,1.2117613933363227,0,0.7367117264378443,0,-0.4775441224635003,0,1.9128149263504095,0,2.3718128964602943,0,-0.38749394545440313,0,-0.2302215311947184,0,-0.2580612937396559,train
Malcolm Jenkins,12426,CB,2009,College Stats,4.51,33.0,15.0,124.0,6.59,4.08,72.0,204.0,13,3.0,7.0,0,0.0,57.0,34.0,23.0,1.0,4.0,3.0,0.0,0.0,0.0,1480.4499999999998,0,0.22311168592301114,0,-1.303313601384477,0,-0.2534389559852435,0,0.2939568990490026,0,-2.307865502961675,0,-0.7809249069084967,0,0.17623039621828915,0,0.4618568086613085,0,0.5752857618575975,0,0.2649000346920005,0,-0.6225711416461187,0,-0.4728514166340949,0,-1.0776320798914605,0,0.06706973828773813,0,-0.28845602094060063,0,0.530357405100216,0,0.7067037818743266,0,0.5162907544574113,0,2.3718128964602943,0,-0.38749394545440313,0,-0.2302215311947184,0,-0.2580612937396559,test
D.J. Moore,12429,CB,2009,College Stats,4.56,39.5,17.0,118.0,7.01,4.28,69.0,192.0,13,6.0,56.0,0,0.0,58.0,30.0,28.0,1.0,4.5,1.0,0.0,0.0,0.0,381.1,0,0.7923495857265824,0,1.3190319563760464,0,0.2939607525943845,0,-0.8618566104032483,0,0.48394905399876476,0,1.0704056913659425,0,-1.7172217678014698,0,-0.5949923523170206,0,0.5752857618575975,0,1.875213403477583,0,0.5026795972428901,0,-0.4728514166340949,0,-1.0776320798914605,0,0.11634807653350004,0,-0.6042912660515319,0,1.0462432084442868,0,0.7067037818743266,0,0.7490447831062443,0,0.15004169174687998,0,-0.38749394545440313,0,-0.2302215311947184,0,-0.2580612937396559,train
Sean Smith,12430,CB,2009,College Stats,4.47,34.0,10.0,119.0,6.92,4.15,75.0,214.0,13,5.0,151.0,1,0.0,46.0,23.0,23.0,1.0,2.0,1.0,0.0,0.0,0.0,900.1,0,-0.23227863391984793,0,-0.8998758232674734,0,-1.6219382274343135,0,-0.6692210254945399,0,-0.11429692249275723,0,-0.13295919751244092,0,2.069682560238048,0,1.3425644428099162,0,0.5752857618575975,0,1.3384422805490555,0,2.684288172639948,0,1.3296020032087423,0,-1.0776320798914605,0,-0.474991982415643,0,-1.1570029449956616,0,0.530357405100216,0,0.7067037818743266,0,-0.4147253601379207,0,0.15004169174687998,0,-0.38749394545440313,0,-0.2302215311947184,0,-0.2580612937396559,train
Alphonso Smith,12431,CB,2009,College Stats,4.47,34.0,13.0,125.0,7.09,4.38,69.0,193.0,13,7.0,33.0,0,0.0,37.0,28.0,9.0,0.0,2.5,2.0,0.0,0.0,0.0,306.4,0,-0.23227863391984793,0,-0.8998758232674734,0,-0.8008386645648715,0,0.4865924839577111,0,1.0157232553245634,0,1.9960709905031582,0,-1.7172217678014698,0,-0.5069215889021599,0,0.5752857618575975,0,2.4119845264061106,0,-0.025499321011134446,0,-0.4728514166340949,0,-1.0776320798914605,0,-0.9184970266275003,0,-0.7622088886069975,0,-0.9141228442631819,0,-0.4775441224635003,0,-0.1819713314890877,0,1.260927294103587,0,-0.38749394545440313,0,-0.2302215311947184,0,-0.2580612937396559,train
Patrick Chung,12527,S,2009,College Stats,4.49,34.0,25.0,119.0,6.94,4.17,71.0,212.0,13,1.0,31.0,1,0.0,92.0,58.0,34.0,2.0,6.5,1.0,0.0,0.0,0.0,1063.25,0,-0.004583473998413347,0,-0.8998758232674734,0,2.4835595869128966,0,-0.6692210254945399,1,0.018646627838695376,1,0.05217386231499889,0,-0.45492032512163055,0,1.1664229159801947,0,0.5752857618575975,0,-0.8086422111650544,0,-0.07142792259844093,0,1.3296020032087423,0,-1.0776320798914605,0,1.7918115768894054,0,1.6065554497249868,0,1.6653061724571714,0,1.8909516862121534,0,1.6800608977015763,0,0.15004169174687998,0,-0.38749394545440313,0,-0.2302215311947184,0,-0.2580612937396559,test
Louis Delmas,12528,S,2009,College Stats,4.52,37.0,12.0,126.0,6.67,4.17,71.0,202.0,13,4.0,98.0,1,0.0,111.0,62.0,49.0,0.0,4.0,0.0,0.0,0.0,0.0,676.1,0,0.3369592658837234,0,0.3104375110835375,0,-1.0745385188546857,0,0.6792280688664196,0,-1.7760913016358764,0,0.05217386231499889,0,-0.45492032512163055,0,0.285715281831587,0,0.5752857618575975,0,0.801671157620528,0,1.4671802305763262,0,1.3296020032087423,0,-1.0776320798914605,0,2.728100003558882,0,1.922390694835918,0,3.2129635824893836,0,-0.4775441224635003,0,0.5162907544574113,0,-0.9608439106098271,0,-0.38749394545440313,0,-0.2302215311947184,0,-0.2580612937396559,train
William Moore,12530,S,2009,College Stats,4.49,37.0,16.0,123.0,6.81,4.26,72.0,221.0,12,1.0,17.0,1,0.0,86.0,55.0,31.0,1.0,6.5,3.0,0.0,0.0,0.0,692.0,0,-0.004583473998413347,0,0.3104375110835375,0,0.020260898304570486,0,0.10132131414029409,0,-0.8454864493157318,0,0.8852726315384946,0,0.17623039621828915,0,1.9590597867139414,0,0.04158692254392306,0,-0.8086422111650544,0,-0.3929281337095863,0,1.3296020032087423,0,-1.0776320798914605,0,1.4961415474148339,0,1.3696790158917884,0,1.355774690450729,0,0.7067037818743266,0,1.6800608977015763,0,2.3718128964602943,0,-0.38749394545440313,0,-0.2302215311947184,0,-0.2580612937396559,train
Jairus Byrd,12613,CB,2009,College Stats,4.68,36.0,16.0,122.0,6.94,4.17,70.0,207.0,13,5.0,52.0,0,0.0,83.0,60.0,23.0,0.0,1.5,1.0,0.0,0.0,0.0,990.3,0,2.15852054525516,1,-0.09300026703346613,1,0.020260898304570486,1,-0.0913142707684144,1,0.018646627838695376,1,0.05217386231499889,0,-1.0860710464615502,0,0.7260690989058909,0,0.5752857618575975,0,1.3384422805490555,0,0.41082239406827714,0,-0.4728514166340949,0,-1.0776320798914605,0,1.348306532677548,0,1.7644730722804525,0,0.530357405100216,0,-0.4775441224635003,0,-0.6474793887867537,0,0.15004169174687998,0,-0.38749394545440313,0,-0.2302215311947184,0,-0.2580612937396559,val
Sherrod Martin,12617,CB,2009,College Stats,4.43,36.0,12.0,123.0,6.6,3.98,73.0,198.0,13,4.0,44.0,0,0.0,87.0,59.0,28.0,0.0,0.0,0.0,0.0,0.0,0.0,520.1,0,-0.687668953762707,0,-0.09300026703346613,0,-1.0745385188546857,0,0.10132131414029409,0,-2.2413937277959515,0,-1.7065902060457163,0,0.8073811175582088,0,-0.06656777182785605,0,0.5752857618575975,0,0.801671157620528,0,0.2271079877190512,0,-0.4728514166340949,0,-1.0776320798914605,0,1.5454198856605958,0,1.6855142610027196,0,1.0462432084442868,0,-0.4775441224635003,0,-1.3457414747332528,0,-0.9608439106098271,0,-0.38749394545440313,0,-0.2302215311947184,0,-0.2580612937396559,val
Darcel McBath,12618,S,2009,College Stats,4.53,38.0,14.0,119.0,6.8,4.16,72.0,198.0,13,7.0,97.0,2,0.0,75.0,55.0,20.0,0.0,0.0,1.0,0.0,0.0,0.0,153.0,0,0.45080684584444575,0,0.7138752892005411,0,-0.5271388102750575,0,-0.6692210254945399,0,-0.9119582244814551,0,-0.04039266759872102,0,0.17623039621828915,0,-0.06656777182785605,0,0.5752857618575975,0,2.4119845264061106,0,1.4442159297826729,0,3.13205542305158,0,-1.0776320798914605,0,0.9540798267114527,0,1.3696790158917884,0,0.2208259230937736,0,-0.4775441224635003,0,-1.3457414747332528,0,0.15004169174687998,0,-0.38749394545440313,0,-0.2302215311947184,0,-0.2580612937396559,train
Asher Allen,12630,CB,2009,College Stats,4.48,35.0,22.0,115.0,6.93,4.3,69.0,194.0,13,0.0,0.0,0,0.0,53.0,44.0,9.0,1.0,4.5,0.0,0.0,0.0,0.0,308.59999999999997,0,-0.11843105395912559,0,-0.49643804515046974,0,1.6624600240434546,0,-1.439763365129374,0,-0.04782514732703388,0,1.2555387511933824,0,-1.7172217678014698,0,-0.4188508254872991,0,0.5752857618575975,0,-1.3454133340935819,0,-0.7833212472016914,0,-0.4728514166340949,0,-1.0776320798914605,0,-0.13004361469530956,0,0.5011320918367275,0,-0.9141228442631819,0,0.7067037818743266,0,0.7490447831062443,0,-0.9608439106098271,0,-0.38749394545440313,0,-0.2302215311947184,0,-0.2580612937396559,train
Kevin Barnes,12632,CB,2009,College Stats,4.45,38.5,16.0,128.0,6.72,3.96,72.0,187.0,7,2.0,27.0,0,0.0,20.0,15.0,5.0,0.0,0.0,2.0,0.0,0.0,0.0,157.0,0,-0.4599737938412724,0,0.9155941782590429,1,0.020260898304570486,0,1.0644992386838366,0,-1.4437324258072537,0,-1.8917232658731604,0,0.17623039621828915,0,-1.0353461693913244,0,-2.6269072740244495,0,-0.27187108823652695,0,-0.1632851257730539,0,-0.4728514166340949,0,-1.0776320798914605,0,-1.756228776805453,0,-1.788673435217524,0,-1.3268314869384383,0,-0.4775441224635003,0,-1.3457414747332528,0,1.260927294103587,0,-0.38749394545440313,0,-0.2302215311947184,0,-0.2580612937396559,train
David Bruton,12638,S,2009,College Stats,4.4,41.5,19.0,132.0,6.6,4.28,74.0,219.0,13,4.0,57.0,0,0.0,97.0,61.0,36.0,0.0,1.5,2.0,0.0,0.0,0.0,357.0,0,-1.0292116936448437,0,2.1259075126100537,0,0.8413604611740125,0,1.8350415783186707,0,-2.2413937277959515,0,1.0704056913659425,0,1.4385318388981285,0,1.78291825988422,0,0.5752857618575975,0,0.801671157620528,0,0.5256438980365433,0,-0.4728514166340949,0,-1.0776320798914605,0,2.038203268118215,0,1.8434318835581853,0,1.8716604937947998,0,-0.4775441224635003,0,-0.6474793887867537,0,1.260927294103587,0,-0.38749394545440313,0,-0.2302215311947184,0,-0.2580612937396559,train
Joe Burnett,12639,CB,2009,College Stats,4.58,35.5,22.0,118.0,6.68,4.25,69.0,192.0,12,4.0,103.0,0,0.0,44.0,30.0,14.0,0.0,4.5,0.0,0.0,0.0,0.0,44.8,0,1.020044745648017,0,-0.2947191560919679,0,1.6624600240434546,0,-0.8618566104032483,0,-1.709619526470153,0,0.7927061016247746,0,-1.7172217678014698,0,-0.5949923523170206,0,0.04158692254392306,0,0.801671157620528,0,1.5820017345445925,0,-0.4728514166340949,0,-1.0776320798914605,0,-0.5735486589071669,0,-0.6042912660515319,0,-0.3982370409191112,0,-0.4775441224635003,0,0.7490447831062443,0,-0.9608439106098271,0,-0.38749394545440313,0,-0.2302215311947184,0,-0.2580612937396559,train
Chris Clemons,12645,S,2009,College Stats,4.33,37.5,19.0,127.0,7.27,4.38,72.0,208.0,13,2.0,43.0,1,0.0,82.0,51.0,31.0,0.0,2.5,0.0,0.0,0.0,0.0,497.9,0,-1.8261447533698496,0,0.5121564001420393,0,0.8413604611740125,0,0.8718636537751281,0,2.212215208307607,0,1.9960709905031582,0,0.17623039621828915,0,0.8141398623207516,0,0.5752857618575975,0,-0.27187108823652695,0,0.20414368692539797,0,1.3296020032087423,0,-1.0776320798914605,0,1.299028194431786,0,1.0538437707808572,0,1.355774690450729,0,-0.4775441224635003,0,-0.1819713314890877,0,-0.9608439106098271,0,-0.38749394545440313,0,-0.2302215311947184,0,-0.2580612937396559,train
Bradley Fletcher,12652,CB,2009,College Stats,4.44,38.5,20.0,122.0,7.04,4.29,72.0,196.0,13,3.0,5.0,0,0.0,60.0,44.0,16.0,0.0,0.5,1.0,0.0,0.0,0.0,578.4999999999999,0,-0.5738213738019847,0,0.9155941782590429,0,1.1150603154638266,0,-0.0913142707684144,0,0.6833643794959406,0,1.1629722212796625,0,0.17623039621828915,0,-0.24270929865757757,0,0.5752857618575975,0,0.2649000346920005,0,-0.6684997432334252,0,-0.4728514166340949,0,-1.0776320798914605,0,0.2149047530250239,0,0.5011320918367275,0,-0.19188271958148292,0,-0.4775441224635003,0,-1.1129874460844198,0,0.15004169174687998,0,-0.38749394545440313,0,-0.2302215311947184,0,-0.2580612937396559,train
Coye Francies,12656,CB,2009,College Stats,4.63,36.0,24.0,123.0,6.81,4.24,72.0,185.0,12,3.0,17.0,0,6.0,69.0,47.0,22.0,0.0,3.5,0.0,0.0,0.0,0.0,49.8,0,1.5892826454515885,0,-0.09300026703346613,0,2.2098597326230824,0,0.10132131414029409,0,-0.8454864493157318,0,0.7001395717110547,0,0.17623039621828915,0,-1.211487696221046,0,0.04158692254392306,0,0.2649000346920005,0,-0.3929281337095863,0,-0.4728514166340949,0,0.4528506158043734,0,0.6584097972368812,0,0.7380085256699259,0,0.4271802444314019,0,-0.4775441224635003,0,0.2835367258085783,0,-0.9608439106098271,0,-0.38749394545440313,0,-0.2302215311947184,0,-0.2580612937396559,val
Courtney Greene,12662,S,2009,College Stats,4.55,34.5,21.0,116.0,7.35,4.16,72.0,212.0,13,2.0,14.0,0,0.0,87.0,45.0,42.0,1.0,1.5,2.0,0.0,0.0,0.0,193.6,0,0.6785020057658702,0,-0.6981569342089715,0,1.3887601697536405,0,-1.2471277802206653,0,2.743989409633406,0,-0.04039266759872102,0,0.17623039621828915,0,1.1664229159801947,0,0.5752857618575975,0,-0.27187108823652695,0,-0.46182103609054603,0,-0.4728514166340949,0,-1.0776320798914605,0,1.5454198856605958,0,0.5800909031144603,0,2.4907234578076847,0,0.7067037818743266,0,-0.6474793887867537,0,1.260927294103587,0,-0.38749394545440313,0,-0.2302215311947184,0,-0.2580612937396559,test
Cary Harris,12664,CB,2009,College Stats,4.66,36.0,18.0,122.0,6.94,4.17,71.0,187.0,13,3.0,0.0,0,0.0,38.0,26.0,12.0,0.0,4.0,2.0,0.0,0.0,0.0,38.0,0,1.9308253853337352,1,-0.09300026703346613,0,0.5676606068841985,1,-0.0913142707684144,1,0.018646627838695376,1,0.05217386231499889,0,-0.45492032512163055,0,-1.0353461693913244,0,0.5752857618575975,0,0.2649000346920005,0,-0.7833212472016914,0,-0.4728514166340949,0,-1.0776320798914605,0,-0.8692186883817383,0,-0.9201265111624631,0,-0.6045913622567395,0,-0.4775441224635003,0,0.5162907544574113,0,1.260927294103587,0,-0.38749394545440313,0,-0.2302215311947184,0,-0.2580612937396559,val
Brandon Hughes,12670,CB,2009,College Stats,4.4,36.5,8.0,128.0,6.9,4.23,70.0,182.0,11,1.0,0.0,0,0.0,35.0,21.0,14.0,0.0,2.5,0.0,0.0,0.0,0.0,94.0,0,-1.0292116936448437,0,0.10871862202503568,0,-2.1693379360139415,0,1.0644992386838366,0,-0.24724047282420392,0,0.6075730417973348,0,-1.0860710464615502,0,-1.4756999864656282,0,-0.49211191676975147,0,-0.8086422111650544,0,-0.7833212472016914,0,-0.4728514166340949,0,-1.0776320798914605,0,-1.017053703119024,0,-1.3149205675511273,0,-0.3982370409191112,0,-0.4775441224635003,0,-0.1819713314890877,0,-0.9608439106098271,0,-0.38749394545440313,0,-0.2302215311947184,0,-0.2580612937396559,train
Rashad Johnson,12674,S,2009,College Stats,4.49,37.0,15.0,120.0,7.09,4.23,71.0,203.0,14,5.0,125.0,2,0.0,89.0,60.0,29.0,1.0,5.0,1.0,0.0,0.0,0.0,619.2,0,-0.004583473998413347,0,0.3104375110835375,0,-0.2534389559852435,0,-0.4765854405858314,0,1.0157232553245634,0,0.6075730417973348,0,-0.45492032512163055,0,0.37378604524644776,0,1.108984601171272,0,1.3384422805490555,0,2.087216352004964,0,3.13205542305158,0,-1.0776320798914605,0,1.6439765621521196,0,1.7644730722804525,0,1.1494203691131009,0,0.7067037818743266,0,0.9817988117550773,0,0.15004169174687998,0,-0.38749394545440313,0,-0.2302215311947184,0,-0.2580612937396559,train
Keenan Lewis,12683,CB,2009,College Stats,4.47,33.5,19.0,123.0,6.94,4.17,73.0,208.0,13,4.0,29.0,1,0.0,35.0,27.0,8.0,0.0,1.0,0.0,0.0,0.0,0.0,498.99999999999994,0,-0.23227863391984793,0,-1.101594712325975,0,0.8413604611740125,0,0.10132131414029409,1,0.018646627838695376,1,0.05217386231499889,0,0.8073811175582088,0,0.8141398623207516,0,0.5752857618575975,0,0.801671157620528,0,-0.11735652418574741,0,1.3296020032087423,0,-1.0776320798914605,0,-1.017053703119024,0,-0.8411676998847303,0,-1.017300004931996,0,-0.4775441224635003,0,-0.8802334174355867,0,-0.9608439106098271,0,-0.38749394545440313,0,-0.2302215311947184,0,-0.2580612937396559,test
Captain Munnerlyn,12703,CB,2009,College Stats,4.41,37.5,19.0,121.0,7.15,4.2,68.0,182.0,13,0.0,0.0,0,0.0,44.0,29.0,15.0,2.0,3.0,1.0,0.0,0.0,1.0,905.9499999999999,0,-0.9153641136841315,0,0.5121564001420393,0,0.8413604611740125,0,-0.2839498556771229,0,1.4145539063189152,0,0.32987345205616686,0,-2.3483724891413895,0,-1.4756999864656282,0,0.5752857618575975,0,-1.3454133340935819,0,-0.7833212472016914,0,-0.4728514166340949,0,-1.0776320798914605,0,-0.5735486589071669,0,-0.6832500773292647,0,-0.29505988025029706,0,1.8909516862121534,0,0.050782697159745295,0,0.15004169174687998,0,-0.38749394545440313,0,-0.2302215311947184,0,3.7160826298510456,train
Troy Nolan,12707,S,2009,College Stats,4.58,31.5,12.0,117.0,7.06,4.3,72.0,206.0,12,4.0,167.0,2,0.0,64.0,42.0,22.0,0.0,2.5,1.0,0.0,44.0,1.0,235.7,0,1.020044745648017,0,-1.9084702685599824,0,-1.0745385188546857,0,-1.0544921953119568,0,0.8163079298273874,0,1.2555387511933824,0,0.17623039621828915,0,0.63799833549103,0,0.04158692254392306,0,0.801671157620528,0,3.0517169853384,0,3.13205542305158,0,-1.0776320798914605,0,0.4120181060080716,0,0.3432144692812618,0,0.4271802444314019,0,-0.4775441224635003,0,-0.1819713314890877,0,0.15004169174687998,0,-0.38749394545440313,0,3.452453387066405,0,3.7160826298510456,val
Jerraud Powers,12714,CB,2009,College Stats,4.43,36.5,15.0,122.0,7.09,4.08,69.0,188.0,10,2.0,0.0,0,0.0,47.0,30.0,17.0,0.0,0.0,0.0,0.0,0.0,0.0,799.0999999999999,0,-0.687668953762707,0,0.10871862202503568,0,-0.2534389559852435,0,-0.0913142707684144,0,1.0157232553245634,0,-0.7809249069084967,0,-1.7172217678014698,0,-0.9472754059764636,0,-1.025810756083426,0,-0.27187108823652695,0,-0.7833212472016914,0,-0.4728514166340949,0,-1.0776320798914605,0,-0.42571364416988106,0,-0.6042912660515319,0,-0.08870555891266879,0,-0.4775441224635003,0,-1.3457414747332528,0,-0.9608439106098271,0,-0.38749394545440313,0,-0.2302215311947184,0,-0.2580612937396559,train
Glover Quin,12716,S,2009,College Stats,4.5,38.0,22.0,119.0,7.39,4.43,71.0,204.0,12,5.0,95.0,0,0.0,53.0,33.0,20.0,0.0,4.5,0.0,0.0,0.0,0.0,1239.5,0,0.1092641059622989,0,0.7138752892005411,0,1.6624600240434546,0,-0.6692210254945399,0,3.009876510296305,0,2.458903640071766,0,-0.45492032512163055,0,0.4618568086613085,0,0.04158692254392306,0,1.3384422805490555,0,1.3982873281953665,0,-0.4728514166340949,0,-1.0776320798914605,0,-0.13004361469530956,0,-0.3674148322183335,0,0.2208259230937736,0,-0.4775441224635003,0,0.7490447831062443,0,-0.9608439106098271,0,-0.38749394545440313,0,-0.2302215311947184,0,-0.2580612937396559,train
Jamarca Sanford,12721,S,2009,College Stats,4.43,33.5,29.0,116.0,7.02,4.2,70.0,214.0,13,0.0,0.0,0,0.0,82.0,56.0,26.0,0.5,4.0,2.0,0.0,0.0,0.0,508.79999999999995,0,-0.687668953762707,0,-1.101594712325975,0,3.5783590040721527,0,-1.2471277802206653,0,0.5504208291644881,0,0.32987345205616686,0,-1.0860710464615502,0,1.3425644428099162,0,0.5752857618575975,0,-1.3454133340935819,0,-0.7833212472016914,0,-0.4728514166340949,0,-1.0776320798914605,0,1.299028194431786,0,1.4486378271695213,0,0.8398888871066584,0,0.11457982970541312,0,0.5162907544574113,0,1.260927294103587,0,-0.38749394545440313,0,-0.2302215311947184,0,-0.2580612937396559,val
DeAngelo Smith,12729,CB,2009,College Stats,4.5,31.5,17.0,109.0,7.27,4.35,71.0,194.0,13,2.0,2.0,0,0.0,50.0,35.0,15.0,0.0,3.5,1.0,0.0,0.0,0.0,35.8,0,0.1092641059622989,0,-1.9084702685599824,0,0.2939607525943845,0,-2.595576874581625,0,2.212215208307607,0,1.7183714007619901,0,-0.45492032512163055,0,-0.4188508254872991,0,0.5752857618575975,0,-0.27187108823652695,0,-0.7373926456143849,0,-0.4728514166340949,0,-1.0776320798914605,0,-0.27787862943259534,0,-0.20949720966286783,0,-0.29505988025029706,0,-0.4775441224635003,0,0.2835367258085783,0,0.15004169174687998,0,-0.38749394545440313,0,-0.2302215311947184,0,-0.2580612937396559,train
Curtis Taylor,12734,S,2009,College Stats,4.49,37.5,13.0,129.0,7.25,4.23,74.0,209.0,13,2.0,37.0,0,0.0,43.0,24.0,19.0,1.0,1.0,0.0,0.0,0.0,0.0,26.599999999999994,0,-0.004583473998413347,0,0.5121564001420393,0,-0.8008386645648715,0,1.257134823592545,0,2.0792716579761605,0,0.6075730417973348,0,1.4385318388981285,0,0.9022106257356124,0,0.5752857618575975,0,-0.27187108823652695,0,0.06635788216347852,0,-0.4728514166340949,0,-1.0776320798914605,0,-0.6228269971529288,0,-1.0780441337179287,0,0.11764876242495947,0,0.7067037818743266,0,-0.8802334174355867,0,-0.9608439106098271,0,-0.38749394545440313,0,-0.2302215311947184,0,-0.2580612937396559,test
Morgan Trent,12739,CB,2009,College Stats,4.5,38.0,23.0,127.0,7.05,4.01,73.0,193.0,12,3.0,0.0,0,0.0,41.0,28.0,13.0,0.0,2.5,0.0,0.0,0.0,0.0,210.6,0,0.1092641059622989,0,0.7138752892005411,0,1.9361598783332685,0,0.8718636537751281,0,0.7498361546616641,0,-1.4288906163045525,0,0.8073811175582088,0,-0.5069215889021599,0,0.04158692254392306,0,0.2649000346920005,0,-0.7833212472016914,0,-0.4728514166340949,0,-1.0776320798914605,0,-0.7213836736444525,0,-0.7622088886069975,0,-0.5014142015879254,0,-0.4775441224635003,0,-0.1819713314890877,0,-0.9608439106098271,0,-0.38749394545440313,0,-0.2302215311947184,0,-0.2580612937396559,test
Brandon Underwood,12741,S,2009,College Stats,4.48,36.5,16.0,125.0,7.0,4.2,73.0,198.0,14,4.0,60.0,1,0.0,66.0,42.0,24.0,1.0,4.5,2.0,0.0,0.0,0.0,61.599999999999994,0,-0.11843105395912559,0,0.10871862202503568,0,0.020260898304570486,0,0.4865924839577111,0,0.41747727883304137,0,0.32987345205616686,0,0.8073811175582088,0,-0.06656777182785605,0,1.108984601171272,0,0.801671157620528,0,0.594536800417503,0,1.3296020032087423,0,-1.0776320798914605,0,0.5105747824995954,0,0.3432144692812618,0,0.6335345657690301,0,0.7067037818743266,0,0.7490447831062443,0,1.260927294103587,0,-0.38749394545440313,0,-0.2302215311947184,0,-0.2580612937396559,train
Chip Vaughn,12745,S,2009,College Stats,4.42,37.0,21.0,125.0,7.03,4.12,73.0,221.0,13,2.0,37.0,0,0.0,87.0,59.0,28.0,0.0,2.5,0.0,0.0,0.0,0.0,5.6,0,-0.8015165337234192,0,0.3104375110835375,0,1.3887601697536405,0,0.4865924839577111,0,0.6168926043302173,0,-0.4106587872536089,0,0.8073811175582088,0,1.9590597867139414,0,0.5752857618575975,0,-0.27187108823652695,0,0.06635788216347852,0,-0.4728514166340949,0,-1.0776320798914605,0,1.5454198856605958,0,1.6855142610027196,0,1.0462432084442868,0,-0.4775441224635003,0,-0.1819713314890877,0,-0.9608439106098271,0,-0.38749394545440313,0,-0.2302215311947184,0,-0.2580612937396559,train
Donald Washington,12746,CB,2009,College Stats,4.5,45.0,9.0,135.0,6.84,4.2,72.0,197.0,11,1.0,34.0,0,0.0,22.0,18.0,4.0,0.0,0.0,0.0,0.0,0.0,0.0,124.8,0,0.1092641059622989,0,3.5379397360195664,0,-1.8956380817241276,0,2.4129483330447963,0,-0.6460711238185558,0,0.32987345205616686,0,0.17623039621828915,0,-0.1546385352427168,0,-0.49211191676975147,0,-0.8086422111650544,0,-0.002535020217481204,0,-0.4728514166340949,0,-1.0776320798914605,0,-1.6576721003139292,0,-1.5517970013843256,0,-1.4300086476072524,0,-0.4775441224635003,0,-1.3457414747332528,0,-0.9608439106098271,0,-0.38749394545440313,0,-0.2302215311947184,0,-0.2580612937396559,train
Devin McCourty,13236,CB,2010,College Stats,4.38,36.0,16.0,126.0,6.7,4.07,71.0,193.0,13,1.0,0.0,0,0.0,80.0,49.0,31.0,0.0,7.5,1.0,0.0,0.0,0.0,1562.4999999999998,0,-1.2569068535662784,0,-0.09300026703346613,0,0.020260898304570486,0,0.6792280688664196,0,-1.5766759761387004,0,-0.8734914368222166,0,-0.45492032512163055,0,-0.5069215889021599,0,0.5752857618575975,0,-0.8086422111650544,0,-0.7833212472016914,0,-0.4728514166340949,0,-1.0776320798914605,0,1.2004715179402623,0,0.8959261482253915,0,1.355774690450729,0,-0.4775441224635003,0,2.1455689549992427,0,0.15004169174687998,0,-0.38749394545440313,0,-0.2302215311947184,0,-0.2580612937396559,train
Kyle Wilson,13237,CB,2010,College Stats,4.43,36.0,25.0,122.0,6.94,4.17,70.0,194.0,14,3.0,98.0,2,0.0,42.0,30.0,12.0,1.0,4.5,1.0,0.0,0.0,0.0,431.4,0,-0.687668953762707,1,-0.09300026703346613,0,2.4835595869128966,1,-0.0913142707684144,1,0.018646627838695376,1,0.05217386231499889,0,-1.0860710464615502,0,-0.4188508254872991,0,1.108984601171272,0,0.2649000346920005,0,1.4671802305763262,0,3.13205542305158,0,-1.0776320798914605,0,-0.6721053353986907,0,-0.6042912660515319,0,-0.6045913622567395,0,0.7067037818743266,0,0.7490447831062443,0,0.15004169174687998,0,-0.38749394545440313,0,-0.2302215311947184,0,-0.2580612937396559,train
Patrick Robinson,13238,CB,2010,College Stats,4.46,39.0,15.0,122.0,6.78,4.17,71.0,190.0,12,0.0,0.0,0,0.0,52.0,36.0,16.0,0.0,3.0,2.0,0.0,0.0,0.0,749.6,0,-0.3461262138805602,0,1.1173130673175447,0,-0.2534389559852435,0,-0.0913142707684144,0,-1.044901774812902,1,0.05217386231499889,0,-0.45492032512163055,0,-0.7711338791467421,0,0.04158692254392306,0,-1.3454133340935819,0,-0.7833212472016914,0,-0.4728514166340949,0,-1.0776320798914605,0,-0.17932195294107148,0,-0.13053839838513503,0,-0.19188271958148292,0,-0.4775441224635003,0,0.050782697159745295,0,1.260927294103587,0,-0.38749394545440313,0,-0.2302215311947184,0,-0.2580612937396559,train
Joe Haden,13249,CB,2010,College Stats,4.52,35.0,18.0,125.0,6.94,4.34,71.0,193.0,14,4.0,20.0,0,0.0,68.0,53.0,15.0,3.0,5.0,2.0,0.0,0.0,0.0,1297.1,0,0.3369592658837234,0,-0.49643804515046974,0,0.5676606068841985,0,0.4865924839577111,0,0.018646627838695376,0,1.6258048708482702,0,-0.45492032512163055,0,-0.5069215889021599,0,1.108984601171272,0,0.801671157620528,0,-0.32403523132862655,0,-0.4728514166340949,0,-1.0776320798914605,0,0.6091314589911192,0,1.2117613933363227,0,-0.29505988025029706,0,3.0751995905499805,0,0.9817988117550773,0,1.260927294103587,0,-0.38749394545440313,0,-0.2302215311947184,0,-0.2580612937396559,train
Earl Thomas,13251,CB,2010,College Stats,4.43,36.0,21.0,113.0,6.94,4.17,70.0,208.0,14,8.0,149.0,2,0.0,65.0,46.0,19.0,0.0,4.5,1.0,0.0,0.0,0.0,1232.8999999999999,0,-0.687668953762707,1,-0.09300026703346613,0,1.3887601697536405,0,-1.825034534946791,1,0.018646627838695376,1,0.05217386231499889,0,-1.0860710464615502,0,0.8141398623207516,0,1.108984601171272,0,2.948755649334638,0,2.6383595710526415,0,3.13205542305158,0,-1.0776320798914605,0,0.4612964442538335,0,0.6590497143921931,0,0.11764876242495947,0,-0.4775441224635003,0,0.7490447831062443,0,0.15004169174687998,0,-0.38749394545440313,0,-0.2302215311947184,0,-0.2580612937396559,train
Eric Berry,13252,S,2010,College Stats,4.4,43.0,19.0,130.0,6.8,4.23,72.0,211.0,13,2.0,7.0,0,0.0,87.0,56.0,31.0,0.0,7.0,1.0,0.0,0.0,0.0,818.1,0,-1.0292116936448437,0,2.7310641797855593,0,0.8413604611740125,0,1.4497704085012535,0,-0.9119582244814551,0,0.6075730417973348,0,0.17623039621828915,0,1.078352152565334,0,0.5752857618575975,0,-0.27187108823652695,0,-0.6225711416461187,0,-0.4728514166340949,0,-1.0776320798914605,0,1.5454198856605958,0,1.4486378271695213,0,1.355774690450729,0,-0.4775441224635003,0,1.9128149263504095,0,0.15004169174687998,0,-0.38749394545440313,0,-0.2302215311947184,0,-0.2580612937396559,val
Kareem Jackson,13254,CB,2010,College Stats,4.4,37.5,13.0,118.0,6.92,4.14,70.0,196.0,14,1.0,79.0,0,0.0,49.0,30.0,19.0,0.0,3.0,0.0,0.0,0.0,0.0,1388.9,0,-1.0292116936448437,0,0.5121564001420393,0,-0.8008386645648715,0,-0.8618566104032483,0,-0.11429692249275723,0,-0.22552572742616905,0,-1.0860710464615502,0,-0.24270929865757757,0,1.108984601171272,0,-0.8086422111650544,0,1.0308585154969145,0,-0.4728514166340949,0,-1.0776320798914605,0,-0.3271569676783572,0,-0.6042912660515319,0,0.11764876242495947,0,-0.4775441224635003,0,0.050782697159745295,0,-0.9608439106098271,0,-0.38749394545440313,0,-0.2302215311947184,0,-0.2580612937396559,train
Nate Allen,13257,S,2010,College Stats,4.5,36.0,16.0,122.0,6.94,4.17,72.0,207.0,13,4.0,55.0,0,0.0,85.0,40.0,45.0,0.0,1.0,1.0,0.0,0.0,1.0,749.5,0,0.1092641059622989,1,-0.09300026703346613,0,0.020260898304570486,1,-0.0913142707684144,1,0.018646627838695376,1,0.05217386231499889,0,0.17623039621828915,0,0.7260690989058909,0,0.5752857618575975,0,0.801671157620528,0,0.4797152964492368,0,-0.4728514166340949,0,-1.0776320798914605,0,1.4468632091690719,0,0.18529684672579622,0,2.8002549398141268,0,-0.4775441224635003,0,-0.8802334174355867,0,0.15004169174687998,0,-0.38749394545440313,0,-0.2302215311947184,0,3.7160826298510456,test
Javier Arenas,13259,CB,2010,College Stats,4.6,36.0,16.0,112.0,6.94,4.17,69.0,197.0,13,5.0,25.0,0,0.0,71.0,47.0,24.0,5.0,12.0,0.0,0.0,0.0,0.0,415.9,0,1.2477399055694416,1,-0.09300026703346613,1,0.020260898304570486,0,-2.0176701198554996,1,0.018646627838695376,1,0.05217386231499889,0,-1.7172217678014698,0,-0.1546385352427168,0,0.5752857618575975,0,1.3384422805490555,0,-0.20921372736036037,0,-0.4728514166340949,0,-1.0776320798914605,0,0.756966473728405,0,0.7380085256699259,0,0.6335345657690301,0,5.443695399225634,0,4.24035521283874,0,-0.9608439106098271,0,-0.38749394545440313,0,-0.2302215311947184,0,-0.2580612937396559,train
Morgan Burnett,13264,S,2010,College Stats,4.51,36.0,16.0,122.0,6.94,4.17,73.0,209.0,14,4.0,40.0,0,0.0,85.0,48.0,37.0,0.0,4.0,1.0,0.0,0.0,0.0,1105.05,0,0.22311168592301114,1,-0.09300026703346613,0,0.020260898304570486,1,-0.0913142707684144,1,0.018646627838695376,1,0.05217386231499889,0,0.8073811175582088,0,0.9022106257356124,0,1.108984601171272,0,0.801671157620528,0,0.13525078454443823,0,-0.4728514166340949,0,-1.0776320798914605,0,1.4468632091690719,0,0.8169673369476587,0,1.974837654463614,0,-0.4775441224635003,0,0.5162907544574113,0,0.15004169174687998,0,-0.38749394545440313,0,-0.2302215311947184,0,-0.2580612937396559,train
Chris Cook,13268,CB,2010,College Stats,4.45,38.0,7.0,132.0,6.88,4.23,74.0,212.0,12,4.0,66.0,1,0.0,40.0,34.0,6.0,0.0,1.0,0.0,0.0,0.0,0.0,279.8,0,-0.4599737938412724,0,0.7138752892005411,0,-2.4430377903037557,0,1.8350415783186707,0,-0.3801840231556565,0,0.6075730417973348,0,1.4385318388981285,0,1.1664229159801947,0,0.04158692254392306,0,0.801671157620528,0,0.7323226051794225,0,1.3296020032087423,0,-1.0776320798914605,0,-0.7706620118902145,0,-0.28845602094060063,0,-1.2236543262696242,0,-0.4775441224635003,0,-0.8802334174355867,0,-0.9608439106098271,0,-0.38749394545440313,0,-0.2302215311947184,0,-0.2580612937396559,train
Brandon Ghee,13276,CB,2010,College Stats,4.37,37.0,15.0,127.0,6.75,4.07,72.0,192.0,12,0.0,0.0,0,8.0,56.0,35.0,21.0,0.0,2.5,0.0,0.0,0.0,0.0,86.3,0,-1.3707544335269906,0,0.3104375110835375,0,-0.2534389559852435,0,0.8718636537751281,0,-1.2443171003100777,0,-0.8734914368222166,0,0.17623039621828915,0,-0.5949923523170206,0,0.04158692254392306,0,-1.3454133340935819,0,-0.7833212472016914,0,-0.4728514166340949,0,0.9630115143696514,0,0.017791400041976206,0,-0.20949720966286783,0,0.32400308376258774,0,-0.4775441224635003,0,-0.1819713314890877,0,-0.9608439106098271,0,-0.38749394545440313,0,-0.2302215311947184,0,-0.2580612937396559,train
Myron Lewis,13285,S,2010,College Stats,4.42,37.0,10.0,126.0,6.94,4.17,74.0,203.0,11,4.0,50.0,0,0.0,41.0,26.0,15.0,0.0,2.5,0.0,0.0,0.0,0.0,76.6,0,-0.8015165337234192,0,0.3104375110835375,0,-1.6219382274343135,0,0.6792280688664196,1,0.018646627838695376,1,0.05217386231499889,0,1.4385318388981285,0,0.37378604524644776,0,-0.49211191676975147,0,0.801671157620528,0,0.36489379248097065,0,-0.4728514166340949,0,-1.0776320798914605,0,-0.7213836736444525,0,-0.9201265111624631,0,-0.29505988025029706,0,-0.4775441224635003,0,-0.1819713314890877,0,-0.9608439106098271,0,-0.38749394545440313,0,-0.2302215311947184,0,-0.2580612937396559,val
Taylor Mays,13286,S,2010,College Stats,4.31,41.0,24.0,125.0,6.94,4.17,75.0,230.0,12,1.0,0.0,0,0.0,96.0,48.0,48.0,0.0,0.0,0.0,0.0,0.0,0.0,272.2,0,-2.0538399132912843,0,1.924188623551552,0,2.2098597326230824,0,0.4865924839577111,1,0.018646627838695376,1,0.05217386231499889,0,2.069682560238048,0,2.751696657447688,0,0.04158692254392306,0,-0.8086422111650544,0,-0.7833212472016914,0,-0.4728514166340949,0,-1.0776320798914605,0,1.988924929872453,0,0.8169673369476587,0,3.1097864218205693,0,-0.4775441224635003,0,-1.3457414747332528,0,-0.9608439106098271,0,-0.38749394545440313,0,-0.2302215311947184,0,-0.2580612937396559,train
Jerome Murphy,13290,CB,2010,College Stats,4.5,38.0,16.0,127.0,6.87,4.05,72.0,196.0,13,4.0,59.0,0,0.0,77.0,49.0,28.0,0.0,0.5,2.0,0.0,0.0,0.0,120.0,0,0.1092641059622989,0,0.7138752892005411,0,0.020260898304570486,0,0.8718636537751281,0,-0.44665579832137986,0,-1.0586244966496647,0,0.17623039621828915,0,-0.24270929865757757,0,0.5752857618575975,0,0.801671157620528,0,0.5715724996238498,0,-0.4728514166340949,0,-1.0776320798914605,0,1.0526365032029765,0,0.8959261482253915,0,1.0462432084442868,0,-0.4775441224635003,0,-1.1129874460844198,0,1.260927294103587,0,-0.38749394545440313,0,-0.2302215311947184,0,-0.2580612937396559,train
Amari Spievey,13297,CB,2010,College Stats,4.52,35.0,16.0,116.0,6.94,4.17,71.0,195.0,13,2.0,0.0,0,0.0,56.0,42.0,14.0,0.0,1.0,0.0,0.0,0.0,0.0,311.0,0,0.3369592658837234,0,-0.49643804515046974,1,0.020260898304570486,0,-1.2471277802206653,1,0.018646627838695376,1,0.05217386231499889,0,-0.45492032512163055,0,-0.3307800620724383,0,0.5752857618575975,0,-0.27187108823652695,0,-0.7833212472016914,0,-0.4728514166340949,0,-1.0776320798914605,0,0.017791400041976206,0,0.3432144692812618,0,-0.3982370409191112,0,-0.4775441224635003,0,-0.8802334174355867,0,-0.9608439106098271,0,-0.38749394545440313,0,-0.2302215311947184,0,-0.2580612937396559,train
Kevin Thomas,13300,CB,2010,College Stats,4.41,34.5,19.0,126.0,6.82,4.18,72.0,192.0,11,1.0,6.0,0,4.0,53.5,37.0,16.0,0.0,2.5,1.0,0.0,0.0,0.0,69.6,0,-0.9153641136841315,0,-0.6981569342089715,0,0.8413604611740125,0,0.6792280688664196,0,-0.7790146741500026,0,0.1447403922287188,0,0.17623039621828915,0,-0.5949923523170206,0,-0.49211191676975147,0,-0.8086422111650544,0,-0.6455354424397719,0,-0.4728514166340949,1,-0.05731028276090452,1,-0.10540444557242859,1,-0.05157958710740222,1,-0.19188271958148292,1,-0.4775441224635003,1,-0.1819713314890877,1,0.15004169174687998,0,-0.38749394545440313,0,-0.2302215311947184,0,-0.2580612937396559,train
T.J. Ward,13304,S,2010,College Stats,4.56,34.0,19.0,121.0,6.94,4.17,70.0,211.0,9,1.0,7.0,0,0.0,68.0,44.0,24.0,0.0,2.5,1.0,0.0,0.0,0.0,961.0999999999999,0,0.7923495857265824,0,-0.8998758232674734,0,0.8413604611740125,0,-0.2839498556771229,1,0.018646627838695376,1,0.05217386231499889,0,-1.0860710464615502,0,1.078352152565334,0,-1.5595095953971005,0,-0.8086422111650544,0,-0.6225711416461187,0,-0.4728514166340949,0,-1.0776320798914605,0,0.6091314589911192,0,0.5011320918367275,0,0.6335345657690301,0,-0.4775441224635003,0,-0.1819713314890877,0,0.15004169174687998,0,-0.38749394545440313,0,-0.2302215311947184,0,-0.2580612937396559,test
Major Wright,13307,S,2010,College Stats,4.44,37.5,14.0,119.0,6.95,4.36,71.0,206.0,14,3.0,34.0,0,0.0,32.0,28.0,4.0,0.0,0.0,0.0,0.0,0.0,0.0,632.7,0,-0.5738213738019847,0,0.5121564001420393,0,-0.5271388102750575,0,-0.6692210254945399,0,0.08511840300441872,0,1.8109379306757183,0,-0.45492032512163055,0,0.63799833549103,0,1.108984601171272,0,0.2649000346920005,0,-0.002535020217481204,0,-0.4728514166340949,0,-1.0776320798914605,0,-1.1648887178563099,0,-0.7622088886069975,0,-1.4300086476072524,0,-0.4775441224635003,0,-1.3457414747332528,0,-0.9608439106098271,0,-0.38749394545440313,0,-0.2302215311947184,0,-0.2580612937396559,train
Larry Asante,13310,S,2010,College Stats,4.62,37.5,14.0,118.0,7.0,4.17,72.0,212.0,14,2.0,74.0,1,0.0,79.0,42.0,37.0,0.0,0.5,2.0,0.0,0.0,0.0,105.6,0,1.475435065490876,0,0.5121564001420393,0,-0.5271388102750575,0,-0.8618566104032483,0,0.41747727883304137,0,0.05217386231499889,0,0.17623039621828915,0,1.1664229159801947,0,1.108984601171272,0,-0.27187108823652695,0,0.9160370115286485,0,1.3296020032087423,0,-1.0776320798914605,0,1.1511931796945003,0,0.3432144692812618,0,1.974837654463614,0,-0.4775441224635003,0,-1.1129874460844198,0,1.260927294103587,0,-0.38749394545440313,0,-0.2302215311947184,0,-0.2580612937396559,train
Crezdon Butler,13324,CB,2010,College Stats,4.43,39.5,17.0,121.0,7.08,4.23,72.0,191.0,14,1.0,47.0,0,0.0,36.0,26.0,10.0,1.0,1.0,0.0,0.0,0.0,0.0,67.89999999999999,0,-0.687668953762707,0,1.3190319563760464,0,0.2939607525943845,0,-0.2839498556771229,0,0.94925148015884,0,0.6075730417973348,0,0.17623039621828915,0,-0.6830631157318814,0,1.108984601171272,0,-0.8086422111650544,0,0.2960008901000109,0,-0.4728514166340949,0,-1.0776320798914605,0,-0.9677753648732622,0,-0.9201265111624631,0,-0.8109456835943677,0,0.7067037818743266,0,-0.8802334174355867,0,-0.9608439106098271,0,-0.38749394545440313,0,-0.2302215311947184,0,-0.2580612937396559,train
Nolan Carroll,13333,CB,2010,College Stats,4.42,36.0,16.0,122.0,6.94,4.17,71.0,204.0,2,0.0,0.0,0,1.0,10.0,4.0,6.0,0.0,0.0,0.0,0.0,0.0,0.0,583.9999999999999,0,-0.8015165337234192,1,-0.09300026703346613,1,0.020260898304570486,1,-0.0913142707684144,1,0.018646627838695376,1,0.05217386231499889,0,-0.45492032512163055,0,0.4618568086613085,0,-5.295401470592822,0,-1.3454133340935819,0,-0.7833212472016914,0,-0.4728514166340949,0,-0.8225516306088214,0,-2.249012159263072,0,-2.657220359272585,0,-1.2236543262696242,0,-0.4775441224635003,0,-1.3457414747332528,0,-0.9608439106098271,0,-0.38749394545440313,0,-0.2302215311947184,0,-0.2580612937396559,train
Kam Chancellor,13336,S,2010,College Stats,4.62,32.0,22.0,116.0,7.36,4.41,75.0,231.0,13,2.0,-3.0,0,0.0,68.0,26.0,42.0,0.0,3.0,0.0,0.0,0.0,0.0,963.4999999999999,0,1.475435065490876,0,-1.7067513795014806,0,1.6624600240434546,0,-1.2471277802206653,0,2.810461184799135,0,2.273770580244326,0,2.069682560238048,0,2.839767420862549,0,0.5752857618575975,0,-0.27187108823652695,0,-0.8522141495826511,0,-0.4728514166340949,0,-1.0776320798914605,0,0.6091314589911192,0,-0.9201265111624631,0,2.4907234578076847,0,-0.4775441224635003,0,0.050782697159745295,0,-0.9608439106098271,0,-0.38749394545440313,0,-0.2302215311947184,0,-0.2580612937396559,train
Kurt Coleman,13340,S,2010,College Stats,4.55,36.0,19.0,122.0,6.94,4.17,70.0,192.0,12,5.0,129.0,1,0.0,68.0,37.0,31.0,1.0,2.5,3.0,0.0,0.0,0.0,871.5999999999999,0,0.6785020057658702,1,-0.09300026703346613,0,0.8413604611740125,1,-0.0913142707684144,1,0.018646627838695376,1,0.05217386231499889,0,-1.0860710464615502,0,-0.5949923523170206,0,0.04158692254392306,0,1.3384422805490555,0,2.179073555179577,0,1.3296020032087423,0,-1.0776320798914605,0,0.6091314589911192,0,-0.05157958710740222,0,1.355774690450729,0,0.7067037818743266,0,-0.1819713314890877,0,2.3718128964602943,0,-0.38749394545440313,0,-0.2302215311947184,0,-0.2580612937396559,train
Perrish Cox,13344,CB,2010,College Stats,4.58,32.5,12.0,113.0,6.94,4.17,71.0,195.0,11,4.0,12.0,0,0.0,36.0,33.0,3.0,0.0,1.0,0.0,0.0,0.0,0.0,460.5,0,1.020044745648017,0,-1.5050324904429788,0,-1.0745385188546857,0,-1.825034534946791,1,0.018646627838695376,1,0.05217386231499889,0,-0.45492032512163055,0,-0.3307800620724383,0,-0.49211191676975147,0,0.801671157620528,0,-0.5077496376778525,0,-0.4728514166340949,0,-1.0776320798914605,0,-0.9677753648732622,0,-0.3674148322183335,0,-1.5331858082760668,0,-0.4775441224635003,0,-0.8802334174355867,0,-0.9608439106098271,0,-0.38749394545440313,0,-0.2302215311947184,0,-0.2580612937396559,train
Dominique Franks,13365,CB,2010,College Stats,4.46,33.5,10.0,117.0,7.32,4.33,71.0,194.0,13,2.0,97.0,1,0.0,47.0,33.0,14.0,0.0,1.5,1.0,0.0,0.0,0.0,183.5,0,-0.3461262138805602,0,-1.101594712325975,0,-1.6219382274343135,0,-1.0544921953119568,0,2.5445740841362356,0,1.5332383409345502,0,-0.45492032512163055,0,-0.4188508254872991,0,0.5752857618575975,0,-0.27187108823652695,0,1.4442159297826729,0,1.3296020032087423,0,-1.0776320798914605,0,-0.42571364416988106,0,-0.3674148322183335,0,-0.3982370409191112,0,-0.4775441224635003,0,-0.6474793887867537,0,0.15004169174687998,0,-0.38749394545440313,0,-0.2302215311947184,0,-0.2580612937396559,train
Cody Grimm,13374,S,2010,College Stats,4.55,35.5,11.0,117.0,6.58,4.17,71.0,203.0,13,0.0,0.0,0,5.0,106.0,50.0,56.0,4.0,12.5,7.0,0.0,0.0,0.0,159.2,0,0.6785020057658702,0,-0.2947191560919679,0,-1.3482383731444996,0,-1.0544921953119568,0,-2.374337278127398,1,0.05217386231499889,0,-0.45492032512163055,0,0.37378604524644776,0,0.5752857618575975,0,-1.3454133340935819,0,-0.7833212472016914,0,-0.4728514166340949,0,0.19777016652173446,0,2.4817083123300723,0,0.9748849595031244,0,3.935203707171082,0,4.259447494887807,0,4.473109241487573,0,6.815355305887123,0,-0.38749394545440313,0,-0.2302215311947184,0,-0.2580612937396559,test
Reshad Jones,13395,S,2010,College Stats,4.51,39.5,24.0,118.0,7.43,4.54,73.0,214.0,13,4.0,89.0,0,0.0,73.0,44.0,29.0,0.0,4.5,1.0,0.0,0.0,0.0,1132.3,0,0.22311168592301114,0,1.3190319563760464,0,2.2098597326230824,0,-0.8618566104032483,0,3.2757636109592045,0,3.4771354691227097,0,0.8073811175582088,0,1.3425644428099162,0,0.5752857618575975,0,0.801671157620528,0,1.2605015234334471,0,-0.4728514166340949,0,-1.0776320798914605,0,0.8555231502199289,0,0.5011320918367275,0,1.1494203691131009,0,-0.4775441224635003,0,0.7490447831062443,0,0.15004169174687998,0,-0.38749394545440313,0,-0.2302215311947184,0,-0.2580612937396559,train
Kendrick Lewis,13404,S,2010,College Stats,4.73,31.5,16.0,116.0,6.88,4.33,72.0,198.0,13,2.0,6.0,0,0.0,84.0,57.0,27.0,1.0,5.0,3.0,0.0,0.0,0.0,631.3999999999999,0,2.727758445058741,0,-1.9084702685599824,0,0.020260898304570486,0,-1.2471277802206653,0,-0.3801840231556565,0,1.5332383409345502,0,0.17623039621828915,0,-0.06656777182785605,0,0.5752857618575975,0,-0.27187108823652695,0,-0.6455354424397719,0,-0.4728514166340949,0,-1.0776320798914605,0,1.39758487092331,0,1.527596638447254,0,0.9430660477754725,0,0.7067037818743266,0,0.9817988117550773,0,2.3718128964602943,0,-0.38749394545440313,0,-0.2302215311947184,0,-0.2580612937396559,train
Trevard Lindley,13405,CB,2010,College Stats,4.51,38.5,9.0,116.0,6.81,4.27,71.0,183.0,9,1.0,25.0,1,0.0,32.0,26.0,6.0,0.0,1.0,0.0,0.0,0.0,0.0,58.2,0,0.22311168592301114,0,0.9155941782590429,0,-1.8956380817241276,0,-1.2471277802206653,0,-0.8454864493157318,0,0.9778391614522144,0,-0.45492032512163055,0,-1.3876292230507674,0,-1.5595095953971005,0,-0.8086422111650544,0,-0.20921372736036037,0,1.3296020032087423,0,-1.0776320798914605,0,-1.1648887178563099,0,-0.9201265111624631,0,-1.2236543262696242,0,-0.4775441224635003,0,-0.8802334174355867,0,-0.9608439106098271,0,-0.38749394545440313,0,-0.2302215311947184,0,-0.2580612937396559,val
Sherrick McManis,13419,CB,2010,College Stats,4.48,36.0,16.0,122.0,6.94,4.17,71.0,195.0,10,5.0,0.0,0,0.0,37.0,27.0,10.0,0.0,1.5,1.0,0.0,0.0,0.0,299.5,0,-0.11843105395912559,1,-0.09300026703346613,1,0.020260898304570486,1,-0.0913142707684144,1,0.018646627838695376,1,0.05217386231499889,0,-0.45492032512163055,0,-0.3307800620724383,0,-1.025810756083426,0,1.3384422805490555,0,-0.7833212472016914,0,-0.4728514166340949,0,-1.0776320798914605,0,-0.9184970266275003,0,-0.8411676998847303,0,-0.8109456835943677,0,-0.4775441224635003,0,-0.6474793887867537,0,0.15004169174687998,0,-0.38749394545440313,0,-0.2302215311947184,0,-0.2580612937396559,val
Joshua Moore,13423,CB,2010,College Stats,4.5,36.5,2.0,122.0,6.74,4.07,71.0,188.0,12,2.0,22.0,0,0.0,64.0,45.0,19.0,1.5,4.5,1.0,0.0,0.0,0.0,5.6,0,0.1092641059622989,0,0.10871862202503568,0,-3.8115370617528255,0,-0.0913142707684144,0,-1.3107888754758013,0,-0.8734914368222166,0,-0.45492032512163055,0,-0.9472754059764636,0,0.04158692254392306,0,-0.27187108823652695,0,-0.2781066297413201,0,-0.4728514166340949,0,-1.0776320798914605,0,0.4120181060080716,0,0.5800909031144603,0,0.11764876242495947,0,1.2988277340432401,0,0.7490447831062443,0,0.15004169174687998,0,-0.38749394545440313,0,-0.2302215311947184,0,-0.2580612937396559,val
Darrell Stuckey,13465,S,2010,College Stats,4.46,39.5,17.0,120.0,6.94,4.17,71.0,205.0,12,1.0,0.0,0,0.0,93.0,63.0,30.0,1.0,3.5,1.0,0.0,0.0,0.0,197.0,0,-0.3461262138805602,0,1.3190319563760464,0,0.2939607525943845,0,-0.4765854405858314,1,0.018646627838695376,1,0.05217386231499889,0,-0.45492032512163055,0,0.5499275720761693,0,0.04158692254392306,0,-0.8086422111650544,0,-0.7833212472016914,0,-0.4728514166340949,0,-1.0776320798914605,0,1.8410899151351672,0,2.001349506113651,0,1.252597529781915,0,0.7067037818743266,0,0.2835367258085783,0,0.15004169174687998,0,-0.38749394545440313,0,-0.2302215311947184,0,-0.2580612937396559,train
Syd'Quan Thompson,13472,CB,2010,College Stats,4.75,33.0,16.0,117.0,6.73,4.26,69.0,186.0,13,1.0,38.0,0,0.0,50.0,36.0,14.0,0.0,4.0,0.0,0.0,0.0,0.0,71.8,0,2.9554536049801654,0,-1.303313601384477,1,0.020260898304570486,0,-1.0544921953119568,0,-1.3772606506415246,0,0.8852726315384946,0,-1.7172217678014698,0,-1.1234169328061852,0,0.5752857618575975,0,-0.8086422111650544,0,0.08932218295713176,0,-0.4728514166340949,0,-1.0776320798914605,0,-0.27787862943259534,0,-0.13053839838513503,0,-0.3982370409191112,0,-0.4775441224635003,0,0.5162907544574113,0,-0.9608439106098271,0,-0.38749394545440313,0,-0.2302215311947184,0,-0.2580612937396559,train
Alterraun Verner,13478,CB,2010,College Stats,4.52,32.0,11.0,116.0,6.7,4.12,70.0,189.0,13,5.0,158.0,1,0.0,72.0,51.0,21.0,0.0,5.0,0.0,0.0,0.0,1.0,964.55,0,0.3369592658837234,0,-1.7067513795014806,0,-1.3482383731444996,0,-1.2471277802206653,0,-1.5766759761387004,0,-0.4106587872536089,0,-1.0860710464615502,0,-0.8592046425616029,0,0.5752857618575975,0,1.3384422805490555,0,2.8450382781955206,0,1.3296020032087423,0,-1.0776320798914605,0,0.806244811974167,0,1.0538437707808572,0,0.32400308376258774,0,-0.4775441224635003,0,0.9817988117550773,0,-0.9608439106098271,0,-0.38749394545440313,0,-0.2302215311947184,0,3.7160826298510456,train
Jamar Wall,13479,CB,2010,College Stats,4.52,36.0,15.0,122.0,6.94,4.17,70.0,204.0,13,2.0,15.0,0,0.0,58.0,49.0,9.0,0.0,2.0,2.0,0.0,0.0,0.0,2.8,0,0.3369592658837234,1,-0.09300026703346613,0,-0.2534389559852435,1,-0.0913142707684144,1,0.018646627838695376,1,0.05217386231499889,0,-1.0860710464615502,0,0.4618568086613085,0,0.5752857618575975,0,-0.27187108823652695,0,-0.4388567352968928,0,-0.4728514166340949,0,-1.0776320798914605,0,0.11634807653350004,0,0.8959261482253915,0,-0.9141228442631819,0,-0.4775441224635003,0,-0.4147253601379207,0,1.260927294103587,0,-0.38749394545440313,0,-0.2302215311947184,0,-0.2580612937396559,train
Jimmy Smith,13963,CB,2011,College Stats,4.42,36.0,24.0,123.0,6.93,4.06,74.0,211.0,12,0.0,0.0,0,5.0,68.0,57.0,11.0,0.0,2.5,0.0,1.0,22.0,0.0,751.3000000000001,0,-0.8015165337234192,0,-0.09300026703346613,0,2.2098597326230824,0,0.10132131414029409,0,-0.04782514732703388,0,-0.9660579667359448,0,1.4385318388981285,0,1.078352152565334,0,0.04158692254392306,0,-1.3454133340935819,0,-0.7833212472016914,0,-0.4728514166340949,0,0.19777016652173446,0,0.6091314589911192,0,1.527596638447254,0,-0.7077685229255536,0,-0.4775441224635003,0,-0.1819713314890877,0,-0.9608439106098271,0,1.5374759771255349,0,1.6111159279358434,0,-0.2580612937396559,val
Prince Amukamara,13975,CB,2011,College Stats,4.38,38.0,15.0,128.0,6.97,4.08,72.0,206.0,14,0.0,0.0,0,13.0,59.0,36.0,23.0,1.0,1.0,0.0,0.0,0.0,0.0,844.0,0,-1.2569068535662784,0,0.7138752892005411,0,-0.2534389559852435,0,1.0644992386838366,0,0.21806195333586542,0,-0.7809249069084967,0,0.17623039621828915,0,0.63799833549103,0,1.108984601171272,0,-1.3454133340935819,0,-0.7833212472016914,0,-0.4728514166340949,0,2.238413760782846,0,0.16562641477926196,0,-0.13053839838513503,0,0.530357405100216,0,0.7067037818743266,0,-0.8802334174355867,0,-0.9608439106098271,0,-0.38749394545440313,0,-0.2302215311947184,0,-0.2580612937396559,train
Patrick Peterson,13980,CB,2011,College Stats,4.31,38.0,15.0,126.0,6.58,4.07,72.0,219.0,13,4.0,134.0,0,0.0,42.0,29.0,13.0,0.0,1.5,0.0,0.0,0.0,0.0,1284.9,0,-2.0538399132912843,0,0.7138752892005411,0,-0.2534389559852435,0,0.6792280688664196,0,-2.374337278127398,0,-0.8734914368222166,0,0.17623039621828915,0,1.78291825988422,0,0.5752857618575975,0,0.801671157620528,0,2.293895059147843,0,-0.4728514166340949,0,-1.0776320798914605,0,-0.6721053353986907,0,-0.6832500773292647,0,-0.5014142015879254,0,-0.4775441224635003,0,-0.6474793887867537,0,-0.9608439106098271,0,-0.38749394545440313,0,-0.2302215311947184,0,-0.2580612937396559,test
Shareece Wright,14010,CB,2011,College Stats,4.41,34.5,16.0,113.0,6.94,4.17,71.0,185.0,8,0.0,0.0,0,6.0,45.0,29.0,16.0,2.5,5.0,1.0,1.0,7.0,0.0,527.8,0,-0.9153641136841315,0,-0.6981569342089715,0,0.020260898304570486,0,-1.825034534946791,1,0.018646627838695376,1,0.05217386231499889,0,-0.45492032512163055,0,-1.211487696221046,0,-2.093208434710775,0,-1.3454133340935819,0,-0.7833212472016914,0,-0.4728514166340949,0,0.4528506158043734,0,-0.5242703206614049,0,-0.6832500773292647,0,-0.19188271958148292,0,2.483075638381067,0,0.9817988117550773,0,0.15004169174687998,0,1.5374759771255349,0,0.35565856943773305,0,-0.2580612937396559,val
Johnny Patrick,14011,CB,2011,College Stats,4.59,32.0,13.0,110.0,6.94,4.16,71.0,191.0,13,5.0,99.0,1,0.0,49.0,43.0,6.0,1.0,6.5,1.0,0.0,0.0,0.0,172.89999999999998,0,1.1338923256087292,0,-1.7067513795014806,0,-0.8008386645648715,0,-2.4029412896729165,1,0.018646627838695376,0,-0.04039266759872102,0,-0.45492032512163055,0,-0.6830631157318814,0,0.5752857618575975,0,1.3384422805490555,0,1.4901445313699797,0,1.3296020032087423,0,-1.0776320798914605,0,-0.3271569676783572,0,0.42217328055899467,0,-1.2236543262696242,0,0.7067037818743266,0,1.6800608977015763,0,0.15004169174687998,0,-0.38749394545440313,0,-0.2302215311947184,0,-0.2580612937396559,train
Chris Conte,14016,S,2011,College Stats,4.52,35.5,18.0,127.0,7.01,4.19,74.0,197.0,12,1.0,0.0,0,0.0,72.0,46.0,26.0,0.0,2.0,1.0,0.0,0.0,0.0,793.6999999999999,0,0.3369592658837234,0,-0.2947191560919679,0,0.5676606068841985,0,0.8718636537751281,0,0.48394905399876476,0,0.23730692214244692,0,1.4385318388981285,0,-0.1546385352427168,0,0.04158692254392306,0,-0.8086422111650544,0,-0.7833212472016914,0,-0.4728514166340949,0,-1.0776320798914605,0,0.806244811974167,0,0.6590497143921931,0,0.8398888871066584,0,-0.4775441224635003,0,-0.4147253601379207,0,0.15004169174687998,0,-0.38749394545440313,0,-0.2302215311947184,0,-0.2580612937396559,train
Marcus Gilchrist,14018,CB,2011,College Stats,4.45,38.5,26.0,119.0,6.81,4.12,70.0,195.0,13,1.0,0.0,0,0.0,60.0,37.0,23.0,0.0,2.5,0.0,0.0,0.0,0.0,830.8,0,-0.4599737938412724,0,0.9155941782590429,0,2.7572594412027107,0,-0.6692210254945399,0,-0.8454864493157318,0,-0.4106587872536089,0,-1.0860710464615502,0,-0.3307800620724383,0,0.5752857618575975,0,-0.8086422111650544,0,-0.7833212472016914,0,-0.4728514166340949,0,-1.0776320798914605,0,0.2149047530250239,0,-0.05157958710740222,0,0.530357405100216,0,-0.4775441224635003,0,-0.1819713314890877,0,-0.9608439106098271,0,-0.38749394545440313,0,-0.2302215311947184,0,-0.2580612937396559,test
Demarcus Van Dyke,14022,CB,2011,College Stats,4.28,33.5,5.0,121.0,6.97,4.09,73.0,176.0,13,2.0,74.0,0,0.0,20.0,10.0,10.0,0.0,1.0,1.0,0.0,0.0,0.0,80.19999999999999,0,-2.395382653173421,0,-1.101594712325975,0,-2.9904374988833835,0,-0.2839498556771229,0,0.21806195333586542,0,-0.6883583769947769,0,0.8073811175582088,0,-2.004124566954793,0,0.5752857618575975,0,-0.27187108823652695,0,0.9160370115286485,0,-0.4728514166340949,0,-1.0776320798914605,0,-1.756228776805453,0,-2.183467491606188,0,-0.8109456835943677,0,-0.4775441224635003,0,-0.8802334174355867,0,0.15004169174687998,0,-0.38749394545440313,0,-0.2302215311947184,0,-0.2580612937396559,train
Curtis Marsh,14031,CB,2011,College Stats,4.42,37.5,12.0,123.0,6.87,4.07,72.0,197.0,12,2.0,0.0,0,0.0,45.0,37.0,8.0,0.0,1.0,0.0,0.0,0.0,0.0,57.599999999999994,0,-0.8015165337234192,0,0.5121564001420393,0,-1.0745385188546857,0,0.10132131414029409,0,-0.44665579832137986,0,-0.8734914368222166,0,0.17623039621828915,0,-0.1546385352427168,0,0.04158692254392306,0,-0.27187108823652695,0,-0.7833212472016914,0,-0.4728514166340949,0,-1.0776320798914605,0,-0.5242703206614049,0,-0.05157958710740222,0,-1.017300004931996,0,-0.4775441224635003,0,-0.8802334174355867,0,-0.9608439106098271,0,-0.38749394545440313,0,-0.2302215311947184,0,-0.2580612937396559,train
Curtis Brown,14033,CB,2011,College Stats,4.51,39.5,10.0,128.0,6.59,4.0,72.0,185.0,4,0.0,0.0,0,0.0,0.0,0.0,0.0,0.0,0.0,0.0,0.0,0.0,0.0,123.4,0,0.22311168592301114,0,1.3190319563760464,0,-1.6219382274343135,0,1.0644992386838366,0,-2.307865502961675,0,-1.5214571462182724,0,0.17623039621828915,0,-1.211487696221046,0,-4.228003791965473,0,-1.3454133340935819,0,-0.7833212472016914,0,-0.4728514166340949,0,-1.0776320798914605,0,-2.741795541720691,0,-2.973055604383516,0,-1.842717290282509,0,-0.4775441224635003,0,-1.3457414747332528,0,-0.9608439106098271,0,-0.38749394545440313,0,-0.2302215311947184,0,-0.2580612937396559,train
Ras-I Dowling,14038,CB,2011,College Stats,4.4,36.0,19.0,122.0,6.94,4.17,73.0,198.0,5,0.0,0.0,0,1.0,15.0,12.0,3.0,0.0,0.0,0.0,0.0,0.0,0.0,35.8,0,-1.0292116936448437,1,-0.09300026703346613,0,0.8413604611740125,1,-0.0913142707684144,1,0.018646627838695376,1,0.05217386231499889,0,0.8073811175582088,0,-0.06656777182785605,0,-3.6943049526517986,0,-1.3454133340935819,0,-0.7833212472016914,0,-0.4728514166340949,0,-0.8225516306088214,0,-2.0026204680342627,0,-2.0255498690507223,0,-1.5331858082760668,0,-0.4775441224635003,0,-1.3457414747332528,0,-0.9608439106098271,0,-0.38749394545440313,0,-0.2302215311947184,0,-0.2580612937396559,test
Jaiquawn Jarrett,14043,S,2011,College Stats,4.62,30.0,14.0,113.0,6.95,4.14,72.0,198.0,12,2.0,30.0,0,0.0,74.0,41.0,33.0,0.0,2.0,1.0,0.0,0.0,0.0,200.7,0,1.475435065490876,0,-2.5136269357354877,0,-0.5271388102750575,0,-1.825034534946791,0,0.08511840300441872,0,-0.22552572742616905,0,0.17623039621828915,0,-0.06656777182785605,0,0.04158692254392306,0,-0.27187108823652695,0,-0.09439222339209416,0,-0.4728514166340949,0,-1.0776320798914605,0,0.9048014884656908,0,0.264255658003529,0,1.5621290117883573,0,-0.4775441224635003,0,-0.4147253601379207,0,0.15004169174687998,0,-0.38749394545440313,0,-0.2302215311947184,0,-0.2580612937396559,train
Chris Culliver,14044,CB,2011,College Stats,4.36,38.5,16.0,123.0,6.88,4.08,72.0,199.0,7,0.0,0.0,0,0.0,34.0,28.0,6.0,1.0,2.5,1.0,0.0,0.0,0.0,438.0,0,-1.484602013487703,0,0.9155941782590429,1,0.020260898304570486,0,0.10132131414029409,0,-0.3801840231556565,0,-0.7809249069084967,0,0.17623039621828915,0,0.021502991587004718,0,-2.6269072740244495,0,-1.3454133340935819,0,-0.7833212472016914,0,-0.4728514166340949,0,-1.0776320798914605,0,-1.066332041364786,0,-0.7622088886069975,0,-1.2236543262696242,0,0.7067037818743266,0,-0.1819713314890877,0,0.15004169174687998,0,-0.38749394545440313,0,-0.2302215311947184,0,-0.2580612937396559,train
Aaron Williams,14045,CB,2011,College Stats,4.55,37.5,18.0,127.0,6.72,4.07,72.0,204.0,11,0.0,0.0,0,0.0,46.0,30.0,16.0,1.0,5.0,3.0,0.0,0.0,0.0,571.6,0,0.6785020057658702,0,0.5121564001420393,0,0.5676606068841985,0,0.8718636537751281,0,-1.4437324258072537,0,-0.8734914368222166,0,0.17623039621828915,0,0.4618568086613085,0,-0.49211191676975147,0,-1.3454133340935819,0,-0.7833212472016914,0,-0.4728514166340949,0,-1.0776320798914605,0,-0.474991982415643,0,-0.6042912660515319,0,-0.19188271958148292,0,0.7067037818743266,0,0.9817988117550773,0,2.3718128964602943,0,-0.38749394545440313,0,-0.2302215311947184,0,-0.2580612937396559,train
Rahim Moore,14050,S,2011,College Stats,4.58,35.0,11.0,115.0,6.98,3.96,72.0,202.0,12,1.0,42.0,0,0.0,77.0,51.0,26.0,0.0,3.0,0.0,0.0,0.0,0.0,508.4,0,1.020044745648017,0,-0.49643804515046974,0,-1.3482383731444996,0,-1.439763365129374,0,0.2845337285015947,0,-1.8917232658731604,0,0.17623039621828915,0,0.285715281831587,0,0.04158692254392306,0,-0.8086422111650544,0,0.18117938613174472,0,-0.4728514166340949,0,-1.0776320798914605,0,1.0526365032029765,0,1.0538437707808572,0,0.8398888871066584,0,-0.4775441224635003,0,0.050782697159745295,0,-0.9608439106098271,0,-0.38749394545440313,0,-0.2302215311947184,0,-0.2580612937396559,train
Brandon Harrison,14058,S,2007,College Stats,4.58,36.0,23.0,122.0,6.94,4.17,74.0,227.0,12,1.0,15.0,0,0.0,68.0,45.0,23.0,0.0,2.5,0.0,0.0,0.0,0.0,70.8,0,1.020044745648017,1,-0.09300026703346613,0,1.9361598783332685,1,-0.0913142707684144,1,0.018646627838695376,1,0.05217386231499889,0,1.4385318388981285,0,2.487484367203106,0,0.04158692254392306,0,-0.8086422111650544,0,-0.4388567352968928,0,-0.4728514166340949,0,-1.0776320798914605,0,0.6091314589911192,0,0.5800909031144603,0,0.530357405100216,0,-0.4775441224635003,0,-0.1819713314890877,0,-0.9608439106098271,0,-0.38749394545440313,0,-0.2302215311947184,0,-0.2580612937396559,train
Jalil Brown,14066,CB,2011,College Stats,4.52,35.5,24.0,116.0,6.85,4.25,73.0,204.0,12,3.0,0.0,0,0.0,43.0,36.0,7.0,0.0,1.0,0.0,0.0,0.0,0.0,145.0,0,0.3369592658837234,0,-0.2947191560919679,0,2.2098597326230824,0,-1.2471277802206653,0,-0.5795993486528325,0,0.7927061016247746,0,0.8073811175582088,0,0.4618568086613085,0,0.04158692254392306,0,0.2649000346920005,0,-0.7833212472016914,0,-0.4728514166340949,0,-1.0776320798914605,0,-0.6228269971529288,0,-0.13053839838513503,0,-1.1204771656008101,0,-0.4775441224635003,0,-0.8802334174355867,0,-0.9608439106098271,0,-0.38749394545440313,0,-0.2302215311947184,0,-0.2580612937396559,train
Richard Sherman,14086,CB,2011,College Stats,4.54,38.0,16.0,125.0,6.82,4.33,75.0,195.0,13,4.0,39.0,0,0.0,50.0,40.0,10.0,0.0,1.0,2.0,0.0,0.0,0.0,1192.0,0,0.564654425805158,0,0.7138752892005411,0,0.020260898304570486,0,0.4865924839577111,0,-0.7790146741500026,0,1.5332383409345502,0,2.069682560238048,0,-0.3307800620724383,0,0.5752857618575975,0,0.801671157620528,0,0.112286483750785,0,-0.4728514166340949,0,-1.0776320798914605,0,-0.27787862943259534,0,0.18529684672579622,0,-0.8109456835943677,0,-0.4775441224635003,0,-0.8802334174355867,0,1.260927294103587,0,-0.38749394545440313,0,-0.2302215311947184,0,-0.2580612937396559,test
Quinton Carter,14091,S,2011,College Stats,4.57,34.5,23.0,121.0,7.05,4.06,73.0,208.0,14,4.0,38.0,0,0.0,96.0,59.0,37.0,0.0,2.5,0.0,0.0,0.0,0.0,162.2,0,0.9061971656873048,0,-0.6981569342089715,0,1.9361598783332685,0,-0.2839498556771229,0,0.7498361546616641,0,-0.9660579667359448,0,0.8073811175582088,0,0.8141398623207516,0,1.108984601171272,0,0.801671157620528,0,0.08932218295713176,0,-0.4728514166340949,0,-1.0776320798914605,0,1.988924929872453,0,1.6855142610027196,0,1.974837654463614,0,-0.4775441224635003,0,-0.1819713314890877,0,-0.9608439106098271,0,-0.38749394545440313,0,-0.2302215311947184,0,-0.2580612937396559,train
Chimdi Chekwa,14107,CB,2011,College Stats,4.38,34.5,16.0,126.0,6.94,4.17,72.0,191.0,13,3.0,22.0,0,0.0,42.0,34.0,8.0,1.0,4.0,2.0,0.0,0.0,0.0,134.8,0,-1.2569068535662784,0,-0.6981569342089715,1,0.020260898304570486,0,0.6792280688664196,1,0.018646627838695376,1,0.05217386231499889,0,0.17623039621828915,0,-0.6830631157318814,0,0.5752857618575975,0,0.2649000346920005,0,-0.2781066297413201,0,-0.4728514166340949,0,-1.0776320798914605,0,-0.6721053353986907,0,-0.28845602094060063,0,-1.017300004931996,0,0.7067037818743266,0,0.5162907544574113,0,1.260927294103587,0,-0.38749394545440313,0,-0.2302215311947184,0,-0.2580612937396559,train
Chykie Brown,14113,CB,2011,College Stats,4.49,36.5,16.0,120.0,6.5,4.0,71.0,190.0,9,0.0,0.0,0,6.0,16.0,13.0,3.0,1.0,2.0,1.0,0.0,0.0,0.0,265.6,0,-0.004583473998413347,0,0.10871862202503568,1,0.020260898304570486,0,-0.4765854405858314,0,-2.906111479453197,0,-1.5214571462182724,0,-0.45492032512163055,0,-0.7711338791467421,0,-1.5595095953971005,0,-1.3454133340935819,0,-0.7833212472016914,0,-0.4728514166340949,0,0.4528506158043734,0,-1.9533421297885005,0,-1.9465910577729897,0,-1.5331858082760668,0,0.7067037818743266,0,-0.4147253601379207,0,0.15004169174687998,0,-0.38749394545440313,0,-0.2302215311947184,0,-0.2580612937396559,train
Shiloh Keo,14122,S,2011,College Stats,4.74,32.5,24.0,110.0,6.55,3.9,71.0,219.0,13,3.0,62.0,0,0.0,61.0,40.0,21.0,1.0,6.5,2.0,0.0,0.0,0.0,235.6,0,2.8416060250194533,0,-1.5050324904429788,0,2.2098597326230824,0,-2.4029412896729165,0,-2.573752603624574,0,-2.4471224453554923,0,-0.45492032512163055,0,1.78291825988422,0,0.5752857618575975,0,0.2649000346920005,0,0.6404654020048095,0,-0.4728514166340949,0,-1.0776320798914605,0,0.2641830912707858,0,0.18529684672579622,0,0.32400308376258774,0,0.7067037818743266,0,1.6800608977015763,0,1.260927294103587,0,-0.38749394545440313,0,-0.2302215311947184,0,-0.2580612937396559,val
Tyler Sash,14126,S,2011,College Stats,4.62,33.0,11.0,108.0,6.9,4.27,72.0,211.0,13,2.0,42.0,0,0.0,79.0,40.0,39.0,0.0,3.5,0.0,0.0,0.0,0.0,67.19999999999999,0,1.475435065490876,0,-1.303313601384477,0,-1.3482383731444996,0,-2.7882124594903335,0,-0.24724047282420392,0,0.9778391614522144,0,0.17623039621828915,0,1.078352152565334,0,0.5752857618575975,0,-0.27187108823652695,0,0.18117938613174472,0,-0.4728514166340949,0,-1.0776320798914605,0,1.1511931796945003,0,0.18529684672579622,0,2.181191975801242,0,-0.4775441224635003,0,0.2835367258085783,0,-0.9608439106098271,0,-0.38749394545440313,0,-0.2302215311947184,0,-0.2580612937396559,train
Brandon Burton,14132,CB,2011,College Stats,4.5,32.0,18.0,118.0,6.93,4.07,72.0,190.0,13,2.0,69.0,0,0.0,51.0,34.0,17.0,0.0,1.0,1.0,0.0,0.0,0.0,44.2,0,0.1092641059622989,0,-1.7067513795014806,0,0.5676606068841985,0,-0.8618566104032483,0,-0.04782514732703388,0,-0.8734914368222166,0,0.17623039621828915,0,-0.7711338791467421,0,0.5752857618575975,0,-0.27187108823652695,0,0.8012155075603822,0,-0.4728514166340949,0,-1.0776320798914605,0,-0.2286002911868334,0,-0.28845602094060063,0,-0.08870555891266879,0,-0.4775441224635003,0,-0.8802334174355867,0,0.15004169174687998,0,-0.38749394545440313,0,-0.2302215311947184,0,-0.2580612937396559,val
Byron Maxwell,14133,CB,2011,College Stats,4.43,33.0,24.0,124.0,6.94,4.17,72.0,202.0,13,2.0,0.0,0,0.0,44.0,31.0,13.0,0.0,3.5,3.0,0.0,0.0,0.0,534.1999999999998,0,-0.687668953762707,0,-1.303313601384477,0,2.2098597326230824,0,0.2939568990490026,1,0.018646627838695376,1,0.05217386231499889,0,0.17623039621828915,0,0.285715281831587,0,0.5752857618575975,0,-0.27187108823652695,0,-0.7833212472016914,0,-0.4728514166340949,0,-1.0776320798914605,0,-0.5735486589071669,0,-0.5253324547737991,0,-0.5014142015879254,0,-0.4775441224635003,0,0.2835367258085783,0,2.3718128964602943,0,-0.38749394545440313,0,-0.2302215311947184,0,-0.2580612937396559,train
Brandon Hogan,14137,CB,2011,College Stats,4.43,36.0,19.0,122.0,6.94,4.17,70.0,192.0,11,3.0,78.0,0,0.0,37.0,25.0,12.0,0.0,0.0,1.0,0.0,0.0,0.0,8.399999999999999,0,-0.687668953762707,1,-0.09300026703346613,0,0.8413604611740125,1,-0.0913142707684144,1,0.018646627838695376,1,0.05217386231499889,0,-1.0860710464615502,0,-0.5949923523170206,0,-0.49211191676975147,0,0.2649000346920005,0,1.0078942147032615,0,-0.4728514166340949,0,-1.0776320798914605,0,-0.9184970266275003,0,-0.999085322440196,0,-0.6045913622567395,0,-0.4775441224635003,0,-1.3457414747332528,0,0.15004169174687998,0,-0.38749394545440313,0,-0.2302215311947184,0,-0.2580612937396559,train
Da'Norris Searcy,14143,S,2011,College Stats,4.55,33.0,27.0,120.0,6.87,4.09,71.0,223.0,10,4.0,53.0,1,0.0,37.0,22.0,15.0,0.0,2.0,0.0,0.0,0.0,0.0,630.75,0,0.6785020057658702,0,-1.303313601384477,0,3.0309592954925244,0,-0.4765854405858314,0,-0.44665579832137986,0,-0.6883583769947769,0,-0.45492032512163055,0,2.135201313543663,0,-1.025810756083426,0,0.801671157620528,0,0.4337866948619304,0,1.3296020032087423,0,-1.0776320798914605,0,-0.9184970266275003,0,-1.2359617562733944,0,-0.29505988025029706,0,-0.4775441224635003,0,-0.4147253601379207,0,-0.9608439106098271,0,-0.38749394545440313,0,-0.2302215311947184,0,-0.2580612937396559,train
Ahmad Black,14146,S,2011,College Stats,4.7,35.5,18.0,119.0,6.85,4.2,69.0,184.0,13,5.0,171.0,1,0.0,108.0,73.0,35.0,1.0,10.0,3.0,0.0,0.0,0.0,139.8,0,2.3862157051765944,0,-0.2947191560919679,0,0.5676606068841985,0,-0.6692210254945399,0,-0.5795993486528325,0,0.32987345205616686,0,-1.7172217678014698,0,-1.2995584596359067,0,0.5752857618575975,0,1.3384422805490555,0,3.143574188513013,0,1.3296020032087423,0,-1.0776320798914605,0,2.5802649888215963,0,2.790937618890979,0,1.7684833331259857,0,0.7067037818743266,0,3.3093390982434077,0,2.3718128964602943,0,-0.38749394545440313,0,-0.2302215311947184,0,-0.2580612937396559,train
Eric Hagg,14154,S,2011,College Stats,4.62,34.5,18.0,121.0,6.73,4.19,73.0,209.0,14,5.0,37.0,0,0.0,49.0,41.0,8.0,1.0,3.0,1.0,0.0,0.0,0.0,84.19999999999999,0,1.475435065490876,0,-0.6981569342089715,0,0.5676606068841985,0,-0.2839498556771229,0,-1.3772606506415246,0,0.23730692214244692,0,0.8073811175582088,0,0.9022106257356124,0,1.108984601171272,0,1.3384422805490555,0,0.06635788216347852,0,-0.4728514166340949,0,-1.0776320798914605,0,-0.3271569676783572,0,0.264255658003529,0,-1.017300004931996,0,0.7067037818743266,0,0.050782697159745295,0,0.15004169174687998,0,-0.38749394545440313,0,-0.2302215311947184,0,-0.2580612937396559,train
Brandyn Thompson,14155,CB,2011,College Stats,4.5,33.5,13.0,114.0,6.66,4.12,69.0,189.0,13,3.0,20.0,0,0.0,31.0,19.0,12.0,0.0,2.0,1.0,0.0,0.0,0.0,11.2,0,0.1092641059622989,0,-1.101594712325975,0,-0.8008386645648715,0,-1.6323989500380824,0,-1.8425630768015997,0,-0.4106587872536089,0,-1.7172217678014698,0,-0.8592046425616029,0,0.5752857618575975,0,0.2649000346920005,0,-0.32403523132862655,0,-0.4728514166340949,0,-1.0776320798914605,0,-1.2141670561020719,0,-1.4728381901065928,0,-0.6045913622567395,0,-0.4775441224635003,0,-0.4147253601379207,0,0.15004169174687998,0,-0.38749394545440313,0,-0.2302215311947184,0,-0.2580612937396559,train
Davon House,14157,CB,2011,College Stats,4.44,33.5,14.0,109.0,6.65,4.12,72.0,200.0,12,2.0,48.0,1,0.0,57.0,29.0,28.0,0.0,0.5,1.0,0.0,0.0,0.0,494.79999999999995,0,-0.5738213738019847,0,-1.101594712325975,0,-0.5271388102750575,0,-2.595576874581625,0,-1.909034851967323,0,-0.4106587872536089,0,0.17623039621828915,0,0.10957375500186549,0,0.04158692254392306,0,-0.27187108823652695,0,0.31896519089366415,0,1.3296020032087423,0,-1.0776320798914605,0,0.06706973828773813,0,-0.6832500773292647,0,1.0462432084442868,0,-0.4775441224635003,0,-1.1129874460844198,0,0.15004169174687998,0,-0.38749394545440313,0,-0.2302215311947184,0,-0.2580612937396559,val
Josh Thomas,14162,CB,2011,College Stats,4.46,38.5,13.0,126.0,6.99,4.15,70.0,191.0,12,1.0,22.0,0,0.0,58.0,30.0,28.0,2.0,5.5,1.0,0.0,0.0,0.0,209.8,0,-0.3461262138805602,0,0.9155941782590429,0,-0.8008386645648715,0,0.6792280688664196,0,0.35100550366731803,0,-0.13295919751244092,0,-1.0860710464615502,0,-0.6830631157318814,0,0.04158692254392306,0,-0.8086422111650544,0,-0.2781066297413201,0,-0.4728514166340949,0,-1.0776320798914605,0,0.11634807653350004,0,-0.6042912660515319,0,1.0462432084442868,0,1.8909516862121534,0,1.2145528404039103,0,0.15004169174687998,0,-0.38749394545440313,0,-0.2302215311947184,0,-0.2580612937396559,test
Jermale Hines,14183,S,2011,College Stats,4.59,31.0,19.0,122.0,6.9,4.21,73.0,219.0,13,1.0,23.0,0,0.0,66.0,36.0,30.0,0.5,2.0,0.0,0.0,0.0,0.0,33.599999999999994,0,1.1338923256087292,0,-2.110189157618484,0,0.8413604611740125,1,-0.0913142707684144,0,-0.24724047282420392,0,0.42243998196988675,0,0.8073811175582088,0,1.78291825988422,0,0.5752857618575975,0,-0.8086422111650544,0,-0.25514232894766686,0,-0.4728514166340949,0,-1.0776320798914605,0,0.5105747824995954,0,-0.13053839838513503,0,1.252597529781915,0,0.11457982970541312,0,-0.4147253601379207,0,-0.9608439106098271,0,-0.38749394545440313,0,-0.2302215311947184,0,-0.2580612937396559,train
DeJon Gomes,14200,S,2011,College Stats,4.5,31.0,13.0,110.0,6.94,4.17,71.0,208.0,14,3.0,67.0,1,0.0,99.0,55.0,44.0,1.0,3.0,2.0,0.0,0.0,0.0,210.6,0,0.1092641059622989,0,-2.110189157618484,0,-0.8008386645648715,0,-2.4029412896729165,1,0.018646627838695376,1,0.05217386231499889,0,-0.45492032512163055,0,0.8141398623207516,0,1.108984601171272,0,0.2649000346920005,0,0.7552869059730757,0,1.3296020032087423,0,-1.0776320798914605,0,2.136759944609739,0,1.3696790158917884,0,2.697077779145313,0,0.7067037818743266,0,0.050782697159745295,0,1.260927294103587,0,-0.38749394545440313,0,-0.2302215311947184,0,-0.2580612937396559,train
Brandon Taylor,14350,S,2012,College Stats,4.52,33.5,16.0,118.0,7.32,4.37,71.0,209.0,14,2.0,26.0,0,5.0,71.0,39.0,32.0,1.0,7.5,0.0,0.0,0.0,0.0,15.499999999999998,0,0.3369592658837234,0,-1.101594712325975,1,0.020260898304570486,0,-0.8618566104032483,0,2.5445740841362356,0,1.9035044605894382,0,-0.45492032512163055,0,0.9022106257356124,0,1.108984601171272,0,-0.27187108823652695,0,-0.18624942656670712,0,-0.4728514166340949,0,0.19777016652173446,0,0.756966473728405,0,0.1063380354480634,0,1.4589518511195432,0,0.7067037818743266,0,2.1455689549992427,0,-0.9608439106098271,0,-0.38749394545440313,0,-0.2302215311947184,0,-0.2580612937396559,train
Mark Barron,14932,S,2012,College Stats,4.54,36.0,16.0,122.0,6.94,4.17,73.0,213.0,13,2.0,14.0,0,5.0,68.0,43.0,25.0,1.0,5.0,0.0,1.0,0.0,0.0,1139.6,0,0.564654425805158,1,-0.09300026703346613,1,0.020260898304570486,1,-0.0913142707684144,1,0.018646627838695376,1,0.05217386231499889,0,0.8073811175582088,0,1.2544936793950554,0,0.5752857618575975,0,-0.27187108823652695,0,-0.46182103609054603,0,-0.4728514166340949,0,0.19777016652173446,0,0.6091314589911192,0,0.42217328055899467,0,0.7367117264378443,0,0.7067037818743266,0,0.9817988117550773,0,-0.9608439106098271,0,1.5374759771255349,0,-0.2302215311947184,0,-0.2580612937396559,train
Dre Kirkpatrick,14940,CB,2012,College Stats,4.5,35.0,16.0,120.0,6.94,4.17,74.0,186.0,13,0.0,0.0,0,9.0,30.0,24.0,6.0,0.0,4.0,2.0,0.0,0.0,1.0,715.9,0,0.1092641059622989,0,-0.49643804515046974,1,0.020260898304570486,0,-0.4765854405858314,1,0.018646627838695376,1,0.05217386231499889,0,1.4385318388981285,0,-1.1234169328061852,0,0.5752857618575975,0,-1.3454133340935819,0,-0.7833212472016914,0,-0.4728514166340949,0,1.2180919636522902,0,-1.2634453943478337,0,-1.0780441337179287,0,-1.2236543262696242,0,-0.4775441224635003,0,0.5162907544574113,0,1.260927294103587,0,-0.38749394545440313,0,-0.2302215311947184,0,3.7160826298510456,train
Harrison Smith,14945,S,2012,College Stats,4.54,34.0,19.0,122.0,6.63,4.12,74.0,213.0,13,0.0,0.0,0,9.0,90.0,53.0,37.0,0.0,3.0,2.0,1.0,0.0,0.0,1692.5,0,0.564654425805158,0,-0.8998758232674734,0,0.8413604611740125,0,-0.0913142707684144,0,-2.041978402298776,0,-0.4106587872536089,0,1.4385318388981285,0,1.2544936793950554,0,0.5752857618575975,0,-1.3454133340935819,0,-0.7833212472016914,0,-0.4728514166340949,0,1.2180919636522902,0,1.6932549003978816,0,1.2117613933363227,0,1.974837654463614,0,-0.4775441224635003,0,0.050782697159745295,0,1.260927294103587,0,1.5374759771255349,0,-0.2302215311947184,0,-0.2580612937396559,train
Josh Robinson,14948,CB,2012,College Stats,4.29,38.5,17.0,133.0,6.55,3.97,70.0,199.0,12,2.0,49.0,1,0.0,48.0,34.0,14.0,0.0,0.0,1.0,0.0,0.0,0.0,422.9,0,-2.2815350732127087,0,0.9155941782590429,0,0.2939607525943845,0,2.027677163227379,0,-2.573752603624574,0,-1.7991567359594363,0,-1.0860710464615502,0,0.021502991587004718,0,0.04158692254392306,0,-0.27187108823652695,0,0.3419294916873174,0,1.3296020032087423,0,-1.0776320798914605,0,-0.37643530592411917,0,-0.28845602094060063,0,-0.3982370409191112,0,-0.4775441224635003,0,-1.3457414747332528,0,0.15004169174687998,0,-0.38749394545440313,0,-0.2302215311947184,0,-0.2580612937396559,test
Casey Hayward,14966,CB,2012,College Stats,4.47,34.0,19.0,119.0,6.76,3.9,71.0,192.0,13,7.0,107.0,1,0.0,62.0,46.0,16.0,0.0,7.5,0.0,0.0,0.0,0.0,960.0999999999999,0,-0.23227863391984793,0,-0.8998758232674734,0,0.8413604611740125,0,-0.6692210254945399,0,-1.1778453251443544,0,-2.4471224453554923,0,-0.45492032512163055,0,-0.5949923523170206,0,0.5752857618575975,0,2.4119845264061106,0,1.6738589377192055,0,1.3296020032087423,0,-1.0776320798914605,0,0.3134614295165477,0,0.6590497143921931,0,-0.19188271958148292,0,-0.4775441224635003,0,2.1455689549992427,0,-0.9608439106098271,0,-0.38749394545440313,0,-0.2302215311947184,0,-0.2580612937396559,train
Jayron Hosley,14983,CB,2012,College Stats,4.38,36.0,11.0,122.0,6.94,4.17,70.0,178.0,13,3.0,56.0,0,0.0,59.0,33.0,26.0,0.0,1.0,2.0,0.0,0.0,0.0,247.0,0,-1.2569068535662784,1,-0.09300026703346613,0,-1.3482383731444996,1,-0.0913142707684144,1,0.018646627838695376,1,0.05217386231499889,0,-1.0860710464615502,0,-1.8279830401250714,0,0.5752857618575975,0,0.2649000346920005,0,0.5026795972428901,0,-0.4728514166340949,0,-1.0776320798914605,0,0.16562641477926196,0,-0.3674148322183335,0,0.8398888871066584,0,-0.4775441224635003,0,-0.8802334174355867,0,1.260927294103587,0,-0.38749394545440313,0,-0.2302215311947184,0,-0.2580612937396559,test
Coty Sensabaugh,14998,CB,2012,College Stats,4.33,37.0,15.0,122.0,6.6,4.06,71.0,189.0,14,1.0,0.0,0,13.0,48.0,34.0,14.0,0.0,1.0,0.0,0.0,0.0,0.0,544.4,0,-1.8261447533698496,0,0.3104375110835375,0,-0.2534389559852435,0,-0.0913142707684144,0,-2.2413937277959515,0,-0.9660579667359448,0,-0.45492032512163055,0,-0.8592046425616029,0,1.108984601171272,0,-0.8086422111650544,0,-0.7833212472016914,0,-0.4728514166340949,0,2.238413760782846,0,-0.37643530592411917,0,-0.28845602094060063,0,-0.3982370409191112,0,-0.4775441224635003,0,-0.8802334174355867,0,-0.9608439106098271,0,-0.38749394545440313,0,-0.2302215311947184,0,-0.2580612937396559,train
Trevin Wade,15016,CB,2012,College Stats,4.52,34.5,18.0,116.0,6.87,4.0,70.0,192.0,12,2.0,0.0,0,0.0,52.0,42.0,10.0,0.0,1.0,1.0,0.0,0.0,0.0,203.60000000000002,0,0.3369592658837234,0,-0.6981569342089715,0,0.5676606068841985,0,-1.2471277802206653,0,-0.44665579832137986,0,-1.5214571462182724,0,-1.0860710464615502,0,-0.5949923523170206,0,0.04158692254392306,0,-0.27187108823652695,0,-0.7833212472016914,0,-0.4728514166340949,0,-1.0776320798914605,0,-0.17932195294107148,0,0.3432144692812618,0,-0.8109456835943677,0,-0.4775441224635003,0,-0.8802334174355867,0,0.15004169174687998,0,-0.38749394545440313,0,-0.2302215311947184,0,-0.2580612937396559,train
Shaun Prater,15048,CB,2012,College Stats,4.5,36.0,14.0,122.0,6.94,4.17,70.0,190.0,13,1.0,89.0,1,3.0,51.0,33.0,18.0,1.0,1.0,4.0,0.0,0.0,0.0,51.2,0,0.1092641059622989,1,-0.09300026703346613,0,-0.5271388102750575,1,-0.0913142707684144,1,0.018646627838695376,1,0.05217386231499889,0,-1.0860710464615502,0,-0.7711338791467421,0,0.5752857618575975,0,-0.8086422111650544,0,1.2605015234334471,0,1.3296020032087423,0,-0.3123907320435435,0,-0.2286002911868334,0,-0.3674148322183335,0,0.014471601756145341,0,0.7067037818743266,0,-0.8802334174355867,0,3.482698498817001,0,-0.38749394545440313,0,-0.2302215311947184,0,-0.2580612937396559,train
Charles Mitchell,15060,S,2012,College Stats,4.56,37.0,19.0,127.0,6.93,4.22,71.0,202.0,13,0.0,0.0,0,3.0,95.0,50.0,45.0,1.0,3.0,1.0,0.0,0.0,0.0,15.4,0,0.7923495857265824,0,0.3104375110835375,0,0.8413604611740125,0,0.8718636537751281,0,-0.04782514732703388,0,0.5150065118836067,0,-0.45492032512163055,0,0.285715281831587,0,0.5752857618575975,0,-1.3454133340935819,0,-0.7833212472016914,0,-0.4728514166340949,0,-0.3123907320435435,0,1.9396465916266912,0,0.9748849595031244,0,2.8002549398141268,0,0.7067037818743266,0,0.050782697159745295,0,0.15004169174687998,0,-0.38749394545440313,0,-0.2302215311947184,0,-0.2580612937396559,test
Antonio Allen,15061,S,2012,College Stats,4.58,34.0,17.0,118.0,7.02,4.25,73.0,210.0,12,3.0,44.0,1,0.0,88.0,55.0,33.0,1.0,9.5,4.0,0.0,25.0,1.0,280.4,0,1.020044745648017,0,-0.8998758232674734,0,0.2939607525943845,0,-0.8618566104032483,0,0.5504208291644881,0,0.7927061016247746,0,0.8073811175582088,0,0.9902813891504731,0,0.04158692254392306,0,0.2649000346920005,0,0.2271079877190512,0,1.3296020032087423,0,-1.0776320798914605,0,1.5946982239063576,0,1.3696790158917884,0,1.5621290117883573,0,0.7067037818743266,0,3.0765850695945747,0,3.482698498817001,0,-0.38749394545440313,0,1.8622073996354653,0,3.7160826298510456,test
George Iloka,15085,S,2012,College Stats,4.6,34.5,20.0,124.0,7.03,4.03,76.0,225.0,13,0.0,0.0,0,1.0,58.0,42.0,16.0,0.0,3.0,1.0,0.0,0.0,0.0,638.2,0,1.2477399055694416,0,-0.6981569342089715,0,1.1150603154638266,0,0.2939568990490026,0,0.6168926043302173,0,-1.2437575564771046,0,2.700833281577968,0,2.3113428403733844,0,0.5752857618575975,0,-1.3454133340935819,0,-0.7833212472016914,0,-0.4728514166340949,0,-0.8225516306088214,0,0.11634807653350004,0,0.3432144692812618,0,-0.19188271958148292,0,-0.4775441224635003,0,0.050782697159745295,0,0.15004169174687998,0,-0.38749394545440313,0,-0.2302215311947184,0,-0.2580612937396559,train
Mike Harris,15106,CB,2012,College Stats,4.52,36.0,16.0,117.0,6.81,4.07,70.0,188.0,13,1.0,89.0,0,0.0,58.0,43.0,15.0,1.0,6.0,0.0,0.0,0.0,0.0,264.6,0,0.3369592658837234,0,-0.09300026703346613,1,0.020260898304570486,0,-1.0544921953119568,0,-0.8454864493157318,0,-0.8734914368222166,0,-1.0860710464615502,0,-0.9472754059764636,0,0.5752857618575975,0,-0.8086422111650544,0,1.2605015234334471,0,-0.4728514166340949,0,-1.0776320798914605,0,0.11634807653350004,0,0.42217328055899467,0,-0.29505988025029706,0,0.7067037818743266,0,1.4473068690527433,0,-0.9608439106098271,0,-0.38749394545440313,0,-0.2302215311947184,0,-0.2580612937396559,train
Matt Elam,15789,S,2013,College Stats,4.43,35.5,17.0,118.0,6.94,4.17,70.0,208.0,13,4.0,73.0,0,0.0,76.0,58.0,18.0,2.0,11.0,1.0,0.0,0.0,0.0,274.5,0,-0.687668953762707,0,-0.2947191560919679,0,0.2939607525943845,0,-0.8618566104032483,1,0.018646627838695376,1,0.05217386231499889,0,-1.0860710464615502,0,0.8141398623207516,0,0.5752857618575975,0,0.801671157620528,0,0.8930727107349952,0,-0.4728514166340949,0,-1.0776320798914605,0,1.0033581649572145,0,1.6065554497249868,0,0.014471601756145341,0,1.8909516862121534,0,3.7748471555410736,0,0.15004169174687998,0,-0.38749394545440313,0,-0.2302215311947184,0,-0.2580612937396559,val
D.J. Hayden,15794,CB,2013,College Stats,4.4,36.0,16.0,122.0,6.94,4.17,71.0,191.0,9,4.0,171.0,2,0.0,61.0,38.0,23.0,0.0,1.5,1.0,0.0,0.0,0.0,612.45,0,-1.0292116936448437,1,-0.09300026703346613,1,0.020260898304570486,1,-0.0913142707684144,1,0.018646627838695376,1,0.05217386231499889,0,-0.45492032512163055,0,-0.6830631157318814,0,-1.5595095953971005,0,0.801671157620528,0,3.143574188513013,0,3.13205542305158,0,-1.0776320798914605,0,0.2641830912707858,0,0.027379224170330594,0,0.530357405100216,0,-0.4775441224635003,0,-0.6474793887867537,0,0.15004169174687998,0,-0.38749394545440313,0,-0.2302215311947184,0,-0.2580612937396559,val
Dee Milliner,15804,CB,2013,College Stats,4.37,36.0,16.0,122.0,6.95,4.32,72.0,201.0,13,2.0,35.0,0,0.0,0.0,0.0,0.0,0.0,0.0,0.0,0.0,0.0,0.0,207.0,0,-1.3707544335269906,0,-0.09300026703346613,1,0.020260898304570486,0,-0.0913142707684144,0,0.08511840300441872,0,1.4406718110208305,0,0.17623039621828915,0,0.19764451841672626,0,0.5752857618575975,0,-0.27187108823652695,0,0.020429280576172038,0,-0.4728514166340949,0,-1.0776320798914605,0,-2.741795541720691,0,-2.973055604383516,0,-1.842717290282509,0,-0.4775441224635003,0,-1.3457414747332528,0,-0.9608439106098271,0,-0.38749394545440313,0,-0.2302215311947184,0,-0.2580612937396559,val
Eric Reid,15809,S,2013,College Stats,4.53,40.5,17.0,134.0,6.99,4.22,73.0,213.0,13,2.0,29.0,0,0.0,91.0,42.0,49.0,0.0,1.0,0.0,0.0,0.0,0.0,861.5999999999999,0,0.45080684584444575,0,1.7224697344930502,0,0.2939607525943845,0,2.2203127481360876,0,0.35100550366731803,0,0.5150065118836067,0,0.8073811175582088,0,1.2544936793950554,0,0.5752857618575975,0,-0.27187108823652695,0,-0.11735652418574741,0,-0.4728514166340949,0,-1.0776320798914605,0,1.7425332386436434,0,0.3432144692812618,0,3.2129635824893836,0,-0.4775441224635003,0,-0.8802334174355867,0,-0.9608439106098271,0,-0.38749394545440313,0,-0.2302215311947184,0,-0.2580612937396559,train
Xavier Rhodes,15810,CB,2013,College Stats,4.43,40.5,14.0,132.0,6.94,4.17,73.0,210.0,14,3.0,14.0,0,0.0,39.0,27.0,12.0,0.0,2.0,1.0,0.0,0.0,0.0,926.8999999999999,0,-0.687668953762707,0,1.7224697344930502,0,-0.5271388102750575,0,1.8350415783186707,1,0.018646627838695376,1,0.05217386231499889,0,0.8073811175582088,0,0.9902813891504731,0,1.108984601171272,0,0.2649000346920005,0,-0.46182103609054603,0,-0.4728514166340949,0,-1.0776320798914605,0,-0.8199403501359764,0,-0.8411676998847303,0,-0.6045913622567395,0,-0.4775441224635003,0,-0.4147253601379207,0,0.15004169174687998,0,-0.38749394545440313,0,-0.2302215311947184,0,-0.2580612937396559,val
Desmond Trufant,15812,CB,2013,College Stats,4.38,37.5,16.0,125.0,6.94,3.85,72.0,190.0,12,1.0,0.0,0,0.0,36.0,27.0,9.0,1.0,4.5,1.0,0.0,0.0,0.0,851.6,0,-1.2569068535662784,0,0.5121564001420393,0,0.020260898304570486,0,0.4865924839577111,1,0.018646627838695376,0,-2.9099550949240998,0,0.17623039621828915,0,-0.7711338791467421,0,0.04158692254392306,0,-0.8086422111650544,0,-0.7833212472016914,0,-0.4728514166340949,0,-1.0776320798914605,0,-0.9677753648732622,0,-0.8411676998847303,0,-0.9141228442631819,0,0.7067037818743266,0,0.7490447831062443,0,0.15004169174687998,0,-0.38749394545440313,0,-0.2302215311947184,0,-0.2580612937396559,train
Kenny Vaccaro,15813,S,2013,College Stats,4.63,38.0,15.0,121.0,6.78,4.06,72.0,214.0,13,2.0,19.0,0,0.0,92.0,58.0,34.0,0.0,4.5,2.0,0.0,0.0,0.0,970.0500000000001,0,1.5892826454515885,0,0.7138752892005411,0,-0.2534389559852435,0,-0.2839498556771229,0,-1.044901774812902,0,-0.9660579667359448,0,0.17623039621828915,0,1.3425644428099162,0,0.5752857618575975,0,-0.27187108823652695,0,-0.3469995321222798,0,-0.4728514166340949,0,-1.0776320798914605,0,1.7918115768894054,0,1.6065554497249868,0,1.6653061724571714,0,-0.4775441224635003,0,0.7490447831062443,0,1.260927294103587,0,-0.38749394545440313,0,-0.2302215311947184,0,-0.2580612937396559,test
David Amerson,15820,CB,2013,College Stats,4.44,35.5,15.0,127.0,6.94,4.17,73.0,205.0,13,5.0,82.0,1,0.0,61.0,48.0,13.0,0.0,1.0,0.0,0.0,0.0,0.0,845.4,0,-0.5738213738019847,0,-0.2947191560919679,0,-0.2534389559852435,0,0.8718636537751281,1,0.018646627838695376,1,0.05217386231499889,0,0.8073811175582088,0,0.5499275720761693,0,0.5752857618575975,0,1.3384422805490555,0,1.0997514178778744,0,1.3296020032087423,0,-1.0776320798914605,0,0.2641830912707858,0,0.8169673369476587,0,-0.5014142015879254,0,-0.4775441224635003,0,-0.8802334174355867,0,-0.9608439106098271,0,-0.38749394545440313,0,-0.2302215311947184,0,-0.2580612937396559,train
Johnthan Banks,15824,CB,2013,College Stats,4.61,34.0,10.0,125.0,6.97,4.27,74.0,185.0,13,4.0,124.0,0,0.0,63.0,39.0,24.0,0.0,2.0,1.0,0.0,0.0,0.0,378.29999999999995,0,1.361587485530164,0,-0.8998758232674734,0,-1.6219382274343135,0,0.4865924839577111,0,0.21806195333586542,0,0.9778391614522144,0,1.4385318388981285,0,-1.211487696221046,0,0.5752857618575975,0,0.801671157620528,0,2.0642520512113105,0,-0.4728514166340949,0,-1.0776320798914605,0,0.36273976776230965,0,0.1063380354480634,0,0.6335345657690301,0,-0.4775441224635003,0,-0.4147253601379207,0,0.15004169174687998,0,-0.38749394545440313,0,-0.2302215311947184,0,-0.2580612937396559,train
Jonathan Cyprien,15831,S,2013,College Stats,4.64,38.5,16.0,122.0,6.94,4.17,72.0,217.0,12,4.0,32.0,0,0.0,93.0,54.0,39.0,0.0,3.5,1.0,0.0,0.0,0.0,857.9,0,1.7031302254123006,0,0.9155941782590429,1,0.020260898304570486,1,-0.0913142707684144,1,0.018646627838695376,1,0.05217386231499889,0,0.17623039621828915,0,1.6067767330544984,0,0.04158692254392306,0,0.801671157620528,0,-0.048463621804787686,0,-0.4728514166340949,0,-1.0776320798914605,0,1.8410899151351672,0,1.2907202046140556,0,2.181191975801242,0,-0.4775441224635003,0,0.2835367258085783,0,0.15004169174687998,0,-0.38749394545440313,0,-0.2302215311947184,0,-0.2580612937396559,train
Will Davis,15833,CB,2013,College Stats,4.51,35.5,16.0,127.0,6.52,4.02,71.0,186.0,13,5.0,100.0,1,0.0,64.0,46.0,18.0,0.0,4.5,0.0,0.0,0.0,0.0,95.0,0,0.22311168592301114,0,-0.2947191560919679,0,0.020260898304570486,0,0.8718636537751281,0,-2.77316792912175,0,-1.3363240863908326,0,-0.45492032512163055,0,-1.1234169328061852,0,0.5752857618575975,0,1.3384422805490555,0,1.5131088321636328,0,1.3296020032087423,0,-1.0776320798914605,0,0.4120181060080716,0,0.6590497143921931,0,0.014471601756145341,0,-0.4775441224635003,0,0.7490447831062443,0,-0.9608439106098271,0,-0.38749394545440313,0,-0.2302215311947184,0,-0.2580612937396559,val
Dwayne Gratz,15840,CB,2013,College Stats,4.47,38.0,22.0,125.0,6.7,4.15,71.0,201.0,12,3.0,37.0,1,0.0,53.0,36.0,17.0,0.0,3.5,1.0,0.0,0.0,0.0,290.4,0,-0.23227863391984793,0,0.7138752892005411,0,1.6624600240434546,0,0.4865924839577111,0,-1.5766759761387004,0,-0.13295919751244092,0,-0.45492032512163055,0,0.19764451841672626,0,0.04158692254392306,0,0.2649000346920005,0,0.06635788216347852,0,1.3296020032087423,0,-1.0776320798914605,0,-0.13004361469530956,0,-0.13053839838513503,0,-0.08870555891266879,0,-0.4775441224635003,0,0.2835367258085783,0,0.15004169174687998,0,-0.38749394545440313,0,-0.2302215311947184,0,-0.2580612937396559,train
T.J. McDonald,15852,S,2013,College Stats,4.59,40.0,19.0,131.0,6.89,4.2,74.0,219.0,13,2.0,0.0,0,0.0,112.0,54.0,58.0,1.0,6.5,0.0,0.0,0.0,0.0,716.5,0,1.1338923256087292,0,1.5207508454345484,0,0.8413604611740125,0,1.642405993409962,0,-0.3137122479899332,0,0.32987345205616686,0,1.4385318388981285,0,1.78291825988422,0,0.5752857618575975,0,-0.27187108823652695,0,-0.7833212472016914,0,-0.4728514166340949,0,-1.0776320798914605,0,2.777378341804644,0,1.2907202046140556,0,4.14155802850871,0,0.7067037818743266,0,1.6800608977015763,0,-0.9608439106098271,0,-0.38749394545440313,0,-0.2302215311947184,0,-0.2580612937396559,train
Leon McFadden,15854,CB,2013,College Stats,4.54,34.5,10.0,119.0,6.81,4.27,70.0,193.0,13,3.0,124.0,2,0.0,61.0,46.0,15.0,0.0,2.0,1.0,0.0,0.0,0.0,102.4,0,0.564654425805158,0,-0.6981569342089715,0,-1.6219382274343135,0,-0.6692210254945399,0,-0.8454864493157318,0,0.9778391614522144,0,-1.0860710464615502,0,-0.5069215889021599,0,0.5752857618575975,0,0.2649000346920005,0,2.0642520512113105,0,3.13205542305158,0,-1.0776320798914605,0,0.2641830912707858,0,0.6590497143921931,0,-0.29505988025029706,0,-0.4775441224635003,0,-0.4147253601379207,0,0.15004169174687998,0,-0.38749394545440313,0,-0.2302215311947184,0,-0.2580612937396559,train
Logan Ryan,15861,CB,2013,College Stats,4.56,32.5,14.0,116.0,6.69,4.06,71.0,191.0,13,4.0,17.0,0,0.0,94.0,59.0,35.0,0.0,5.0,0.0,0.0,0.0,0.0,1236.65,0,0.7923495857265824,0,-1.5050324904429788,0,-0.5271388102750575,0,-1.2471277802206653,0,-1.6431477513044237,0,-0.9660579667359448,0,-0.45492032512163055,0,-0.6830631157318814,0,0.5752857618575975,0,0.801671157620528,0,-0.3929281337095863,0,-0.4728514166340949,0,-1.0776320798914605,0,1.8903682533809292,0,1.6855142610027196,0,1.7684833331259857,0,-0.4775441224635003,0,0.9817988117550773,0,-0.9608439106098271,0,-0.38749394545440313,0,-0.2302215311947184,0,-0.2580612937396559,train
Darius Slay,15863,CB,2013,College Stats,4.36,35.5,14.0,124.0,6.9,4.21,72.0,192.0,13,5.0,101.0,1,0.0,40.0,26.0,14.0,0.0,1.0,0.0,0.0,0.0,0.0,1270.4,0,-1.484602013487703,0,-0.2947191560919679,0,-0.5271388102750575,0,0.2939568990490026,0,-0.24724047282420392,0,0.42243998196988675,0,0.17623039621828915,0,-0.5949923523170206,0,0.5752857618575975,0,1.3384422805490555,0,1.536073132957286,0,1.3296020032087423,0,-1.0776320798914605,0,-0.7706620118902145,0,-0.9201265111624631,0,-0.3982370409191112,0,-0.4775441224635003,0,-0.8802334174355867,0,-0.9608439106098271,0,-0.38749394545440313,0,-0.2302215311947184,0,-0.2580612937396559,train
D.J. Swearinger,15865,S,2013,College Stats,4.67,37.0,17.0,124.0,6.7,4.11,70.0,208.0,12,2.0,72.0,1,0.0,79.0,62.0,17.0,0.0,3.0,2.0,0.0,65.0,1.0,793.15,0,2.0446729652944473,0,0.3104375110835375,0,0.2939607525943845,0,0.2939568990490026,0,-1.5766759761387004,0,-0.5032253171673288,0,-1.0860710464615502,0,0.8141398623207516,0,0.04158692254392306,0,-0.27187108823652695,0,0.870108409941342,0,1.3296020032087423,0,-1.0776320798914605,0,1.1511931796945003,0,1.922390694835918,0,-0.08870555891266879,0,-0.4775441224635003,0,0.050782697159745295,0,1.260927294103587,0,-0.38749394545440313,0,5.2100936889637595,0,3.7160826298510456,train
Jamar Taylor,15866,CB,2013,College Stats,4.39,35.0,22.0,127.0,6.82,4.06,71.0,192.0,13,4.0,54.0,0,0.0,51.0,31.0,20.0,2.5,3.5,3.0,0.0,0.0,0.0,506.35,0,-1.143059273605566,0,-0.49643804515046974,0,1.6624600240434546,0,0.8718636537751281,0,-0.7790146741500026,0,-0.9660579667359448,0,-0.45492032512163055,0,-0.5949923523170206,0,0.5752857618575975,0,0.801671157620528,0,0.4567509956555836,0,-0.4728514166340949,0,-1.0776320798914605,0,-0.2286002911868334,0,-0.5253324547737991,0,0.2208259230937736,0,2.483075638381067,0,0.2835367258085783,0,2.3718128964602943,0,-0.38749394545440313,0,-0.2302215311947184,0,-0.2580612937396559,train
Kayvon Webster,15872,CB,2013,College Stats,4.41,35.0,14.0,125.0,6.94,4.17,70.0,195.0,12,0.0,0.0,0,0.0,82.0,61.0,21.0,2.0,4.0,3.0,0.0,0.0,0.0,311.6,0,-0.9153641136841315,0,-0.49643804515046974,0,-0.5271388102750575,0,0.4865924839577111,1,0.018646627838695376,1,0.05217386231499889,0,-1.0860710464615502,0,-0.3307800620724383,0,0.04158692254392306,0,-1.3454133340935819,0,-0.7833212472016914,0,-0.4728514166340949,0,-1.0776320798914605,0,1.299028194431786,0,1.8434318835581853,0,0.32400308376258774,0,1.8909516862121534,0,0.5162907544574113,0,2.3718128964602943,0,-0.38749394545440313,0,-0.2302215311947184,0,-0.2580612937396559,train
Shawn Williams,15877,S,2013,College Stats,4.46,36.0,25.0,120.0,7.01,4.25,72.0,213.0,14,0.0,0.0,0,0.0,98.0,56.0,42.0,1.0,5.5,1.0,0.0,0.0,0.0,669.3,0,-0.3461262138805602,0,-0.09300026703346613,0,2.4835595869128966,0,-0.4765854405858314,0,0.48394905399876476,0,0.7927061016247746,0,0.17623039621828915,0,1.2544936793950554,0,1.108984601171272,0,-1.3454133340935819,0,-0.7833212472016914,0,-0.4728514166340949,0,-1.0776320798914605,0,2.0874816063639767,0,1.4486378271695213,0,2.4907234578076847,0,0.7067037818743266,0,1.2145528404039103,0,0.15004169174687998,0,-0.38749394545440313,0,-0.2302215311947184,0,-0.2580612937396559,val
Blidi Wreh-Wilson,15881,CB,2013,College Stats,4.53,36.0,14.0,128.0,6.97,4.12,73.0,195.0,11,1.0,0.0,0,0.0,46.0,31.0,15.0,0.0,0.0,0.0,0.0,0.0,0.0,324.09999999999997,0,0.45080684584444575,0,-0.09300026703346613,0,-0.5271388102750575,0,1.0644992386838366,0,0.21806195333586542,0,-0.4106587872536089,0,0.8073811175582088,0,-0.3307800620724383,0,-0.49211191676975147,0,-0.8086422111650544,0,-0.7833212472016914,0,-0.4728514166340949,0,-1.0776320798914605,0,-0.474991982415643,0,-0.5253324547737991,0,-0.29505988025029706,0,-0.4775441224635003,0,-1.3457414747332528,0,-0.9608439106098271,0,-0.38749394545440313,0,-0.2302215311947184,0,-0.2580612937396559,train
Duke Williams,15884,S,2013,College Stats,4.48,37.5,13.0,126.0,6.94,4.0,71.0,203.0,13,1.0,27.0,0,0.0,106.0,68.0,38.0,0.0,5.5,3.0,0.0,0.0,0.0,236.59999999999997,0,-0.11843105395912559,0,0.5121564001420393,0,-0.8008386645648715,0,0.6792280688664196,1,0.018646627838695376,0,-1.5214571462182724,0,-0.45492032512163055,0,0.37378604524644776,0,0.5752857618575975,0,-0.8086422111650544,0,-0.1632851257730539,0,-0.4728514166340949,0,-1.0776320798914605,0,2.4817083123300723,0,2.396143562502315,0,2.078014815132428,0,-0.4775441224635003,0,1.2145528404039103,0,2.3718128964602943,0,-0.38749394545440313,0,-0.2302215311947184,0,-0.2580612937396559,train
Phillip Thomas,15886,S,2012,College Stats,4.68,33.0,14.0,122.0,6.94,4.17,71.0,198.0,10,6.0,50.0,0,0.0,82.0,54.0,28.0,0.0,4.5,1.0,0.0,0.0,0.0,49.0,0,2.15852054525516,0,-1.303313601384477,0,-0.5271388102750575,0,-0.0913142707684144,1,0.018646627838695376,1,0.05217386231499889,0,-0.45492032512163055,0,-0.06656777182785605,0,-1.025810756083426,0,1.875213403477583,0,0.36489379248097065,0,-0.4728514166340949,0,-1.0776320798914605,0,1.299028194431786,0,1.2907202046140556,0,1.0462432084442868,0,-0.4775441224635003,0,0.7490447831062443,0,0.15004169174687998,0,-0.38749394545440313,0,-0.2302215311947184,0,-0.2580612937396559,val
Bacarri Rambo,15912,S,2013,College Stats,4.56,36.0,17.0,122.0,6.94,4.17,72.0,211.0,10,3.0,44.0,0,0.0,73.0,47.0,26.0,1.0,1.0,3.0,0.0,0.0,0.0,360.0,0,0.7923495857265824,1,-0.09300026703346613,0,0.2939607525943845,1,-0.0913142707684144,1,0.018646627838695376,1,0.05217386231499889,0,0.17623039621828915,0,1.078352152565334,0,-1.025810756083426,0,0.2649000346920005,0,0.2271079877190512,0,-0.4728514166340949,0,-1.0776320798914605,0,0.8555231502199289,0,0.7380085256699259,0,0.8398888871066584,0,0.7067037818743266,0,-0.8802334174355867,0,2.3718128964602943,0,-0.38749394545440313,0,-0.2302215311947184,0,-0.2580612937396559,test
Sanders Commings,15913,CB,2013,College Stats,4.41,34.5,16.0,117.0,7.1,4.3,72.0,216.0,12,3.0,0.0,0,0.0,51.0,42.0,9.0,0.0,1.0,0.0,0.0,0.0,0.0,4.199999999999999,0,-0.9153641136841315,0,-0.6981569342089715,1,0.020260898304570486,0,-1.0544921953119568,0,1.0821950304902868,0,1.2555387511933824,0,0.17623039621828915,0,1.5187059696396377,0,0.04158692254392306,0,0.2649000346920005,0,-0.7833212472016914,0,-0.4728514166340949,0,-1.0776320798914605,0,-0.2286002911868334,0,0.3432144692812618,0,-0.9141228442631819,0,-0.4775441224635003,0,-0.8802334174355867,0,-0.9608439106098271,0,-0.38749394545440313,0,-0.2302215311947184,0,-0.2580612937396559,train
Earl Wolff,15917,S,2013,College Stats,4.44,39.0,16.0,134.0,6.94,4.07,71.0,209.0,13,2.0,35.0,0,0.0,119.0,75.0,44.0,0.0,4.0,1.0,0.0,0.0,0.0,126.6,0,-0.5738213738019847,0,1.1173130673175447,1,0.020260898304570486,0,2.2203127481360876,1,0.018646627838695376,0,-0.8734914368222166,0,-0.45492032512163055,0,0.9022106257356124,0,0.5752857618575975,0,-0.27187108823652695,0,0.020429280576172038,0,-0.4728514166340949,0,-1.0776320798914605,0,3.122326709524977,0,2.9488552414464446,0,2.697077779145313,0,-0.4775441224635003,0,0.5162907544574113,0,0.15004169174687998,0,-0.38749394545440313,0,-0.2302215311947184,0,-0.2580612937396559,train
Brandon McGee,15949,CB,2013,College Stats,4.4,33.5,14.0,119.0,6.71,4.18,71.0,193.0,12,2.0,26.0,0,0.0,54.0,37.0,17.0,1.0,4.0,0.0,0.0,0.0,0.0,49.0,0,-1.0292116936448437,0,-1.101594712325975,0,-0.5271388102750575,0,-0.6692210254945399,0,-1.510204200972977,0,0.1447403922287188,0,-0.45492032512163055,0,-0.5069215889021599,0,0.04158692254392306,0,-0.27187108823652695,0,-0.18624942656670712,0,-0.4728514166340949,0,-1.0776320798914605,0,-0.08076527644954763,0,-0.05157958710740222,0,-0.08870555891266879,0,0.7067037818743266,0,0.5162907544574113,0,-0.9608439106098271,0,-0.38749394545440313,0,-0.2302215311947184,0,-0.2580612937396559,train
Micah Hyde,15960,CB,2013,College Stats,4.56,33.0,12.0,121.0,6.78,4.2,72.0,197.0,12,1.0,0.0,0,0.0,78.0,44.0,34.0,0.0,4.0,2.0,0.0,9.0,1.0,1051.8999999999999,0,0.7923495857265824,0,-1.303313601384477,0,-1.0745385188546857,0,-0.2839498556771229,0,-1.044901774812902,0,0.32987345205616686,0,0.17623039621828915,0,-0.1546385352427168,0,0.04158692254392306,0,-0.8086422111650544,0,-0.7833212472016914,0,-0.4728514166340949,0,-1.0776320798914605,0,1.1019148414487385,0,0.5011320918367275,0,1.6653061724571714,0,-0.4775441224635003,0,0.5162907544574113,0,1.260927294103587,0,-0.38749394545440313,0,0.5230528839041477,0,3.7160826298510456,train
Jordan Poyer,15979,CB,2013,College Stats,4.54,30.5,8.0,118.0,6.87,4.18,72.0,191.0,12,7.0,122.0,1,0.0,51.0,34.0,17.0,2.0,5.0,1.0,0.0,0.0,0.0,1184.15,0,0.564654425805158,0,-2.311908046676986,0,-2.1693379360139415,0,-0.8618566104032483,0,-0.44665579832137986,0,0.1447403922287188,0,0.17623039621828915,0,-0.6830631157318814,0,0.04158692254392306,0,2.4119845264061106,0,2.0183234496240043,0,1.3296020032087423,0,-1.0776320798914605,0,-0.2286002911868334,0,-0.28845602094060063,0,-0.08870555891266879,0,1.8909516862121534,0,0.9817988117550773,0,0.15004169174687998,0,-0.38749394545440313,0,-0.2302215311947184,0,-0.2580612937396559,train
Josh Evans,15984,S,2013,College Stats,4.58,34.5,16.0,123.0,6.64,4.1,73.0,207.0,13,3.0,11.0,0,0.0,83.0,49.0,34.0,2.5,4.5,0.0,0.0,0.0,0.0,369.4,0,1.020044745648017,0,-0.6981569342089715,1,0.020260898304570486,0,0.10132131414029409,0,-1.9755066271330524,0,-0.5957918470810569,0,0.8073811175582088,0,0.7260690989058909,0,0.5752857618575975,0,0.2649000346920005,0,-0.5307139384715057,0,-0.4728514166340949,0,-1.0776320798914605,0,1.348306532677548,0,0.8959261482253915,0,1.6653061724571714,0,2.483075638381067,0,0.7490447831062443,0,-0.9608439106098271,0,-0.38749394545440313,0,-0.2302215311947184,0,-0.2580612937396559,test
Shamarko Thomas,15992,S,2013,College Stats,4.42,40.5,28.0,133.0,6.94,4.26,69.0,213.0,13,2.0,27.0,0,0.0,88.0,62.0,26.0,1.0,3.5,3.0,0.0,0.0,0.0,165.2,0,-0.8015165337234192,0,1.7224697344930502,0,3.3046591497823385,0,2.027677163227379,1,0.018646627838695376,0,0.8852726315384946,0,-1.7172217678014698,0,1.2544936793950554,0,0.5752857618575975,0,-0.27187108823652695,0,-0.1632851257730539,0,-0.4728514166340949,0,-1.0776320798914605,0,1.5946982239063576,0,1.922390694835918,0,0.8398888871066584,0,0.7067037818743266,0,0.2835367258085783,0,2.3718128964602943,0,-0.38749394545440313,0,-0.2302215311947184,0,-0.2580612937396559,train
Zeke Motta,15993,S,2013,College Stats,4.75,35.5,11.0,126.0,6.75,4.16,74.0,213.0,13,0.0,0.0,0,3.0,77.0,39.0,38.0,0.0,2.0,0.0,0.0,0.0,0.0,40.0,0,2.9554536049801654,0,-0.2947191560919679,0,-1.3482383731444996,0,0.6792280688664196,0,-1.2443171003100777,0,-0.04039266759872102,0,1.4385318388981285,0,1.2544936793950554,0,0.5752857618575975,0,-1.3454133340935819,0,-0.7833212472016914,0,-0.4728514166340949,0,-0.3123907320435435,0,1.0526365032029765,0,0.1063380354480634,0,2.078014815132428,0,-0.4775441224635003,0,-0.4147253601379207,0,-0.9608439106098271,0,-0.38749394545440313,0,-0.2302215311947184,0,-0.2580612937396559,val
Tharold Simon,16021,CB,2013,College Stats,4.51,34.0,9.0,128.0,6.94,4.17,74.0,202.0,13,4.0,43.0,0,0.0,45.0,35.0,10.0,0.0,0.0,0.0,0.0,0.0,0.0,71.0,0,0.22311168592301114,0,-0.8998758232674734,0,-1.8956380817241276,0,1.0644992386838366,1,0.018646627838695376,1,0.05217386231499889,0,1.4385318388981285,0,0.285715281831587,0,0.5752857618575975,0,0.801671157620528,0,0.20414368692539797,0,-0.4728514166340949,0,-1.0776320798914605,0,-0.5242703206614049,0,-0.20949720966286783,0,-0.8109456835943677,0,-0.4775441224635003,0,-1.3457414747332528,0,-0.9608439106098271,0,-0.38749394545440313,0,-0.2302215311947184,0,-0.2580612937396559,test
Daimion Stafford,16030,S,2013,College Stats,4.69,30.5,21.0,111.0,7.06,4.17,72.0,221.0,14,4.0,28.0,0,0.0,96.0,51.0,45.0,1.0,3.5,2.0,0.0,0.0,0.0,311.0,0,2.272368125215882,0,-2.311908046676986,0,1.3887601697536405,0,-2.210305704764208,0,0.8163079298273874,1,0.05217386231499889,0,0.17623039621828915,0,1.9590597867139414,0,1.108984601171272,0,0.801671157620528,0,-0.14032082497940065,0,-0.4728514166340949,0,-1.0776320798914605,0,1.988924929872453,0,1.0538437707808572,0,2.8002549398141268,0,0.7067037818743266,0,0.2835367258085783,0,1.260927294103587,0,-0.38749394545440313,0,-0.2302215311947184,0,-0.2580612937396559,train
Justin Gilbert,16714,CB,2014,College Stats,4.37,35.5,20.0,126.0,6.92,4.17,72.0,202.0,13,7.0,123.0,2,7.0,42.0,36.0,6.0,0.0,0.0,0.0,0.0,0.0,0.0,147.2,0,-1.3707544335269906,0,-0.2947191560919679,0,1.1150603154638266,0,0.6792280688664196,0,-0.11429692249275723,1,0.05217386231499889,0,0.17623039621828915,0,0.285715281831587,0,0.5752857618575975,0,2.4119845264061106,0,2.0412877504176574,0,3.13205542305158,0,0.7079310650870124,0,-0.6721053353986907,0,-0.13053839838513503,0,-1.2236543262696242,0,-0.4775441224635003,0,-1.3457414747332528,0,-0.9608439106098271,0,-0.38749394545440313,0,-0.2302215311947184,0,-0.2580612937396559,train
Kyle Fuller,16715,CB,2014,College Stats,4.49,38.5,12.0,128.0,6.9,4.19,72.0,190.0,7,2.0,8.0,0,10.0,24.0,17.0,7.0,0.0,2.0,1.0,0.0,0.0,0.0,878.1999999999999,0,-0.004583473998413347,0,0.9155941782590429,0,-1.0745385188546857,0,1.0644992386838366,0,-0.24724047282420392,0,0.23730692214244692,0,0.17623039621828915,0,-0.7711338791467421,0,-2.6269072740244495,0,-0.27187108823652695,0,-0.5996068408524654,0,-0.4728514166340949,0,1.4731724129349293,0,-1.5591154238224052,0,-1.6307558126620585,0,-1.1204771656008101,0,-0.4775441224635003,0,-0.4147253601379207,0,0.15004169174687998,0,-0.38749394545440313,0,-0.2302215311947184,0,-0.2580612937396559,test
Jimmie Ward,16717,S,2014,College Stats,4.59,36.0,9.0,122.0,6.94,4.17,71.0,193.0,14,7.0,102.0,1,10.0,94.0,62.0,32.0,1.0,2.5,1.0,1.0,0.0,0.0,794.4,0,1.1338923256087292,1,-0.09300026703346613,0,-1.8956380817241276,1,-0.0913142707684144,1,0.018646627838695376,1,0.05217386231499889,0,-0.45492032512163055,0,-0.5069215889021599,0,1.108984601171272,0,2.4119845264061106,0,1.5590374337509394,0,1.3296020032087423,0,1.4731724129349293,0,1.8903682533809292,0,1.922390694835918,0,1.4589518511195432,0,0.7067037818743266,0,-0.1819713314890877,0,0.15004169174687998,0,1.5374759771255349,0,-0.2302215311947184,0,-0.2580612937396559,train
Darqueze Dennard,16718,CB,2014,College Stats,4.52,36.0,15.0,122.0,6.94,4.17,71.0,199.0,13,4.0,38.0,0,10.0,60.0,32.0,28.0,0.0,3.5,2.0,0.0,0.0,0.0,538.6999999999999,0,0.3369592658837234,1,-0.09300026703346613,0,-0.2534389559852435,1,-0.0913142707684144,1,0.018646627838695376,1,0.05217386231499889,0,-0.45492032512163055,0,0.021502991587004718,0,0.5752857618575975,0,0.801671157620528,0,0.08932218295713176,0,-0.4728514166340949,0,1.4731724129349293,0,0.2149047530250239,0,-0.4463736434960663,0,1.0462432084442868,0,-0.4775441224635003,0,0.2835367258085783,0,1.260927294103587,0,-0.38749394545440313,0,-0.2302215311947184,0,-0.2580612937396559,test
Bradley Roby,16719,CB,2014,College Stats,4.39,38.5,17.0,124.0,6.94,4.04,71.0,194.0,12,3.0,120.0,1,13.0,68.0,54.0,14.0,0.0,2.0,0.0,0.0,0.0,0.0,854.8,0,-1.143059273605566,0,0.9155941782590429,0,0.2939607525943845,0,0.2939568990490026,1,0.018646627838695376,0,-1.1511910265633847,0,-0.45492032512163055,0,-0.4188508254872991,0,0.04158692254392306,0,0.2649000346920005,0,1.9723948480366977,0,1.3296020032087423,0,2.238413760782846,0,0.6091314589911192,0,1.2907202046140556,0,-0.3982370409191112,0,-0.4775441224635003,0,-0.4147253601379207,0,-0.9608439106098271,0,-0.38749394545440313,0,-0.2302215311947184,0,-0.2580612937396559,train
Deone Bucannon,16723,S,2014,College Stats,4.49,36.5,19.0,125.0,6.96,4.26,73.0,211.0,13,6.0,110.0,0,1.0,93.0,62.0,31.0,0.0,3.5,2.0,1.0,0.0,0.0,734.0,0,-0.004583473998413347,0,0.10871862202503568,0,0.8413604611740125,0,0.4865924839577111,0,0.1515901781701421,0,0.8852726315384946,0,0.8073811175582088,0,1.078352152565334,0,0.5752857618575975,0,1.875213403477583,0,1.7427518401001652,0,-0.4728514166340949,0,-0.8225516306088214,0,1.8410899151351672,0,1.922390694835918,0,1.355774690450729,0,-0.4775441224635003,0,0.2835367258085783,0,1.260927294103587,0,1.5374759771255349,0,-0.2302215311947184,0,-0.2580612937396559,train
Jason Verrett,16726,CB,2014,College Stats,4.38,39.0,16.0,128.0,6.69,4.0,69.0,189.0,11,2.0,0.0,0,13.0,39.0,31.0,8.0,1.0,2.5,1.0,0.0,0.0,0.0,325.29999999999995,0,-1.2569068535662784,0,1.1173130673175447,1,0.020260898304570486,0,1.0644992386838366,0,-1.6431477513044237,0,-1.5214571462182724,0,-1.7172217678014698,0,-0.8592046425616029,0,-0.49211191676975147,0,-0.27187108823652695,0,-0.7833212472016914,0,-0.4728514166340949,0,2.238413760782846,0,-0.8199403501359764,0,-0.5253324547737991,0,-1.017300004931996,0,0.7067037818743266,0,-0.1819713314890877,0,0.15004169174687998,0,-0.38749394545440313,0,-0.2302215311947184,0,-0.2580612937396559,test
Calvin Pryor,16729,S,2014,College Stats,4.58,34.5,18.0,116.0,6.94,4.17,71.0,207.0,10,3.0,26.0,0,4.0,72.0,52.0,20.0,0.0,3.0,0.0,0.0,0.0,0.0,399.0999999999999,0,1.020044745648017,0,-0.6981569342089715,0,0.5676606068841985,0,-1.2471277802206653,1,0.018646627838695376,1,0.05217386231499889,0,-0.45492032512163055,0,0.7260690989058909,0,-1.025810756083426,0,0.2649000346920005,0,-0.18624942656670712,0,-0.4728514166340949,0,-0.05731028276090452,0,0.806244811974167,0,1.1328025820585899,0,0.2208259230937736,0,-0.4775441224635003,0,0.050782697159745295,0,-0.9608439106098271,0,-0.38749394545440313,0,-0.2302215311947184,0,-0.2580612937396559,val
Ha Ha Clinton-Dix,16735,S,2014,College Stats,4.58,33.0,11.0,119.0,7.16,4.16,73.0,208.0,11,2.0,24.0,0,4.0,50.0,30.0,20.0,0.0,3.5,0.0,0.0,0.0,0.0,933.6999999999999,0,1.020044745648017,0,-1.303313601384477,0,-1.3482383731444996,0,-0.6692210254945399,0,1.4810256814846385,0,-0.04039266759872102,0,0.8073811175582088,0,0.8141398623207516,0,-0.49211191676975147,0,-0.27187108823652695,0,-0.23217802815401362,0,-0.4728514166340949,0,-0.05731028276090452,0,-0.27787862943259534,0,-0.6042912660515319,0,0.2208259230937736,0,-0.4775441224635003,0,0.2835367258085783,0,-0.9608439106098271,0,-0.38749394545440313,0,-0.2302215311947184,0,-0.2580612937396559,train
Dezmen Southward,16747,S,2014,College Stats,4.38,36.0,16.0,122.0,6.94,4.17,72.0,211.0,12,1.0,0.0,0,5.0,40.0,26.0,14.0,0.0,3.5,1.0,1.0,0.0,0.0,77.4,0,-1.2569068535662784,1,-0.09300026703346613,1,0.020260898304570486,1,-0.0913142707684144,1,0.018646627838695376,1,0.05217386231499889,0,0.17623039621828915,0,1.078352152565334,0,0.04158692254392306,0,-0.8086422111650544,0,-0.7833212472016914,0,-0.4728514166340949,0,0.19777016652173446,0,-0.7706620118902145,0,-0.9201265111624631,0,-0.3982370409191112,0,-0.4775441224635003,0,0.2835367258085783,0,0.15004169174687998,0,1.5374759771255349,0,-0.2302215311947184,0,-0.2580612937396559,train
Phillip Gaines,16750,CB,2014,College Stats,4.38,36.5,11.0,122.0,6.62,4.04,72.0,193.0,13,4.0,2.0,0,9.0,36.0,24.0,12.0,0.0,4.0,0.0,1.0,0.0,0.0,337.3,0,-1.2569068535662784,0,0.10871862202503568,0,-1.3482383731444996,0,-0.0913142707684144,0,-2.108450177464499,0,-1.1511910265633847,0,0.17623039621828915,0,-0.5069215889021599,0,0.5752857618575975,0,0.801671157620528,0,-0.7373926456143849,0,-0.4728514166340949,0,1.2180919636522902,0,-0.9677753648732622,0,-1.0780441337179287,0,-0.6045913622567395,0,-0.4775441224635003,0,0.5162907544574113,0,-0.9608439106098271,0,1.5374759771255349,0,-0.2302215311947184,0,-0.2580612937396559,train
Terrence Brooks,16768,S,2014,College Stats,4.42,38.0,10.0,119.0,7.35,4.17,71.0,198.0,13,2.0,0.0,0,5.0,56.0,38.0,18.0,1.0,8.0,2.0,1.0,0.0,0.0,284.1,0,-0.8015165337234192,0,0.7138752892005411,0,-1.6219382274343135,0,-0.6692210254945399,0,2.743989409633406,1,0.05217386231499889,0,-0.45492032512163055,0,-0.06656777182785605,0,0.5752857618575975,0,-0.27187108823652695,0,-0.7833212472016914,0,-0.4728514166340949,0,0.19777016652173446,0,0.017791400041976206,0,0.027379224170330594,0,0.014471601756145341,0,0.7067037818743266,0,2.3783229836480757,0,1.260927294103587,0,1.5374759771255349,0,-0.2302215311947184,0,-0.2580612937396559,train
Lamarcus Joyner,16769,CB,2014,College Stats,4.55,37.5,14.0,124.0,7.26,4.4,68.0,184.0,14,2.0,20.0,0,4.0,69.0,45.0,24.0,5.5,7.0,3.0,0.0,0.0,0.0,765.1999999999999,0,0.6785020057658702,0,0.5121564001420393,0,-0.5271388102750575,0,0.2939568990490026,0,2.145743433141884,0,2.181204050330606,0,-2.3483724891413895,0,-1.2995584596359067,0,1.108984601171272,0,-0.27187108823652695,0,-0.32403523132862655,0,-0.4728514166340949,0,-0.05731028276090452,0,0.6584097972368812,0,0.5800909031144603,0,0.6335345657690301,0,6.035819351394547,0,1.9128149263504095,0,2.3718128964602943,0,-0.38749394545440313,0,-0.2302215311947184,0,-0.2580612937396559,train
Stanley Jean-Baptiste,16774,CB,2014,College Stats,4.61,41.5,13.0,128.0,6.94,4.33,75.0,218.0,12,4.0,134.0,1,12.0,41.0,27.0,14.0,1.0,3.0,0.0,0.0,0.0,0.0,2.8,0,1.361587485530164,0,2.1259075126100537,0,-0.8008386645648715,0,1.0644992386838366,1,0.018646627838695376,0,1.5332383409345502,0,2.069682560238048,0,1.6948474964693592,0,0.04158692254392306,0,0.801671157620528,0,2.293895059147843,0,1.3296020032087423,0,1.9833333115002072,0,-0.7213836736444525,0,-0.8411676998847303,0,-0.3982370409191112,0,0.7067037818743266,0,0.050782697159745295,0,-0.9608439106098271,0,-0.38749394545440313,0,-0.2302215311947184,0,-0.2580612937396559,train
Dexter McDougle,16805,CB,2014,College Stats,4.47,36.0,16.0,122.0,6.94,4.17,70.0,196.0,3,3.0,49.0,1,2.0,14.0,13.0,1.0,0.0,0.0,0.0,0.0,0.0,0.0,79.6,0,-0.23227863391984793,1,-0.09300026703346613,1,0.020260898304570486,1,-0.0913142707684144,1,0.018646627838695376,1,0.05217386231499889,0,-1.0860710464615502,0,-0.24270929865757757,0,-4.761702631279148,0,0.2649000346920005,0,0.3419294916873174,0,1.3296020032087423,0,-0.5674711813261825,0,-2.0518988062800245,0,-1.9465910577729897,0,-1.739540129613695,0,-0.4775441224635003,0,-1.3457414747332528,0,-0.9608439106098271,0,-0.38749394545440313,0,-0.2302215311947184,0,-0.2580612937396559,train
Antone Exum,16833,CB,2014,College Stats,4.59,35.0,17.0,117.0,7.05,4.13,72.0,213.0,3,0.0,0.0,0,1.0,4.0,4.0,0.0,0.0,0.0,0.0,0.0,0.0,0.0,133.79999999999998,0,1.1338923256087292,0,-0.49643804515046974,0,0.2939607525943845,0,-1.0544921953119568,0,0.7498361546616641,0,-0.318092257339889,0,0.17623039621828915,0,1.2544936793950554,0,-4.761702631279148,0,-1.3454133340935819,0,-0.7833212472016914,0,-0.4728514166340949,0,-0.8225516306088214,0,-2.5446821887376436,0,-2.657220359272585,0,-1.842717290282509,0,-0.4775441224635003,0,-1.3457414747332528,0,-0.9608439106098271,0,-0.38749394545440313,0,-0.2302215311947184,0,-0.2580612937396559,test
Ross Cockrell,16843,CB,2014,College Stats,4.56,36.5,10.0,122.0,7.28,4.32,72.0,191.0,13,3.0,19.0,0,12.0,46.0,35.0,11.0,1.0,2.0,1.0,0.0,0.0,0.0,607.1,0,0.7923495857265824,0,0.10871862202503568,0,-1.6219382274343135,0,-0.0913142707684144,0,2.2786869834733365,0,1.4406718110208305,0,0.17623039621828915,0,-0.6830631157318814,0,0.5752857618575975,0,0.2649000346920005,0,-0.3469995321222798,0,-0.4728514166340949,0,1.9833333115002072,0,-0.474991982415643,0,-0.20949720966286783,0,-0.7077685229255536,0,0.7067037818743266,0,-0.4147253601379207,0,0.15004169174687998,0,-0.38749394545440313,0,-0.2302215311947184,0,-0.2580612937396559,val
Nat Berhe,16850,S,2014,College Stats,4.71,35.5,15.0,117.0,7.08,4.22,70.0,193.0,13,0.0,0.0,0,6.0,99.0,60.0,39.0,1.0,5.5,0.0,2.0,0.0,0.0,130.5,0,2.5000632851373066,0,-0.2947191560919679,0,-0.2534389559852435,0,-1.0544921953119568,0,0.94925148015884,0,0.5150065118836067,0,-1.0860710464615502,0,-0.5069215889021599,0,0.5752857618575975,0,-1.3454133340935819,0,-0.7833212472016914,0,-0.4728514166340949,0,0.4528506158043734,0,2.136759944609739,0,1.7644730722804525,0,2.181191975801242,0,0.7067037818743266,0,1.2145528404039103,0,-0.9608439106098271,0,3.462445899705473,0,-0.2302215311947184,0,-0.2580612937396559,train
Tre Boston,16877,S,2014,College Stats,4.58,35.0,18.0,116.0,7.04,4.31,72.0,204.0,13,5.0,19.0,0,6.0,94.0,49.0,45.0,0.0,4.5,0.0,0.0,0.0,0.0,740.5999999999999,0,1.020044745648017,0,-0.49643804515046974,0,0.5676606068841985,0,-1.2471277802206653,0,0.6833643794959406,0,1.3481052811071024,0,0.17623039621828915,0,0.4618568086613085,0,0.5752857618575975,0,1.3384422805490555,0,-0.3469995321222798,0,-0.4728514166340949,0,0.4528506158043734,0,1.8903682533809292,0,0.8959261482253915,0,2.8002549398141268,0,-0.4775441224635003,0,0.7490447831062443,0,-0.9608439106098271,0,-0.38749394545440313,0,-0.2302215311947184,0,-0.2580612937396559,train
Jabari Price,16878,CB,2014,College Stats,4.45,36.0,16.0,122.0,7.04,4.3,71.0,200.0,13,0.0,0.0,0,9.0,80.0,62.0,18.0,0.0,4.5,1.0,1.0,0.0,0.0,33.599999999999994,0,-0.4599737938412724,1,-0.09300026703346613,0,0.020260898304570486,1,-0.0913142707684144,0,0.6833643794959406,0,1.2555387511933824,0,-0.45492032512163055,0,0.10957375500186549,0,0.5752857618575975,0,-1.3454133340935819,0,-0.7833212472016914,0,-0.4728514166340949,0,1.2180919636522902,0,1.2004715179402623,0,1.922390694835918,0,0.014471601756145341,0,-0.4775441224635003,0,0.7490447831062443,0,0.15004169174687998,0,1.5374759771255349,0,-0.2302215311947184,0,-0.2580612937396559,train
Ricardo Allen,16882,CB,2014,College Stats,4.61,35.5,13.0,117.0,6.94,4.15,69.0,187.0,12,6.0,42.0,0,3.0,53.0,42.0,11.0,1.0,4.0,1.0,0.0,0.0,0.0,619.3999999999999,0,1.361587485530164,0,-0.2947191560919679,0,-0.8008386645648715,0,-1.0544921953119568,1,0.018646627838695376,0,-0.13295919751244092,0,-1.7172217678014698,0,-1.0353461693913244,0,0.04158692254392306,0,1.875213403477583,0,0.18117938613174472,0,-0.4728514166340949,0,-0.3123907320435435,0,-0.13004361469530956,0,0.3432144692812618,0,-0.7077685229255536,0,0.7067037818743266,0,0.5162907544574113,0,0.15004169174687998,0,-0.38749394545440313,0,-0.2302215311947184,0,-0.2580612937396559,train
Bashaud Breeland,16890,CB,2014,College Stats,4.62,34.5,11.0,123.0,7.04,4.33,71.0,197.0,13,4.0,49.0,0,10.0,56.0,39.0,17.0,2.0,5.0,2.0,0.0,0.0,0.0,960.8,0,1.475435065490876,0,-0.6981569342089715,0,-1.3482383731444996,0,0.10132131414029409,0,0.6833643794959406,0,1.5332383409345502,0,-0.45492032512163055,0,-0.1546385352427168,0,0.5752857618575975,0,0.801671157620528,0,0.3419294916873174,0,-0.4728514166340949,0,1.4731724129349293,0,0.017791400041976206,0,0.1063380354480634,0,-0.08870555891266879,0,1.8909516862121534,0,0.9817988117550773,0,1.260927294103587,0,-0.38749394545440313,0,-0.2302215311947184,0,-0.2580612937396559,train
Dontae Johnson,16893,CB,2014,College Stats,4.41,38.5,12.0,124.0,6.82,4.24,74.0,200.0,12,3.0,21.0,0,2.0,81.0,50.0,31.0,0.0,0.0,0.0,0.0,0.0,0.0,474.6,0,-0.9153641136841315,0,0.9155941782590429,0,-1.0745385188546857,0,0.2939568990490026,0,-0.7790146741500026,0,0.7001395717110547,0,1.4385318388981285,0,0.10957375500186549,0,0.04158692254392306,0,0.2649000346920005,0,-0.30107093053497336,0,-0.4728514166340949,0,-0.5674711813261825,0,1.2497498561860243,0,0.9748849595031244,0,1.355774690450729,0,-0.4775441224635003,0,-1.3457414747332528,0,-0.9608439106098271,0,-0.38749394545440313,0,-0.2302215311947184,0,-0.2580612937396559,train
Ahmad Dixon,16895,S,2014,College Stats,4.64,32.0,14.0,111.0,7.55,4.5,72.0,212.0,12,1.0,0.0,0,6.0,81.0,53.0,28.0,0.0,2.0,1.0,1.0,0.0,0.0,11.2,0,1.7031302254123006,0,-1.7067513795014806,0,-0.5271388102750575,0,-2.210305704764208,0,4.073424912947902,0,3.106869349467822,0,0.17623039621828915,0,1.1664229159801947,0,0.04158692254392306,0,-0.8086422111650544,0,-0.7833212472016914,0,-0.4728514166340949,0,0.4528506158043734,0,1.2497498561860243,0,1.2117613933363227,0,1.0462432084442868,0,-0.4775441224635003,0,-0.4147253601379207,0,0.15004169174687998,0,1.5374759771255349,0,-0.2302215311947184,0,-0.2580612937396559,test
E.J. Gaines,16898,CB,2014,College Stats,4.44,36.0,15.0,122.0,6.94,4.17,70.0,190.0,12,5.0,17.0,0,3.0,75.0,57.0,18.0,0.0,4.0,0.0,1.0,0.0,0.0,465.6,0,-0.5738213738019847,1,-0.09300026703346613,0,-0.2534389559852435,1,-0.0913142707684144,1,0.018646627838695376,1,0.05217386231499889,0,-1.0860710464615502,0,-0.7711338791467421,0,0.04158692254392306,0,1.3384422805490555,0,-0.3929281337095863,0,-0.4728514166340949,0,-0.3123907320435435,0,0.9540798267114527,0,1.527596638447254,0,0.014471601756145341,0,-0.4775441224635003,0,0.5162907544574113,0,-0.9608439106098271,0,1.5374759771255349,0,-0.2302215311947184,0,-0.2580612937396559,train
Aaron Colvin,16900,CB,2014,College Stats,4.51,36.0,16.0,122.0,6.94,4.17,71.0,177.0,11,1.0,0.0,0,3.0,55.0,44.0,11.0,1.0,5.0,0.0,1.0,0.0,0.0,412.7,0,0.22311168592301114,1,-0.09300026703346613,1,0.020260898304570486,1,-0.0913142707684144,1,0.018646627838695376,1,0.05217386231499889,0,-0.45492032512163055,0,-1.9160538035399322,0,-0.49211191676975147,0,-0.8086422111650544,0,-0.7833212472016914,0,-0.4728514166340949,0,-0.3123907320435435,0,-0.031486938203785717,0,0.5011320918367275,0,-0.7077685229255536,0,0.7067037818743266,0,0.9817988117550773,0,-0.9608439106098271,0,1.5374759771255349,0,-0.2302215311947184,0,-0.2580612937396559,train
Marqueston Huff,16904,S,2014,College Stats,4.49,35.5,15.0,118.0,7.26,4.19,71.0,196.0,12,2.0,0.0,0,6.0,127.0,74.0,53.0,0.0,3.0,1.0,2.0,0.0,0.0,132.2,0,-0.004583473998413347,0,-0.2947191560919679,0,-0.2534389559852435,0,-0.8618566104032483,0,2.145743433141884,0,0.23730692214244692,0,-0.45492032512163055,0,-0.24270929865757757,0,0.04158692254392306,0,-0.27187108823652695,0,-0.7833212472016914,0,-0.4728514166340949,0,0.4528506158043734,0,3.5165534154910727,0,2.869896430168712,0,3.6256722251646396,0,-0.4775441224635003,0,0.050782697159745295,0,0.15004169174687998,0,3.462445899705473,0,-0.2302215311947184,0,-0.2580612937396559,train
Brock Vereen,16906,S,2014,College Stats,4.47,34.0,25.0,117.0,6.9,4.07,72.0,199.0,13,1.0,0.0,0,6.0,59.0,41.0,18.0,0.0,2.5,1.0,0.0,0.0,0.0,87.6,0,-0.23227863391984793,0,-0.8998758232674734,0,2.4835595869128966,0,-1.0544921953119568,0,-0.24724047282420392,0,-0.8734914368222166,0,0.17623039621828915,0,0.021502991587004718,0,0.5752857618575975,0,-0.8086422111650544,0,-0.7833212472016914,0,-0.4728514166340949,0,0.4528506158043734,0,0.16562641477926196,0,0.264255658003529,0,0.014471601756145341,0,-0.4775441224635003,0,-0.1819713314890877,0,0.15004169174687998,0,-0.38749394545440313,0,-0.2302215311947184,0,-0.2580612937396559,train
Jonathan Dowling,16918,S,2014,College Stats,4.52,33.5,8.0,118.0,7.04,4.24,75.0,190.0,11,3.0,21.0,0,6.0,59.0,47.0,12.0,0.0,1.0,6.0,1.0,0.0,0.0,15.399999999999999,0,0.3369592658837234,0,-1.101594712325975,0,-2.1693379360139415,0,-0.8618566104032483,0,0.6833643794959406,0,0.7001395717110547,0,2.069682560238048,0,-0.7711338791467421,0,-0.49211191676975147,0,0.2649000346920005,0,-0.30107093053497336,0,-0.4728514166340949,0,0.4528506158043734,0,0.16562641477926196,0,0.7380085256699259,0,-0.6045913622567395,0,-0.4775441224635003,0,-0.8802334174355867,0,5.704469703530416,0,1.5374759771255349,0,-0.2302215311947184,0,-0.2580612937396559,train
Jaylen Watkins,16919,CB,2014,College Stats,4.41,36.0,22.0,122.0,6.94,4.17,71.0,194.0,12,0.0,0.0,0,7.0,52.0,31.0,21.0,0.0,2.0,0.0,0.0,0.0,0.0,197.2,0,-0.9153641136841315,1,-0.09300026703346613,0,1.6624600240434546,1,-0.0913142707684144,1,0.018646627838695376,1,0.05217386231499889,0,-0.45492032512163055,0,-0.4188508254872991,0,0.04158692254392306,0,-1.3454133340935819,0,-0.7833212472016914,0,-0.4728514166340949,0,0.7079310650870124,0,-0.17932195294107148,0,-0.5253324547737991,0,0.32400308376258774,0,-0.4775441224635003,0,-0.4147253601379207,0,-0.9608439106098271,0,-0.38749394545440313,0,-0.2302215311947184,0,-0.2580612937396559,train
Terrance Mitchell,16927,CB,2014,College Stats,4.63,34.0,16.0,117.0,6.57,4.0,71.0,192.0,13,5.0,72.0,1,7.0,59.0,38.0,21.0,0.0,0.0,1.0,0.0,0.0,0.0,597.4,0,1.5892826454515885,0,-0.8998758232674734,1,0.020260898304570486,0,-1.0544921953119568,0,-2.4408090532931217,0,-1.5214571462182724,0,-0.45492032512163055,0,-0.5949923523170206,0,0.5752857618575975,0,1.3384422805490555,0,0.870108409941342,0,1.3296020032087423,0,0.7079310650870124,0,0.16562641477926196,0,0.027379224170330594,0,0.32400308376258774,0,-0.4775441224635003,0,-1.3457414747332528,0,0.15004169174687998,0,-0.38749394545440313,0,-0.2302215311947184,0,-0.2580612937396559,val
Nevin Lawson,16929,CB,2014,College Stats,4.48,33.0,16.0,120.0,7.12,4.4,69.0,190.0,12,4.0,65.0,1,14.0,57.0,33.0,24.0,0.0,5.0,1.0,0.0,0.0,0.0,546.0,0,-0.11843105395912559,0,-1.303313601384477,0,0.020260898304570486,0,-0.4765854405858314,0,1.2151385808217392,0,2.181204050330606,0,-1.7172217678014698,0,-0.7711338791467421,0,0.04158692254392306,0,0.801671157620528,0,0.7093583043857693,0,1.3296020032087423,0,2.493494210065485,0,0.06706973828773813,0,-0.3674148322183335,0,0.6335345657690301,0,-0.4775441224635003,0,0.9817988117550773,0,0.15004169174687998,0,-0.38749394545440313,0,-0.2302215311947184,0,-0.2580612937396559,train
Keith Reaser,16930,CB,2014,College Stats,4.43,36.0,22.0,122.0,6.94,4.17,71.0,189.0,6,0.0,0.0,0,4.0,22.0,19.0,3.0,0.0,2.0,0.0,0.0,0.0,0.0,122.0,0,-0.687668953762707,1,-0.09300026703346613,0,1.6624600240434546,1,-0.0913142707684144,1,0.018646627838695376,1,0.05217386231499889,0,-0.45492032512163055,0,-0.8592046425616029,0,-3.160606113338124,0,-1.3454133340935819,0,-0.7833212472016914,0,-0.4728514166340949,0,-0.05731028276090452,0,-1.6576721003139292,0,-1.4728381901065928,0,-1.5331858082760668,0,-0.4775441224635003,0,-0.4147253601379207,0,-0.9608439106098271,0,-0.38749394545440313,0,-0.2302215311947184,0,-0.2580612937396559,train
Ed Reynolds,16933,S,2014,College Stats,4.57,32.5,15.0,117.0,6.94,4.17,73.0,207.0,14,1.0,0.0,0,4.0,82.0,52.0,30.0,0.0,1.0,0.0,0.0,0.0,0.0,129.2,0,0.9061971656873048,0,-1.5050324904429788,0,-0.2534389559852435,0,-1.0544921953119568,1,0.018646627838695376,1,0.05217386231499889,0,0.8073811175582088,0,0.7260690989058909,0,1.108984601171272,0,-0.8086422111650544,0,-0.7833212472016914,0,-0.4728514166340949,0,-0.05731028276090452,0,1.299028194431786,0,1.1328025820585899,0,1.252597529781915,0,-0.4775441224635003,0,-0.8802334174355867,0,-0.9608439106098271,0,-0.38749394545440313,0,-0.2302215311947184,0,-0.2580612937396559,val
Vinnie Sunseri,16938,S,2014,College Stats,4.49,36.0,18.0,122.0,6.94,4.17,71.0,210.0,6,2.0,111.0,2,4.0,20.0,14.0,6.0,0.0,1.0,0.0,0.0,0.0,0.0,36.4,1,-0.004583473998413347,1,-0.09300026703346613,0,0.5676606068841985,1,-0.0913142707684144,1,0.018646627838695376,1,0.05217386231499889,0,-0.45492032512163055,0,0.9902813891504731,0,-3.160606113338124,0,-0.27187108823652695,0,1.7657161408938185,0,3.13205542305158,0,-0.05731028276090452,0,-1.756228776805453,0,-1.8676322464952568,0,-1.2236543262696242,0,-0.4775441224635003,0,-0.8802334174355867,0,-0.9608439106098271,0,-0.38749394545440313,0,-0.2302215311947184,0,-0.2580612937396559,train
Keith McGill,16940,CB,2014,College Stats,4.51,39.0,16.0,129.0,7.29,4.18,75.0,211.0,11,1.0,19.0,1,12.0,37.0,28.0,9.0,0.0,0.5,0.0,0.0,0.0,0.0,138.8,0,0.22311168592301114,0,1.1173130673175447,1,0.020260898304570486,0,1.257134823592545,0,2.3451587586390596,0,0.1447403922287188,0,2.069682560238048,0,1.078352152565334,0,-0.49211191676975147,0,-0.8086422111650544,0,-0.3469995321222798,0,1.3296020032087423,0,1.9833333115002072,0,-0.9184970266275003,0,-0.7622088886069975,0,-0.9141228442631819,0,-0.4775441224635003,0,-1.1129874460844198,0,-0.9608439106098271,0,-0.38749394545440313,0,-0.2302215311947184,0,-0.2580612937396559,test
Demetri Goodson,16949,CB,2014,College Stats,4.52,37.0,11.0,123.0,6.8,4.34,71.0,194.0,11,3.0,63.0,0,13.0,26.0,22.0,4.0,0.0,0.0,0.0,0.0,0.0,0.0,85.6,0,0.3369592658837234,0,0.3104375110835375,0,-1.3482383731444996,0,0.10132131414029409,0,-0.9119582244814551,0,1.6258048708482702,0,-0.45492032512163055,0,-0.4188508254872991,0,-0.49211191676975147,0,0.2649000346920005,0,0.6634297027984628,0,-0.4728514166340949,0,2.238413760782846,0,-1.4605587473308814,0,-1.2359617562733944,0,-1.4300086476072524,0,-0.4775441224635003,0,-1.3457414747332528,0,-0.9608439106098271,0,-0.38749394545440313,0,-0.2302215311947184,0,-0.2580612937396559,test
Andre Hal,17467,CB,2014,College Stats,4.5,35.5,15.0,119.0,7.14,4.27,70.0,188.0,12,3.0,61.0,0,15.0,49.0,33.0,16.0,0.0,9.5,0.0,1.0,0.0,0.0,525.5999999999999,0,0.1092641059622989,0,-0.2947191560919679,0,-0.2534389559852435,0,-0.6692210254945399,0,1.348082131153186,0,0.9778391614522144,0,-1.0860710464615502,0,-0.9472754059764636,0,0.04158692254392306,0,0.2649000346920005,0,0.6175011012111563,0,-0.4728514166340949,0,2.748574659348124,0,-0.3271569676783572,0,-0.3674148322183335,0,-0.19188271958148292,0,-0.4775441224635003,0,3.0765850695945747,0,-0.9608439106098271,0,1.5374759771255349,0,-0.2302215311947184,0,-0.2580612937396559,train
Craig Mager,2510713,CB,2015,College Stats,4.44,38.0,17.0,130.0,6.83,4.07,71.0,201.0,12,3.0,21.0,0,10.0,63.0,46.0,17.0,2.0,6.0,0.0,0.0,0.0,0.0,114.0,0,-0.5738213738019847,0,0.7138752892005411,0,0.2939607525943845,0,1.4497704085012535,0,-0.7125428989842791,0,-0.8734914368222166,0,-0.45492032512163055,0,0.19764451841672626,0,0.04158692254392306,0,0.2649000346920005,0,-0.30107093053497336,0,-0.4728514166340949,0,1.4731724129349293,0,0.36273976776230965,0,0.6590497143921931,0,-0.08870555891266879,0,1.8909516862121534,0,1.4473068690527433,0,-0.9608439106098271,0,-0.38749394545440313,0,-0.2302215311947184,0,-0.2580612937396559,test
Ibraheim Campbell,2511090,S,2015,College Stats,4.52,36.0,23.0,122.0,6.94,4.17,71.0,208.0,8,3.0,79.0,0,3.0,54.0,39.0,15.0,0.0,1.0,4.0,1.0,0.0,0.0,243.39999999999998,0,0.3369592658837234,1,-0.09300026703346613,0,1.9361598783332685,1,-0.0913142707684144,1,0.018646627838695376,1,0.05217386231499889,0,-0.45492032512163055,0,0.8141398623207516,0,-2.093208434710775,0,0.2649000346920005,0,1.0308585154969145,0,-0.4728514166340949,0,-0.3123907320435435,0,-0.08076527644954763,0,0.1063380354480634,0,-0.29505988025029706,0,-0.4775441224635003,0,-0.8802334174355867,0,3.482698498817001,0,1.5374759771255349,0,-0.2302215311947184,0,-0.2580612937396559,test
Kevin Johnson,2511523,CB,2015,College Stats,4.52,41.5,16.0,130.0,6.79,3.89,72.0,188.0,12,1.0,2.0,0,6.0,44.0,32.0,12.0,0.0,3.5,0.0,1.0,0.0,0.0,372.25,0,0.3369592658837234,0,2.1259075126100537,1,0.020260898304570486,0,1.4497704085012535,0,-0.9784299996471785,0,-2.539688975269212,0,0.17623039621828915,0,-0.9472754059764636,0,0.04158692254392306,0,-0.8086422111650544,0,-0.7373926456143849,0,-0.4728514166340949,0,0.4528506158043734,0,-0.5735486589071669,0,-0.4463736434960663,0,-0.6045913622567395,0,-0.4775441224635003,0,0.2835367258085783,0,-0.9608439106098271,0,1.5374759771255349,0,-0.2302215311947184,0,-0.2580612937396559,train
Byron Jones,2513035,CB,2015,College Stats,4.43,44.5,16.0,147.0,6.78,3.94,73.0,199.0,7,2.0,70.0,1,4.0,24.0,16.0,8.0,0.0,0.0,0.0,0.0,0.0,0.0,834.2,0,-0.687668953762707,0,3.336220846961065,1,0.020260898304570486,0,4.724575351949298,0,-1.044901774812902,0,-2.076856325700604,0,0.8073811175582088,0,0.021502991587004718,0,-2.6269072740244495,0,-0.27187108823652695,0,0.8241798083540355,0,1.3296020032087423,0,-0.05731028276090452,0,-1.5591154238224052,0,-1.7097146239397913,0,-1.017300004931996,0,-0.4775441224635003,0,-1.3457414747332528,0,-0.9608439106098271,0,-0.38749394545440313,0,-0.2302215311947184,0,-0.2580612937396559,train
Derron Smith,2517248,S,2015,College Stats,4.61,36.0,16.0,122.0,6.94,4.17,70.0,200.0,14,1.0,21.0,0,7.0,93.0,66.0,27.0,0.0,2.5,0.0,2.0,6.0,0.0,91.1,0,1.361587485530164,1,-0.09300026703346613,1,0.020260898304570486,1,-0.0913142707684144,1,0.018646627838695376,1,0.05217386231499889,0,-1.0860710464615502,0,0.10957375500186549,0,1.108984601171272,0,-0.8086422111650544,0,-0.30107093053497336,0,-0.4728514166340949,0,0.7079310650870124,0,1.8410899151351672,0,2.238225939946849,0,0.9430660477754725,0,-0.4775441224635003,0,-0.1819713314890877,0,-0.9608439106098271,0,3.462445899705473,0,0.2719614122045257,0,-0.2580612937396559,train
Clayton Geathers,2519211,S,2015,College Stats,4.55,37.0,22.0,120.0,7.21,4.27,74.0,218.0,13,1.0,2.0,0,9.0,97.0,58.0,39.0,1.0,6.5,1.0,1.0,0.0,0.0,409.4,0,0.6785020057658702,0,0.3104375110835375,0,1.6624600240434546,0,-0.4765854405858314,0,1.8133845573132612,0,0.9778391614522144,0,1.4385318388981285,0,1.6948474964693592,0,0.5752857618575975,0,-0.8086422111650544,0,-0.7373926456143849,0,-0.4728514166340949,0,1.2180919636522902,0,2.038203268118215,0,1.6065554497249868,0,2.181191975801242,0,0.7067037818743266,0,1.6800608977015763,0,0.15004169174687998,0,1.5374759771255349,0,-0.2302215311947184,0,-0.2580612937396559,train
Darian Thompson,2573317,S,2016,College Stats,4.69,32.5,12.0,118.0,7.26,4.33,74.0,208.0,12,5.0,46.0,0,4.0,65.0,37.0,28.0,1.0,8.5,2.0,0.0,0.0,0.0,319.4,0,2.272368125215882,0,-1.5050324904429788,0,-1.0745385188546857,0,-0.8618566104032483,0,2.145743433141884,0,1.5332383409345502,0,1.4385318388981285,0,0.8141398623207516,0,0.04158692254392306,0,1.3384422805490555,0,0.27303658930635766,0,-0.4728514166340949,0,-0.05731028276090452,0,0.4612964442538335,0,-0.05157958710740222,0,1.0462432084442868,0,0.7067037818743266,0,2.6110770122969087,0,1.260927294103587,0,-0.38749394545440313,0,-0.2302215311947184,0,-0.2580612937396559,val
Bobby McCain,2575606,CB,2015,College Stats,4.51,36.0,17.0,130.0,6.8,3.82,69.0,195.0,13,5.0,59.0,1,4.0,46.0,38.0,8.0,0.0,1.0,0.0,1.0,59.0,1.0,728.3,0,0.22311168592301114,0,-0.09300026703346613,0,0.2939607525943845,0,1.4497704085012535,0,-0.9119582244814551,0,-3.187654684665268,0,-1.7172217678014698,0,-0.3307800620724383,0,0.5752857618575975,0,1.3384422805490555,0,0.5715724996238498,0,1.3296020032087423,0,-0.05731028276090452,0,-0.474991982415643,0,0.027379224170330594,0,-1.017300004931996,0,-0.4775441224635003,0,-0.8802334174355867,0,-0.9608439106098271,0,1.5374759771255349,0,4.707910745564515,0,3.7160826298510456,train
Eric Rowe,2576002,CB,2015,College Stats,4.45,39.0,19.0,125.0,6.7,3.97,73.0,205.0,12,1.0,11.0,1,13.0,59.0,42.0,17.0,0.0,3.0,0.0,1.0,6.0,0.0,576.6999999999999,0,-0.4599737938412724,0,1.1173130673175447,0,0.8413604611740125,0,0.4865924839577111,0,-1.5766759761387004,0,-1.7991567359594363,0,0.8073811175582088,0,0.5499275720761693,0,0.04158692254392306,0,-0.8086422111650544,0,-0.5307139384715057,0,1.3296020032087423,0,2.238413760782846,0,0.16562641477926196,0,0.3432144692812618,0,-0.08870555891266879,0,-0.4775441224635003,0,0.050782697159745295,0,-0.9608439106098271,0,1.5374759771255349,0,0.2719614122045257,0,-0.2580612937396559,val
Trae Waynes,2576283,CB,2015,College Stats,4.31,38.0,19.0,122.0,7.06,4.39,72.0,186.0,13,3.0,0.0,0,8.0,46.0,34.0,12.0,1.0,2.0,0.0,1.0,0.0,0.0,598.0,0,-2.0538399132912843,0,0.7138752892005411,0,0.8413604611740125,0,-0.0913142707684144,0,0.8163079298273874,0,2.088637520416878,0,0.17623039621828915,0,-1.1234169328061852,0,0.5752857618575975,0,0.2649000346920005,0,-0.7833212472016914,0,-0.4728514166340949,0,0.9630115143696514,0,-0.474991982415643,0,-0.28845602094060063,0,-0.6045913622567395,0,0.7067037818743266,0,-0.4147253601379207,0,-0.9608439106098271,0,1.5374759771255349,0,-0.2302215311947184,0,-0.2580612937396559,val
Charles Gaines,2576621,CB,2015,College Stats,4.44,34.5,16.0,123.0,7.07,4.2,70.0,180.0,13,2.0,12.0,0,10.0,36.0,31.0,5.0,1.0,1.0,1.0,0.0,0.0,0.0,36.599999999999994,0,-0.5738213738019847,0,-0.6981569342089715,1,0.020260898304570486,0,0.10132131414029409,0,0.8827797049931166,0,0.32987345205616686,0,-1.0860710464615502,0,-1.65184151329535,0,0.5752857618575975,0,-0.27187108823652695,0,-0.5077496376778525,0,-0.4728514166340949,0,1.4731724129349293,0,-0.9677753648732622,0,-0.5253324547737991,0,-1.3268314869384383,0,0.7067037818743266,0,-0.8802334174355867,0,0.15004169174687998,0,-0.38749394545440313,0,-0.2302215311947184,0,-0.2580612937396559,val
Jordan Richards,2577139,S,2015,College Stats,4.65,32.0,13.0,111.0,6.74,4.22,71.0,211.0,13,3.0,0.0,0,5.0,79.0,53.0,26.0,0.0,2.5,3.0,0.0,0.0,0.0,253.29999999999998,0,1.816977805373023,0,-1.7067513795014806,0,-0.8008386645648715,0,-2.210305704764208,0,-1.3107888754758013,0,0.5150065118836067,0,-0.45492032512163055,0,1.078352152565334,0,0.5752857618575975,0,0.2649000346920005,0,-0.7833212472016914,0,-0.4728514166340949,0,0.19777016652173446,0,1.1511931796945003,0,1.2117613933363227,0,0.8398888871066584,0,-0.4775441224635003,0,-0.1819713314890877,0,2.3718128964602943,0,-0.38749394545440313,0,-0.2302215311947184,0,-0.2580612937396559,train
JaCorey Shepherd,2577237,CB,2015,College Stats,4.62,36.0,14.0,122.0,6.94,4.17,71.0,199.0,12,3.0,0.0,0,15.0,30.0,23.0,7.0,0.0,0.0,0.0,0.0,0.0,0.0,18.2,0,1.475435065490876,1,-0.09300026703346613,0,-0.5271388102750575,1,-0.0913142707684144,1,0.018646627838695376,1,0.05217386231499889,0,-0.45492032512163055,0,0.021502991587004718,0,0.04158692254392306,0,0.2649000346920005,0,-0.7833212472016914,0,-0.4728514166340949,0,2.748574659348124,0,-1.2634453943478337,0,-1.1570029449956616,0,-1.1204771656008101,0,-0.4775441224635003,0,-1.3457414747332528,0,-0.9608439106098271,0,-0.38749394545440313,0,-0.2302215311947184,0,-0.2580612937396559,val
Jalen Collins,2577292,CB,2015,College Stats,4.48,36.0,16.0,124.0,6.77,4.27,73.0,203.0,13,0.0,0.0,0,0.0,0.0,0.0,0.0,0.0,0.0,0.0,0.0,0.0,0.0,150.79999999999998,0,-0.11843105395912559,0,-0.09300026703346613,1,0.020260898304570486,0,0.2939568990490026,0,-1.111373549978631,0,0.9778391614522144,0,0.8073811175582088,0,0.37378604524644776,0,0.5752857618575975,0,-1.3454133340935819,0,-0.7833212472016914,0,-0.4728514166340949,0,-1.0776320798914605,0,-2.741795541720691,0,-2.973055604383516,0,-1.842717290282509,0,-0.4775441224635003,0,-1.3457414747332528,0,-0.9608439106098271,0,-0.38749394545440313,0,-0.2302215311947184,0,-0.2580612937396559,train
Quandre Diggs,2577553,CB,2015,College Stats,4.56,35.5,17.0,113.0,7.22,4.15,69.0,196.0,13,3.0,14.0,0,5.0,65.0,49.0,16.0,2.0,5.0,1.0,0.0,0.0,0.0,1010.5,0,0.7923495857265824,0,-0.2947191560919679,0,0.2939607525943845,0,-1.825034534946791,0,1.8798563324789845,0,-0.13295919751244092,0,-1.7172217678014698,0,-0.24270929865757757,0,0.5752857618575975,0,0.2649000346920005,0,-0.46182103609054603,0,-0.4728514166340949,0,0.19777016652173446,0,0.4612964442538335,0,0.8959261482253915,0,-0.19188271958148292,0,1.8909516862121534,0,0.9817988117550773,0,0.15004169174687998,0,-0.38749394545440313,0,-0.2302215311947184,0,-0.2580612937396559,train
Juston Burris,2577740,CB,2016,College Stats,4.53,36.5,19.0,122.0,7.1,4.4,72.0,212.0,13,1.0,6.0,0,7.0,38.0,29.0,9.0,0.0,3.0,1.0,1.0,0.0,0.0,352.59999999999997,0,0.45080684584444575,0,0.10871862202503568,0,0.8413604611740125,0,-0.0913142707684144,0,1.0821950304902868,0,2.181204050330606,0,0.17623039621828915,0,1.1664229159801947,0,0.5752857618575975,0,-0.8086422111650544,0,-0.6455354424397719,0,-0.4728514166340949,0,0.7079310650870124,0,-0.8692186883817383,0,-0.6832500773292647,0,-0.9141228442631819,0,-0.4775441224635003,0,0.050782697159745295,0,0.15004169174687998,0,1.5374759771255349,0,-0.2302215311947184,0,-0.2580612937396559,train
Kyshoen Jarrett,2577889,S,2015,College Stats,4.57,33.0,21.0,109.0,6.95,4.4,70.0,200.0,13,3.0,35.0,0,5.0,88.0,52.0,36.0,0.5,3.0,1.0,0.0,0.0,0.0,118.0,0,0.9061971656873048,0,-1.303313601384477,0,1.3887601697536405,0,-2.595576874581625,0,0.08511840300441872,0,2.181204050330606,0,-1.0860710464615502,0,0.10957375500186549,0,0.5752857618575975,0,0.2649000346920005,0,0.020429280576172038,0,-0.4728514166340949,0,0.19777016652173446,0,1.5946982239063576,0,1.1328025820585899,0,1.8716604937947998,0,0.11457982970541312,0,0.050782697159745295,0,0.15004169174687998,0,-0.38749394545440313,0,-0.2302215311947184,0,-0.2580612937396559,val
Marcus Peters,2578378,CB,2015,College Stats,4.53,37.5,17.0,121.0,7.08,4.08,72.0,197.0,9,3.0,0.0,0,7.0,30.0,25.0,5.0,0.0,4.0,0.0,0.0,0.0,0.0,1015.4999999999999,0,0.45080684584444575,0,0.5121564001420393,0,0.2939607525943845,0,-0.2839498556771229,0,0.94925148015884,0,-0.7809249069084967,0,0.17623039621828915,0,-0.1546385352427168,0,-1.5595095953971005,0,0.2649000346920005,0,-0.7833212472016914,0,-0.4728514166340949,0,0.7079310650870124,0,-1.2634453943478337,0,-0.999085322440196,0,-1.3268314869384383,0,-0.4775441224635003,0,0.5162907544574113,0,-0.9608439106098271,0,-0.38749394545440313,0,-0.2302215311947184,0,-0.2580612937396559,train
James Sample,2578381,S,2015,College Stats,4.56,32.5,16.0,123.0,7.04,4.17,74.0,209.0,13,4.0,36.0,0,8.0,90.0,74.0,16.0,0.0,2.0,0.0,0.0,0.0,0.0,30.2,0,0.7923495857265824,0,-1.5050324904429788,1,0.020260898304570486,0,0.10132131414029409,0,0.6833643794959406,1,0.05217386231499889,0,1.4385318388981285,0,0.9022106257356124,0,0.5752857618575975,0,0.801671157620528,0,0.043393581369825275,0,-0.4728514166340949,0,0.9630115143696514,0,1.6932549003978816,0,2.869896430168712,0,-0.19188271958148292,0,-0.4775441224635003,0,-0.4147253601379207,0,-0.9608439106098271,0,-0.38749394545440313,0,-0.2302215311947184,0,-0.2580612937396559,train
Damian Swann,2578561,CB,2015,College Stats,4.5,33.0,16.0,118.0,6.94,4.17,72.0,189.0,12,4.0,18.0,0,8.0,65.0,35.0,30.0,2.0,4.5,4.0,1.0,99.0,1.0,54.99999999999999,0,0.1092641059622989,0,-1.303313601384477,1,0.020260898304570486,0,-0.8618566104032483,1,0.018646627838695376,1,0.05217386231499889,0,0.17623039621828915,0,-0.8592046425616029,0,0.04158692254392306,0,0.801671157620528,0,-0.36996383291593304,0,-0.4728514166340949,0,0.9630115143696514,0,0.4612964442538335,0,-0.20949720966286783,0,1.252597529781915,0,1.8909516862121534,0,0.7490447831062443,0,3.482698498817001,0,1.5374759771255349,0,8.055797034892809,0,3.7160826298510456,train
Adrian Amos,2582132,S,2015,College Stats,4.56,35.5,16.0,122.0,7.09,4.03,72.0,218.0,13,3.0,35.0,0,7.0,42.0,30.0,12.0,0.0,2.5,0.0,0.0,0.0,0.0,976.0999999999999,0,0.7923495857265824,0,-0.2947191560919679,1,0.020260898304570486,0,-0.0913142707684144,0,1.0157232553245634,0,-1.2437575564771046,0,0.17623039621828915,0,1.6948474964693592,0,0.5752857618575975,0,0.2649000346920005,0,0.020429280576172038,0,-0.4728514166340949,0,0.7079310650870124,0,-0.6721053353986907,0,-0.6042912660515319,0,-0.6045913622567395,0,-0.4775441224635003,0,-0.1819713314890877,0,-0.9608439106098271,0,-0.38749394545440313,0,-0.2302215311947184,0,-0.2580612937396559,train
Justin Simmons,2969860,S,2016,College Stats,4.61,40.0,16.0,126.0,6.58,3.85,74.0,202.0,12,5.0,28.0,0,2.0,67.0,49.0,18.0,0.0,1.0,2.0,3.0,0.0,0.0,1139.9499999999998,0,1.361587485530164,0,1.5207508454345484,0,0.020260898304570486,0,0.6792280688664196,0,-2.374337278127398,0,-2.9099550949240998,0,1.4385318388981285,0,0.285715281831587,0,0.04158692254392306,0,1.3384422805490555,0,-0.14032082497940065,0,-0.4728514166340949,0,-0.5674711813261825,0,0.5598531207453573,0,0.8959261482253915,0,0.014471601756145341,0,-0.4775441224635003,0,-0.8802334174355867,0,1.260927294103587,0,5.387415822285411,0,-0.2302215311947184,0,-0.2580612937396559,train
Ronald Darby,2969920,CB,2015,College Stats,4.38,41.5,12.0,129.0,6.94,4.14,71.0,193.0,13,0.0,0.0,0,4.0,43.0,29.0,14.0,0.0,0.5,1.0,0.0,0.0,0.0,914.5,0,-1.2569068535662784,0,2.1259075126100537,0,-1.0745385188546857,0,1.257134823592545,0,0.018646627838695376,0,-0.22552572742616905,0,-0.45492032512163055,0,-0.5069215889021599,0,0.5752857618575975,0,-1.3454133340935819,0,-0.7833212472016914,0,-0.4728514166340949,0,-0.05731028276090452,0,-0.6228269971529288,0,-0.6832500773292647,0,-0.3982370409191112,0,-0.4775441224635003,0,-1.1129874460844198,0,0.15004169174687998,0,-0.38749394545440313,0,-0.2302215311947184,0,-0.2580612937396559,train
Deon Bush,2969944,S,2016,College Stats,4.64,36.0,17.0,123.0,6.94,4.17,72.0,199.0,13,1.0,0.0,0,6.0,50.0,33.0,17.0,1.0,3.0,0.0,2.0,0.0,0.0,256.4,0,1.7031302254123006,0,-0.09300026703346613,0,0.2939607525943845,0,0.10132131414029409,1,0.018646627838695376,1,0.05217386231499889,0,0.17623039621828915,0,0.021502991587004718,0,0.5752857618575975,0,-0.8086422111650544,0,-0.7833212472016914,0,-0.4728514166340949,0,0.4528506158043734,0,-0.27787862943259534,0,-0.3674148322183335,0,-0.08870555891266879,0,0.7067037818743266,0,0.050782697159745295,0,-0.9608439106098271,0,3.462445899705473,0,-0.2302215311947184,0,-0.2580612937396559,train
Rayshawn Jenkins,2969961,S,2017,College Stats,4.51,37.0,19.0,128.0,6.94,4.17,73.0,214.0,13,2.0,0.0,0,7.0,76.0,56.0,20.0,1.5,4.5,0.0,0.0,0.0,0.0,799.0999999999999,0,0.22311168592301114,0,0.3104375110835375,0,0.8413604611740125,0,1.0644992386838366,1,0.018646627838695376,1,0.05217386231499889,0,0.8073811175582088,0,1.3425644428099162,0,0.5752857618575975,0,-0.27187108823652695,0,-0.7833212472016914,0,-0.4728514166340949,0,0.7079310650870124,0,1.0033581649572145,0,1.4486378271695213,0,0.2208259230937736,0,1.2988277340432401,0,0.7490447831062443,0,-0.9608439106098271,0,-0.38749394545440313,0,-0.2302215311947184,0,-0.2580612937396559,train
Eric Murray,2970716,CB,2016,College Stats,4.49,39.5,15.0,124.0,7.08,4.05,71.0,199.0,13,1.0,5.0,0,7.0,66.0,47.0,19.0,1.0,4.0,3.0,1.0,0.0,0.0,624.3,0,-0.004583473998413347,0,1.3190319563760464,0,-0.2534389559852435,0,0.2939568990490026,0,0.94925148015884,0,-1.0586244966496647,0,-0.45492032512163055,0,0.021502991587004718,0,0.5752857618575975,0,-0.8086422111650544,0,-0.6684997432334252,0,-0.4728514166340949,0,0.7079310650870124,0,0.5105747824995954,0,0.7380085256699259,0,0.11764876242495947,0,0.7067037818743266,0,0.5162907544574113,0,2.3718128964602943,0,1.5374759771255349,0,-0.2302215311947184,0,-0.2580612937396559,test
Will Redmond,2971364,CB,2016,College Stats,4.45,36.0,16.0,122.0,6.94,4.17,71.0,182.0,7,2.0,38.0,0,1.0,25.0,18.0,7.0,0.0,0.0,0.0,0.0,0.0,0.0,114.6,0,-0.4599737938412724,1,-0.09300026703346613,1,0.020260898304570486,1,-0.0913142707684144,1,0.018646627838695376,1,0.05217386231499889,0,-0.45492032512163055,0,-1.4756999864656282,0,-2.6269072740244495,0,-0.27187108823652695,0,0.08932218295713176,0,-0.4728514166340949,0,-0.8225516306088214,0,-1.5098370855766434,0,-1.5517970013843256,0,-1.1204771656008101,0,-0.4775441224635003,0,-1.3457414747332528,0,-0.9608439106098271,0,-0.38749394545440313,0,-0.2302215311947184,0,-0.2580612937396559,train
D.J. White,2971478,CB,2016,College Stats,4.49,33.0,17.0,132.0,7.18,4.33,71.0,193.0,11,2.0,0.0,0,8.0,41.0,36.0,5.0,0.0,0.0,1.0,0.0,0.0,0.0,55.599999999999994,0,-0.004583473998413347,0,-1.303313601384477,0,0.2939607525943845,0,1.8350415783186707,0,1.6139692318160852,0,1.5332383409345502,0,-0.45492032512163055,0,-0.5069215889021599,0,-0.49211191676975147,0,-0.27187108823652695,0,-0.7833212472016914,0,-0.4728514166340949,0,0.9630115143696514,0,-0.7213836736444525,0,-0.13053839838513503,0,-1.3268314869384383,0,-0.4775441224635003,0,-1.3457414747332528,0,0.15004169174687998,0,-0.38749394545440313,0,-0.2302215311947184,0,-0.2580612937396559,train
Derrick Kindred,2971550,S,2016,College Stats,4.5,37.5,16.0,123.0,7.05,4.29,70.0,207.0,13,2.0,60.0,1,3.0,87.0,57.0,30.0,0.0,3.5,2.0,1.0,0.0,0.0,323.2,0,0.1092641059622989,0,0.5121564001420393,1,0.020260898304570486,0,0.10132131414029409,0,0.7498361546616641,0,1.1629722212796625,0,-1.0860710464615502,0,0.7260690989058909,0,0.5752857618575975,0,-0.27187108823652695,0,0.594536800417503,0,1.3296020032087423,0,-0.3123907320435435,0,1.5454198856605958,0,1.527596638447254,0,1.252597529781915,0,-0.4775441224635003,0,0.2835367258085783,0,1.260927294103587,0,1.5374759771255349,0,-0.2302215311947184,0,-0.2580612937396559,val
Fabian Moreau,2971586,CB,2017,College Stats,4.35,38.0,16.0,136.0,6.94,4.12,72.0,206.0,12,2.0,32.0,0,10.0,31.0,24.0,7.0,0.0,1.0,1.0,0.0,0.0,0.0,593.4,0,-1.598449593448425,0,0.7138752892005411,1,0.020260898304570486,0,2.6055839179535045,0,0.018646627838695376,0,-0.4106587872536089,0,0.17623039621828915,0,0.63799833549103,0,0.04158692254392306,0,-0.27187108823652695,0,-0.048463621804787686,0,-0.4728514166340949,0,1.4731724129349293,0,-1.2141670561020719,0,-1.0780441337179287,0,-1.1204771656008101,0,-0.4775441224635003,0,-0.8802334174355867,0,0.15004169174687998,0,-0.38749394545440313,0,-0.2302215311947184,0,-0.2580612937396559,train
Kevon Seymour,2971603,CB,2016,College Stats,4.39,35.0,12.0,124.0,6.94,4.18,71.0,186.0,11,1.0,27.0,0,0.0,24.0,18.0,6.0,0.0,1.0,0.0,0.0,0.0,0.0,187.39999999999998,0,-1.143059273605566,0,-0.49643804515046974,0,-1.0745385188546857,0,0.2939568990490026,1,0.018646627838695376,0,0.1447403922287188,0,-0.45492032512163055,0,-1.1234169328061852,0,-0.49211191676975147,0,-0.8086422111650544,0,-0.1632851257730539,0,-0.4728514166340949,0,-1.0776320798914605,0,-1.5591154238224052,0,-1.5517970013843256,0,-1.2236543262696242,0,-0.4775441224635003,0,-0.8802334174355867,0,-0.9608439106098271,0,-0.38749394545440313,0,-0.2302215311947184,0,-0.2580612937396559,train
Brian Allen,2971632,CB,2017,College Stats,4.48,34.5,15.0,117.0,6.64,4.34,75.0,215.0,13,4.0,0.0,0,6.0,35.0,27.0,8.0,1.0,4.5,0.0,0.0,0.0,0.0,32.199999999999996,0,-0.11843105395912559,0,-0.6981569342089715,0,-0.2534389559852435,0,-1.0544921953119568,0,-1.9755066271330524,0,1.6258048708482702,0,2.069682560238048,0,1.430635206224777,0,0.5752857618575975,0,0.801671157620528,0,-0.7833212472016914,0,-0.4728514166340949,0,0.4528506158043734,0,-1.017053703119024,0,-0.8411676998847303,0,-1.017300004931996,0,0.7067037818743266,0,0.7490447831062443,0,-0.9608439106098271,0,-0.38749394545440313,0,-0.2302215311947184,0,-0.2580612937396559,test
Lorenzo Doss,2972135,CB,2015,College Stats,4.5,33.5,9.0,115.0,7.2,4.26,70.0,182.0,12,3.0,7.0,0,9.0,48.0,36.0,12.0,1.0,5.0,0.0,0.0,0.0,0.0,24.0,0,0.1092641059622989,0,-1.101594712325975,0,-1.8956380817241276,0,-1.439763365129374,0,1.7469127821475379,0,0.8852726315384946,0,-1.0860710464615502,0,-1.4756999864656282,0,0.04158692254392306,0,0.2649000346920005,0,-0.6225711416461187,0,-0.4728514166340949,0,1.2180919636522902,0,-0.37643530592411917,0,-0.13053839838513503,0,-0.6045913622567395,0,0.7067037818743266,0,0.9817988117550773,0,-0.9608439106098271,0,-0.38749394545440313,0,-0.2302215311947184,0,-0.2580612937396559,train
Brandon Williams,2972286,CB,2016,College Stats,4.37,30.5,18.0,118.0,6.85,4.19,71.0,197.0,13,0.0,0.0,0,7.0,37.0,26.0,11.0,0.0,1.0,0.0,0.0,0.0,0.0,139.1,0,-1.3707544335269906,0,-2.311908046676986,0,0.5676606068841985,0,-0.8618566104032483,0,-0.5795993486528325,0,0.23730692214244692,0,-0.45492032512163055,0,-0.1546385352427168,0,0.5752857618575975,0,-1.3454133340935819,0,-0.7833212472016914,0,-0.4728514166340949,0,0.7079310650870124,0,-0.9184970266275003,0,-0.9201265111624631,0,-0.7077685229255536,0,-0.4775441224635003,0,-0.8802334174355867,0,-0.9608439106098271,0,-0.38749394545440313,0,-0.2302215311947184,0,-0.2580612937396559,train
Kavon Frazier,2972505,S,2016,College Stats,4.53,36.0,18.0,122.0,6.94,4.17,72.0,217.0,13,1.0,0.0,0,4.0,108.0,74.0,34.0,0.0,4.5,2.0,1.0,0.0,0.0,176.7,0,0.45080684584444575,1,-0.09300026703346613,0,0.5676606068841985,1,-0.0913142707684144,1,0.018646627838695376,1,0.05217386231499889,0,0.17623039621828915,0,1.6067767330544984,0,0.5752857618575975,0,-0.8086422111650544,0,-0.7833212472016914,0,-0.4728514166340949,0,-0.05731028276090452,0,2.5802649888215963,0,2.869896430168712,0,1.6653061724571714,0,-0.4775441224635003,0,0.7490447831062443,0,1.260927294103587,0,1.5374759771255349,0,-0.2302215311947184,0,-0.2580612937396559,train
Obi Melifonwu,2974247,S,2017,College Stats,4.4,44.0,17.0,141.0,6.94,4.17,76.0,224.0,12,4.0,6.0,0,3.0,118.0,73.0,45.0,0.0,2.5,0.0,1.0,0.0,0.0,23.799999999999997,0,-1.0292116936448437,0,3.134501957902563,0,0.2939607525943845,0,3.568761842497047,1,0.018646627838695376,1,0.05217386231499889,0,2.700833281577968,0,2.2232720769585237,0,0.04158692254392306,0,0.801671157620528,0,-0.6455354424397719,0,-0.4728514166340949,0,-0.3123907320435435,0,3.0730483712792154,0,2.790937618890979,0,2.8002549398141268,0,-0.4775441224635003,0,-0.1819713314890877,0,-0.9608439106098271,0,1.5374759771255349,0,-0.2302215311947184,0,-0.2580612937396559,train
Damontae Kazee,2976099,CB,2017,College Stats,4.54,34.0,11.0,124.0,6.94,4.17,70.0,184.0,14,7.0,156.0,1,8.0,65.0,45.0,20.0,0.0,3.0,0.0,0.0,0.0,0.0,665.8,0,0.564654425805158,0,-0.8998758232674734,0,-1.3482383731444996,0,0.2939568990490026,1,0.018646627838695376,1,0.05217386231499889,0,-1.0860710464615502,0,-1.2995584596359067,0,1.108984601171272,0,2.4119845264061106,0,2.7991096766082144,0,1.3296020032087423,0,0.9630115143696514,0,0.4612964442538335,0,0.5800909031144603,0,0.2208259230937736,0,-0.4775441224635003,0,0.050782697159745295,0,-0.9608439106098271,0,-0.38749394545440313,0,-0.2302215311947184,0,-0.2580612937396559,train
Sean Davis,2976210,CB,2016,College Stats,4.46,37.5,21.0,126.0,6.64,3.97,73.0,201.0,12,3.0,75.0,0,3.0,88.0,70.0,18.0,1.0,5.5,5.0,1.0,0.0,0.0,548.9,0,-0.3461262138805602,0,0.5121564001420393,0,1.3887601697536405,0,0.6792280688664196,0,-1.9755066271330524,0,-1.7991567359594363,0,0.8073811175582088,0,0.19764451841672626,0,0.04158692254392306,0,0.2649000346920005,0,0.9390013123223017,0,-0.4728514166340949,0,-0.3123907320435435,0,1.5946982239063576,0,2.5540611850577806,0,0.014471601756145341,0,0.7067037818743266,0,1.2145528404039103,0,4.593584101173708,0,1.5374759771255349,0,-0.2302215311947184,0,-0.2580612937396559,train
Tavon Young,2976244,CB,2016,College Stats,4.46,34.5,9.0,118.0,6.8,3.93,69.0,183.0,14,0.0,0.0,0,7.0,41.0,29.0,12.0,1.0,5.0,0.0,0.0,0.0,0.0,294.29999999999995,0,-0.3461262138805602,0,-0.6981569342089715,0,-1.8956380817241276,0,-0.8618566104032483,0,-0.9119582244814551,0,-2.1694228556143242,0,-1.7172217678014698,0,-1.3876292230507674,0,1.108984601171272,0,-1.3454133340935819,0,-0.7833212472016914,0,-0.4728514166340949,0,0.7079310650870124,0,-0.7213836736444525,0,-0.6832500773292647,0,-0.6045913622567395,0,0.7067037818743266,0,0.9817988117550773,0,-0.9608439106098271,0,-0.38749394545440313,0,-0.2302215311947184,0,-0.2580612937396559,train
Jalen Mills,2976540,S,2016,College Stats,4.61,37.0,16.0,123.0,6.86,4.0,72.0,191.0,7,0.0,0.0,0,3.0,30.0,25.0,5.0,1.0,1.0,0.0,0.0,0.0,0.0,804.75,0,1.361587485530164,0,0.3104375110835375,0,0.020260898304570486,0,0.10132131414029409,0,-0.5131275734871033,0,-1.5214571462182724,0,0.17623039621828915,0,-0.6830631157318814,0,-2.6269072740244495,0,-1.3454133340935819,0,-0.7833212472016914,0,-0.4728514166340949,0,-0.3123907320435435,0,-1.2634453943478337,0,-0.999085322440196,0,-1.3268314869384383,0,0.7067037818743266,0,-0.8802334174355867,0,-0.9608439106098271,0,-0.38749394545440313,0,-0.2302215311947184,0,-0.2580612937396559,train
Zack Sanchez,2976596,CB,2016,College Stats,4.5,35.5,19.0,116.0,6.94,4.17,71.0,185.0,11,7.0,60.0,1,7.0,45.0,36.0,9.0,0.5,3.5,0.0,0.0,0.0,0.0,19.6,0,0.1092641059622989,0,-0.2947191560919679,0,0.8413604611740125,0,-1.2471277802206653,1,0.018646627838695376,1,0.05217386231499889,0,-0.45492032512163055,0,-1.211487696221046,0,-0.49211191676975147,0,2.4119845264061106,0,0.594536800417503,0,1.3296020032087423,0,0.7079310650870124,0,-0.5242703206614049,0,-0.13053839838513503,0,-0.9141228442631819,0,0.11457982970541312,0,0.2835367258085783,0,-0.9608439106098271,0,-0.38749394545440313,0,-0.2302215311947184,0,-0.2580612937396559,train
Karl Joseph,2976639,S,2016,College Stats,4.57,36.0,16.0,122.0,6.94,4.17,70.0,205.0,4,5.0,7.0,0,1.0,20.0,15.0,5.0,1.0,2.0,0.0,1.0,0.0,0.0,562.0,0,0.9061971656873048,1,-0.09300026703346613,1,0.020260898304570486,1,-0.0913142707684144,1,0.018646627838695376,1,0.05217386231499889,0,-1.0860710464615502,0,0.5499275720761693,0,-4.228003791965473,0,1.3384422805490555,0,-0.6225711416461187,0,-0.4728514166340949,0,-0.8225516306088214,0,-1.756228776805453,0,-1.788673435217524,0,-1.3268314869384383,0,0.7067037818743266,0,-0.4147253601379207,0,-0.9608439106098271,0,1.5374759771255349,0,-0.2302215311947184,0,-0.2580612937396559,train
Josh Harvey-Clemons,2977645,S,2017,College Stats,4.49,31.5,12.0,121.0,6.94,4.17,76.0,217.0,10,0.0,0.0,0,2.0,61.0,38.0,23.0,2.0,4.0,0.0,0.0,0.0,0.0,125.3,1,-0.004583473998413347,0,-1.9084702685599824,0,-1.0745385188546857,0,-0.2839498556771229,1,0.018646627838695376,1,0.05217386231499889,0,2.700833281577968,0,1.6067767330544984,0,-1.025810756083426,0,-1.3454133340935819,0,-0.7833212472016914,0,-0.4728514166340949,0,-0.5674711813261825,0,0.2641830912707858,0,0.027379224170330594,0,0.530357405100216,0,1.8909516862121534,0,0.5162907544574113,0,-0.9608439106098271,0,-0.38749394545440313,0,-0.2302215311947184,0,-0.2580612937396559,test
P.J. Williams,2977661,CB,2015,College Stats,4.57,40.0,12.0,132.0,7.08,4.28,72.0,194.0,13,1.0,14.0,0,10.0,74.0,52.0,22.0,1.0,6.5,1.0,1.0,0.0,0.0,483.0,0,0.9061971656873048,0,1.5207508454345484,0,-1.0745385188546857,0,1.8350415783186707,0,0.94925148015884,0,1.0704056913659425,0,0.17623039621828915,0,-0.4188508254872991,0,0.5752857618575975,0,-0.8086422111650544,0,-0.46182103609054603,0,-0.4728514166340949,0,1.4731724129349293,0,0.9048014884656908,0,1.1328025820585899,0,0.4271802444314019,0,0.7067037818743266,0,1.6800608977015763,0,0.15004169174687998,0,1.5374759771255349,0,-0.2302215311947184,0,-0.2580612937396559,train
Anthony Brown,2977756,CB,2016,College Stats,4.33,35.0,19.0,115.0,7.03,4.19,71.0,192.0,12,4.0,4.0,0,6.0,59.0,41.0,18.0,0.0,1.0,0.0,1.0,0.0,0.0,671.9999999999999,0,-1.8261447533698496,0,-0.49643804515046974,0,0.8413604611740125,0,-1.439763365129374,0,0.6168926043302173,0,0.23730692214244692,0,-0.45492032512163055,0,-0.5949923523170206,0,0.04158692254392306,0,0.801671157620528,0,-0.6914640440270784,0,-0.4728514166340949,0,0.4528506158043734,0,0.16562641477926196,0,0.264255658003529,0,0.014471601756145341,0,-0.4775441224635003,0,-0.8802334174355867,0,-0.9608439106098271,0,1.5374759771255349,0,-0.2302215311947184,0,-0.2580612937396559,test
Xavien Howard,2978935,CB,2016,College Stats,4.58,33.0,11.0,122.0,7.18,4.15,72.0,201.0,13,5.0,74.0,0,10.0,42.0,37.0,5.0,0.0,1.0,0.0,1.0,30.0,1.0,820.1999999999999,0,1.020044745648017,0,-1.303313601384477,0,-1.3482383731444996,0,-0.0913142707684144,0,1.6139692318160852,0,-0.13295919751244092,0,0.17623039621828915,0,0.19764451841672626,0,0.5752857618575975,0,1.3384422805490555,0,0.9160370115286485,0,-0.4728514166340949,0,1.4731724129349293,0,-0.6721053353986907,0,-0.05157958710740222,0,-1.3268314869384383,0,-0.4775441224635003,0,-0.8802334174355867,0,-0.9608439106098271,0,1.5374759771255349,0,2.280693185801502,0,3.7160826298510456,train
Jordan Lucas,2979595,S,2016,College Stats,4.54,36.0,16.0,122.0,6.94,4.17,72.0,201.0,9,0.0,0.0,0,3.0,56.0,34.0,22.0,1.0,2.5,1.0,0.0,0.0,0.0,155.2,0,0.564654425805158,1,-0.09300026703346613,1,0.020260898304570486,1,-0.0913142707684144,1,0.018646627838695376,1,0.05217386231499889,0,0.17623039621828915,0,0.19764451841672626,0,-1.5595095953971005,0,-1.3454133340935819,0,-0.7833212472016914,0,-0.4728514166340949,0,-0.3123907320435435,0,0.017791400041976206,0,-0.28845602094060063,0,0.4271802444314019,0,0.7067037818743266,0,-0.1819713314890877,0,0.15004169174687998,0,-0.38749394545440313,0,-0.2302215311947184,0,-0.2580612937396559,train
Maurice Canady,2979655,CB,2016,College Stats,4.49,38.0,16.0,124.0,7.03,4.09,73.0,193.0,12,0.0,0.0,0,6.0,39.0,30.0,9.0,0.0,3.0,1.0,0.0,0.0,0.0,249.0,0,-0.004583473998413347,0,0.7138752892005411,0,0.020260898304570486,0,0.2939568990490026,0,0.6168926043302173,0,-0.6883583769947769,0,0.8073811175582088,0,-0.5069215889021599,0,0.04158692254392306,0,-1.3454133340935819,0,-0.7833212472016914,0,-0.4728514166340949,0,0.4528506158043734,0,-0.8199403501359764,0,-0.6042912660515319,0,-0.9141228442631819,0,-0.4775441224635003,0,0.050782697159745295,0,0.15004169174687998,0,-0.38749394545440313,0,-0.2302215311947184,0,-0.2580612937396559,val
Landon Collins,2979841,S,2015,College Stats,4.53,35.0,16.0,120.0,7.38,4.33,72.0,228.0,14,3.0,14.0,0,7.0,103.0,60.0,43.0,0.0,4.5,1.0,2.0,4.0,0.0,1124.8,0,0.45080684584444575,0,-0.49643804515046974,1,0.020260898304570486,0,-0.4765854405858314,0,2.943404735130582,0,1.5332383409345502,0,0.17623039621828915,0,2.5755551306179667,0,1.108984601171272,0,0.2649000346920005,0,-0.46182103609054603,0,-0.4728514166340949,0,0.7079310650870124,0,2.3338732975927865,0,1.7644730722804525,0,2.5939006184764986,0,-0.4775441224635003,0,0.7490447831062443,0,0.15004169174687998,0,3.462445899705473,0,0.10456709773811101,0,-0.2580612937396559,train
Cyrus Jones,2979849,CB,2016,College Stats,4.49,33.0,10.0,116.0,6.71,4.21,70.0,197.0,15,2.0,21.0,0,7.0,37.0,29.0,8.0,0.0,4.0,2.0,1.0,18.0,0.0,84.69999999999999,0,-0.004583473998413347,0,-1.303313601384477,0,-1.6219382274343135,0,-1.2471277802206653,0,-1.510204200972977,0,0.42243998196988675,0,-1.0860710464615502,0,-0.1546385352427168,0,1.6426834404849466,0,-0.27187108823652695,0,-0.30107093053497336,0,-0.4728514166340949,0,0.7079310650870124,0,-0.9184970266275003,0,-0.6832500773292647,0,-1.017300004931996,0,-0.4775441224635003,0,0.5162907544574113,0,1.260927294103587,0,1.5374759771255349,0,1.276327299003014,0,-0.2580612937396559,train
Marcus Maye,2980110,S,2017,College Stats,4.49,36.0,16.0,122.0,6.94,4.17,72.0,210.0,9,1.0,6.0,0,6.0,50.0,29.0,21.0,1.0,1.5,0.0,0.0,0.0,0.0,766.7,1,-0.004583473998413347,1,-0.09300026703346613,1,0.020260898304570486,1,-0.0913142707684144,1,0.018646627838695376,1,0.05217386231499889,0,0.17623039621828915,0,0.9902813891504731,0,-1.5595095953971005,0,-0.8086422111650544,0,-0.6455354424397719,0,-0.4728514166340949,0,0.4528506158043734,0,-0.27787862943259534,0,-0.6832500773292647,0,0.32400308376258774,0,0.7067037818743266,0,-0.6474793887867537,0,-0.9608439106098271,0,-0.38749394545440313,0,-0.2302215311947184,0,-0.2580612937396559,test
Keivarae Russell,2980150,CB,2016,College Stats,4.49,36.0,17.0,122.0,6.94,4.17,71.0,192.0,11,2.0,0.0,0,4.0,60.0,48.0,12.0,1.0,3.5,2.0,0.0,0.0,0.0,75.1,0,-0.004583473998413347,1,-0.09300026703346613,0,0.2939607525943845,1,-0.0913142707684144,1,0.018646627838695376,1,0.05217386231499889,0,-0.45492032512163055,0,-0.5949923523170206,0,-0.49211191676975147,0,-0.27187108823652695,0,-0.7833212472016914,0,-0.4728514166340949,0,-0.05731028276090452,0,0.2149047530250239,0,0.8169673369476587,0,-0.6045913622567395,0,0.7067037818743266,0,0.2835367258085783,0,1.260927294103587,0,-0.38749394545440313,0,-0.2302215311947184,0,-0.2580612937396559,train
D'Joun Smith,2982861,CB,2015,College Stats,4.37,36.0,18.0,124.0,6.96,4.26,70.0,187.0,11,1.0,23.0,1,8.0,53.0,32.0,21.0,0.0,2.5,1.0,2.0,5.0,0.0,7.0,0,-1.3707544335269906,0,-0.09300026703346613,0,0.5676606068841985,0,0.2939568990490026,0,0.1515901781701421,0,0.8852726315384946,0,-1.0860710464615502,0,-1.0353461693913244,0,-0.49211191676975147,0,-0.8086422111650544,0,-0.25514232894766686,0,1.3296020032087423,0,0.9630115143696514,0,-0.13004361469530956,0,-0.4463736434960663,0,0.32400308376258774,0,-0.4775441224635003,0,-0.1819713314890877,0,0.15004169174687998,0,3.462445899705473,0,0.18826425497131835,0,-0.2580612937396559,train
Treston DeCoud,2985844,CB,2017,College Stats,4.62,31.0,11.0,116.0,6.94,4.17,74.0,206.0,12,2.0,88.0,1,10.0,58.0,46.0,12.0,0.0,2.0,0.0,0.0,0.0,0.0,27.4,0,1.475435065490876,0,-2.110189157618484,0,-1.3482383731444996,0,-1.2471277802206653,1,0.018646627838695376,1,0.05217386231499889,0,1.4385318388981285,0,0.63799833549103,0,0.04158692254392306,0,-0.27187108823652695,0,1.2375372226397938,0,1.3296020032087423,0,1.4731724129349293,0,0.11634807653350004,0,0.6590497143921931,0,-0.6045913622567395,0,-0.4775441224635003,0,-0.4147253601379207,0,-0.9608439106098271,0,-0.38749394545440313,0,-0.2302215311947184,0,-0.2580612937396559,train
Desmond King,3040145,S,2017,College Stats,4.49,34.0,14.0,117.0,6.67,4.18,70.0,201.0,13,3.0,41.0,1,7.0,58.0,42.0,16.0,0.0,3.5,1.0,1.0,0.0,0.0,835.6999999999998,1,-0.004583473998413347,0,-0.8998758232674734,0,-0.5271388102750575,0,-1.0544921953119568,0,-1.7760913016358764,0,0.1447403922287188,0,-1.0860710464615502,0,0.19764451841672626,0,0.5752857618575975,0,0.2649000346920005,0,0.15821508533809148,0,1.3296020032087423,0,0.7079310650870124,0,0.11634807653350004,0,0.3432144692812618,0,-0.19188271958148292,0,-0.4775441224635003,0,0.2835367258085783,0,0.15004169174687998,0,1.5374759771255349,0,-0.2302215311947184,0,-0.2580612937396559,train
Jalen Myrick,3040198,CB,2017,College Stats,4.28,37.5,13.0,124.0,7.06,4.22,70.0,200.0,13,1.0,0.0,0,11.0,41.0,29.0,12.0,0.0,3.5,0.0,0.0,0.0,0.0,10.6,0,-2.395382653173421,0,0.5121564001420393,0,-0.8008386645648715,0,0.2939568990490026,0,0.8163079298273874,0,0.5150065118836067,0,-1.0860710464615502,0,0.10957375500186549,0,0.5752857618575975,0,-0.8086422111650544,0,-0.7833212472016914,0,-0.4728514166340949,0,1.7282528622175684,0,-0.7213836736444525,0,-0.6832500773292647,0,-0.6045913622567395,0,-0.4775441224635003,0,0.2835367258085783,0,-0.9608439106098271,0,-0.38749394545440313,0,-0.2302215311947184,0,-0.2580612937396559,train
Eli Apple,3040506,CB,2016,College Stats,4.4,36.0,13.0,122.0,6.94,4.17,73.0,199.0,13,1.0,8.0,0,8.0,33.0,23.0,10.0,0.0,2.0,0.0,1.0,1.0,0.0,839.8499999999999,0,-1.0292116936448437,1,-0.09300026703346613,0,-0.8008386645648715,1,-0.0913142707684144,1,0.018646627838695376,1,0.05217386231499889,0,0.8073811175582088,0,0.021502991587004718,0,0.5752857618575975,0,-0.8086422111650544,0,-0.5996068408524654,0,-0.4728514166340949,0,0.9630115143696514,0,-1.1156103796105479,0,-1.1570029449956616,0,-0.8109456835943677,0,-0.4775441224635003,0,-0.4147253601379207,0,-0.9608439106098271,0,1.5374759771255349,0,-0.14652437396151105,0,-0.2580612937396559,train
Xavier Woods,3040572,S,2017,College Stats,4.54,33.5,19.0,122.0,6.72,4.13,71.0,197.0,14,5.0,45.0,0,6.0,89.0,60.0,29.0,3.0,6.5,1.0,0.0,30.0,1.0,966.0999999999999,0,0.564654425805158,0,-1.101594712325975,0,0.8413604611740125,0,-0.0913142707684144,0,-1.4437324258072537,0,-0.318092257339889,0,-0.45492032512163055,0,-0.1546385352427168,0,1.108984601171272,0,1.3384422805490555,0,0.25007228851270447,0,-0.4728514166340949,0,0.4528506158043734,0,1.6439765621521196,0,1.7644730722804525,0,1.1494203691131009,0,3.0751995905499805,0,1.6800608977015763,0,0.15004169174687998,0,-0.38749394545440313,0,2.280693185801502,0,3.7160826298510456,train
Parry Nickerson,3041098,CB,2018,College Stats,4.32,36.0,15.0,122.0,6.94,4.17,72.0,180.0,12,6.0,8.0,0,8.0,55.0,48.0,7.0,0.0,2.0,0.0,0.0,0.0,0.0,88.29999999999998,0,-1.939992333330562,1,-0.09300026703346613,0,-0.2534389559852435,1,-0.0913142707684144,1,0.018646627838695376,1,0.05217386231499889,0,0.17623039621828915,0,-1.65184151329535,0,0.04158692254392306,0,1.875213403477583,0,-0.5996068408524654,0,-0.4728514166340949,0,0.9630115143696514,0,-0.031486938203785717,0,0.8169673369476587,0,-1.1204771656008101,0,-0.4775441224635003,0,-0.4147253601379207,0,-0.9608439106098271,0,-0.38749394545440313,0,-0.2302215311947184,0,-0.2580612937396559,train
Daryl Worley,3042436,CB,2016,College Stats,4.64,35.5,14.0,123.0,6.98,4.15,73.0,204.0,12,6.0,0.0,0,12.0,49.0,46.0,3.0,0.0,2.0,2.0,1.0,0.0,0.0,700.0,0,1.7031302254123006,0,-0.2947191560919679,0,-0.5271388102750575,0,0.10132131414029409,0,0.2845337285015947,0,-0.13295919751244092,0,0.8073811175582088,0,0.4618568086613085,0,0.04158692254392306,0,1.875213403477583,0,-0.7833212472016914,0,-0.4728514166340949,0,1.9833333115002072,0,-0.3271569676783572,0,0.6590497143921931,0,-1.5331858082760668,0,-0.4775441224635003,0,-0.4147253601379207,0,1.260927294103587,0,1.5374759771255349,0,-0.2302215311947184,0,-0.2580612937396559,train
Darius Phillips,3042785,CB,2018,College Stats,4.54,36.0,16.0,122.0,6.94,4.17,70.0,190.0,12,3.0,63.0,1,10.0,40.0,28.0,12.0,1.0,5.0,2.0,1.0,67.0,1.0,293.5,0,0.564654425805158,1,-0.09300026703346613,1,0.020260898304570486,1,-0.0913142707684144,1,0.018646627838695376,1,0.05217386231499889,0,-1.0860710464615502,0,-0.7711338791467421,0,0.04158692254392306,0,0.2649000346920005,0,0.6634297027984628,0,1.3296020032087423,0,1.4731724129349293,0,-0.7706620118902145,0,-0.7622088886069975,0,-0.6045913622567395,0,0.7067037818743266,0,0.9817988117550773,0,1.260927294103587,0,1.5374759771255349,0,5.377488003430174,0,3.7160826298510456,val
Damarious Randall,3043258,S,2015,College Stats,4.46,38.0,14.0,120.0,6.83,4.07,71.0,196.0,13,3.0,89.0,1,9.0,106.0,87.0,19.0,1.0,9.5,2.0,1.0,0.0,0.0,714.45,0,-0.3461262138805602,0,0.7138752892005411,0,-0.5271388102750575,0,-0.4765854405858314,0,-0.7125428989842791,0,-0.8734914368222166,0,-0.45492032512163055,0,-0.24270929865757757,0,0.5752857618575975,0,0.2649000346920005,0,1.2605015234334471,0,1.3296020032087423,0,1.2180919636522902,0,2.4817083123300723,0,3.8963609767792384,0,0.11764876242495947,0,0.7067037818743266,0,3.0765850695945747,0,1.260927294103587,0,1.5374759771255349,0,-0.2302215311947184,0,-0.2580612937396559,val
Cameron Sutton,3044724,CB,2017,College Stats,4.52,34.0,11.0,120.0,6.81,4.17,71.0,188.0,7,1.0,0.0,0,4.0,23.0,19.0,4.0,0.0,2.0,0.0,0.0,0.0,0.0,501.29999999999995,0,0.3369592658837234,0,-0.8998758232674734,0,-1.3482383731444996,0,-0.4765854405858314,0,-0.8454864493157318,1,0.05217386231499889,0,-0.45492032512163055,0,-0.9472754059764636,0,-2.6269072740244495,0,-0.8086422111650544,0,-0.7833212472016914,0,-0.4728514166340949,0,-0.05731028276090452,0,-1.6083937620681672,0,-1.4728381901065928,0,-1.4300086476072524,0,-0.4775441224635003,0,-0.4147253601379207,0,-0.9608439106098271,0,-0.38749394545440313,0,-0.2302215311947184,0,-0.2580612937396559,train
Mackensie Alexander,3045120,CB,2016,College Stats,4.43,36.0,11.0,122.0,6.94,4.17,70.0,190.0,14,0.0,0.0,0,5.0,23.0,18.0,5.0,0.0,2.0,0.0,0.0,0.0,0.0,437.8999999999999,0,-0.687668953762707,1,-0.09300026703346613,0,-1.3482383731444996,1,-0.0913142707684144,1,0.018646627838695376,1,0.05217386231499889,0,-1.0860710464615502,0,-0.7711338791467421,0,1.108984601171272,0,-1.3454133340935819,0,-0.7833212472016914,0,-0.4728514166340949,0,0.19777016652173446,0,-1.6083937620681672,0,-1.5517970013843256,0,-1.3268314869384383,0,-0.4775441224635003,0,-0.4147253601379207,0,-0.9608439106098271,0,-0.38749394545440313,0,-0.2302215311947184,0,-0.2580612937396559,train
T.J. Green,3045128,S,2016,College Stats,4.34,35.5,13.0,129.0,6.94,4.17,74.0,209.0,15,0.0,0.0,0,3.0,95.0,67.0,28.0,1.0,5.5,2.0,0.0,0.0,0.0,196.7,0,-1.7122971734091375,0,-0.2947191560919679,0,-0.8008386645648715,0,1.257134823592545,1,0.018646627838695376,1,0.05217386231499889,0,1.4385318388981285,0,0.9022106257356124,0,1.6426834404849466,0,-1.3454133340935819,0,-0.7833212472016914,0,-0.4728514166340949,0,-0.3123907320435435,0,1.9396465916266912,0,2.3171847512245822,0,1.0462432084442868,0,0.7067037818743266,0,1.2145528404039103,0,1.260927294103587,0,-0.38749394545440313,0,-0.2302215311947184,0,-0.2580612937396559,train
Jayron Kearse,3045130,S,2016,College Stats,4.62,31.5,16.0,124.0,7.06,4.17,76.0,216.0,15,1.0,0.0,0,6.0,62.0,41.0,21.0,0.0,6.5,1.0,1.0,5.0,0.0,549.45,0,1.475435065490876,0,-1.9084702685599824,0,0.020260898304570486,0,0.2939568990490026,0,0.8163079298273874,1,0.05217386231499889,0,2.700833281577968,0,1.5187059696396377,0,1.6426834404849466,0,-0.8086422111650544,0,-0.7833212472016914,0,-0.4728514166340949,0,0.4528506158043734,0,0.3134614295165477,0,0.264255658003529,0,0.32400308376258774,0,-0.4775441224635003,0,1.6800608977015763,0,0.15004169174687998,0,1.5374759771255349,0,0.18826425497131835,0,-0.2580612937396559,train
Cordrea Tankersley,3045136,CB,2017,College Stats,4.4,29.5,13.0,121.0,7.0,4.32,73.0,199.0,15,4.0,22.0,0,11.0,52.0,39.0,13.0,0.0,6.0,0.0,0.0,0.0,0.0,105.0,0,-1.0292116936448437,0,-2.7153458247939897,0,-0.8008386645648715,0,-0.2839498556771229,0,0.41747727883304137,0,1.4406718110208305,0,0.8073811175582088,0,0.021502991587004718,0,1.6426834404849466,0,0.801671157620528,0,-0.2781066297413201,0,-0.4728514166340949,0,1.7282528622175684,0,-0.17932195294107148,0,0.1063380354480634,0,-0.5014142015879254,0,-0.4775441224635003,0,1.4473068690527433,0,-0.9608439106098271,0,-0.38749394545440313,0,-0.2302215311947184,0,-0.2580612937396559,val
Jourdan Lewis,3045207,CB,2017,College Stats,4.54,34.5,15.0,121.0,6.94,4.17,70.0,188.0,10,2.0,0.0,0,11.0,25.0,18.0,7.0,0.0,3.5,0.0,0.0,0.0,0.0,762.95,0,0.564654425805158,0,-0.6981569342089715,0,-0.2534389559852435,0,-0.2839498556771229,1,0.018646627838695376,1,0.05217386231499889,0,-1.0860710464615502,0,-0.9472754059764636,0,-1.025810756083426,0,-0.27187108823652695,0,-0.7833212472016914,0,-0.4728514166340949,0,1.7282528622175684,0,-1.5098370855766434,0,-1.5517970013843256,0,-1.1204771656008101,0,-0.4775441224635003,0,0.2835367258085783,0,-0.9608439106098271,0,-0.38749394545440313,0,-0.2302215311947184,0,-0.2580612937396559,test
Steven Nelson,3045287,CB,2015,College Stats,4.49,34.5,19.0,115.0,6.88,4.07,70.0,197.0,12,2.0,0.0,0,8.0,60.0,37.0,23.0,0.0,2.0,0.0,0.0,0.0,0.0,838.4000000000001,0,-0.004583473998413347,0,-0.6981569342089715,0,0.8413604611740125,0,-1.439763365129374,0,-0.3801840231556565,0,-0.8734914368222166,0,-1.0860710464615502,0,-0.1546385352427168,0,0.04158692254392306,0,-0.27187108823652695,0,-0.7833212472016914,0,-0.4728514166340949,0,0.9630115143696514,0,0.2149047530250239,0,-0.05157958710740222,0,0.530357405100216,0,-0.4775441224635003,0,-0.4147253601379207,0,-0.9608439106098271,0,-0.38749394545440313,0,-0.2302215311947184,0,-0.2580612937396559,train
Jalen Ramsey,3045373,CB,2016,College Stats,4.41,41.5,14.0,135.0,6.94,4.18,73.0,209.0,13,0.0,0.0,0,10.0,52.0,37.0,15.0,1.0,3.5,0.0,1.0,36.0,1.0,1238.3,0,-0.9153641136841315,0,2.1259075126100537,0,-0.5271388102750575,0,2.4129483330447963,0,0.018646627838695376,0,0.1447403922287188,0,0.8073811175582088,0,0.9022106257356124,0,0.5752857618575975,0,-1.3454133340935819,0,-0.7833212472016914,0,-0.4728514166340949,0,1.4731724129349293,0,-0.17932195294107148,0,-0.05157958710740222,0,-0.29505988025029706,0,0.7067037818743266,0,0.2835367258085783,0,-0.9608439106098271,0,1.5374759771255349,0,2.782876129200746,0,3.7160826298510456,train
Chuck Clark,3045463,S,2017,College Stats,4.54,34.0,16.0,122.0,6.85,4.07,72.0,208.0,14,0.0,24.0,0,2.0,94.0,50.0,44.0,0.0,2.5,1.0,0.0,0.0,0.0,759.0,0,0.564654425805158,0,-0.8998758232674734,0,0.020260898304570486,0,-0.0913142707684144,0,-0.5795993486528325,0,-0.8734914368222166,0,0.17623039621828915,0,0.8141398623207516,0,1.108984601171272,0,-1.3454133340935819,0,-0.23217802815401362,0,-0.4728514166340949,0,-0.5674711813261825,0,1.8903682533809292,0,0.9748849595031244,0,2.697077779145313,0,-0.4775441224635003,0,-0.1819713314890877,0,0.15004169174687998,0,-0.38749394545440313,0,-0.2302215311947184,0,-0.2580612937396559,train
Kendall Fuller,3045465,CB,2016,College Stats,4.48,36.0,15.0,122.0,6.94,4.17,71.0,187.0,3,0.0,0.0,0,1.0,7.0,3.0,4.0,1.0,1.0,1.0,0.0,0.0,0.0,938.8,0,-0.11843105395912559,1,-0.09300026703346613,0,-0.2534389559852435,1,-0.0913142707684144,1,0.018646627838695376,1,0.05217386231499889,0,-0.45492032512163055,0,-1.0353461693913244,0,-4.761702631279148,0,-1.3454133340935819,0,-0.7833212472016914,0,-0.4728514166340949,0,-0.8225516306088214,0,-2.396847174000358,0,-2.736179170550318,0,-1.4300086476072524,0,0.7067037818743266,0,-0.8802334174355867,0,0.15004169174687998,0,-0.38749394545440313,0,-0.2302215311947184,0,-0.2580612937396559,train
John Johnson,3046292,S,2017,College Stats,4.61,37.0,14.0,119.0,6.72,4.18,73.0,205.0,13,3.0,47.0,0,9.0,77.0,56.0,21.0,1.0,2.5,1.0,2.0,0.0,0.0,975.6999999999999,0,1.361587485530164,0,0.3104375110835375,0,-0.5271388102750575,0,-0.6692210254945399,0,-1.4437324258072537,0,0.1447403922287188,0,0.8073811175582088,0,0.5499275720761693,0,0.5752857618575975,0,0.2649000346920005,0,0.2960008901000109,0,-0.4728514166340949,0,1.2180919636522902,0,1.0526365032029765,0,1.4486378271695213,0,0.32400308376258774,0,0.7067037818743266,0,-0.1819713314890877,0,0.15004169174687998,0,3.462445899705473,0,-0.2302215311947184,0,-0.2580612937396559,train
Tre Flowers,3046326,S,2018,College Stats,4.45,34.5,18.0,122.0,6.94,4.17,75.0,200.0,13,2.0,14.0,0,8.0,79.0,54.0,25.0,0.0,1.0,1.0,0.0,0.0,0.0,613.5,0,-0.4599737938412724,0,-0.6981569342089715,0,0.5676606068841985,0,-0.0913142707684144,1,0.018646627838695376,1,0.05217386231499889,0,2.069682560238048,0,0.10957375500186549,0,0.5752857618575975,0,-0.27187108823652695,0,-0.46182103609054603,0,-0.4728514166340949,0,0.9630115143696514,0,1.1511931796945003,0,1.2907202046140556,0,0.7367117264378443,0,-0.4775441224635003,0,-0.8802334174355867,0,0.15004169174687998,0,-0.38749394545440313,0,-0.2302215311947184,0,-0.2580612937396559,train
Vonn Bell,3051388,S,2016,College Stats,4.52,36.0,16.0,122.0,6.94,4.17,71.0,199.0,13,2.0,16.0,1,9.0,65.0,43.0,22.0,0.0,1.0,0.0,1.0,14.0,1.0,1067.35,0,0.3369592658837234,1,-0.09300026703346613,0,0.020260898304570486,1,-0.0913142707684144,1,0.018646627838695376,1,0.05217386231499889,0,-0.45492032512163055,0,0.021502991587004718,0,0.5752857618575975,0,-0.27187108823652695,0,-0.41589243450323954,0,1.3296020032087423,0,1.2180919636522902,0,0.4612964442538335,0,0.42217328055899467,0,0.4271802444314019,0,-0.4775441224635003,0,-0.8802334174355867,0,-0.9608439106098271,0,1.5374759771255349,0,0.9415386700701845,0,3.7160826298510456,train
Gareon Conley,3051391,CB,2017,College Stats,4.44,37.0,11.0,129.0,6.68,4.18,72.0,195.0,13,4.0,0.0,0,8.0,26.0,21.0,5.0,0.0,0.0,0.0,0.0,0.0,0.0,379.1,0,-0.5738213738019847,0,0.3104375110835375,0,-1.3482383731444996,0,1.257134823592545,0,-1.709619526470153,0,0.1447403922287188,0,0.17623039621828915,0,-0.3307800620724383,0,0.5752857618575975,0,0.801671157620528,0,-0.7833212472016914,0,-0.4728514166340949,0,0.9630115143696514,0,-1.4605587473308814,0,-1.3149205675511273,0,-1.3268314869384383,0,-0.4775441224635003,0,-1.3457414747332528,0,-0.9608439106098271,0,-0.38749394545440313,0,-0.2302215311947184,0,-0.2580612937396559,test
Josh Jones,3051716,S,2017,College Stats,4.41,37.5,20.0,132.0,6.94,4.17,73.0,220.0,13,3.0,34.0,0,8.0,109.0,62.0,47.0,1.0,4.0,1.0,1.0,0.0,0.0,464.2,0,-0.9153641136841315,0,0.5121564001420393,0,1.1150603154638266,0,1.8350415783186707,1,0.018646627838695376,1,0.05217386231499889,0,0.8073811175582088,0,1.8709890232990807,0,0.5752857618575975,0,0.2649000346920005,0,-0.002535020217481204,0,-0.4728514166340949,0,0.9630115143696514,0,2.629543327067358,0,1.922390694835918,0,3.0066092611517554,0,0.7067037818743266,0,0.5162907544574113,0,0.15004169174687998,0,1.5374759771255349,0,-0.2302215311947184,0,-0.2580612937396559,train
Artie Burns,3051921,CB,2016,College Stats,4.46,31.5,16.0,122.0,6.94,4.17,72.0,193.0,13,6.0,34.0,0,5.0,36.0,26.0,10.0,0.0,0.5,0.0,1.0,0.0,0.0,490.79999999999995,0,-0.3461262138805602,0,-1.9084702685599824,1,0.020260898304570486,1,-0.0913142707684144,1,0.018646627838695376,1,0.05217386231499889,0,0.17623039621828915,0,-0.5069215889021599,0,0.5752857618575975,0,1.875213403477583,0,-0.002535020217481204,0,-0.4728514166340949,0,0.19777016652173446,0,-0.9677753648732622,0,-0.9201265111624631,0,-0.8109456835943677,0,-0.4775441224635003,0,-1.1129874460844198,0,-0.9608439106098271,0,1.5374759771255349,0,-0.2302215311947184,0,-0.2580612937396559,train
Corn Elder,3051929,CB,2017,College Stats,4.55,36.0,16.0,122.0,6.94,4.17,70.0,183.0,13,1.0,2.0,0,12.0,76.0,55.0,21.0,3.0,4.5,1.0,1.0,0.0,0.0,120.39999999999999,0,0.6785020057658702,1,-0.09300026703346613,1,0.020260898304570486,1,-0.0913142707684144,1,0.018646627838695376,1,0.05217386231499889,0,-1.0860710464615502,0,-1.3876292230507674,0,0.5752857618575975,0,-0.8086422111650544,0,-0.7373926456143849,0,-0.4728514166340949,0,1.9833333115002072,0,1.0033581649572145,0,1.3696790158917884,0,0.32400308376258774,0,3.0751995905499805,0,0.7490447831062443,0,0.15004169174687998,0,1.5374759771255349,0,-0.2302215311947184,0,-0.2580612937396559,train
Chidobe Awuzie,3052101,CB,2017,College Stats,4.43,34.5,16.0,132.0,6.81,4.14,72.0,202.0,14,1.0,14.0,0,12.0,65.0,52.0,13.0,4.0,6.0,2.0,1.0,0.0,0.0,802.1,0,-0.687668953762707,0,-0.6981569342089715,0,0.020260898304570486,0,1.8350415783186707,0,-0.8454864493157318,0,-0.22552572742616905,0,0.17623039621828915,0,0.285715281831587,0,1.108984601171272,0,-0.8086422111650544,0,-0.46182103609054603,0,-0.4728514166340949,0,1.9833333115002072,0,0.4612964442538335,0,1.1328025820585899,0,-0.5014142015879254,0,4.259447494887807,0,1.4473068690527433,0,1.260927294103587,0,1.5374759771255349,0,-0.2302215311947184,0,-0.2580612937396559,train
Tedric Thompson,3052125,S,2017,College Stats,4.6,32.5,17.0,117.0,7.11,4.36,72.0,204.0,14,7.0,103.0,0,16.0,63.0,42.0,21.0,0.0,3.5,0.0,0.0,0.0,0.0,221.0,0,1.2477399055694416,0,-1.5050324904429788,0,0.2939607525943845,0,-1.0544921953119568,0,1.1486668056560159,0,1.8109379306757183,0,0.17623039621828915,0,0.4618568086613085,0,1.108984601171272,0,2.4119845264061106,0,1.5820017345445925,0,-0.4728514166340949,0,3.0036551086307632,0,0.36273976776230965,0,0.3432144692812618,0,0.32400308376258774,0,-0.4775441224635003,0,0.2835367258085783,0,-0.9608439106098271,0,-0.38749394545440313,0,-0.2302215311947184,0,-0.2580612937396559,train
Kevin King,3052170,CB,2017,College Stats,4.43,39.5,11.0,122.0,6.56,3.89,75.0,200.0,14,2.0,0.0,0,13.0,44.0,26.0,18.0,0.0,3.5,0.0,0.0,0.0,0.0,492.09999999999997,0,-0.687668953762707,0,1.3190319563760464,0,-1.3482383731444996,1,-0.0913142707684144,0,-2.507280828458851,0,-2.539688975269212,0,2.069682560238048,0,0.10957375500186549,0,1.108984601171272,0,-0.27187108823652695,0,-0.7833212472016914,0,-0.4728514166340949,0,2.238413760782846,0,-0.5735486589071669,0,-0.9201265111624631,0,0.014471601756145341,0,-0.4775441224635003,0,0.2835367258085783,0,-0.9608439106098271,0,-0.38749394545440313,0,-0.2302215311947184,0,-0.2580612937396559,train
Shaquill Griffin,3054026,CB,2017,College Stats,4.38,38.5,17.0,132.0,6.87,4.14,72.0,194.0,13,4.0,46.0,1,15.0,50.0,30.0,20.0,0.0,3.0,0.0,1.0,0.0,0.0,847.5,0,-1.2569068535662784,0,0.9155941782590429,0,0.2939607525943845,0,1.8350415783186707,0,-0.44665579832137986,0,-0.22552572742616905,0,0.17623039621828915,0,-0.4188508254872991,0,0.5752857618575975,0,0.801671157620528,0,0.27303658930635766,0,1.3296020032087423,0,2.748574659348124,0,-0.27787862943259534,0,-0.6042912660515319,0,0.2208259230937736,0,-0.4775441224635003,0,0.050782697159745295,0,-0.9608439106098271,0,1.5374759771255349,0,-0.2302215311947184,0,-0.2580612937396559,train
Anthony Averett,3054841,CB,2018,College Stats,4.36,31.5,13.0,119.0,6.93,4.4,72.0,185.0,14,1.0,30.0,0,8.0,48.0,31.0,17.0,1.0,4.0,0.0,0.0,0.0,0.0,319.0,0,-1.484602013487703,0,-1.9084702685599824,0,-0.8008386645648715,0,-0.6692210254945399,0,-0.04782514732703388,0,2.181204050330606,0,0.17623039621828915,0,-1.211487696221046,0,1.108984601171272,0,-0.8086422111650544,0,-0.09439222339209416,0,-0.4728514166340949,0,0.9630115143696514,0,-0.37643530592411917,0,-0.5253324547737991,0,-0.08870555891266879,0,0.7067037818743266,0,0.5162907544574113,0,-0.9608439106098271,0,-0.38749394545440313,0,-0.2302215311947184,0,-0.2580612937396559,train
Eddie Jackson,3054847,S,2017,College Stats,4.49,36.0,10.0,122.0,6.94,4.17,72.0,201.0,8,1.0,55.0,1,2.0,24.0,15.0,9.0,0.0,2.5,0.0,0.0,0.0,0.0,878.4999999999999,1,-0.004583473998413347,1,-0.09300026703346613,0,-1.6219382274343135,1,-0.0913142707684144,1,0.018646627838695376,1,0.05217386231499889,0,0.17623039621828915,0,0.19764451841672626,0,-2.093208434710775,0,-0.8086422111650544,0,0.4797152964492368,0,1.3296020032087423,0,-0.5674711813261825,0,-1.5591154238224052,0,-1.788673435217524,0,-0.9141228442631819,0,-0.4775441224635003,0,-0.1819713314890877,0,-0.9608439106098271,0,-0.38749394545440313,0,-0.2302215311947184,0,-0.2580612937396559,train
Vernon Hargreaves III,3054955,CB,2016,College Stats,4.5,39.0,15.0,130.0,6.94,3.98,70.0,204.0,13,4.0,152.0,0,4.0,33.0,23.0,10.0,0.0,1.0,1.0,0.0,0.0,0.0,588.1,0,0.1092641059622989,0,1.1173130673175447,0,-0.2534389559852435,0,1.4497704085012535,1,0.018646627838695376,0,-1.7065902060457163,0,-1.0860710464615502,0,0.4618568086613085,0,0.5752857618575975,0,0.801671157620528,0,2.707252473433601,0,-0.4728514166340949,0,-0.05731028276090452,0,-1.1156103796105479,0,-1.1570029449956616,0,-0.8109456835943677,0,-0.4775441224635003,0,-0.8802334174355867,0,0.15004169174687998,0,-0.38749394545440313,0,-0.2302215311947184,0,-0.2580612937396559,train
Keanu Neal,3054962,S,2016,College Stats,4.62,38.0,17.0,132.0,7.09,4.38,72.0,211.0,12,1.0,0.0,0,1.0,96.0,51.0,45.0,2.0,3.5,1.0,0.0,0.0,0.0,704.85,0,1.475435065490876,0,0.7138752892005411,0,0.2939607525943845,0,1.8350415783186707,0,1.0157232553245634,0,1.9960709905031582,0,0.17623039621828915,0,1.078352152565334,0,0.04158692254392306,0,-0.8086422111650544,0,-0.7833212472016914,0,-0.4728514166340949,0,-0.8225516306088214,0,1.988924929872453,0,1.0538437707808572,0,2.8002549398141268,0,1.8909516862121534,0,0.2835367258085783,0,0.15004169174687998,0,-0.38749394545440313,0,-0.2302215311947184,0,-0.2580612937396559,val
William Jackson III,3061106,CB,2016,College Stats,4.37,36.0,10.0,116.0,6.94,4.17,72.0,189.0,13,5.0,110.0,2,23.0,43.0,34.0,9.0,0.0,1.5,0.0,1.0,13.0,0.0,474.3,0,-1.3707544335269906,1,-0.09300026703346613,0,-1.6219382274343135,0,-1.2471277802206653,1,0.018646627838695376,1,0.05217386231499889,0,0.17623039621828915,0,-0.8592046425616029,0,0.5752857618575975,0,1.3384422805490555,0,1.7427518401001652,0,3.13205542305158,0,4.789218253609236,0,-0.6228269971529288,0,-0.28845602094060063,0,-0.9141228442631819,0,-0.4775441224635003,0,-0.6474793887867537,0,-0.9608439106098271,0,1.5374759771255349,0,0.8578415128369772,0,-0.2580612937396559,train
Duke Dawson,3115250,CB,2018,College Stats,4.46,36.0,15.0,122.0,6.94,4.17,70.0,208.0,11,4.0,54.0,1,9.0,34.0,23.0,11.0,0.0,2.0,0.0,0.0,0.0,0.0,81.4,0,-0.3461262138805602,1,-0.09300026703346613,0,-0.2534389559852435,1,-0.0913142707684144,1,0.018646627838695376,1,0.05217386231499889,0,-1.0860710464615502,0,0.8141398623207516,0,-0.49211191676975147,0,0.801671157620528,0,0.4567509956555836,0,1.3296020032087423,0,1.2180919636522902,0,-1.066332041364786,0,-1.1570029449956616,0,-0.7077685229255536,0,-0.4775441224635003,0,-0.4147253601379207,0,-0.9608439106098271,0,-0.38749394545440313,0,-0.2302215311947184,0,-0.2580612937396559,train
Rashaan Gaulden,3115333,CB,2018,College Stats,4.61,30.0,8.0,119.0,7.16,4.33,73.0,193.0,12,1.0,0.0,0,5.0,65.0,39.0,26.0,0.0,3.5,3.0,3.0,0.0,0.0,65.19999999999999,0,1.361587485530164,0,-2.5136269357354877,0,-2.1693379360139415,0,-0.6692210254945399,0,1.4810256814846385,0,1.5332383409345502,0,0.8073811175582088,0,-0.5069215889021599,0,0.04158692254392306,0,-0.8086422111650544,0,-0.7833212472016914,0,-0.4728514166340949,0,0.19777016652173446,0,0.4612964442538335,0,0.1063380354480634,0,0.8398888871066584,0,-0.4775441224635003,0,0.2835367258085783,0,2.3718128964602943,0,5.387415822285411,0,-0.2302215311947184,0,-0.2580612937396559,test
Jamal Adams,3115373,S,2017,College Stats,4.56,31.5,18.0,120.0,6.96,4.13,72.0,214.0,12,1.0,0.0,0,4.0,76.0,42.0,34.0,1.0,7.5,1.0,1.0,4.0,0.0,945.5999999999999,0,0.7923495857265824,0,-1.9084702685599824,0,0.5676606068841985,0,-0.4765854405858314,0,0.1515901781701421,0,-0.318092257339889,0,0.17623039621828915,0,1.3425644428099162,0,0.04158692254392306,0,-0.8086422111650544,0,-0.7833212472016914,0,-0.4728514166340949,0,-0.05731028276090452,0,1.0033581649572145,0,0.3432144692812618,0,1.6653061724571714,0,0.7067037818743266,0,2.1455689549992427,0,0.15004169174687998,0,1.5374759771255349,0,0.10456709773811101,0,-0.2580612937396559,train
Jabrill Peppers,3115962,S,2017,College Stats,4.46,35.5,19.0,128.0,6.94,4.17,71.0,213.0,12,1.0,11.0,0,0.0,72.0,47.0,25.0,4.0,16.0,1.0,0.0,0.0,0.0,856.0999999999999,0,-0.3461262138805602,0,-0.2947191560919679,0,0.8413604611740125,0,1.0644992386838366,1,0.018646627838695376,1,0.05217386231499889,0,-0.45492032512163055,0,1.2544936793950554,0,0.04158692254392306,0,-0.8086422111650544,0,-0.5307139384715057,0,-0.4728514166340949,0,-1.0776320798914605,0,0.806244811974167,0,0.7380085256699259,0,0.7367117264378443,0,4.259447494887807,0,6.1023874420294035,0,0.15004169174687998,0,-0.38749394545440313,0,-0.2302215311947184,0,-0.2580612937396559,val
Marcus Allen,3116149,S,2018,College Stats,4.49,37.0,15.0,127.0,6.94,4.32,74.0,202.0,13,1.0,50.0,0,3.0,72.0,46.0,26.0,1.0,4.0,2.0,0.0,0.0,0.0,126.69999999999999,1,-0.004583473998413347,0,0.3104375110835375,0,-0.2534389559852435,0,0.8718636537751281,1,0.018646627838695376,0,1.4406718110208305,0,1.4385318388981285,0,0.285715281831587,0,0.5752857618575975,0,-0.8086422111650544,0,0.36489379248097065,0,-0.4728514166340949,0,-0.3123907320435435,0,0.806244811974167,0,0.6590497143921931,0,0.8398888871066584,0,0.7067037818743266,0,0.5162907544574113,0,1.260927294103587,0,-0.38749394545440313,0,-0.2302215311947184,0,-0.2580612937396559,val
Amani Oruwariye,3116175,CB,2019,College Stats,4.47,36.5,17.0,120.0,6.82,4.16,74.0,205.0,13,3.0,-2.0,0,12.0,51.0,40.0,11.0,0.0,2.0,1.0,0.0,0.0,0.0,501.29999999999995,0,-0.23227863391984793,0,0.10871862202503568,0,0.2939607525943845,0,-0.4765854405858314,0,-0.7790146741500026,0,-0.04039266759872102,0,1.4385318388981285,0,0.5499275720761693,0,0.5752857618575975,0,0.2649000346920005,0,-0.8292498487889979,0,-0.4728514166340949,0,1.9833333115002072,0,-0.2286002911868334,0,0.18529684672579622,0,-0.7077685229255536,0,-0.4775441224635003,0,-0.4147253601379207,0,0.15004169174687998,0,-0.38749394545440313,0,-0.2302215311947184,0,-0.2580612937396559,val
M.J. Stewart,3116679,CB,2018,College Stats,4.54,35.0,18.0,118.0,6.9,4.28,71.0,200.0,12,0.0,0.0,0,12.0,45.0,33.0,12.0,2.0,5.0,0.0,0.0,0.0,0.0,431.7,0,0.564654425805158,0,-0.49643804515046974,0,0.5676606068841985,0,-0.8618566104032483,0,-0.24724047282420392,0,1.0704056913659425,0,-0.45492032512163055,0,0.10957375500186549,0,0.04158692254392306,0,-1.3454133340935819,0,-0.7833212472016914,0,-0.4728514166340949,0,1.9833333115002072,0,-0.5242703206614049,0,-0.3674148322183335,0,-0.6045913622567395,0,1.8909516862121534,0,0.9817988117550773,0,-0.9608439106098271,0,-0.38749394545440313,0,-0.2302215311947184,0,-0.2580612937396559,train
Adoree Jackson,3120347,CB,2017,College Stats,4.42,36.0,16.0,122.0,6.94,4.17,70.0,186.0,13,5.0,21.0,0,11.0,55.0,46.0,9.0,0.0,2.0,0.0,2.0,26.0,0.0,784.6999999999999,0,-0.8015165337234192,0,-0.09300026703346613,1,0.020260898304570486,0,-0.0913142707684144,1,0.018646627838695376,1,0.05217386231499889,0,-1.0860710464615502,0,-1.1234169328061852,0,0.5752857618575975,0,1.3384422805490555,0,-0.30107093053497336,0,-0.4728514166340949,0,1.7282528622175684,0,-0.031486938203785717,0,0.6590497143921931,0,-0.9141228442631819,0,-0.4775441224635003,0,-0.4147253601379207,0,-0.9608439106098271,0,3.462445899705473,0,1.9459045568686728,0,-0.2580612937396559,train
Malik Hooker,3121415,S,2017,College Stats,4.49,36.0,16.0,122.0,6.94,4.17,73.0,206.0,13,7.0,181.0,3,4.0,74.0,43.0,31.0,0.5,5.5,0.0,0.0,0.0,0.0,617.8,1,-0.004583473998413347,1,-0.09300026703346613,1,0.020260898304570486,1,-0.0913142707684144,1,0.018646627838695376,1,0.05217386231499889,0,0.8073811175582088,0,0.63799833549103,0,0.5752857618575975,0,2.4119845264061106,0,3.3732171964495454,0,4.934508842894417,0,-0.05731028276090452,0,0.9048014884656908,0,0.42217328055899467,0,1.355774690450729,0,0.11457982970541312,0,1.2145528404039103,0,-0.9608439106098271,0,-0.38749394545440313,0,-0.2302215311947184,0,-0.2580612937396559,test
Marshon Lattimore,3121421,CB,2017,College Stats,4.36,38.5,16.0,132.0,6.94,4.17,72.0,193.0,13,4.0,61.0,1,9.0,41.0,30.0,11.0,0.0,1.0,0.0,0.0,0.0,0.0,948.1,0,-1.484602013487703,0,0.9155941782590429,1,0.020260898304570486,0,1.8350415783186707,1,0.018646627838695376,1,0.05217386231499889,0,0.17623039621828915,0,-0.5069215889021599,0,0.5752857618575975,0,0.801671157620528,0,0.6175011012111563,0,1.3296020032087423,0,1.2180919636522902,0,-0.7213836736444525,0,-0.6042912660515319,0,-0.7077685229255536,0,-0.4775441224635003,0,-0.8802334174355867,0,-0.9608439106098271,0,-0.38749394545440313,0,-0.2302215311947184,0,-0.2580612937396559,train
Natrell Jamerson,3121552,S,2018,College Stats,4.4,35.5,25.0,120.0,6.94,4.17,72.0,198.0,14,2.0,40.0,1,10.0,51.0,32.0,19.0,1.5,3.5,0.0,0.0,0.0,0.0,62.8,0,-1.0292116936448437,0,-0.2947191560919679,0,2.4835595869128966,0,-0.4765854405858314,1,0.018646627838695376,1,0.05217386231499889,0,0.17623039621828915,0,-0.06656777182785605,0,1.108984601171272,0,-0.27187108823652695,0,0.13525078454443823,0,1.3296020032087423,0,1.4731724129349293,0,-0.2286002911868334,0,-0.4463736434960663,0,0.11764876242495947,0,1.2988277340432401,0,0.2835367258085783,0,-0.9608439106098271,0,-0.38749394545440313,0,-0.2302215311947184,0,-0.2580612937396559,train
Quincy Wilson,3121660,CB,2017,College Stats,4.54,32.0,14.0,118.0,6.86,4.02,73.0,211.0,13,3.0,80.0,1,6.0,33.0,18.0,15.0,1.0,3.5,0.0,0.0,0.0,0.0,174.39999999999998,0,0.564654425805158,0,-1.7067513795014806,0,-0.5271388102750575,0,-0.8618566104032483,0,-0.5131275734871033,0,-1.3363240863908326,0,0.8073811175582088,0,1.078352152565334,0,0.5752857618575975,0,0.2649000346920005,0,1.0538228162905678,0,1.3296020032087423,0,0.4528506158043734,0,-1.1156103796105479,0,-1.5517970013843256,0,-0.29505988025029706,0,0.7067037818743266,0,0.2835367258085783,0,-0.9608439106098271,0,-0.38749394545440313,0,-0.2302215311947184,0,-0.2580612937396559,train
Donovan Wilson,3122135,S,2019,College Stats,4.49,36.0,18.0,127.0,6.94,4.17,72.0,199.0,12,2.0,0.0,0,3.0,66.0,37.0,29.0,2.0,4.5,1.0,0.0,0.0,0.0,672.9499999999999,1,-0.004583473998413347,0,-0.09300026703346613,0,0.5676606068841985,0,0.8718636537751281,1,0.018646627838695376,1,0.05217386231499889,0,0.17623039621828915,0,0.021502991587004718,0,0.04158692254392306,0,-0.27187108823652695,0,-0.7833212472016914,0,-0.4728514166340949,0,-0.3123907320435435,0,0.5105747824995954,0,-0.05157958710740222,0,1.1494203691131009,0,1.8909516862121534,0,0.7490447831062443,0,0.15004169174687998,0,-0.38749394545440313,0,-0.2302215311947184,0,-0.2580612937396559,train
Armani Watts,3122136,S,2018,College Stats,4.49,35.0,13.0,120.0,7.25,4.37,71.0,205.0,12,4.0,15.0,0,5.0,87.0,57.0,30.0,0.5,10.0,2.0,2.0,18.0,0.0,168.59999999999997,1,-0.004583473998413347,0,-0.49643804515046974,0,-0.8008386645648715,0,-0.4765854405858314,0,2.0792716579761605,0,1.9035044605894382,0,-0.45492032512163055,0,0.5499275720761693,0,0.04158692254392306,0,0.801671157620528,0,-0.4388567352968928,0,-0.4728514166340949,0,0.19777016652173446,0,1.5454198856605958,0,1.527596638447254,0,1.252597529781915,0,0.11457982970541312,0,3.3093390982434077,0,1.260927294103587,0,3.462445899705473,0,1.276327299003014,0,-0.2580612937396559,train
Ahkello Witherspoon,3122630,CB,2017,College Stats,4.45,40.5,16.0,127.0,6.93,4.13,75.0,198.0,14,1.0,0.0,0,22.0,23.0,19.0,4.0,0.0,0.0,1.0,1.0,0.0,0.0,562.8,0,-0.4599737938412724,0,1.7224697344930502,1,0.020260898304570486,0,0.8718636537751281,0,-0.04782514732703388,0,-0.318092257339889,0,2.069682560238048,0,-0.06656777182785605,0,1.108984601171272,0,-0.8086422111650544,0,-0.7833212472016914,0,-0.4728514166340949,0,4.534137804326597,0,-1.6083937620681672,0,-1.4728381901065928,0,-1.4300086476072524,0,-0.4775441224635003,0,-1.3457414747332528,0,0.15004169174687998,0,1.5374759771255349,0,-0.2302215311947184,0,-0.2580612937396559,val
Isaac Yiadom,3122797,CB,2018,College Stats,4.52,36.0,8.0,120.0,6.94,4.18,73.0,190.0,13,2.0,30.0,0,7.0,53.0,36.0,17.0,0.0,1.0,0.0,0.0,0.0,0.0,462.20000000000005,0,0.3369592658837234,1,-0.09300026703346613,0,-2.1693379360139415,0,-0.4765854405858314,1,0.018646627838695376,0,0.1447403922287188,0,0.8073811175582088,0,-0.7711338791467421,0,0.5752857618575975,0,-0.27187108823652695,0,-0.09439222339209416,0,-0.4728514166340949,0,0.7079310650870124,0,-0.13004361469530956,0,-0.13053839838513503,0,-0.08870555891266879,0,-0.4775441224635003,0,-0.8802334174355867,0,-0.9608439106098271,0,-0.38749394545440313,0,-0.2302215311947184,0,-0.2580612937396559,val
Marcus Williams,3122882,S,2017,College Stats,4.56,43.5,14.0,129.0,6.85,4.2,73.0,202.0,11,5.0,20.0,0,3.0,64.0,46.0,18.0,0.0,1.0,2.0,2.0,0.0,0.0,901.9,0,0.7923495857265824,0,2.932783068844061,0,-0.5271388102750575,0,1.257134823592545,0,-0.5795993486528325,0,0.32987345205616686,0,0.8073811175582088,0,0.285715281831587,0,-0.49211191676975147,0,1.3384422805490555,0,-0.32403523132862655,0,-0.4728514166340949,0,-0.3123907320435435,0,0.4120181060080716,0,0.6590497143921931,0,0.014471601756145341,0,-0.4775441224635003,0,-0.8802334174355867,0,1.260927294103587,0,3.462445899705473,0,-0.2302215311947184,0,-0.2580612937396559,test
Avonte Maddox,3123938,CB,2018,College Stats,4.39,37.0,13.0,125.0,6.51,4.0,69.0,180.0,10,2.0,3.0,0,11.0,27.0,20.0,7.0,4.0,4.0,3.0,1.0,7.0,0.0,605.1,0,-1.143059273605566,0,0.3104375110835375,0,-0.8008386645648715,0,0.4865924839577111,0,-2.8396397042874737,0,-1.5214571462182724,0,-1.7172217678014698,0,-1.65184151329535,0,-1.025810756083426,0,-0.27187108823652695,0,-0.7144283448207317,0,-0.4728514166340949,0,1.7282528622175684,0,-1.4112804090851194,0,-1.39387937882886,0,-1.1204771656008101,0,4.259447494887807,0,0.5162907544574113,0,2.3718128964602943,0,1.5374759771255349,0,0.35565856943773305,0,-0.2580612937396559,test
Terrell Edmunds,3124067,S,2018,College Stats,4.47,41.5,16.0,134.0,6.94,4.17,74.0,220.0,10,2.0,70.0,0,4.0,59.0,29.0,30.0,1.5,2.5,0.0,0.0,0.0,0.0,820.75,0,-0.23227863391984793,0,2.1259075126100537,1,0.020260898304570486,0,2.2203127481360876,1,0.018646627838695376,1,0.05217386231499889,0,1.4385318388981285,0,1.8709890232990807,0,-1.025810756083426,0,-0.27187108823652695,0,0.8241798083540355,0,-0.4728514166340949,0,-0.05731028276090452,0,0.16562641477926196,0,-0.6832500773292647,0,1.252597529781915,0,1.2988277340432401,0,-0.1819713314890877,0,-0.9608439106098271,0,-0.38749394545440313,0,-0.2302215311947184,0,-0.2580612937396559,train
Greg Stroman,3124086,CB,2018,College Stats,4.48,33.5,16.0,113.0,6.94,4.45,72.0,180.0,13,4.0,47.0,1,11.0,20.0,14.0,6.0,0.0,0.0,0.0,0.0,0.0,0.0,141.3,0,-0.11843105395912559,0,-1.101594712325975,0,0.020260898304570486,0,-1.825034534946791,1,0.018646627838695376,0,2.644036699899214,0,0.17623039621828915,0,-1.65184151329535,0,0.5752857618575975,0,0.801671157620528,0,0.2960008901000109,0,1.3296020032087423,0,1.7282528622175684,0,-1.756228776805453,0,-1.8676322464952568,0,-1.2236543262696242,0,-0.4775441224635003,0,-1.3457414747332528,0,-0.9608439106098271,0,-0.38749394545440313,0,-0.2302215311947184,0,-0.2580612937396559,test
Nick Nelson,3124574,CB,2018,College Stats,4.52,36.0,17.0,123.0,6.94,4.17,71.0,208.0,14,0.0,0.0,0,21.0,35.0,26.0,9.0,0.0,1.0,0.0,0.0,0.0,0.0,45.6,0,0.3369592658837234,1,-0.09300026703346613,0,0.2939607525943845,0,0.10132131414029409,1,0.018646627838695376,1,0.05217386231499889,0,-0.45492032512163055,0,0.8141398623207516,0,1.108984601171272,0,-1.3454133340935819,0,-0.7833212472016914,0,-0.4728514166340949,0,4.279057355043958,0,-1.017053703119024,0,-0.9201265111624631,0,-0.9141228442631819,0,-0.4775441224635003,0,-0.8802334174355867,0,-0.9608439106098271,0,-0.38749394545440313,0,-0.2302215311947184,0,-0.2580612937396559,train
Quinten Rollins,3125961,CB,2015,College Stats,4.57,36.5,14.0,122.0,7.1,4.28,71.0,195.0,12,7.0,35.0,1,9.0,72.0,53.0,19.0,0.0,4.0,1.0,0.0,0.0,0.0,255.2,0,0.9061971656873048,0,0.10871862202503568,0,-0.5271388102750575,0,-0.0913142707684144,0,1.0821950304902868,0,1.0704056913659425,0,-0.45492032512163055,0,-0.3307800620724383,0,0.04158692254392306,0,2.4119845264061106,0,0.020429280576172038,0,1.3296020032087423,0,1.2180919636522902,0,0.806244811974167,0,1.2117613933363227,0,0.11764876242495947,0,-0.4775441224635003,0,0.5162907544574113,0,0.15004169174687998,0,-0.38749394545440313,0,-0.2302215311947184,0,-0.2580612937396559,train
Isaiah Johnson,3126182,CB,2019,College Stats,4.4,36.5,16.0,133.0,6.81,4.06,74.0,208.0,11,2.0,45.0,0,7.0,66.0,50.0,16.0,0.0,2.0,0.0,0.0,0.0,0.0,65.6,0,-1.0292116936448437,0,0.10871862202503568,1,0.020260898304570486,0,2.027677163227379,0,-0.8454864493157318,0,-0.9660579667359448,0,1.4385318388981285,0,0.8141398623207516,0,-0.49211191676975147,0,-0.27187108823652695,0,0.25007228851270447,0,-0.4728514166340949,0,0.7079310650870124,0,0.5105747824995954,0,0.9748849595031244,0,-0.19188271958148292,0,-0.4775441224635003,0,-0.4147253601379207,0,-0.9608439106098271,0,-0.38749394545440313,0,-0.2302215311947184,0,-0.2580612937396559,train
Marlon Humphrey,3126356,CB,2017,College Stats,4.41,36.0,10.0,125.0,6.75,4.17,72.0,197.0,15,2.0,18.0,1,5.0,36.0,26.0,10.0,0.0,3.0,1.0,0.0,0.0,0.0,1044.35,0,-0.9153641136841315,1,-0.09300026703346613,0,-1.6219382274343135,0,0.4865924839577111,0,-1.2443171003100777,1,0.05217386231499889,0,0.17623039621828915,0,-0.1546385352427168,0,1.6426834404849466,0,-0.27187108823652695,0,-0.36996383291593304,0,1.3296020032087423,0,0.19777016652173446,0,-0.9677753648732622,0,-0.9201265111624631,0,-0.8109456835943677,0,-0.4775441224635003,0,0.050782697159745295,0,0.15004169174687998,0,-0.38749394545440313,0,-0.2302215311947184,0,-0.2580612937396559,train
Budda Baker,3127287,S,2017,College Stats,4.45,32.5,15.0,115.0,6.76,4.08,70.0,195.0,14,2.0,18.0,0,6.0,71.0,49.0,22.0,3.0,10.0,1.0,0.0,0.0,0.0,1336.15,0,-0.4599737938412724,0,-1.5050324904429788,0,-0.2534389559852435,0,-1.439763365129374,0,-1.1778453251443544,0,-0.7809249069084967,0,-1.0860710464615502,0,-0.3307800620724383,0,1.108984601171272,0,-0.27187108823652695,0,-0.36996383291593304,0,-0.4728514166340949,0,0.4528506158043734,0,0.756966473728405,0,0.8959261482253915,0,0.4271802444314019,0,3.0751995905499805,0,3.3093390982434077,0,0.15004169174687998,0,-0.38749394545440313,0,-0.2302215311947184,0,-0.2580612937396559,test
Sidney Jones,3127299,CB,2017,College Stats,4.47,33.5,16.0,123.0,7.02,4.28,72.0,186.0,14,3.0,0.0,0,6.0,39.0,27.0,12.0,0.0,2.5,2.0,0.0,0.0,0.0,340.9,0,-0.23227863391984793,0,-1.101594712325975,1,0.020260898304570486,0,0.10132131414029409,0,0.5504208291644881,0,1.0704056913659425,0,0.17623039621828915,0,-1.1234169328061852,0,1.108984601171272,0,0.2649000346920005,0,-0.7833212472016914,0,-0.4728514166340949,0,0.4528506158043734,0,-0.8199403501359764,0,-0.8411676998847303,0,-0.6045913622567395,0,-0.4775441224635003,0,-0.1819713314890877,0,1.260927294103587,0,-0.38749394545440313,0,-0.2302215311947184,0,-0.2580612937396559,train
Saquan Hampton,3127367,S,2019,College Stats,4.48,36.0,14.0,125.0,6.94,4.17,73.0,206.0,12,3.0,3.0,0,13.0,65.0,44.0,21.0,0.0,3.0,0.0,1.0,0.0,0.0,8.4,0,-0.11843105395912559,1,-0.09300026703346613,0,-0.5271388102750575,0,0.4865924839577111,1,0.018646627838695376,1,0.05217386231499889,0,0.8073811175582088,0,0.63799833549103,0,0.04158692254392306,0,0.2649000346920005,0,-0.7144283448207317,0,-0.4728514166340949,0,2.238413760782846,0,0.4612964442538335,0,0.5011320918367275,0,0.32400308376258774,0,-0.4775441224635003,0,0.050782697159745295,0,-0.9608439106098271,0,1.5374759771255349,0,-0.2302215311947184,0,-0.2580612937396559,val
Montae Nicholson,3134683,S,2017,College Stats,4.42,35.0,16.0,125.0,6.94,4.17,74.0,212.0,11,1.0,10.0,0,2.0,86.0,39.0,47.0,0.0,2.0,0.0,1.0,0.0,0.0,273.0,0,-0.8015165337234192,0,-0.49643804515046974,1,0.020260898304570486,0,0.4865924839577111,1,0.018646627838695376,1,0.05217386231499889,0,1.4385318388981285,0,1.1664229159801947,0,-0.49211191676975147,0,-0.8086422111650544,0,-0.553678239265159,0,-0.4728514166340949,0,-0.5674711813261825,0,1.4961415474148339,0,0.1063380354480634,0,3.0066092611517554,0,-0.4775441224635003,0,-0.4147253601379207,0,-0.9608439106098271,0,1.5374759771255349,0,-0.2302215311947184,0,-0.2580612937396559,test
Mike Edwards,3155647,CB,2013,College Stats,4.56,36.0,14.0,124.0,6.94,4.18,69.0,189.0,12,2.0,0.0,0,0.0,43.0,38.0,5.0,0.0,5.0,1.0,0.0,0.0,0.0,327.9,0,0.7923495857265824,0,-0.09300026703346613,0,-0.5271388102750575,0,0.2939568990490026,0,0.018646627838695376,0,0.1447403922287188,0,-1.7172217678014698,0,-0.8592046425616029,0,0.04158692254392306,0,-0.27187108823652695,0,-0.7833212472016914,0,-0.4728514166340949,0,-1.0776320798914605,0,-0.6228269971529288,0,0.027379224170330594,0,-1.3268314869384383,0,-0.4775441224635003,0,0.9817988117550773,0,0.15004169174687998,0,-0.38749394545440313,0,-0.2302215311947184,0,-0.2580612937396559,train
Jaquan Johnson,3672862,S,2019,College Stats,4.69,33.0,18.0,121.0,6.94,4.17,70.0,191.0,11,2.0,9.0,0,1.0,92.0,44.0,48.0,0.0,1.5,2.0,0.0,0.0,0.0,186.4,0,2.272368125215882,0,-1.303313601384477,0,0.5676606068841985,0,-0.2839498556771229,1,0.018646627838695376,1,0.05217386231499889,0,-1.0860710464615502,0,-0.6830631157318814,0,-0.49211191676975147,0,-0.27187108823652695,0,-0.5766425400588122,0,-0.4728514166340949,0,-0.8225516306088214,0,1.7918115768894054,0,0.5011320918367275,0,3.1097864218205693,0,-0.4775441224635003,0,-0.6474793887867537,0,1.260927294103587,0,-0.38749394545440313,0,-0.2302215311947184,0,-0.2580612937396559,train
Jeff Gladney,3676819,CB,2020,College Stats,4.48,37.5,17.0,124.0,7.26,4.17,70.0,191.0,12,1.0,0.0,0,14.0,31.0,24.0,7.0,0.5,1.5,0.0,0.0,0.0,0.0,146.6,0,-0.11843105395912559,0,0.5121564001420393,0,0.2939607525943845,0,0.2939568990490026,0,2.145743433141884,1,0.05217386231499889,0,-1.0860710464615502,0,-0.6830631157318814,0,0.04158692254392306,0,-0.8086422111650544,0,-0.7833212472016914,0,-0.4728514166340949,0,2.493494210065485,0,-1.2141670561020719,0,-1.0780441337179287,0,-1.1204771656008101,0,0.11457982970541312,0,-0.6474793887867537,0,-0.9608439106098271,0,-0.38749394545440313,0,-0.2302215311947184,0,-0.2580612937396559,train
Derwin James,3691739,S,2018,College Stats,4.47,40.0,21.0,132.0,6.94,4.17,75.0,215.0,12,2.0,41.0,1,11.0,84.0,49.0,35.0,1.0,5.5,0.0,0.0,0.0,0.0,965.7499999999999,0,-0.23227863391984793,0,1.5207508454345484,0,1.3887601697536405,0,1.8350415783186707,1,0.018646627838695376,1,0.05217386231499889,0,2.069682560238048,0,1.430635206224777,0,0.04158692254392306,0,-0.27187108823652695,0,0.15821508533809148,0,1.3296020032087423,0,1.7282528622175684,0,1.39758487092331,0,0.8959261482253915,0,1.7684833331259857,0,0.7067037818743266,0,1.2145528404039103,0,-0.9608439106098271,0,-0.38749394545440313,0,-0.2302215311947184,0,-0.2580612937396559,val
Tanner Muse,3728263,S,2020,College Stats,4.41,34.5,20.0,124.0,6.94,4.17,74.0,227.0,15,4.0,13.0,0,3.0,55.0,37.0,18.0,2.0,6.0,0.0,0.0,0.0,0.0,82.0,0,-0.9153641136841315,0,-0.6981569342089715,0,1.1150603154638266,0,0.2939568990490026,1,0.018646627838695376,1,0.05217386231499889,0,1.4385318388981285,0,2.487484367203106,0,1.6426834404849466,0,0.801671157620528,0,-0.4847853368841993,0,-0.4728514166340949,0,-0.3123907320435435,0,-0.031486938203785717,0,-0.05157958710740222,0,0.014471601756145341,0,1.8909516862121534,0,1.4473068690527433,0,-0.9608439106098271,0,-0.38749394545440313,0,-0.2302215311947184,0,-0.2580612937396559,train
Johnathan Abram,3728305,S,2019,College Stats,4.45,36.0,16.0,116.0,6.94,4.17,71.0,205.0,13,2.0,9.0,0,5.0,99.0,53.0,46.0,3.0,9.0,1.0,1.0,6.0,0.0,611.3,0,-0.4599737938412724,1,-0.09300026703346613,1,0.020260898304570486,0,-1.2471277802206653,1,0.018646627838695376,1,0.05217386231499889,0,-0.45492032512163055,0,0.5499275720761693,0,0.5752857618575975,0,-0.27187108823652695,0,-0.5766425400588122,0,-0.4728514166340949,0,0.19777016652173446,0,2.136759944609739,0,1.2117613933363227,0,2.903432100482941,0,3.0751995905499805,0,2.8438310409457417,0,0.15004169174687998,0,1.5374759771255349,0,0.2719614122045257,0,-0.2580612937396559,val
Donte Jackson,3843769,CB,2018,College Stats,4.32,36.0,7.0,124.0,6.94,4.17,71.0,175.0,13,1.0,0.0,0,10.0,49.0,32.0,17.0,1.0,3.5,0.0,0.0,0.0,0.0,830.0,0,-1.939992333330562,1,-0.09300026703346613,0,-2.4430377903037557,0,0.2939568990490026,1,0.018646627838695376,1,0.05217386231499889,0,-0.45492032512163055,0,-2.0921953303696537,0,0.5752857618575975,0,-0.8086422111650544,0,-0.7833212472016914,0,-0.4728514166340949,0,1.4731724129349293,0,-0.3271569676783572,0,-0.4463736434960663,0,-0.08870555891266879,0,0.7067037818743266,0,0.2835367258085783,0,-0.9608439106098271,0,-0.38749394545440313,0,-0.2302215311947184,0,-0.2580612937396559,train
Ashtyn Davis,3858271,S,2020,College Stats,4.49,36.0,14.0,122.0,6.94,4.17,73.0,202.0,11,2.0,31.0,0,4.0,57.0,33.0,24.0,0.0,1.0,2.0,2.0,0.0,0.0,474.2,1,-0.004583473998413347,1,-0.09300026703346613,0,-0.5271388102750575,1,-0.0913142707684144,1,0.018646627838695376,1,0.05217386231499889,0,0.8073811175582088,0,0.285715281831587,0,-0.49211191676975147,0,-0.27187108823652695,0,-0.07142792259844093,0,-0.4728514166340949,0,-0.05731028276090452,0,0.06706973828773813,0,-0.3674148322183335,0,0.6335345657690301,0,-0.4775441224635003,0,-0.8802334174355867,0,1.260927294103587,0,3.462445899705473,0,-0.2302215311947184,0,-0.2580612937396559,train
Jaylinn Hawkins,3858276,S,2020,College Stats,4.49,35.5,16.0,117.0,6.94,4.17,73.0,208.0,13,3.0,29.0,0,2.0,56.0,40.0,16.0,2.0,4.5,2.0,0.0,0.0,0.0,493.04999999999995,1,-0.004583473998413347,0,-0.2947191560919679,1,0.020260898304570486,0,-1.0544921953119568,1,0.018646627838695376,1,0.05217386231499889,0,0.8073811175582088,0,0.8141398623207516,0,0.5752857618575975,0,0.2649000346920005,0,-0.11735652418574741,0,-0.4728514166340949,0,-0.5674711813261825,0,0.017791400041976206,0,0.18529684672579622,0,-0.19188271958148292,0,1.8909516862121534,0,0.7490447831062443,0,1.260927294103587,0,-0.38749394545440313,0,-0.2302215311947184,0,-0.2580612937396559,val
Ronnie Harrison,3859006,S,2018,College Stats,4.49,34.0,16.0,120.0,6.94,4.17,75.0,214.0,14,3.0,7.0,0,4.0,74.0,43.0,31.0,2.5,4.5,0.0,0.0,0.0,0.0,583.05,1,-0.004583473998413347,0,-0.8998758232674734,1,0.020260898304570486,0,-0.4765854405858314,1,0.018646627838695376,1,0.05217386231499889,0,2.069682560238048,0,1.3425644428099162,0,1.108984601171272,0,0.2649000346920005,0,-0.6225711416461187,0,-0.4728514166340949,0,-0.05731028276090452,0,0.9048014884656908,0,0.42217328055899467,0,1.355774690450729,0,2.483075638381067,0,0.7490447831062443,0,-0.9608439106098271,0,-0.38749394545440313,0,-0.2302215311947184,0,-0.2580612937396559,train
Deionte Thompson,3859100,S,2019,College Stats,4.49,36.0,16.0,122.0,6.94,4.17,73.0,195.0,15,2.0,65.0,0,6.0,79.0,48.0,31.0,0.0,3.5,4.0,1.0,0.0,0.0,148.0,1,-0.004583473998413347,1,-0.09300026703346613,1,0.020260898304570486,1,-0.0913142707684144,1,0.018646627838695376,1,0.05217386231499889,0,0.8073811175582088,0,-0.3307800620724383,0,1.6426834404849466,0,-0.27187108823652695,0,0.7093583043857693,0,-0.4728514166340949,0,0.4528506158043734,0,1.1511931796945003,0,0.8169673369476587,0,1.355774690450729,0,-0.4775441224635003,0,0.2835367258085783,0,3.482698498817001,0,1.5374759771255349,0,-0.2302215311947184,0,-0.2580612937396559,val
Xavier Crawford,3860287,CB,2019,College Stats,4.48,37.5,11.0,122.0,6.94,4.17,71.0,187.0,11,1.0,0.0,0,12.0,24.0,18.0,6.0,0.0,3.0,0.0,2.0,0.0,0.0,70.0,0,-0.11843105395912559,0,0.5121564001420393,0,-1.3482383731444996,1,-0.0913142707684144,1,0.018646627838695376,1,0.05217386231499889,0,-0.45492032512163055,0,-1.0353461693913244,0,-0.49211191676975147,0,-0.8086422111650544,0,-0.7833212472016914,0,-0.4728514166340949,0,1.9833333115002072,0,-1.5591154238224052,0,-1.5517970013843256,0,-1.2236543262696242,0,-0.4775441224635003,0,0.050782697159745295,0,-0.9608439106098271,0,3.462445899705473,0,-0.2302215311947184,0,-0.2580612937396559,train
Jamel Dean,3873935,CB,2019,College Stats,4.3,41.0,16.0,130.0,7.02,4.19,73.0,206.0,12,2.0,0.0,0,9.0,30.0,21.0,9.0,1.0,2.0,0.0,1.0,0.0,0.0,741.5999999999999,0,-2.1676874932519965,0,1.924188623551552,0,0.020260898304570486,0,1.4497704085012535,0,0.5504208291644881,0,0.23730692214244692,0,0.8073811175582088,0,0.63799833549103,0,0.04158692254392306,0,-0.27187108823652695,0,-0.7833212472016914,0,-0.4728514166340949,0,1.2180919636522902,0,-1.2634453943478337,0,-1.3149205675511273,0,-0.9141228442631819,0,0.7067037818743266,0,-0.4147253601379207,0,-0.9608439106098271,0,1.5374759771255349,0,-0.2302215311947184,0,-0.2580612937396559,val
Jordan Miller,3886824,CB,2019,College Stats,4.49,37.0,6.0,125.0,6.94,4.17,73.0,186.0,12,2.0,0.0,0,6.0,26.0,20.0,6.0,0.0,2.0,2.0,0.0,0.0,0.0,22.4,0,-0.004583473998413347,0,0.3104375110835375,0,-2.71673764459357,0,0.4865924839577111,1,0.018646627838695376,1,0.05217386231499889,0,0.8073811175582088,0,-1.1234169328061852,0,0.04158692254392306,0,-0.27187108823652695,0,-0.7833212472016914,0,-0.4728514166340949,0,0.4528506158043734,0,-1.4605587473308814,0,-1.39387937882886,0,-1.2236543262696242,0,-0.4775441224635003,0,-0.4147253601379207,0,1.260927294103587,0,-0.38749394545440313,0,-0.2302215311947184,0,-0.2580612937396559,train
Ugo Amadi,3886834,S,2019,College Stats,4.51,32.5,18.0,115.0,7.21,4.19,69.0,199.0,13,3.0,70.0,2,8.0,55.0,43.0,12.0,1.5,5.0,1.0,0.0,0.0,0.0,406.20000000000005,0,0.22311168592301114,0,-1.5050324904429788,0,0.5676606068841985,0,-1.439763365129374,0,1.8133845573132612,0,0.23730692214244692,0,-1.7172217678014698,0,0.021502991587004718,0,0.5752857618575975,0,0.2649000346920005,0,0.8241798083540355,0,3.13205542305158,0,0.9630115143696514,0,-0.031486938203785717,0,0.42217328055899467,0,-0.6045913622567395,0,1.2988277340432401,0,0.9817988117550773,0,0.15004169174687998,0,-0.38749394545440313,0,-0.2302215311947184,0,-0.2580612937396559,train
Michael Ojemudia,3894830,CB,2020,College Stats,4.45,36.0,16.0,122.0,6.87,4.21,73.0,200.0,12,3.0,12.0,0,9.0,52.0,41.0,11.0,0.0,1.0,0.0,1.0,0.0,0.0,156.2,0,-0.4599737938412724,0,-0.09300026703346613,1,0.020260898304570486,0,-0.0913142707684144,0,-0.44665579832137986,0,0.42243998196988675,0,0.8073811175582088,0,0.10957375500186549,0,0.04158692254392306,0,0.2649000346920005,0,-0.5077496376778525,0,-0.4728514166340949,0,1.2180919636522902,0,-0.17932195294107148,0,0.264255658003529,0,-0.7077685229255536,0,-0.4775441224635003,0,-0.8802334174355867,0,-0.9608439106098271,0,1.5374759771255349,0,-0.2302215311947184,0,-0.2580612937396559,train
Shalom Luani,3894908,S,2017,College Stats,4.55,31.0,12.0,116.0,6.87,4.21,71.0,202.0,12,4.0,109.0,0,6.0,68.0,47.0,21.0,2.0,8.5,1.0,0.0,0.0,0.0,89.8,0,0.6785020057658702,0,-2.110189157618484,0,-1.0745385188546857,0,-1.2471277802206653,0,-0.44665579832137986,0,0.42243998196988675,0,-0.45492032512163055,0,0.285715281831587,0,0.04158692254392306,0,0.801671157620528,0,1.719787539306512,0,-0.4728514166340949,0,0.4528506158043734,0,0.6091314589911192,0,0.7380085256699259,0,0.32400308376258774,0,1.8909516862121534,0,2.6110770122969087,0,0.15004169174687998,0,-0.38749394545440313,0,-0.2302215311947184,0,-0.2580612937396559,train
Jaire Alexander,3895429,CB,2018,College Stats,4.38,35.0,14.0,127.0,6.71,3.98,71.0,192.0,6,1.0,0.0,0,4.0,19.0,13.0,6.0,0.0,1.0,0.0,0.0,0.0,0.0,694.8,0,-1.2569068535662784,0,-0.49643804515046974,0,-0.5271388102750575,0,0.8718636537751281,0,-1.510204200972977,0,-1.7065902060457163,0,-0.45492032512163055,0,-0.5949923523170206,0,-3.160606113338124,0,-0.8086422111650544,0,-0.7833212472016914,0,-0.4728514166340949,0,-0.05731028276090452,0,-1.805507115051215,0,-1.9465910577729897,0,-1.2236543262696242,0,-0.4775441224635003,0,-0.8802334174355867,0,-0.9608439106098271,0,-0.38749394545440313,0,-0.2302215311947184,0,-0.2580612937396559,train
Dane Jackson,3895791,CB,2020,College Stats,4.57,35.0,16.0,122.0,7.07,4.27,72.0,187.0,13,1.0,21.0,0,12.0,43.0,30.0,13.0,0.5,3.0,0.0,0.0,0.0,0.0,437.6,0,0.9061971656873048,0,-0.49643804515046974,1,0.020260898304570486,0,-0.0913142707684144,0,0.8827797049931166,0,0.9778391614522144,0,0.17623039621828915,0,-1.0353461693913244,0,0.5752857618575975,0,-0.8086422111650544,0,-0.30107093053497336,0,-0.4728514166340949,0,1.9833333115002072,0,-0.6228269971529288,0,-0.6042912660515319,0,-0.5014142015879254,0,0.11457982970541312,0,0.050782697159745295,0,-0.9608439106098271,0,-0.38749394545440313,0,-0.2302215311947184,0,-0.2580612937396559,train
Jordan Whitehead,3895798,S,2018,College Stats,4.49,36.0,21.0,122.0,6.94,4.17,71.0,195.0,9,1.0,0.0,0,4.0,60.0,41.0,19.0,0.0,0.0,0.0,1.0,0.0,0.0,897.8499999999999,1,-0.004583473998413347,1,-0.09300026703346613,0,1.3887601697536405,1,-0.0913142707684144,1,0.018646627838695376,1,0.05217386231499889,0,-0.45492032512163055,0,-0.3307800620724383,0,-1.5595095953971005,0,-0.8086422111650544,0,-0.7833212472016914,0,-0.4728514166340949,0,-0.05731028276090452,0,0.2149047530250239,0,0.264255658003529,0,0.11764876242495947,0,-0.4775441224635003,0,-1.3457414747332528,0,-0.9608439106098271,0,1.5374759771255349,0,-0.2302215311947184,0,-0.2580612937396559,train
Mike Hughes,3895841,CB,2018,College Stats,4.53,35.5,20.0,127.0,6.7,4.13,71.0,191.0,12,0.0,0.0,0,0.0,53.0,23.0,30.0,2.0,7.0,0.0,0.0,0.0,0.0,528.0,0,0.45080684584444575,0,-0.2947191560919679,0,1.1150603154638266,0,0.8718636537751281,0,-1.5766759761387004,0,-0.318092257339889,0,-0.45492032512163055,0,-0.6830631157318814,0,0.04158692254392306,0,-1.3454133340935819,0,-0.7833212472016914,0,-0.4728514166340949,0,-1.0776320798914605,0,-0.13004361469530956,0,-1.1570029449956616,0,1.252597529781915,0,1.8909516862121534,0,1.9128149263504095,0,-0.9608439106098271,0,-0.38749394545440313,0,-0.2302215311947184,0,-0.2580612937396559,test
Justin Evans,3895859,S,2017,College Stats,4.49,36.0,14.0,122.0,6.94,4.17,72.0,199.0,13,4.0,0.0,0,8.0,87.0,52.0,35.0,0.0,5.0,0.0,0.0,0.0,0.0,316.7,1,-0.004583473998413347,1,-0.09300026703346613,0,-0.5271388102750575,1,-0.0913142707684144,1,0.018646627838695376,1,0.05217386231499889,0,0.17623039621828915,0,0.021502991587004718,0,0.5752857618575975,0,0.801671157620528,0,-0.7833212472016914,0,-0.4728514166340949,0,0.9630115143696514,0,1.5454198856605958,0,1.1328025820585899,0,1.7684833331259857,0,-0.4775441224635003,0,0.9817988117550773,0,-0.9608439106098271,0,-0.38749394545440313,0,-0.2302215311947184,0,-0.2580612937396559,train
Rock Ya-Sin,3910229,CB,2019,College Stats,4.51,39.5,18.0,120.0,7.31,4.31,72.0,192.0,12,2.0,-1.0,0,12.0,47.0,36.0,11.0,0.0,2.0,0.0,0.0,0.0,0.0,538.5,0,0.22311168592301114,0,1.3190319563760464,0,0.5676606068841985,0,-0.4765854405858314,0,2.4781023089705068,0,1.3481052811071024,0,0.17623039621828915,0,-0.5949923523170206,0,0.04158692254392306,0,-0.27187108823652695,0,-0.8062855479953446,0,-0.4728514166340949,0,1.9833333115002072,0,-0.42571364416988106,0,-0.13053839838513503,0,-0.7077685229255536,0,-0.4775441224635003,0,-0.4147253601379207,0,-0.9608439106098271,0,-0.38749394545440313,0,-0.2302215311947184,0,-0.2580612937396559,train
Deandre Baker,3915163,CB,2019,College Stats,4.52,36.0,14.0,118.0,6.94,4.17,71.0,193.0,13,0.0,0.0,0,3.0,11.0,9.0,2.0,0.0,1.0,0.0,0.0,0.0,0.0,190.2,0,0.3369592658837234,1,-0.09300026703346613,0,-0.5271388102750575,0,-0.8618566104032483,1,0.018646627838695376,1,0.05217386231499889,0,-0.45492032512163055,0,-0.5069215889021599,0,0.5752857618575975,0,-1.3454133340935819,0,-0.7833212472016914,0,-0.4728514166340949,0,-0.3123907320435435,0,-2.1997338210173103,0,-2.262426302883921,0,-1.6363629689448809,0,-0.4775441224635003,0,-0.8802334174355867,0,-0.9608439106098271,0,-0.38749394545440313,0,-0.2302215311947184,0,-0.2580612937396559,train
Isaiah Oliver,3915437,CB,2018,College Stats,4.5,36.0,16.0,122.0,6.94,4.17,73.0,190.0,10,2.0,41.0,0,13.0,26.0,19.0,7.0,0.0,0.0,0.0,0.0,0.0,0.0,639.8,0,0.1092641059622989,1,-0.09300026703346613,1,0.020260898304570486,1,-0.0913142707684144,1,0.018646627838695376,1,0.05217386231499889,0,0.8073811175582088,0,-0.7711338791467421,0,-1.025810756083426,0,-0.27187108823652695,0,0.15821508533809148,0,-0.4728514166340949,0,2.238413760782846,0,-1.4605587473308814,0,-1.4728381901065928,0,-1.1204771656008101,0,-0.4775441224635003,0,-1.3457414747332528,0,-0.9608439106098271,0,-0.38749394545440313,0,-0.2302215311947184,0,-0.2580612937396559,test
Damon Arnette,3915506,CB,2020,College Stats,4.56,36.0,16.0,122.0,6.94,4.17,72.0,195.0,13,1.0,96.0,1,8.0,35.0,27.0,8.0,0.0,1.0,1.0,0.0,0.0,0.0,73.1,0,0.7923495857265824,1,-0.09300026703346613,1,0.020260898304570486,1,-0.0913142707684144,1,0.018646627838695376,1,0.05217386231499889,0,0.17623039621828915,0,-0.3307800620724383,0,0.5752857618575975,0,-0.8086422111650544,0,1.4212516289890198,0,1.3296020032087423,0,0.9630115143696514,0,-1.017053703119024,0,-0.8411676998847303,0,-1.017300004931996,0,-0.4775441224635003,0,-0.8802334174355867,0,0.15004169174687998,0,-0.38749394545440313,0,-0.2302215311947184,0,-0.2580612937396559,train
Denzel Ward,3915535,CB,2018,College Stats,4.32,39.0,16.0,136.0,6.94,4.17,70.0,183.0,14,2.0,0.0,0,15.0,37.0,30.0,7.0,0.0,2.0,0.0,0.0,0.0,0.0,873.0,0,-1.939992333330562,0,1.1173130673175447,0,0.020260898304570486,0,2.6055839179535045,1,0.018646627838695376,1,0.05217386231499889,0,-1.0860710464615502,0,-1.3876292230507674,0,1.108984601171272,0,-0.27187108823652695,0,-0.7833212472016914,0,-0.4728514166340949,0,2.748574659348124,0,-0.9184970266275003,0,-0.6042912660515319,0,-1.1204771656008101,0,-0.4775441224635003,0,-0.4147253601379207,0,-0.9608439106098271,0,-0.38749394545440313,0,-0.2302215311947184,0,-0.2580612937396559,val
Carlton Davis,3916923,CB,2018,College Stats,4.53,34.0,16.0,124.0,6.94,4.17,73.0,203.0,13,1.0,0.0,0,11.0,36.0,27.0,9.0,0.0,0.5,1.0,1.0,12.0,0.0,891.4000000000001,0,0.45080684584444575,0,-0.8998758232674734,0,0.020260898304570486,0,0.2939568990490026,1,0.018646627838695376,1,0.05217386231499889,0,0.8073811175582088,0,0.37378604524644776,0,0.5752857618575975,0,-0.8086422111650544,0,-0.7833212472016914,0,-0.4728514166340949,0,1.7282528622175684,0,-0.9677753648732622,0,-0.8411676998847303,0,-0.9141228442631819,0,-0.4775441224635003,0,-1.1129874460844198,0,0.15004169174687998,0,1.5374759771255349,0,0.7741443556037698,0,-0.2580612937396559,test
Sheldrick Redwine,3917852,S,2019,College Stats,4.44,39.0,16.0,130.0,6.94,4.14,72.0,196.0,13,3.0,14.0,0,2.0,64.0,35.0,29.0,3.0,3.5,1.0,1.0,7.0,0.0,183.1,0,-0.5738213738019847,0,1.1173130673175447,1,0.020260898304570486,0,1.4497704085012535,1,0.018646627838695376,0,-0.22552572742616905,0,0.17623039621828915,0,-0.24270929865757757,0,0.5752857618575975,0,0.2649000346920005,0,-0.46182103609054603,0,-0.4728514166340949,0,-0.5674711813261825,0,0.4120181060080716,0,-0.20949720966286783,0,1.1494203691131009,0,3.0751995905499805,0,0.2835367258085783,0,0.15004169174687998,0,1.5374759771255349,0,0.35565856943773305,0,-0.2580612937396559,train
Juan Thornhill,3917909,S,2019,College Stats,4.42,44.0,21.0,141.0,6.94,4.17,72.0,205.0,13,6.0,141.0,0,7.0,98.0,62.0,36.0,0.0,4.5,0.0,0.0,0.0,0.0,679.0,0,-0.8015165337234192,0,3.134501957902563,0,1.3887601697536405,0,3.568761842497047,1,0.018646627838695376,1,0.05217386231499889,0,0.17623039621828915,0,0.5499275720761693,0,0.5752857618575975,0,1.875213403477583,0,2.4546451647034155,0,-0.4728514166340949,0,0.7079310650870124,0,2.0874816063639767,0,1.922390694835918,0,1.8716604937947998,0,-0.4775441224635003,0,0.7490447831062443,0,-0.9608439106098271,0,-0.38749394545440313,0,-0.2302215311947184,0,-0.2580612937396559,train
Jessie Bates,3919512,S,2018,College Stats,4.5,35.5,16.0,117.0,6.78,4.26,74.0,195.0,11,1.0,37.0,0,5.0,79.0,50.0,29.0,0.0,6.0,1.0,0.0,0.0,0.0,1307.0,0,0.1092641059622989,0,-0.2947191560919679,1,0.020260898304570486,0,-1.0544921953119568,0,-1.044901774812902,0,0.8852726315384946,0,1.4385318388981285,0,-0.3307800620724383,0,-0.49211191676975147,0,-0.8086422111650544,0,0.06635788216347852,0,-0.4728514166340949,0,0.19777016652173446,0,1.1511931796945003,0,0.9748849595031244,0,1.1494203691131009,0,-0.4775441224635003,0,1.4473068690527433,0,0.15004169174687998,0,-0.38749394545440313,0,-0.2302215311947184,0,-0.2580612937396559,val
Rashad Fenton,3924364,CB,2019,College Stats,4.52,34.0,12.0,117.0,6.94,4.25,71.0,193.0,13,3.0,16.0,0,6.0,34.0,25.0,9.0,0.0,2.5,0.0,0.0,0.0,0.0,360.5,0,0.3369592658837234,0,-0.8998758232674734,0,-1.0745385188546857,0,-1.0544921953119568,1,0.018646627838695376,0,0.7927061016247746,0,-0.45492032512163055,0,-0.5069215889021599,0,0.5752857618575975,0,0.2649000346920005,0,-0.41589243450323954,0,-0.4728514166340949,0,0.4528506158043734,0,-1.066332041364786,0,-0.999085322440196,0,-0.9141228442631819,0,-0.4775441224635003,0,-0.1819713314890877,0,-0.9608439106098271,0,-0.38749394545440313,0,-0.2302215311947184,0,-0.2580612937396559,train
Kendall Sheffield,3925358,CB,2019,College Stats,4.49,36.0,16.0,122.0,6.94,4.17,71.0,193.0,14,2.0,0.0,0,8.0,35.0,27.0,8.0,0.0,2.0,1.0,0.0,0.0,0.0,233.7,1,-0.004583473998413347,1,-0.09300026703346613,1,0.020260898304570486,1,-0.0913142707684144,1,0.018646627838695376,1,0.05217386231499889,0,-0.45492032512163055,0,-0.5069215889021599,0,1.108984601171272,0,-0.27187108823652695,0,-0.7833212472016914,0,-0.4728514166340949,0,0.9630115143696514,0,-1.017053703119024,0,-0.8411676998847303,0,-1.017300004931996,0,-0.4775441224635003,0,-0.4147253601379207,0,0.15004169174687998,0,-0.38749394545440313,0,-0.2302215311947184,0,-0.2580612937396559,train
John Reid,3929653,CB,2020,College Stats,4.49,36.5,20.0,129.0,6.95,3.97,70.0,187.0,13,2.0,61.0,1,8.0,37.0,26.0,11.0,1.0,2.5,0.0,0.0,0.0,0.0,90.6,0,-0.004583473998413347,0,0.10871862202503568,0,1.1150603154638266,0,1.257134823592545,0,0.08511840300441872,0,-1.7991567359594363,0,-1.0860710464615502,0,-1.0353461693913244,0,0.5752857618575975,0,-0.27187108823652695,0,0.6175011012111563,0,1.3296020032087423,0,0.9630115143696514,0,-0.9184970266275003,0,-0.9201265111624631,0,-0.7077685229255536,0,0.7067037818743266,0,-0.1819713314890877,0,-0.9608439106098271,0,-0.38749394545440313,0,-0.2302215311947184,0,-0.2580612937396559,test
Khari Willis,3929835,S,2019,College Stats,4.52,34.5,22.0,118.0,6.94,4.17,71.0,213.0,13,2.0,30.0,0,10.0,84.0,41.0,43.0,0.0,1.0,1.0,0.0,0.0,0.0,439.29999999999995,0,0.3369592658837234,0,-0.6981569342089715,0,1.6624600240434546,0,-0.8618566104032483,1,0.018646627838695376,1,0.05217386231499889,0,-0.45492032512163055,0,1.2544936793950554,0,0.5752857618575975,0,-0.27187108823652695,0,-0.09439222339209416,0,-0.4728514166340949,0,1.4731724129349293,0,1.39758487092331,0,0.264255658003529,0,2.5939006184764986,0,-0.4775441224635003,0,-0.8802334174355867,0,0.15004169174687998,0,-0.38749394545440313,0,-0.2302215311947184,0,-0.2580612937396559,test
Kris Boyd,3929845,CB,2019,College Stats,4.45,36.5,19.0,127.0,6.94,4.08,71.0,201.0,14,1.0,0.0,0,16.0,67.0,49.0,18.0,1.0,4.5,1.0,1.0,0.0,0.0,246.7,0,-0.4599737938412724,0,0.10871862202503568,0,0.8413604611740125,0,0.8718636537751281,0,0.018646627838695376,0,-0.7809249069084967,0,-0.45492032512163055,0,0.19764451841672626,0,1.108984601171272,0,-0.8086422111650544,0,-0.7833212472016914,0,-0.4728514166340949,0,3.0036551086307632,0,0.5598531207453573,0,0.8959261482253915,0,0.014471601756145341,0,0.7067037818743266,0,0.7490447831062443,0,0.15004169174687998,0,1.5374759771255349,0,-0.2302215311947184,0,-0.2580612937396559,train
Deshon Elliott,3929846,S,2018,College Stats,4.58,36.0,15.0,121.0,6.94,4.17,74.0,205.0,12,6.0,127.0,2,9.0,63.0,50.0,13.0,1.5,8.5,3.0,1.0,0.0,0.0,543.5,0,1.020044745648017,0,-0.09300026703346613,0,-0.2534389559852435,0,-0.2839498556771229,1,0.018646627838695376,1,0.05217386231499889,0,1.4385318388981285,0,0.5499275720761693,0,0.04158692254392306,0,1.875213403477583,0,2.13314495359227,0,3.13205542305158,0,1.2180919636522902,0,0.36273976776230965,0,0.9748849595031244,0,-0.5014142015879254,0,1.2988277340432401,0,2.6110770122969087,0,2.3718128964602943,0,1.5374759771255349,0,-0.2302215311947184,0,-0.2580612937396559,train
Justin Reid,3931399,S,2018,College Stats,4.4,36.5,16.0,128.0,6.65,4.15,73.0,204.0,14,5.0,1.0,0,6.0,99.0,52.0,47.0,1.0,6.5,0.0,1.0,0.0,0.0,1012.25,0,-1.0292116936448437,0,0.10871862202503568,0,0.020260898304570486,0,1.0644992386838366,0,-1.909034851967323,0,-0.13295919751244092,0,0.8073811175582088,0,0.4618568086613085,0,1.108984601171272,0,1.3384422805490555,0,-0.7603569464080382,0,-0.4728514166340949,0,0.4528506158043734,0,2.136759944609739,0,1.1328025820585899,0,3.0066092611517554,0,0.7067037818743266,0,1.6800608977015763,0,-0.9608439106098271,0,1.5374759771255349,0,-0.2302215311947184,0,-0.2580612937396559,train
Dane Cruikshank,3931422,S,2018,College Stats,4.41,38.5,25.0,121.0,6.89,4.24,73.0,206.0,13,3.0,65.0,0,5.0,75.0,55.0,20.0,1.5,5.5,1.0,0.0,0.0,0.0,173.1,0,-0.9153641136841315,0,0.9155941782590429,0,2.4835595869128966,0,-0.2839498556771229,0,-0.3137122479899332,0,0.7001395717110547,0,0.8073811175582088,0,0.63799833549103,0,0.5752857618575975,0,0.2649000346920005,0,0.7093583043857693,0,-0.4728514166340949,0,0.19777016652173446,0,0.9540798267114527,0,1.3696790158917884,0,0.2208259230937736,0,1.2988277340432401,0,1.2145528404039103,0,0.15004169174687998,0,-0.38749394545440313,0,-0.2302215311947184,0,-0.2580612937396559,train
Rasul Douglas,3943270,CB,2017,College Stats,4.59,33.5,16.0,120.0,6.97,4.26,74.0,209.0,13,8.0,101.0,1,8.0,70.0,49.0,21.0,1.0,3.5,1.0,0.0,0.0,0.0,936.8999999999999,0,1.1338923256087292,0,-1.101594712325975,0,0.020260898304570486,0,-0.4765854405858314,0,0.21806195333586542,0,0.8852726315384946,0,1.4385318388981285,0,0.9022106257356124,0,0.5752857618575975,0,2.948755649334638,0,1.536073132957286,0,1.3296020032087423,0,0.9630115143696514,0,0.7076881354826431,0,0.8959261482253915,0,0.32400308376258774,0,0.7067037818743266,0,0.2835367258085783,0,0.15004169174687998,0,-0.38749394545440313,0,-0.2302215311947184,0,-0.2580612937396559,val
Antoine Winfield Jr.,4034790,S,2020,College Stats,4.45,36.0,16.0,124.0,6.94,4.17,69.0,203.0,13,7.0,111.0,1,1.0,88.0,62.0,26.0,3.0,3.5,2.0,0.0,0.0,0.0,968.0,0,-0.4599737938412724,0,-0.09300026703346613,1,0.020260898304570486,0,0.2939568990490026,1,0.018646627838695376,1,0.05217386231499889,0,-1.7172217678014698,0,0.37378604524644776,0,0.5752857618575975,0,2.4119845264061106,0,1.7657161408938185,0,1.3296020032087423,0,-0.8225516306088214,0,1.5946982239063576,0,1.922390694835918,0,0.8398888871066584,0,3.0751995905499805,0,0.2835367258085783,0,1.260927294103587,0,-0.38749394545440313,0,-0.2302215311947184,0,-0.2580612937396559,train
Joejuan Williams,4035286,CB,2019,College Stats,4.64,36.0,17.0,122.0,6.94,4.17,76.0,211.0,13,4.0,8.0,0,14.0,61.0,48.0,13.0,0.0,2.0,0.0,0.0,0.0,0.0,150.0,0,1.7031302254123006,1,-0.09300026703346613,0,0.2939607525943845,1,-0.0913142707684144,1,0.018646627838695376,1,0.05217386231499889,0,2.700833281577968,0,1.078352152565334,0,0.5752857618575975,0,0.801671157620528,0,-0.5996068408524654,0,-0.4728514166340949,0,2.493494210065485,0,0.2641830912707858,0,0.8169673369476587,0,-0.5014142015879254,0,-0.4775441224635003,0,-0.4147253601379207,0,-0.9608439106098271,0,-0.38749394545440313,0,-0.2302215311947184,0,-0.2580612937396559,val
Cameron Dantzler,4035385,CB,2020,College Stats,4.64,34.5,16.0,122.0,6.94,4.17,74.0,188.0,9,2.0,0.0,0,8.0,40.0,31.0,9.0,0.5,2.0,1.0,1.0,0.0,0.0,339.8,0,1.7031302254123006,0,-0.6981569342089715,1,0.020260898304570486,1,-0.0913142707684144,1,0.018646627838695376,1,0.05217386231499889,0,1.4385318388981285,0,-0.9472754059764636,0,-1.5595095953971005,0,-0.27187108823652695,0,-0.7833212472016914,0,-0.4728514166340949,0,0.9630115143696514,0,-0.7706620118902145,0,-0.5253324547737991,0,-0.9141228442631819,0,0.11457982970541312,0,-0.4147253601379207,0,0.15004169174687998,0,1.5374759771255349,0,-0.2302215311947184,0,-0.2580612937396559,train
Kristian Fulton,4035433,CB,2020,College Stats,4.46,35.5,16.0,123.0,6.94,4.36,72.0,197.0,15,1.0,0.0,0,14.0,38.0,28.0,10.0,0.0,1.0,0.0,0.0,0.0,0.0,478.29999999999995,0,-0.3461262138805602,0,-0.2947191560919679,1,0.020260898304570486,0,0.10132131414029409,0,0.018646627838695376,0,1.8109379306757183,0,0.17623039621828915,0,-0.1546385352427168,0,1.6426834404849466,0,-0.8086422111650544,0,-0.7833212472016914,0,-0.4728514166340949,0,2.493494210065485,0,-0.8692186883817383,0,-0.7622088886069975,0,-0.8109456835943677,0,-0.4775441224635003,0,-0.8802334174355867,0,-0.9608439106098271,0,-0.38749394545440313,0,-0.2302215311947184,0,-0.2580612937396559,train
Greedy Williams,4035437,CB,2019,College Stats,4.37,36.0,16.0,122.0,6.94,4.17,74.0,185.0,12,2.0,20.0,0,9.0,33.0,23.0,10.0,0.0,0.0,0.0,0.0,0.0,0.0,250.40000000000003,0,-1.3707544335269906,1,-0.09300026703346613,1,0.020260898304570486,1,-0.0913142707684144,1,0.018646627838695376,1,0.05217386231499889,0,1.4385318388981285,0,-1.211487696221046,0,0.04158692254392306,0,-0.27187108823652695,0,-0.32403523132862655,0,-0.4728514166340949,0,1.2180919636522902,0,-1.1156103796105479,0,-1.1570029449956616,0,-0.8109456835943677,0,-0.4775441224635003,0,-1.3457414747332528,0,-0.9608439106098271,0,-0.38749394545440313,0,-0.2302215311947184,0,-0.2580612937396559,val
Trayvon Mullen,4035458,CB,2019,College Stats,4.46,34.5,16.0,123.0,6.94,4.17,73.0,199.0,15,1.0,46.0,0,3.0,36.0,30.0,6.0,2.0,4.0,1.0,0.0,0.0,0.0,426.1,0,-0.3461262138805602,0,-0.6981569342089715,1,0.020260898304570486,0,0.10132131414029409,1,0.018646627838695376,1,0.05217386231499889,0,0.8073811175582088,0,0.021502991587004718,0,1.6426834404849466,0,-0.8086422111650544,0,0.27303658930635766,0,-0.4728514166340949,0,-0.3123907320435435,0,-0.9677753648732622,0,-0.6042912660515319,0,-1.2236543262696242,0,1.8909516862121534,0,0.5162907544574113,0,0.15004169174687998,0,-0.38749394545440313,0,-0.2302215311947184,0,-0.2580612937396559,val
K'Von Wallace,4035463,S,2020,College Stats,4.53,38.0,18.0,133.0,6.76,4.15,71.0,206.0,15,2.0,66.0,1,10.0,71.0,48.0,23.0,2.0,3.0,0.0,0.0,0.0,0.0,450.49999999999994,0,0.45080684584444575,0,0.7138752892005411,0,0.5676606068841985,0,2.027677163227379,0,-1.1778453251443544,0,-0.13295919751244092,0,-0.45492032512163055,0,0.63799833549103,0,1.6426834404849466,0,-0.27187108823652695,0,0.7323226051794225,0,1.3296020032087423,0,1.4731724129349293,0,0.756966473728405,0,0.8169673369476587,0,0.530357405100216,0,1.8909516862121534,0,0.050782697159745295,0,-0.9608439106098271,0,-0.38749394545440313,0,-0.2302215311947184,0,-0.2580612937396559,train
Daniel Thomas,4035505,S,2020,College Stats,4.51,37.0,24.0,125.0,6.94,4.17,70.0,215.0,13,0.0,0.0,0,1.0,74.0,47.0,27.0,0.0,5.5,1.0,1.0,0.0,0.0,221.8,0,0.22311168592301114,0,0.3104375110835375,0,2.2098597326230824,0,0.4865924839577111,1,0.018646627838695376,1,0.05217386231499889,0,-1.0860710464615502,0,1.430635206224777,0,0.5752857618575975,0,-1.3454133340935819,0,-0.7833212472016914,0,-0.4728514166340949,0,-0.8225516306088214,0,0.9048014884656908,0,0.7380085256699259,0,0.9430660477754725,0,-0.4775441224635003,0,1.2145528404039103,0,0.15004169174687998,0,1.5374759771255349,0,-0.2302215311947184,0,-0.2580612937396559,val
Julian Blackmon,4035661,S,2020,College Stats,4.49,36.0,16.0,122.0,6.94,4.17,72.0,187.0,13,4.0,39.0,1,4.0,60.0,41.0,19.0,1.5,4.0,2.0,0.0,0.0,0.0,580.05,1,-0.004583473998413347,1,-0.09300026703346613,1,0.020260898304570486,1,-0.0913142707684144,1,0.018646627838695376,1,0.05217386231499889,0,0.17623039621828915,0,-1.0353461693913244,0,0.5752857618575975,0,0.801671157620528,0,0.112286483750785,0,1.3296020032087423,0,-0.05731028276090452,0,0.2149047530250239,0,0.264255658003529,0,0.11764876242495947,0,1.2988277340432401,0,0.5162907544574113,0,1.260927294103587,0,-0.38749394545440313,0,-0.2302215311947184,0,-0.2580612937396559,train
Terrell Burgess,4035663,S,2020,College Stats,4.46,33.5,20.0,122.0,6.94,4.17,71.0,202.0,14,1.0,29.0,0,5.0,81.0,50.0,31.0,0.5,7.5,0.0,2.0,5.0,0.0,170.0,0,-0.3461262138805602,0,-1.101594712325975,0,1.1150603154638266,0,-0.0913142707684144,1,0.018646627838695376,1,0.05217386231499889,0,-0.45492032512163055,0,0.285715281831587,0,1.108984601171272,0,-0.8086422111650544,0,-0.11735652418574741,0,-0.4728514166340949,0,0.19777016652173446,0,1.2497498561860243,0,0.9748849595031244,0,1.355774690450729,0,0.11457982970541312,0,2.1455689549992427,0,-0.9608439106098271,0,3.462445899705473,0,0.18826425497131835,0,-0.2580612937396559,val
Jack Jones,4035686,CB,2022,College Stats,4.51,36.0,16.0,122.0,6.94,4.17,71.0,171.0,11,3.0,-1.0,0,6.0,42.0,36.0,6.0,1.0,2.5,3.0,0.0,0.0,0.0,603.8,0,0.22311168592301114,1,-0.09300026703346613,1,0.020260898304570486,1,-0.0913142707684144,1,0.018646627838695376,1,0.05217386231499889,0,-0.45492032512163055,0,-2.4444783840290967,0,-0.49211191676975147,0,0.2649000346920005,0,-0.8062855479953446,0,-0.4728514166340949,0,0.4528506158043734,0,-0.6721053353986907,0,-0.13053839838513503,0,-1.2236543262696242,0,0.7067037818743266,0,-0.1819713314890877,0,2.3718128964602943,0,-0.38749394545440313,0,-0.2302215311947184,0,-0.2580612937396559,val
Amani Hooker,4036134,S,2019,College Stats,4.48,37.0,14.0,123.0,6.81,4.1,71.0,210.0,13,4.0,60.0,0,7.0,65.0,36.0,29.0,1.0,3.5,0.0,0.0,0.0,0.0,681.0999999999999,0,-0.11843105395912559,0,0.3104375110835375,0,-0.5271388102750575,0,0.10132131414029409,0,-0.8454864493157318,0,-0.5957918470810569,0,-0.45492032512163055,0,0.9902813891504731,0,0.5752857618575975,0,0.801671157620528,0,0.594536800417503,0,-0.4728514166340949,0,0.7079310650870124,0,0.4612964442538335,0,-0.13053839838513503,0,1.1494203691131009,0,0.7067037818743266,0,0.2835367258085783,0,-0.9608439106098271,0,-0.38749394545440313,0,-0.2302215311947184,0,-0.2580612937396559,train
Kindle Vildor,4036651,CB,2020,College Stats,4.44,39.5,22.0,133.0,7.14,4.28,70.0,191.0,11,2.0,0.0,0,6.0,27.0,23.0,4.0,0.0,3.0,0.0,0.0,0.0,0.0,349.0,0,-0.5738213738019847,0,1.3190319563760464,0,1.6624600240434546,0,2.027677163227379,0,1.348082131153186,0,1.0704056913659425,0,-1.0860710464615502,0,-0.6830631157318814,0,-0.49211191676975147,0,-0.27187108823652695,0,-0.7833212472016914,0,-0.4728514166340949,0,0.4528506158043734,0,-1.4112804090851194,0,-1.1570029449956616,0,-1.4300086476072524,0,-0.4775441224635003,0,0.050782697159745295,0,-0.9608439106098271,0,-0.38749394545440313,0,-0.2302215311947184,0,-0.2580612937396559,train
Bryce Hall,4037584,CB,2020,College Stats,4.49,36.0,11.0,122.0,6.94,4.17,73.0,202.0,6,0.0,0.0,0,4.0,20.0,13.0,7.0,1.0,3.0,0.0,0.0,0.0,0.0,309.5,1,-0.004583473998413347,1,-0.09300026703346613,0,-1.3482383731444996,1,-0.0913142707684144,1,0.018646627838695376,1,0.05217386231499889,0,0.8073811175582088,0,0.285715281831587,0,-3.160606113338124,0,-1.3454133340935819,0,-0.7833212472016914,0,-0.4728514166340949,0,-0.05731028276090452,0,-1.756228776805453,0,-1.9465910577729897,0,-1.1204771656008101,0,0.7067037818743266,0,0.050782697159745295,0,-0.9608439106098271,0,-0.38749394545440313,0,-0.2302215311947184,0,-0.2580612937396559,test
Rodarius Williams,4038430,CB,2021,College Stats,4.5,36.5,14.0,123.0,6.98,4.15,71.0,189.0,9,0.0,0.0,0,7.0,18.0,13.0,5.0,0.0,1.0,1.0,0.0,0.0,0.0,47.8,0,0.1092641059622989,0,0.10871862202503568,0,-0.5271388102750575,0,0.10132131414029409,0,0.2845337285015947,0,-0.13295919751244092,0,-0.45492032512163055,0,-0.8592046425616029,0,-1.5595095953971005,0,-1.3454133340935819,0,-0.7833212472016914,0,-0.4728514166340949,0,0.7079310650870124,0,-1.8547854532969767,0,-1.9465910577729897,0,-1.3268314869384383,0,-0.4775441224635003,0,-0.8802334174355867,0,0.15004169174687998,0,-0.38749394545440313,0,-0.2302215311947184,0,-0.2580612937396559,train
Byron Murphy,4038999,CB,2019,College Stats,4.55,36.5,14.0,120.0,6.94,4.17,71.0,190.0,14,4.0,78.0,1,13.0,58.0,37.0,21.0,0.0,4.0,1.0,0.0,0.0,0.0,845.0,0,0.6785020057658702,0,0.10871862202503568,0,-0.5271388102750575,0,-0.4765854405858314,1,0.018646627838695376,1,0.05217386231499889,0,-0.45492032512163055,0,-0.7711338791467421,0,1.108984601171272,0,0.801671157620528,0,1.0078942147032615,0,1.3296020032087423,0,2.238413760782846,0,0.11634807653350004,0,-0.05157958710740222,0,0.32400308376258774,0,-0.4775441224635003,0,0.5162907544574113,0,0.15004169174687998,0,-0.38749394545440313,0,-0.2302215311947184,0,-0.2580612937396559,train
Brandon Jones,4039059,S,2020,College Stats,4.49,36.0,16.0,122.0,6.94,4.17,71.0,198.0,13,2.0,7.0,0,4.0,86.0,64.0,22.0,1.0,4.5,1.0,1.0,0.0,0.0,687.65,1,-0.004583473998413347,1,-0.09300026703346613,1,0.020260898304570486,1,-0.0913142707684144,1,0.018646627838695376,1,0.05217386231499889,0,-0.45492032512163055,0,-0.06656777182785605,0,0.5752857618575975,0,-0.27187108823652695,0,-0.6225711416461187,0,-0.4728514166340949,0,-0.05731028276090452,0,1.4961415474148339,0,2.080308317391384,0,0.4271802444314019,0,0.7067037818743266,0,0.7490447831062443,0,0.15004169174687998,0,1.5374759771255349,0,-0.2302215311947184,0,-0.2580612937396559,train
Kyzir White,4039254,S,2018,College Stats,4.49,35.5,21.0,113.0,6.94,4.17,74.0,216.0,13,3.0,2.0,0,4.0,94.0,66.0,28.0,1.0,7.5,2.0,1.0,0.0,0.0,833.0999999999999,1,-0.004583473998413347,0,-0.2947191560919679,0,1.3887601697536405,0,-1.825034534946791,1,0.018646627838695376,1,0.05217386231499889,0,1.4385318388981285,0,1.5187059696396377,0,0.5752857618575975,0,0.2649000346920005,0,-0.7373926456143849,0,-0.4728514166340949,0,-0.05731028276090452,0,1.8903682533809292,0,2.238225939946849,0,1.0462432084442868,0,0.7067037818743266,0,2.1455689549992427,0,1.260927294103587,0,1.5374759771255349,0,-0.2302215311947184,0,-0.2580612937396559,train
Alohi Gilman,4039413,S,2020,College Stats,4.6,32.0,17.0,119.0,6.81,4.08,70.0,201.0,13,1.0,0.0,0,2.0,74.0,32.0,42.0,1.0,3.0,3.0,1.0,0.0,0.0,547.8,0,1.2477399055694416,0,-1.7067513795014806,0,0.2939607525943845,0,-0.6692210254945399,0,-0.8454864493157318,0,-0.7809249069084967,0,-1.0860710464615502,0,0.19764451841672626,0,0.5752857618575975,0,-0.8086422111650544,0,-0.7833212472016914,0,-0.4728514166340949,0,-0.5674711813261825,0,0.9048014884656908,0,-0.4463736434960663,0,2.4907234578076847,0,0.7067037818743266,0,0.050782697159745295,0,2.3718128964602943,0,1.5374759771255349,0,-0.2302215311947184,0,-0.2580612937396559,train
L'Jarius Sneed,4040432,S,2020,College Stats,4.37,41.0,12.0,131.0,6.94,4.17,72.0,192.0,13,3.0,68.0,1,6.0,73.0,43.0,30.0,0.0,3.5,0.0,0.0,0.0,0.0,785.6,0,-1.3707544335269906,0,1.924188623551552,0,-1.0745385188546857,0,1.642405993409962,1,0.018646627838695376,1,0.05217386231499889,0,0.17623039621828915,0,-0.5949923523170206,0,0.5752857618575975,0,0.2649000346920005,0,0.778251206766729,0,1.3296020032087423,0,0.4528506158043734,0,0.8555231502199289,0,0.42217328055899467,0,1.252597529781915,0,-0.4775441224635003,0,0.2835367258085783,0,-0.9608439106098271,0,-0.38749394545440313,0,-0.2302215311947184,0,-0.2580612937396559,train
Jordan Fuller,4040613,S,2020,College Stats,4.67,35.5,16.0,122.0,6.94,4.27,74.0,203.0,14,2.0,26.0,0,4.0,62.0,42.0,20.0,0.0,0.0,0.0,1.0,0.0,0.0,619.5,0,2.0446729652944473,0,-0.2947191560919679,1,0.020260898304570486,0,-0.0913142707684144,1,0.018646627838695376,0,0.9778391614522144,0,1.4385318388981285,0,0.37378604524644776,0,1.108984601171272,0,-0.27187108823652695,0,-0.18624942656670712,0,-0.4728514166340949,0,-0.05731028276090452,0,0.3134614295165477,0,0.3432144692812618,0,0.2208259230937736,0,-0.4775441224635003,0,-1.3457414747332528,0,-0.9608439106098271,0,1.5374759771255349,0,-0.2302215311947184,0,-0.2580612937396559,train
Trevon Diggs,4040966,CB,2020,College Stats,4.49,36.0,16.0,122.0,6.94,4.17,73.0,205.0,12,3.0,79.0,1,8.0,37.0,20.0,17.0,0.0,0.5,0.0,2.0,100.0,1.0,713.3,1,-0.004583473998413347,1,-0.09300026703346613,1,0.020260898304570486,1,-0.0913142707684144,1,0.018646627838695376,1,0.05217386231499889,0,0.8073811175582088,0,0.5499275720761693,0,0.04158692254392306,0,0.2649000346920005,0,1.0308585154969145,0,1.3296020032087423,0,0.9630115143696514,0,-0.9184970266275003,0,-1.39387937882886,0,-0.08870555891266879,0,-0.4775441224635003,0,-1.1129874460844198,0,-0.9608439106098271,0,3.462445899705473,0,8.139494192126017,0,3.7160826298510456,train
James Wiggins,4044064,S,2021,College Stats,4.4,38.0,22.0,127.0,6.94,4.17,71.0,209.0,9,1.0,0.0,0,6.0,32.0,25.0,7.0,1.0,1.0,1.0,0.0,0.0,0.0,4.8999999999999995,0,-1.0292116936448437,0,0.7138752892005411,0,1.6624600240434546,0,0.8718636537751281,1,0.018646627838695376,1,0.05217386231499889,0,-0.45492032512163055,0,0.9022106257356124,0,-1.5595095953971005,0,-0.8086422111650544,0,-0.7833212472016914,0,-0.4728514166340949,0,0.4528506158043734,0,-1.1648887178563099,0,-0.999085322440196,0,-1.1204771656008101,0,0.7067037818743266,0,-0.8802334174355867,0,0.15004169174687998,0,-0.38749394545440313,0,-0.2302215311947184,0,-0.2580612937396559,train
David Long,4046536,CB,2019,College Stats,4.45,39.5,15.0,120.0,6.45,3.97,71.0,196.0,12,0.0,0.0,0,4.0,111.0,76.0,35.0,8.0,19.0,1.0,1.0,0.0,0.0,236.99999999999997,0,-0.4599737938412724,0,1.3190319563760464,0,-0.2534389559852435,0,-0.4765854405858314,0,-3.2384703552818195,0,-1.7991567359594363,0,-0.45492032512163055,0,-0.24270929865757757,0,0.04158692254392306,0,-1.3454133340935819,0,-0.7833212472016914,0,-0.4728514166340949,0,-0.05731028276090452,0,2.728100003558882,0,3.0278140527241773,0,1.7684833331259857,0,8.996439112239115,0,7.4989116139224015,0,0.15004169174687998,0,1.5374759771255349,0,-0.2302215311947184,0,-0.2580612937396559,train
Josh Metellus,4046537,S,2020,College Stats,4.55,36.5,20.0,124.0,6.94,4.4,71.0,209.0,13,2.0,0.0,0,5.0,74.0,41.0,33.0,0.0,4.0,0.0,1.0,0.0,0.0,592.6500000000001,0,0.6785020057658702,0,0.10871862202503568,0,1.1150603154638266,0,0.2939568990490026,0,0.018646627838695376,0,2.181204050330606,0,-0.45492032512163055,0,0.9022106257356124,0,0.5752857618575975,0,-0.27187108823652695,0,-0.7833212472016914,0,-0.4728514166340949,0,0.19777016652173446,0,0.9048014884656908,0,0.264255658003529,0,1.5621290117883573,0,-0.4775441224635003,0,0.5162907544574113,0,-0.9608439106098271,0,1.5374759771255349,0,-0.2302215311947184,0,-0.2580612937396559,train
Julian Love,4046675,CB,2019,College Stats,4.54,36.0,14.0,121.0,6.72,4.1,71.0,195.0,13,1.0,4.0,0,16.0,63.0,49.0,14.0,0.0,3.0,0.0,3.0,42.0,1.0,896.7999999999998,0,0.564654425805158,0,-0.09300026703346613,0,-0.5271388102750575,0,-0.2839498556771229,0,-1.4437324258072537,0,-0.5957918470810569,0,-0.45492032512163055,0,-0.3307800620724383,0,0.5752857618575975,0,-0.8086422111650544,0,-0.6914640440270784,0,-0.4728514166340949,0,3.0036551086307632,0,0.36273976776230965,0,0.8959261482253915,0,-0.3982370409191112,0,-0.4775441224635003,0,0.050782697159745295,0,-0.9608439106098271,0,5.387415822285411,0,3.28505907259999,0,3.7160826298510456,train
Justin Layne,4046719,CB,2019,College Stats,4.5,37.5,16.0,134.0,6.9,4.09,74.0,192.0,12,1.0,6.0,0,15.0,72.0,44.0,28.0,0.5,2.5,0.0,0.0,0.0,0.0,136.6,0,0.1092641059622989,0,0.5121564001420393,1,0.020260898304570486,0,2.2203127481360876,0,-0.24724047282420392,0,-0.6883583769947769,0,1.4385318388981285,0,-0.5949923523170206,0,0.04158692254392306,0,-0.8086422111650544,0,-0.6455354424397719,0,-0.4728514166340949,0,2.748574659348124,0,0.806244811974167,0,0.5011320918367275,0,1.0462432084442868,0,0.11457982970541312,0,-0.1819713314890877,0,-0.9608439106098271,0,-0.38749394545440313,0,-0.2302215311947184,0,-0.2580612937396559,train
Chase Lucas,4047846,CB,2022,College Stats,4.48,39.0,16.0,128.0,6.94,4.17,71.0,180.0,10,0.0,0.0,0,6.0,34.0,30.0,4.0,0.0,1.0,0.0,0.0,0.0,0.0,70.8,0,-0.11843105395912559,0,1.1173130673175447,1,0.020260898304570486,0,1.0644992386838366,1,0.018646627838695376,1,0.05217386231499889,0,-0.45492032512163055,0,-1.65184151329535,0,-1.025810756083426,0,-1.3454133340935819,0,-0.7833212472016914,0,-0.4728514166340949,0,0.4528506158043734,0,-1.066332041364786,0,-0.6042912660515319,0,-1.4300086476072524,0,-0.4775441224635003,0,-0.8802334174355867,0,-0.9608439106098271,0,-0.38749394545440313,0,-0.2302215311947184,0,-0.2580612937396559,train
Darrick Forrest,4239088,S,2021,College Stats,4.42,39.0,21.0,132.0,6.91,4.23,71.0,206.0,10,2.0,22.0,0,1.0,40.0,31.0,9.0,0.0,1.0,0.0,0.0,0.0,0.0,308.2,0,-0.8015165337234192,0,1.1173130673175447,0,1.3887601697536405,0,1.8350415783186707,0,-0.18076869765848058,0,0.6075730417973348,0,-0.45492032512163055,0,0.63799833549103,0,-1.025810756083426,0,-0.27187108823652695,0,-0.2781066297413201,0,-0.4728514166340949,0,-0.8225516306088214,0,-0.7706620118902145,0,-0.5253324547737991,0,-0.9141228442631819,0,-0.4775441224635003,0,-0.8802334174355867,0,-0.9608439106098271,0,-0.38749394545440313,0,-0.2302215311947184,0,-0.2580612937396559,train
Coby Bryant,4239094,CB,2022,College Stats,4.54,36.0,17.0,122.0,6.94,4.17,73.0,193.0,14,3.0,95.0,1,11.0,46.0,35.0,11.0,0.0,1.0,3.0,0.0,0.0,0.0,515.1999999999999,0,0.564654425805158,1,-0.09300026703346613,0,0.2939607525943845,1,-0.0913142707684144,1,0.018646627838695376,1,0.05217386231499889,0,0.8073811175582088,0,-0.5069215889021599,0,1.108984601171272,0,0.2649000346920005,0,1.3982873281953665,0,1.3296020032087423,0,1.7282528622175684,0,-0.474991982415643,0,-0.20949720966286783,0,-0.7077685229255536,0,-0.4775441224635003,0,-0.8802334174355867,0,2.3718128964602943,0,-0.38749394545440313,0,-0.2302215311947184,0,-0.2580612937396559,test
Amik Robertson,4239694,CB,2020,College Stats,4.49,36.0,16.0,122.0,6.94,4.17,68.0,187.0,12,5.0,97.0,2,16.0,60.0,44.0,16.0,1.0,8.0,1.0,1.0,0.0,0.0,450.9,1,-0.004583473998413347,1,-0.09300026703346613,1,0.020260898304570486,1,-0.0913142707684144,1,0.018646627838695376,1,0.05217386231499889,0,-2.3483724891413895,0,-1.0353461693913244,0,0.04158692254392306,0,1.3384422805490555,0,1.4442159297826729,0,3.13205542305158,0,3.0036551086307632,0,0.2149047530250239,0,0.5011320918367275,0,-0.19188271958148292,0,0.7067037818743266,0,2.3783229836480757,0,0.15004169174687998,0,1.5374759771255349,0,-0.2302215311947184,0,-0.2580612937396559,train
A.J. Terrell,4239995,CB,2020,College Stats,4.42,34.5,15.0,129.0,6.94,4.17,73.0,195.0,15,2.0,65.0,0,4.0,34.0,24.0,10.0,0.5,0.5,0.0,0.0,0.0,0.0,772.6,0,-0.8015165337234192,0,-0.6981569342089715,0,-0.2534389559852435,0,1.257134823592545,1,0.018646627838695376,1,0.05217386231499889,0,0.8073811175582088,0,-0.3307800620724383,0,1.6426834404849466,0,-0.27187108823652695,0,0.7093583043857693,0,-0.4728514166340949,0,-0.05731028276090452,0,-1.066332041364786,0,-1.0780441337179287,0,-0.8109456835943677,0,0.11457982970541312,0,-1.1129874460844198,0,-0.9608439106098271,0,-0.38749394545440313,0,-0.2302215311947184,0,-0.2580612937396559,train
Geno Stone,4240575,S,2020,College Stats,4.62,33.5,12.0,116.0,6.94,4.17,70.0,207.0,13,1.0,0.0,0,4.0,70.0,46.0,24.0,1.0,3.0,3.0,1.0,0.0,0.0,537.3,0,1.475435065490876,0,-1.101594712325975,0,-1.0745385188546857,0,-1.2471277802206653,1,0.018646627838695376,1,0.05217386231499889,0,-1.0860710464615502,0,0.7260690989058909,0,0.5752857618575975,0,-0.8086422111650544,0,-0.7833212472016914,0,-0.4728514166340949,0,-0.05731028276090452,0,0.7076881354826431,0,0.6590497143921931,0,0.6335345657690301,0,0.7067037818743266,0,0.050782697159745295,0,2.3718128964602943,0,1.5374759771255349,0,-0.2302215311947184,0,-0.2580612937396559,train
Marco Wilson,4240595,CB,2021,College Stats,4.37,43.5,26.0,136.0,6.8,4.13,71.0,191.0,10,0.0,0.0,0,4.0,33.0,24.0,9.0,0.0,0.0,0.0,1.0,4.0,0.0,510.5,0,-1.3707544335269906,0,2.932783068844061,0,2.7572594412027107,0,2.6055839179535045,0,-0.9119582244814551,0,-0.318092257339889,0,-0.45492032512163055,0,-0.6830631157318814,0,-1.025810756083426,0,-1.3454133340935819,0,-0.7833212472016914,0,-0.4728514166340949,0,-0.05731028276090452,0,-1.1156103796105479,0,-1.0780441337179287,0,-0.9141228442631819,0,-0.4775441224635003,0,-1.3457414747332528,0,-0.9608439106098271,0,1.5374759771255349,0,0.10456709773811101,0,-0.2580612937396559,train
C.J. Henderson,4240596,CB,2020,College Stats,4.39,37.5,20.0,127.0,6.94,4.17,73.0,204.0,9,0.0,0.0,0,11.0,33.0,26.0,7.0,1.0,3.0,0.0,0.0,0.0,0.0,451.09999999999997,0,-1.143059273605566,0,0.5121564001420393,0,1.1150603154638266,0,0.8718636537751281,1,0.018646627838695376,1,0.05217386231499889,0,0.8073811175582088,0,0.4618568086613085,0,-1.5595095953971005,0,-1.3454133340935819,0,-0.7833212472016914,0,-0.4728514166340949,0,1.7282528622175684,0,-1.1156103796105479,0,-0.9201265111624631,0,-1.1204771656008101,0,0.7067037818743266,0,0.050782697159745295,0,-0.9608439106098271,0,-0.38749394545440313,0,-0.2302215311947184,0,-0.2580612937396559,train
Damarri Mathis,4240707,CB,2022,College Stats,4.39,36.0,16.0,122.0,6.94,4.17,71.0,196.0,13,2.0,50.0,1,6.0,44.0,32.0,12.0,0.0,0.0,0.0,0.0,0.0,0.0,236.8,0,-1.143059273605566,1,-0.09300026703346613,1,0.020260898304570486,1,-0.0913142707684144,1,0.018646627838695376,1,0.05217386231499889,0,-0.45492032512163055,0,-0.24270929865757757,0,0.5752857618575975,0,-0.27187108823652695,0,0.36489379248097065,0,1.3296020032087423,0,0.4528506158043734,0,-0.5735486589071669,0,-0.4463736434960663,0,-0.6045913622567395,0,-0.4775441224635003,0,-1.3457414747332528,0,-0.9608439106098271,0,-0.38749394545440313,0,-0.2302215311947184,0,-0.2580612937396559,test
Lonnie Johnson,4240780,CB,2019,College Stats,4.52,38.0,15.0,129.0,7.01,4.1,74.0,213.0,13,1.0,24.0,0,4.0,23.0,17.0,6.0,0.0,0.0,1.0,0.0,0.0,0.0,466.99999999999994,0,0.3369592658837234,0,0.7138752892005411,0,-0.2534389559852435,0,1.257134823592545,0,0.48394905399876476,0,-0.5957918470810569,0,1.4385318388981285,0,1.2544936793950554,0,0.5752857618575975,0,-0.8086422111650544,0,-0.23217802815401362,0,-0.4728514166340949,0,-0.05731028276090452,0,-1.6083937620681672,0,-1.6307558126620585,0,-1.2236543262696242,0,-0.4775441224635003,0,-1.3457414747332528,0,0.15004169174687998,0,-0.38749394545440313,0,-0.2302215311947184,0,-0.2580612937396559,train
Tyree Gillespie,4241195,S,2021,College Stats,4.38,36.0,15.0,122.0,7.06,4.17,72.0,198.0,9,0.0,0.0,0,4.0,46.0,31.0,15.0,0.0,0.5,0.0,0.0,0.0,0.0,26.6,0,-1.2569068535662784,1,-0.09300026703346613,0,-0.2534389559852435,1,-0.0913142707684144,0,0.8163079298273874,1,0.05217386231499889,1,0.17623039621828915,1,-0.06656777182785605,0,-1.5595095953971005,0,-1.3454133340935819,0,-0.7833212472016914,0,-0.4728514166340949,0,-0.05731028276090452,0,-0.474991982415643,0,-0.5253324547737991,0,-0.29505988025029706,0,-0.4775441224635003,0,-1.1129874460844198,0,-0.9608439106098271,0,-0.38749394545440313,0,-0.2302215311947184,0,-0.2580612937396559,test
Joshuah Bledsoe,4241199,S,2021,College Stats,4.49,36.0,16.0,122.0,6.94,4.17,72.0,198.0,10,1.0,0.0,0,6.0,41.0,28.0,13.0,0.0,2.5,1.0,1.0,0.0,0.0,5.6,1,-0.004583473998413347,1,-0.09300026703346613,1,0.020260898304570486,1,-0.0913142707684144,1,0.018646627838695376,1,0.05217386231499889,1,0.17623039621828915,1,-0.06656777182785605,0,-1.025810756083426,0,-0.8086422111650544,0,-0.7833212472016914,0,-0.4728514166340949,0,0.4528506158043734,0,-0.7213836736444525,0,-0.7622088886069975,0,-0.5014142015879254,0,-0.4775441224635003,0,-0.1819713314890877,0,0.15004169174687998,0,1.5374759771255349,0,-0.2302215311947184,0,-0.2580612937396559,test
Jalen Pitre,4241223,S,2022,College Stats,4.49,35.0,16.0,122.0,6.74,4.18,71.0,198.0,14,2.0,20.0,0,7.0,75.0,56.0,19.0,3.5,17.0,3.0,3.0,10.0,0.0,791.0,1,-0.004583473998413347,0,-0.49643804515046974,0,0.020260898304570486,1,-0.0913142707684144,0,-1.3107888754758013,0,0.1447403922287188,0,-0.45492032512163055,0,-0.06656777182785605,0,1.108984601171272,0,-0.27187108823652695,0,-0.32403523132862655,0,-0.4728514166340949,0,0.7079310650870124,0,0.9540798267114527,0,1.4486378271695213,0,0.11764876242495947,0,3.667323542718894,0,6.5678954993270695,0,2.3718128964602943,0,5.387415822285411,0,0.6067500411373551,0,-0.2580612937396559,train
Tre Brown,4241373,CB,2021,College Stats,4.42,38.0,13.0,123.0,7.11,4.27,69.0,185.0,10,3.0,0.0,0,6.0,31.0,25.0,6.0,0.0,1.0,0.0,0.0,0.0,0.0,213.1,0,-0.8015165337234192,0,0.7138752892005411,0,-0.8008386645648715,0,0.10132131414029409,0,1.1486668056560159,0,0.9778391614522144,0,-1.7172217678014698,0,-1.211487696221046,0,-1.025810756083426,0,0.2649000346920005,0,-0.7833212472016914,0,-0.4728514166340949,0,0.4528506158043734,0,-1.2141670561020719,0,-0.999085322440196,0,-1.2236543262696242,0,-0.4775441224635003,0,-0.8802334174355867,0,-0.9608439106098271,0,-0.38749394545440313,0,-0.2302215311947184,0,-0.2580612937396559,train
Xavier McKinney,4241470,S,2020,College Stats,4.63,36.0,19.0,122.0,6.94,4.17,72.0,201.0,13,3.0,78.0,1,5.0,95.0,59.0,36.0,3.0,5.5,4.0,1.0,0.0,0.0,859.3,0,1.5892826454515885,0,-0.09300026703346613,0,0.8413604611740125,0,-0.0913142707684144,1,0.018646627838695376,1,0.05217386231499889,0,0.17623039621828915,0,0.19764451841672626,0,0.5752857618575975,0,0.2649000346920005,0,1.0078942147032615,0,1.3296020032087423,0,0.19777016652173446,0,1.9396465916266912,0,1.6855142610027196,0,1.8716604937947998,0,3.0751995905499805,0,1.2145528404039103,0,3.482698498817001,0,1.5374759771255349,0,-0.2302215311947184,0,-0.2580612937396559,train
Josiah Scott,4241977,CB,2020,College Stats,4.42,36.0,17.0,122.0,6.94,4.17,69.0,185.0,13,3.0,34.0,0,7.0,55.0,38.0,17.0,0.0,0.0,1.0,1.0,5.0,0.0,171.79999999999998,0,-0.8015165337234192,1,-0.09300026703346613,0,0.2939607525943845,1,-0.0913142707684144,1,0.018646627838695376,1,0.05217386231499889,0,-1.7172217678014698,0,-1.211487696221046,0,0.5752857618575975,0,0.2649000346920005,0,-0.002535020217481204,0,-0.4728514166340949,0,0.7079310650870124,0,-0.031486938203785717,0,0.027379224170330594,0,-0.08870555891266879,0,-0.4775441224635003,0,-1.3457414747332528,0,0.15004169174687998,0,1.5374759771255349,0,0.18826425497131835,0,-0.2580612937396559,train
Shaun Wade,4241995,CB,2021,College Stats,4.49,36.0,16.0,122.0,6.94,4.17,72.0,196.0,8,2.0,36.0,1,4.0,35.0,24.0,11.0,0.0,1.0,0.0,0.0,0.0,0.0,68.0,1,-0.004583473998413347,1,-0.09300026703346613,1,0.020260898304570486,1,-0.0913142707684144,1,0.018646627838695376,1,0.05217386231499889,0,0.17623039621828915,0,-0.24270929865757757,0,-2.093208434710775,0,-0.27187108823652695,0,0.043393581369825275,0,1.3296020032087423,0,-0.05731028276090452,0,-1.017053703119024,0,-1.0780441337179287,0,-0.7077685229255536,0,-0.4775441224635003,0,-0.8802334174355867,0,-0.9608439106098271,0,-0.38749394545440313,0,-0.2302215311947184,0,-0.2580612937396559,train
Montaric Brown,4242149,CB,2022,College Stats,4.55,36.0,16.0,122.0,6.94,4.17,72.0,196.0,13,5.0,0.0,0,6.0,54.0,24.0,30.0,0.0,1.0,1.0,1.0,0.0,0.0,412.6,0,0.6785020057658702,1,-0.09300026703346613,1,0.020260898304570486,1,-0.0913142707684144,1,0.018646627838695376,1,0.05217386231499889,0,0.17623039621828915,0,-0.24270929865757757,0,0.5752857618575975,0,1.3384422805490555,0,-0.7833212472016914,0,-0.4728514166340949,0,0.4528506158043734,0,-0.08076527644954763,0,-1.0780441337179287,0,1.252597529781915,0,-0.4775441224635003,0,-0.8802334174355867,0,0.15004169174687998,0,1.5374759771255349,0,-0.2302215311947184,0,-0.2580612937396559,train
Jacoby Stevens,4242204,S,2021,College Stats,4.63,42.0,16.0,130.0,6.94,4.17,73.0,212.0,10,0.0,0.0,0,4.0,63.0,33.0,30.0,3.0,6.0,1.0,3.0,0.0,0.0,6.999999999999999,0,1.5892826454515885,0,2.3276264016685557,1,0.020260898304570486,0,1.4497704085012535,1,0.018646627838695376,1,0.05217386231499889,0,0.8073811175582088,0,1.1664229159801947,0,-1.025810756083426,0,-1.3454133340935819,0,-0.7833212472016914,0,-0.4728514166340949,0,-0.05731028276090452,0,0.36273976776230965,0,-0.3674148322183335,0,1.252597529781915,0,3.0751995905499805,0,1.4473068690527433,0,0.15004169174687998,0,5.387415822285411,0,-0.2302215311947184,0,-0.2580612937396559,test
Grant Delpit,4242208,S,2020,College Stats,4.49,36.0,16.0,122.0,6.94,4.17,74.0,213.0,14,2.0,0.0,0,7.0,65.0,38.0,27.0,2.0,4.5,1.0,1.0,0.0,0.0,703.1,1,-0.004583473998413347,1,-0.09300026703346613,1,0.020260898304570486,1,-0.0913142707684144,1,0.018646627838695376,1,0.05217386231499889,0,1.4385318388981285,0,1.2544936793950554,0,1.108984601171272,0,-0.27187108823652695,0,-0.7833212472016914,0,-0.4728514166340949,0,0.7079310650870124,0,0.4612964442538335,0,0.027379224170330594,0,0.9430660477754725,0,1.8909516862121534,0,0.7490447831062443,0,0.15004169174687998,0,1.5374759771255349,0,-0.2302215311947184,0,-0.2580612937396559,train
Deommodore Lenoir,4242488,CB,2021,College Stats,4.48,34.5,15.0,121.0,7.02,4.35,70.0,199.0,7,1.0,24.0,0,0.0,35.0,25.0,10.0,0.0,0.0,1.0,0.0,0.0,0.0,667.0,0,-0.11843105395912559,0,-0.6981569342089715,0,-0.2534389559852435,0,-0.2839498556771229,0,0.5504208291644881,0,1.7183714007619901,0,-1.0860710464615502,0,0.021502991587004718,0,-2.6269072740244495,0,-0.8086422111650544,0,-0.23217802815401362,0,-0.4728514166340949,0,-1.0776320798914605,0,-1.017053703119024,0,-0.999085322440196,0,-0.8109456835943677,0,-0.4775441224635003,0,-1.3457414747332528,0,0.15004169174687998,0,-0.38749394545440313,0,-0.2302215311947184,0,-0.2580612937396559,train
Noah Igbinoghene,4242516,CB,2020,College Stats,4.48,37.0,15.0,128.0,6.94,4.17,70.0,198.0,13,0.0,0.0,0,7.0,42.0,28.0,14.0,0.0,1.0,0.0,0.0,0.0,0.0,222.39999999999998,0,-0.11843105395912559,0,0.3104375110835375,0,-0.2534389559852435,0,1.0644992386838366,1,0.018646627838695376,1,0.05217386231499889,0,-1.0860710464615502,0,-0.06656777182785605,0,0.5752857618575975,0,-1.3454133340935819,0,-0.7833212472016914,0,-0.4728514166340949,0,0.7079310650870124,0,-0.6721053353986907,0,-0.7622088886069975,0,-0.3982370409191112,0,-0.4775441224635003,0,-0.8802334174355867,0,-0.9608439106098271,0,-0.38749394545440313,0,-0.2302215311947184,0,-0.2580612937396559,train
Darnay Holmes,4242973,CB,2020,College Stats,4.48,36.0,12.0,122.0,6.94,4.17,70.0,195.0,10,2.0,0.0,0,6.0,34.0,24.0,10.0,0.0,1.0,0.0,1.0,0.0,0.0,392.4,0,-0.11843105395912559,1,-0.09300026703346613,0,-1.0745385188546857,1,-0.0913142707684144,1,0.018646627838695376,1,0.05217386231499889,0,-1.0860710464615502,0,-0.3307800620724383,0,-1.025810756083426,0,-0.27187108823652695,0,-0.7833212472016914,0,-0.4728514166340949,0,0.4528506158043734,0,-1.066332041364786,0,-1.0780441337179287,0,-0.8109456835943677,0,-0.4775441224635003,0,-0.8802334174355867,0,-0.9608439106098271,0,1.5374759771255349,0,-0.2302215311947184,0,-0.2580612937396559,train
Marquise Blair,4243244,S,2019,College Stats,4.48,35.0,16.0,125.0,6.94,4.17,73.0,195.0,14,2.0,5.0,0,2.0,59.0,44.0,15.0,0.0,2.0,1.0,0.0,0.0,0.0,117.9,0,-0.11843105395912559,0,-0.49643804515046974,1,0.020260898304570486,0,0.4865924839577111,1,0.018646627838695376,1,0.05217386231499889,0,0.8073811175582088,0,-0.3307800620724383,0,1.108984601171272,0,-0.27187108823652695,0,-0.6684997432334252,0,-0.4728514166340949,0,-0.5674711813261825,0,0.16562641477926196,0,0.5011320918367275,0,-0.29505988025029706,0,-0.4775441224635003,0,-0.4147253601379207,0,0.15004169174687998,0,-0.38749394545440313,0,-0.2302215311947184,0,-0.2580612937396559,train
Jaylon Johnson,4243253,CB,2020,College Stats,4.5,36.5,15.0,124.0,7.01,4.13,72.0,193.0,13,2.0,39.0,1,11.0,36.0,34.0,2.0,0.0,1.0,0.0,0.0,0.0,0.0,576.5,0,0.1092641059622989,0,0.10871862202503568,0,-0.2534389559852435,0,0.2939568990490026,0,0.48394905399876476,0,-0.318092257339889,0,0.17623039621828915,0,-0.5069215889021599,0,0.5752857618575975,0,-0.27187108823652695,0,0.112286483750785,0,1.3296020032087423,0,1.7282528622175684,0,-0.9677753648732622,0,-0.28845602094060063,0,-1.6363629689448809,0,-0.4775441224635003,0,-0.8802334174355867,0,-0.9608439106098271,0,-0.38749394545440313,0,-0.2302215311947184,0,-0.2580612937396559,train
Akayleb Evans,4244607,CB,2022,College Stats,4.46,36.0,16.0,129.0,6.94,4.17,74.0,197.0,11,1.0,0.0,0,6.0,30.0,27.0,3.0,0.0,1.0,2.0,0.0,0.0,0.0,271.6,0,-0.3461262138805602,0,-0.09300026703346613,1,0.020260898304570486,0,1.257134823592545,1,0.018646627838695376,1,0.05217386231499889,0,1.4385318388981285,0,-0.1546385352427168,0,-0.49211191676975147,0,-0.8086422111650544,0,-0.7833212472016914,0,-0.4728514166340949,0,0.4528506158043734,0,-1.2634453943478337,0,-0.8411676998847303,0,-1.5331858082760668,0,-0.4775441224635003,0,-0.8802334174355867,0,1.260927294103587,0,-0.38749394545440313,0,-0.2302215311947184,0,-0.2580612937396559,train
Bryan Cook,4247726,S,2022,College Stats,4.49,36.0,16.0,122.0,6.94,4.17,73.0,206.0,14,2.0,0.0,0,9.0,93.0,55.0,38.0,1.0,5.5,0.0,0.0,0.0,0.0,498.0,1,-0.004583473998413347,1,-0.09300026703346613,1,0.020260898304570486,1,-0.0913142707684144,1,0.018646627838695376,1,0.05217386231499889,0,0.8073811175582088,0,0.63799833549103,0,1.108984601171272,0,-0.27187108823652695,0,-0.7833212472016914,0,-0.4728514166340949,0,1.2180919636522902,0,1.8410899151351672,0,1.3696790158917884,0,2.078014815132428,0,0.7067037818743266,0,1.2145528404039103,0,-0.9608439106098271,0,-0.38749394545440313,0,-0.2302215311947184,0,-0.2580612937396559,train
Quentin Lake,4249128,S,2022,College Stats,4.59,36.0,16.0,122.0,6.94,4.17,73.0,201.0,11,3.0,23.0,0,6.0,54.0,40.0,14.0,0.0,2.0,0.0,0.0,0.0,0.0,497.19999999999993,0,1.1338923256087292,1,-0.09300026703346613,1,0.020260898304570486,1,-0.0913142707684144,1,0.018646627838695376,1,0.05217386231499889,0,0.8073811175582088,0,0.19764451841672626,0,-0.49211191676975147,0,0.2649000346920005,0,-0.25514232894766686,0,-0.4728514166340949,0,0.4528506158043734,0,-0.08076527644954763,0,0.18529684672579622,0,-0.3982370409191112,0,-0.4775441224635003,0,-0.4147253601379207,0,-0.9608439106098271,0,-0.38749394545440313,0,-0.2302215311947184,0,-0.2580612937396559,test
Tycen Anderson,4257240,S,2022,College Stats,4.36,35.5,16.0,123.0,6.64,4.28,74.0,209.0,10,0.0,0.0,0,2.0,44.0,26.0,18.0,1.0,2.0,1.0,0.0,0.0,0.0,119.8,0,-1.484602013487703,0,-0.2947191560919679,1,0.020260898304570486,0,0.10132131414029409,0,-1.9755066271330524,0,1.0704056913659425,0,1.4385318388981285,0,0.9022106257356124,0,-1.025810756083426,0,-1.3454133340935819,0,-0.7833212472016914,0,-0.4728514166340949,0,-0.5674711813261825,0,-0.5735486589071669,0,-0.9201265111624631,0,0.014471601756145341,0,0.7067037818743266,0,-0.4147253601379207,0,0.15004169174687998,0,-0.38749394545440313,0,-0.2302215311947184,0,-0.2580612937396559,train
Tariq Castro-Fields,4259590,CB,2022,College Stats,4.38,36.0,16.0,122.0,6.94,4.17,73.0,197.0,13,0.0,0.0,0,6.0,33.0,26.0,7.0,0.0,0.0,0.0,0.0,0.0,0.0,16.799999999999997,0,-1.2569068535662784,1,-0.09300026703346613,1,0.020260898304570486,1,-0.0913142707684144,1,0.018646627838695376,1,0.05217386231499889,0,0.8073811175582088,0,-0.1546385352427168,0,0.5752857618575975,0,-1.3454133340935819,0,-0.7833212472016914,0,-0.4728514166340949,0,0.4528506158043734,0,-1.1156103796105479,0,-0.9201265111624631,0,-1.1204771656008101,0,-0.4775441224635003,0,-1.3457414747332528,0,-0.9608439106098271,0,-0.38749394545440313,0,-0.2302215311947184,0,-0.2580612937396559,train
Darren Hall,4261606,CB,2021,College Stats,4.47,38.5,16.0,132.0,7.07,4.28,71.0,188.0,8,3.0,72.0,1,6.0,38.0,31.0,7.0,0.0,2.0,0.0,0.0,0.0,0.0,199.6,0,-0.23227863391984793,0,0.9155941782590429,0,0.020260898304570486,0,1.8350415783186707,0,0.8827797049931166,0,1.0704056913659425,0,-0.45492032512163055,0,-0.9472754059764636,0,-2.093208434710775,0,0.2649000346920005,0,0.870108409941342,0,1.3296020032087423,0,0.4528506158043734,0,-0.8692186883817383,0,-0.5253324547737991,0,-1.1204771656008101,0,-0.4775441224635003,0,-0.4147253601379207,0,-0.9608439106098271,0,-0.38749394545440313,0,-0.2302215311947184,0,-0.2580612937396559,train
Elijah Jones,4360203,CB,2024,College Stats,4.44,42.5,16.0,131.0,6.94,4.17,74.0,185.0,9,5.0,11.0,0,8.0,25.0,18.0,7.0,0.0,0.0,1.0,0.0,0.0,0.0,25.4,0,-0.5738213738019847,0,2.5293452907270573,1,0.020260898304570486,0,1.642405993409962,1,0.018646627838695376,1,0.05217386231499889,0,1.4385318388981285,0,-1.211487696221046,0,-1.5595095953971005,0,1.3384422805490555,0,-0.5307139384715057,0,-0.4728514166340949,0,0.9630115143696514,0,-1.5098370855766434,0,-1.5517970013843256,0,-1.1204771656008101,0,-0.4775441224635003,0,-1.3457414747332528,0,0.15004169174687998,0,-0.38749394545440313,0,-0.2302215311947184,0,-0.2580612937396559,val
Delarrin Turner-Yell,4360287,S,2022,College Stats,4.47,36.0,16.0,122.0,6.94,4.17,70.0,197.0,10,3.0,0.0,0,1.0,52.0,35.0,17.0,0.0,2.5,0.0,0.0,0.0,0.0,107.19999999999999,0,-0.23227863391984793,1,-0.09300026703346613,1,0.020260898304570486,0,-0.0913142707684144,1,0.018646627838695376,1,0.05217386231499889,0,-1.0860710464615502,0,-0.1546385352427168,0,-1.025810756083426,0,0.2649000346920005,0,-0.7833212472016914,0,-0.4728514166340949,0,-0.8225516306088214,0,-0.17932195294107148,0,-0.20949720966286783,0,-0.08870555891266879,0,-0.4775441224635003,0,-0.1819713314890877,0,-0.9608439106098271,0,-0.38749394545440313,0,-0.2302215311947184,0,-0.2580612937396559,train
Derion Kendrick,4360307,CB,2022,College Stats,4.49,36.0,16.0,122.0,6.94,4.17,72.0,194.0,15,4.0,14.0,0,3.0,41.0,24.0,17.0,0.0,2.0,0.0,0.0,0.0,0.0,331.5,1,-0.004583473998413347,1,-0.09300026703346613,1,0.020260898304570486,1,-0.0913142707684144,1,0.018646627838695376,1,0.05217386231499889,0,0.17623039621828915,0,-0.4188508254872991,0,1.6426834404849466,0,0.801671157620528,0,-0.46182103609054603,0,-0.4728514166340949,0,-0.3123907320435435,0,-0.7213836736444525,0,-1.0780441337179287,0,-0.08870555891266879,0,-0.4775441224635003,0,-0.4147253601379207,0,-0.9608439106098271,0,-0.38749394545440313,0,-0.2302215311947184,0,-0.2580612937396559,train
Kerby Joseph,4360383,S,2022,College Stats,4.49,38.5,18.0,123.0,6.94,4.17,73.0,203.0,12,5.0,12.0,0,2.0,57.0,41.0,16.0,1.0,1.0,0.0,3.0,0.0,0.0,714.0,1,-0.004583473998413347,0,0.9155941782590429,0,0.5676606068841985,0,0.10132131414029409,1,0.018646627838695376,1,0.05217386231499889,0,0.8073811175582088,0,0.37378604524644776,0,0.04158692254392306,0,1.3384422805490555,0,-0.5077496376778525,0,-0.4728514166340949,0,-0.5674711813261825,0,0.06706973828773813,0,0.264255658003529,0,-0.19188271958148292,0,0.7067037818743266,0,-0.8802334174355867,0,-0.9608439106098271,0,5.387415822285411,0,-0.2302215311947184,0,-0.2580612937396559,train
Mekhi Blackmon,4360677,CB,2023,College Stats,4.47,36.0,11.0,125.0,6.94,4.17,71.0,178.0,14,3.0,31.0,0,12.0,67.0,46.0,21.0,0.0,2.0,1.0,1.0,0.0,0.0,269.79999999999995,0,-0.23227863391984793,0,-0.09300026703346613,0,-1.3482383731444996,0,0.4865924839577111,1,0.018646627838695376,1,0.05217386231499889,0,-0.45492032512163055,0,-1.8279830401250714,0,1.108984601171272,0,0.2649000346920005,0,-0.07142792259844093,0,-0.4728514166340949,0,1.9833333115002072,0,0.5598531207453573,0,0.6590497143921931,0,0.32400308376258774,0,-0.4775441224635003,0,-0.4147253601379207,0,0.15004169174687998,0,1.5374759771255349,0,-0.2302215311947184,0,-0.2580612937396559,val
Talanoa Hufanga,4360853,S,2021,College Stats,4.65,36.0,16.0,122.0,6.94,4.17,72.0,198.0,6,4.0,90.0,0,1.0,62.0,40.0,22.0,3.0,5.5,2.0,0.0,0.0,0.0,589.5,0,1.816977805373023,1,-0.09300026703346613,1,0.020260898304570486,1,-0.0913142707684144,1,0.018646627838695376,1,0.05217386231499889,1,0.17623039621828915,1,-0.06656777182785605,0,-3.160606113338124,0,0.801671157620528,0,1.2834658242271002,0,-0.4728514166340949,0,-0.8225516306088214,0,0.3134614295165477,0,0.18529684672579622,0,0.4271802444314019,0,3.0751995905499805,0,1.2145528404039103,0,1.260927294103587,0,-0.38749394545440313,0,-0.2302215311947184,0,-0.2580612937396559,train
Kyler Gordon,4361093,CB,2022,College Stats,4.52,36.0,16.0,122.0,6.94,4.17,72.0,194.0,12,2.0,0.0,0,7.0,46.0,37.0,9.0,0.0,2.0,1.0,0.0,0.0,0.0,466.3,0,0.3369592658837234,1,-0.09300026703346613,1,0.020260898304570486,1,-0.0913142707684144,1,0.018646627838695376,1,0.05217386231499889,0,0.17623039621828915,0,-0.4188508254872991,0,0.04158692254392306,0,-0.27187108823652695,0,-0.7833212472016914,0,-0.4728514166340949,0,0.7079310650870124,0,-0.474991982415643,0,-0.05157958710740222,0,-0.9141228442631819,0,-0.4775441224635003,0,-0.4147253601379207,0,0.15004169174687998,0,-0.38749394545440313,0,-0.2302215311947184,0,-0.2580612937396559,train
Darius Rush,4362858,CB,2023,College Stats,4.36,35.0,16.0,121.0,6.94,4.17,74.0,198.0,10,2.0,59.0,0,7.0,38.0,28.0,10.0,0.0,2.0,1.0,0.0,0.0,0.0,11.999999999999998,0,-1.484602013487703,0,-0.49643804515046974,1,0.020260898304570486,0,-0.2839498556771229,1,0.018646627838695376,1,0.05217386231499889,0,1.4385318388981285,0,-0.06656777182785605,0,-1.025810756083426,0,-0.27187108823652695,0,0.5715724996238498,0,-0.4728514166340949,0,0.7079310650870124,0,-0.8692186883817383,0,-0.7622088886069975,0,-0.8109456835943677,0,-0.4775441224635003,0,-0.4147253601379207,0,0.15004169174687998,0,-0.38749394545440313,0,-0.2302215311947184,0,-0.2580612937396559,train
Percy Butler,4363097,S,2022,College Stats,4.36,31.5,16.0,123.0,6.94,4.17,72.0,194.0,13,1.0,0.0,0,4.0,61.0,37.0,24.0,0.0,6.0,0.0,2.0,0.0,0.0,314.59999999999997,0,-1.484602013487703,0,-1.9084702685599824,1,0.020260898304570486,0,0.10132131414029409,1,0.018646627838695376,1,0.05217386231499889,0,0.17623039621828915,0,-0.4188508254872991,0,0.5752857618575975,0,-0.8086422111650544,0,-0.7833212472016914,0,-0.4728514166340949,0,-0.05731028276090452,0,0.2641830912707858,0,-0.05157958710740222,0,0.6335345657690301,0,-0.4775441224635003,0,1.4473068690527433,0,-0.9608439106098271,0,3.462445899705473,0,-0.2302215311947184,0,-0.2580612937396559,train
Josh Newton,4365319,CB,2024,College Stats,4.51,34.0,15.0,124.0,6.94,4.15,71.0,190.0,12,1.0,53.0,0,9.0,33.0,26.0,7.0,0.0,0.0,0.0,0.0,0.0,0.0,150.8,0,0.22311168592301114,0,-0.8998758232674734,0,-0.2534389559852435,0,0.2939568990490026,1,0.018646627838695376,0,-0.13295919751244092,0,-0.45492032512163055,0,-0.7711338791467421,0,0.04158692254392306,0,-0.8086422111650544,0,0.4337866948619304,0,-0.4728514166340949,0,1.2180919636522902,0,-1.1156103796105479,0,-0.9201265111624631,0,-1.1204771656008101,0,-0.4775441224635003,0,-1.3457414747332528,0,-0.9608439106098271,0,-0.38749394545440313,0,-0.2302215311947184,0,-0.2580612937396559,test
Alontae Taylor,4369835,CB,2022,College Stats,4.36,34.5,16.0,128.0,6.94,4.17,72.0,199.0,12,2.0,85.0,1,6.0,60.0,41.0,19.0,0.0,1.0,1.0,0.0,0.0,0.0,736.0,0,-1.484602013487703,0,-0.6981569342089715,1,0.020260898304570486,0,1.0644992386838366,1,0.018646627838695376,1,0.05217386231499889,0,0.17623039621828915,0,0.021502991587004718,0,0.04158692254392306,0,-0.27187108823652695,0,1.1686443202588341,0,1.3296020032087423,0,0.4528506158043734,0,0.2149047530250239,0,0.264255658003529,0,0.11764876242495947,0,-0.4775441224635003,0,-0.8802334174355867,0,0.15004169174687998,0,-0.38749394545440313,0,-0.2302215311947184,0,-0.2580612937396559,test
Roger McCreary,4371973,CB,2022,College Stats,4.5,36.0,16.0,122.0,6.94,4.17,71.0,190.0,12,2.0,35.0,1,14.0,49.0,41.0,8.0,1.0,2.0,0.0,1.0,0.0,0.0,583.6999999999999,0,0.1092641059622989,1,-0.09300026703346613,1,0.020260898304570486,1,-0.0913142707684144,1,0.018646627838695376,1,0.05217386231499889,0,-0.45492032512163055,0,-0.7711338791467421,0,0.04158692254392306,0,-0.27187108823652695,0,0.020429280576172038,0,1.3296020032087423,0,2.493494210065485,0,-0.3271569676783572,0,0.264255658003529,0,-1.017300004931996,0,0.7067037818743266,0,-0.4147253601379207,0,-0.9608439106098271,0,1.5374759771255349,0,-0.2302215311947184,0,-0.2580612937396559,train
Jalyn Armour-Davis,4372017,CB,2022,College Stats,4.39,34.5,14.0,122.0,6.94,4.17,73.0,197.0,11,3.0,51.0,0,4.0,32.0,22.0,10.0,0.0,1.0,0.0,0.0,0.0,0.0,132.0,0,-1.143059273605566,0,-0.6981569342089715,0,-0.5271388102750575,1,-0.0913142707684144,1,0.018646627838695376,1,0.05217386231499889,0,0.8073811175582088,0,-0.1546385352427168,0,-0.49211191676975147,0,0.2649000346920005,0,0.3878580932746239,0,-0.4728514166340949,0,-0.05731028276090452,0,-1.1648887178563099,0,-1.2359617562733944,0,-0.8109456835943677,0,-0.4775441224635003,0,-0.8802334174355867,0,-0.9608439106098271,0,-0.38749394545440313,0,-0.2302215311947184,0,-0.2580612937396559,test
Cory Trice,4372492,CB,2023,College Stats,4.47,35.5,17.0,132.0,6.94,4.17,75.0,206.0,13,2.0,8.0,1,10.0,34.0,28.0,6.0,0.0,2.0,0.0,0.0,0.0,0.0,52.0,0,-0.23227863391984793,0,-0.2947191560919679,0,0.2939607525943845,0,1.8350415783186707,1,0.018646627838695376,1,0.05217386231499889,0,2.069682560238048,0,0.63799833549103,0,0.5752857618575975,0,-0.27187108823652695,0,-0.5996068408524654,0,1.3296020032087423,0,1.4731724129349293,0,-1.066332041364786,0,-0.7622088886069975,0,-1.2236543262696242,0,-0.4775441224635003,0,-0.4147253601379207,0,-0.9608439106098271,0,-0.38749394545440313,0,-0.2302215311947184,0,-0.2580612937396559,train
Rachad Wildgoose,4372560,CB,2021,College Stats,4.53,36.0,11.0,120.0,7.09,4.18,71.0,197.0,2,0.0,0.0,0,1.0,6.0,6.0,0.0,0.0,2.0,0.0,0.0,0.0,0.0,65.4,0,0.45080684584444575,0,-0.09300026703346613,0,-1.3482383731444996,0,-0.4765854405858314,0,1.0157232553245634,0,0.1447403922287188,0,-0.45492032512163055,0,-0.1546385352427168,0,-5.295401470592822,0,-1.3454133340935819,0,-0.7833212472016914,0,-0.4728514166340949,0,-0.8225516306088214,0,-2.4461255122461196,0,-2.4993027367171194,0,-1.842717290282509,0,-0.4775441224635003,0,-0.4147253601379207,0,-0.9608439106098271,0,-0.38749394545440313,0,-0.2302215311947184,0,-0.2580612937396559,test
Riley Moss,4382401,CB,2023,College Stats,4.45,39.0,16.0,127.0,6.94,4.17,73.0,193.0,13,1.0,0.0,0,11.0,47.0,31.0,16.0,0.0,1.0,2.0,0.0,0.0,0.0,417.99999999999994,0,-0.4599737938412724,0,1.1173130673175447,1,0.020260898304570486,0,0.8718636537751281,1,0.018646627838695376,1,0.05217386231499889,0,0.8073811175582088,0,-0.5069215889021599,0,0.5752857618575975,0,-0.8086422111650544,0,-0.7833212472016914,0,-0.4728514166340949,0,1.7282528622175684,0,-0.42571364416988106,0,-0.5253324547737991,0,-0.19188271958148292,0,-0.4775441224635003,0,-0.8802334174355867,0,1.260927294103587,0,-0.38749394545440313,0,-0.2302215311947184,0,-0.2580612937396559,val
Tyrique Stevenson,4426374,CB,2023,College Stats,4.45,38.5,16.0,125.0,7.09,4.41,72.0,198.0,11,2.0,0.0,0,7.0,25.0,18.0,7.0,0.0,1.5,0.0,0.0,0.0,0.0,547.0,0,-0.4599737938412724,0,0.9155941782590429,1,0.020260898304570486,0,0.4865924839577111,0,1.0157232553245634,0,2.273770580244326,0,0.17623039621828915,0,-0.06656777182785605,0,-0.49211191676975147,0,-0.27187108823652695,0,-0.7833212472016914,0,-0.4728514166340949,0,0.7079310650870124,0,-1.5098370855766434,0,-1.5517970013843256,0,-1.1204771656008101,0,-0.4775441224635003,0,-0.6474793887867537,0,-0.9608439106098271,0,-0.38749394545440313,0,-0.2302215311947184,0,-0.2580612937396559,train
Nick Cross,4426403,S,2022,College Stats,4.34,37.0,16.0,130.0,6.94,4.17,72.0,212.0,13,3.0,55.0,0,4.0,67.0,45.0,22.0,3.0,3.5,2.0,0.0,0.0,0.0,633.3,0,-1.7122971734091375,0,0.3104375110835375,1,0.020260898304570486,0,1.4497704085012535,1,0.018646627838695376,1,0.05217386231499889,0,0.17623039621828915,0,1.1664229159801947,0,0.5752857618575975,0,0.2649000346920005,0,0.4797152964492368,0,-0.4728514166340949,0,-0.05731028276090452,0,0.5598531207453573,0,0.5800909031144603,0,0.4271802444314019,0,3.0751995905499805,0,0.2835367258085783,0,1.260927294103587,0,-0.38749394545440313,0,-0.2302215311947184,0,-0.2580612937396559,train
Trent McDuffie,4426405,CB,2022,College Stats,4.44,36.0,16.0,122.0,6.94,4.17,71.0,193.0,11,0.0,0.0,0,6.0,35.0,25.0,10.0,1.0,4.0,0.0,0.0,0.0,0.0,582.6999999999999,0,-0.5738213738019847,1,-0.09300026703346613,1,0.020260898304570486,1,-0.0913142707684144,1,0.018646627838695376,1,0.05217386231499889,0,-0.45492032512163055,0,-0.5069215889021599,0,-0.49211191676975147,0,-1.3454133340935819,0,-0.7833212472016914,0,-0.4728514166340949,0,0.4528506158043734,0,-1.017053703119024,0,-0.999085322440196,0,-0.8109456835943677,0,0.7067037818743266,0,0.5162907544574113,0,-0.9608439106098271,0,-0.38749394545440313,0,-0.2302215311947184,0,-0.2580612937396559,train
Jarrian Jones,4426448,CB,2024,College Stats,4.38,39.5,16.0,129.0,6.94,4.17,72.0,190.0,12,3.0,32.0,1,3.0,25.0,16.0,9.0,1.0,5.0,1.0,1.0,3.0,0.0,263.79999999999995,0,-1.2569068535662784,0,1.3190319563760464,1,0.020260898304570486,0,1.257134823592545,1,0.018646627838695376,1,0.05217386231499889,0,0.17623039621828915,0,-0.7711338791467421,0,0.04158692254392306,0,0.2649000346920005,0,-0.048463621804787686,0,1.3296020032087423,0,-0.3123907320435435,0,-1.5098370855766434,0,-1.7097146239397913,0,-0.9141228442631819,0,0.7067037818743266,0,0.9817988117550773,0,0.15004169174687998,0,1.5374759771255349,0,0.020869940504903657,0,-0.2580612937396559,train
Joey Porter Jr.,4426506,CB,2023,College Stats,4.46,35.0,17.0,129.0,6.94,4.17,75.0,193.0,10,0.0,0.0,0,11.0,27.0,21.0,6.0,0.0,0.0,0.0,1.0,0.0,0.0,432.4,0,-0.3461262138805602,0,-0.49643804515046974,0,0.2939607525943845,0,1.257134823592545,1,0.018646627838695376,1,0.05217386231499889,0,2.069682560238048,0,-0.5069215889021599,0,-1.025810756083426,0,-1.3454133340935819,0,-0.7833212472016914,0,-0.4728514166340949,0,1.7282528622175684,0,-1.4112804090851194,0,-1.3149205675511273,0,-1.2236543262696242,0,-0.4775441224635003,0,-1.3457414747332528,0,-0.9608439106098271,0,1.5374759771255349,0,-0.2302215311947184,0,-0.2580612937396559,val
Lewis Cine,4426536,S,2022,College Stats,4.37,36.5,16.0,133.0,6.94,4.17,74.0,199.0,15,1.0,8.0,0,9.0,73.0,43.0,30.0,0.0,2.0,0.0,0.0,0.0,0.0,11.2,0,-1.3707544335269906,0,0.10871862202503568,1,0.020260898304570486,0,2.027677163227379,1,0.018646627838695376,1,0.05217386231499889,0,1.4385318388981285,0,0.021502991587004718,0,1.6426834404849466,0,-0.8086422111650544,0,-0.5996068408524654,0,-0.4728514166340949,0,1.2180919636522902,0,0.8555231502199289,0,0.42217328055899467,0,1.252597529781915,0,-0.4775441224635003,0,-0.4147253601379207,0,-0.9608439106098271,0,-0.38749394545440313,0,-0.2302215311947184,0,-0.2580612937396559,train
Alex Austin,4426599,CB,2023,College Stats,4.55,33.0,16.0,122.0,6.94,4.33,73.0,195.0,12,2.0,42.0,1,10.0,57.0,42.0,15.0,1.0,1.0,0.0,1.0,0.0,0.0,115.6,0,0.6785020057658702,0,-1.303313601384477,1,0.020260898304570486,0,-0.0913142707684144,1,0.018646627838695376,0,1.5332383409345502,0,0.8073811175582088,0,-0.3307800620724383,0,0.04158692254392306,0,-0.27187108823652695,0,0.18117938613174472,0,1.3296020032087423,0,1.4731724129349293,0,0.06706973828773813,0,0.3432144692812618,0,-0.29505988025029706,0,0.7067037818743266,0,-0.8802334174355867,0,-0.9608439106098271,0,1.5374759771255349,0,-0.2302215311947184,0,-0.2580612937396559,train
Dane Belton,4426686,S,2022,College Stats,4.43,36.5,16.0,123.0,7.01,4.24,73.0,205.0,14,5.0,0.0,0,7.0,46.0,29.0,17.0,0.0,3.0,0.0,0.0,0.0,0.0,540.0,0,-0.687668953762707,0,0.10871862202503568,1,0.020260898304570486,0,0.10132131414029409,0,0.48394905399876476,0,0.7001395717110547,0,0.8073811175582088,0,0.5499275720761693,0,1.108984601171272,0,1.3384422805490555,0,-0.7833212472016914,0,-0.4728514166340949,0,0.7079310650870124,0,-0.474991982415643,0,-0.6832500773292647,0,-0.08870555891266879,0,-0.4775441224635003,0,0.050782697159745295,0,-0.9608439106098271,0,-0.38749394545440313,0,-0.2302215311947184,0,-0.2580612937396559,val
Jarvis Brownlee,4426817,CB,2024,College Stats,4.49,36.0,16.0,122.0,6.94,4.17,70.0,194.0,11,1.0,18.0,0,6.0,30.0,16.0,14.0,0.0,1.0,0.0,1.0,0.0,0.0,314.59999999999997,1,-0.004583473998413347,1,-0.09300026703346613,1,0.020260898304570486,1,-0.0913142707684144,1,0.018646627838695376,1,0.05217386231499889,0,-1.0860710464615502,0,-0.4188508254872991,0,-0.49211191676975147,0,-0.8086422111650544,0,-0.36996383291593304,0,-0.4728514166340949,0,0.4528506158043734,0,-1.2634453943478337,0,-1.7097146239397913,0,-0.3982370409191112,0,-0.4775441224635003,0,-0.8802334174355867,0,-0.9608439106098271,0,1.5374759771255349,0,-0.2302215311947184,0,-0.2580612937396559,train
Renardo Green,4427325,CB,2024,College Stats,4.49,37.5,16.0,130.0,6.94,4.17,72.0,186.0,13,1.0,0.0,0,13.0,43.0,32.0,11.0,0.5,2.5,0.0,0.0,0.0,0.0,302.59999999999997,0,-0.004583473998413347,0,0.5121564001420393,1,0.020260898304570486,0,1.4497704085012535,1,0.018646627838695376,1,0.05217386231499889,0,0.17623039621828915,0,-1.1234169328061852,0,0.5752857618575975,0,-0.8086422111650544,0,-0.7833212472016914,0,-0.4728514166340949,0,2.238413760782846,0,-0.6228269971529288,0,-0.4463736434960663,0,-0.7077685229255536,0,0.11457982970541312,0,-0.1819713314890877,0,-0.9608439106098271,0,-0.38749394545440313,0,-0.2302215311947184,0,-0.2580612937396559,train
Kamal Hadden,4427356,CB,2024,College Stats,4.49,36.0,16.0,122.0,6.94,4.17,73.0,196.0,7,3.0,33.0,1,8.0,19.0,13.0,6.0,0.0,0.0,0.0,0.0,0.0,0.0,21.0,1,-0.004583473998413347,1,-0.09300026703346613,1,0.020260898304570486,1,-0.0913142707684144,1,0.018646627838695376,1,0.05217386231499889,0,0.8073811175582088,0,-0.24270929865757757,0,-2.6269072740244495,0,0.2649000346920005,0,-0.025499321011134446,0,1.3296020032087423,0,0.9630115143696514,0,-1.805507115051215,0,-1.9465910577729897,0,-1.2236543262696242,0,-0.4775441224635003,0,-1.3457414747332528,0,-0.9608439106098271,0,-0.38749394545440313,0,-0.2302215311947184,0,-0.2580612937396559,train
Cam Hart,4427404,CB,2024,College Stats,4.5,39.5,11.0,130.0,7.12,4.24,75.0,202.0,12,0.0,0.0,0,4.0,21.0,15.0,6.0,0.0,3.0,3.0,1.0,0.0,0.0,234.3,0,0.1092641059622989,0,1.3190319563760464,0,-1.3482383731444996,0,1.4497704085012535,0,1.2151385808217392,0,0.7001395717110547,0,2.069682560238048,0,0.285715281831587,0,0.04158692254392306,0,-1.3454133340935819,0,-0.7833212472016914,0,-0.4728514166340949,0,-0.05731028276090452,0,-1.706950438559691,0,-1.788673435217524,0,-1.2236543262696242,0,-0.4775441224635003,0,0.050782697159745295,0,2.3718128964602943,0,1.5374759771255349,0,-0.2302215311947184,0,-0.2580612937396559,train
Nic Jones,4427636,CB,2023,College Stats,4.51,34.5,16.0,122.0,6.94,4.34,72.0,189.0,11,2.0,12.0,0,12.0,23.0,16.0,7.0,0.0,0.0,0.0,0.0,0.0,0.0,51.2,0,0.22311168592301114,0,-0.6981569342089715,1,0.020260898304570486,0,-0.0913142707684144,1,0.018646627838695376,0,1.6258048708482702,0,0.17623039621828915,0,-0.8592046425616029,0,-0.49211191676975147,0,-0.27187108823652695,0,-0.5077496376778525,0,-0.4728514166340949,0,1.9833333115002072,0,-1.6083937620681672,0,-1.7097146239397913,0,-1.1204771656008101,0,-0.4775441224635003,0,-1.3457414747332528,0,-0.9608439106098271,0,-0.38749394545440313,0,-0.2302215311947184,0,-0.2580612937396559,train
Deantre Prince,4428283,CB,2024,College Stats,4.38,34.5,16.0,125.0,6.94,4.17,72.0,183.0,13,1.0,44.0,0,5.0,36.0,24.0,12.0,1.0,5.0,1.0,0.0,0.0,0.0,28.8,0,-1.2569068535662784,0,-0.6981569342089715,1,0.020260898304570486,0,0.4865924839577111,1,0.018646627838695376,1,0.05217386231499889,0,0.17623039621828915,0,-1.3876292230507674,0,0.5752857618575975,0,-0.8086422111650544,0,0.2271079877190512,0,-0.4728514166340949,0,0.19777016652173446,0,-0.9677753648732622,0,-1.0780441337179287,0,-0.6045913622567395,0,0.7067037818743266,0,0.9817988117550773,0,0.15004169174687998,0,-0.38749394545440313,0,-0.2302215311947184,0,-0.2580612937396559,test
Deonte Banks,4428328,CB,2023,College Stats,4.35,42.0,16.0,136.0,6.94,4.17,72.0,197.0,12,1.0,0.0,0,8.0,38.0,25.0,13.0,0.5,0.5,0.0,0.0,0.0,0.0,383.6,0,-1.598449593448425,0,2.3276264016685557,1,0.020260898304570486,0,2.6055839179535045,1,0.018646627838695376,1,0.05217386231499889,0,0.17623039621828915,0,-0.1546385352427168,0,0.04158692254392306,0,-0.8086422111650544,0,-0.7833212472016914,0,-0.4728514166340949,0,0.9630115143696514,0,-0.8692186883817383,0,-0.999085322440196,0,-0.5014142015879254,0,0.11457982970541312,0,-1.1129874460844198,0,-0.9608439106098271,0,-0.38749394545440313,0,-0.2302215311947184,0,-0.2580612937396559,train
Quincy Riley,4428350,CB,2025,College Stats,4.48,36.0,16.0,122.0,6.94,4.17,71.0,194.0,10,2.0,-3.0,0,13.0,33.0,21.0,12.0,0.0,3.0,1.0,0.0,0.0,0.0,115.8,0,-0.11843105395912559,1,-0.09300026703346613,1,0.020260898304570486,1,-0.0913142707684144,1,0.018646627838695376,1,0.05217386231499889,0,-0.45492032512163055,0,-0.4188508254872991,0,-1.025810756083426,0,-0.27187108823652695,0,-0.8522141495826511,0,-0.4728514166340949,0,2.238413760782846,0,-1.1156103796105479,0,-1.3149205675511273,0,-0.6045913622567395,0,-0.4775441224635003,0,0.050782697159745295,0,0.15004169174687998,0,-0.38749394545440313,0,-0.2302215311947184,0,-0.2580612937396559,test
Mike Sainristil,4428414,CB,2024,College Stats,4.47,40.0,14.0,131.0,6.99,4.01,69.0,182.0,15,6.0,232.0,2,6.0,44.0,26.0,18.0,1.0,4.0,2.0,0.0,0.0,0.0,432.4,0,-0.23227863391984793,0,1.5207508454345484,0,-0.5271388102750575,0,1.642405993409962,0,0.35100550366731803,0,-1.4288906163045525,0,-1.7172217678014698,0,-1.4756999864656282,0,1.6426834404849466,0,1.875213403477583,0,4.544396536925861,0,3.13205542305158,0,0.4528506158043734,0,-0.5735486589071669,0,-0.9201265111624631,0,0.014471601756145341,0,0.7067037818743266,0,0.5162907544574113,0,1.260927294103587,0,-0.38749394545440313,0,-0.2302215311947184,0,-0.2580612937396559,test
Kelee Ringo,4428992,CB,2023,College Stats,4.36,33.5,16.0,122.0,6.94,4.17,74.0,207.0,15,2.0,45.0,0,7.0,42.0,37.0,5.0,0.0,2.0,1.0,0.0,0.0,0.0,201.59999999999997,0,-1.484602013487703,0,-1.101594712325975,1,0.020260898304570486,0,-0.0913142707684144,1,0.018646627838695376,1,0.05217386231499889,0,1.4385318388981285,0,0.7260690989058909,0,1.6426834404849466,0,-0.27187108823652695,0,0.25007228851270447,0,-0.4728514166340949,0,0.7079310650870124,0,-0.6721053353986907,0,-0.05157958710740222,0,-1.3268314869384383,0,-0.4775441224635003,0,-0.4147253601379207,0,0.15004169174687998,0,-0.38749394545440313,0,-0.2302215311947184,0,-0.2580612937396559,train
Clark Phillips III,4429067,CB,2023,College Stats,4.51,33.0,18.0,122.0,6.94,4.32,69.0,184.0,12,6.0,142.0,2,6.0,24.0,16.0,8.0,1.0,2.0,0.0,0.0,0.0,0.0,170.39999999999998,0,0.22311168592301114,0,-1.303313601384477,0,0.5676606068841985,1,-0.0913142707684144,1,0.018646627838695376,0,1.4406718110208305,0,-1.7172217678014698,0,-1.2995584596359067,0,0.04158692254392306,0,1.875213403477583,0,2.477609465497069,0,3.13205542305158,0,0.4528506158043734,0,-1.5591154238224052,0,-1.7097146239397913,0,-1.017300004931996,0,0.7067037818743266,0,-0.4147253601379207,0,-0.9608439106098271,0,-0.38749394545440313,0,-0.2302215311947184,0,-0.2580612937396559,train
Kris Abrams-Draine,4429193,CB,2024,College Stats,4.44,33.5,16.0,122.0,6.94,4.17,71.0,179.0,13,4.0,9.0,0,13.0,51.0,38.0,13.0,0.0,2.5,1.0,0.0,0.0,0.0,103.19999999999999,0,-0.5738213738019847,0,-1.101594712325975,1,0.020260898304570486,1,-0.0913142707684144,1,0.018646627838695376,1,0.05217386231499889,0,-0.45492032512163055,0,-1.7399122767102106,0,0.5752857618575975,0,0.801671157620528,0,-0.5766425400588122,0,-0.4728514166340949,0,2.238413760782846,0,-0.2286002911868334,0,0.027379224170330594,0,-0.5014142015879254,0,-0.4775441224635003,0,-0.1819713314890877,0,0.15004169174687998,0,-0.38749394545440313,0,-0.2302215311947184,0,-0.2580612937396559,test
Martin Emerson,4429568,CB,2022,College Stats,4.53,36.0,16.0,122.0,6.94,4.17,74.0,201.0,12,0.0,0.0,0,3.0,49.0,31.0,18.0,0.0,3.0,0.0,0.0,0.0,0.0,506.2,0,0.45080684584444575,1,-0.09300026703346613,1,0.020260898304570486,1,-0.0913142707684144,1,0.018646627838695376,1,0.05217386231499889,0,1.4385318388981285,0,0.19764451841672626,0,0.04158692254392306,0,-1.3454133340935819,0,-0.7833212472016914,0,-0.4728514166340949,0,-0.3123907320435435,0,-0.3271569676783572,0,-0.5253324547737991,0,0.014471601756145341,0,-0.4775441224635003,0,0.050782697159745295,0,-0.9608439106098271,0,-0.38749394545440313,0,-0.2302215311947184,0,-0.2580612937396559,train
Cordale Flott,4429607,CB,2022,College Stats,4.49,36.0,16.0,122.0,6.94,4.17,73.0,175.0,11,1.0,0.0,0,3.0,41.0,28.0,13.0,0.0,1.0,1.0,0.0,0.0,0.0,399.4,1,-0.004583473998413347,1,-0.09300026703346613,1,0.020260898304570486,1,-0.0913142707684144,1,0.018646627838695376,1,0.05217386231499889,0,0.8073811175582088,0,-2.0921953303696537,0,-0.49211191676975147,0,-0.8086422111650544,0,-0.7833212472016914,0,-0.4728514166340949,0,-0.3123907320435435,0,-0.7213836736444525,0,-0.7622088886069975,0,-0.5014142015879254,0,-0.4775441224635003,0,-0.8802334174355867,0,0.15004169174687998,0,-0.38749394545440313,0,-0.2302215311947184,0,-0.2580612937396559,train
Emmanuel Forbes,4429767,CB,2023,College Stats,4.35,37.5,16.0,131.0,6.94,4.17,73.0,166.0,12,6.0,174.0,3,10.0,46.0,26.0,20.0,0.0,1.0,0.0,0.0,0.0,0.0,355.30000000000007,0,-1.598449593448425,0,0.5121564001420393,1,0.020260898304570486,0,1.642405993409962,1,0.018646627838695376,1,0.05217386231499889,0,0.8073811175582088,0,-2.8848322011034004,0,0.04158692254392306,0,1.875213403477583,0,3.2124670908939725,0,4.934508842894417,0,1.4731724129349293,0,-0.474991982415643,0,-0.9201265111624631,0,0.2208259230937736,0,-0.4775441224635003,0,-0.8802334174355867,0,-0.9608439106098271,0,-0.38749394545440313,0,-0.2302215311947184,0,-0.2580612937396559,train
Darien Porter,4430330,CB,2025,College Stats,4.3,36.5,16.0,131.0,6.71,4.04,75.0,195.0,12,3.0,5.0,0,2.0,18.0,12.0,6.0,0.0,2.0,0.0,0.0,0.0,0.0,93.4,0,-2.1676874932519965,0,0.10871862202503568,1,0.020260898304570486,0,1.642405993409962,0,-1.510204200972977,0,-1.1511910265633847,0,2.069682560238048,0,-0.3307800620724383,0,0.04158692254392306,0,0.2649000346920005,0,-0.6684997432334252,0,-0.4728514166340949,0,-0.5674711813261825,0,-1.8547854532969767,0,-2.0255498690507223,0,-1.2236543262696242,0,-0.4775441224635003,0,-0.4147253601379207,0,-0.9608439106098271,0,-0.38749394545440313,0,-0.2302215311947184,0,-0.2580612937396559,val
Jahdae Barron,4430925,CB,2025,College Stats,4.39,35.0,16.0,123.0,6.94,4.17,71.0,194.0,16,5.0,82.0,0,11.0,67.0,46.0,21.0,1.0,2.5,0.0,1.0,2.0,0.0,97.8,0,-1.143059273605566,0,-0.49643804515046974,1,0.020260898304570486,0,0.10132131414029409,1,0.018646627838695376,1,0.05217386231499889,0,-0.45492032512163055,0,-0.4188508254872991,0,2.176382279798621,0,1.3384422805490555,0,1.0997514178778744,0,-0.4728514166340949,0,1.7282528622175684,0,0.5598531207453573,0,0.6590497143921931,0,0.32400308376258774,0,0.7067037818743266,0,-0.1819713314890877,0,-0.9608439106098271,0,1.5374759771255349,0,-0.06282721672830369,0,-0.2580612937396559,test
Carrington Valentine,4430965,CB,2023,College Stats,4.49,39.0,9.0,128.0,6.94,4.17,72.0,193.0,12,1.0,0.0,0,10.0,48.0,34.0,14.0,1.0,1.5,0.0,1.0,21.0,0.0,297.19999999999993,1,-0.004583473998413347,0,1.1173130673175447,0,-1.8956380817241276,0,1.0644992386838366,1,0.018646627838695376,1,0.05217386231499889,0,0.17623039621828915,0,-0.5069215889021599,0,0.04158692254392306,0,-0.8086422111650544,0,-0.7833212472016914,0,-0.4728514166340949,0,1.4731724129349293,0,-0.37643530592411917,0,-0.28845602094060063,0,-0.3982370409191112,0,0.7067037818743266,0,-0.6474793887867537,0,-0.9608439106098271,0,1.5374759771255349,0,1.527418770702636,0,-0.2580612937396559,train
Caelen Carson,4431006,CB,2024,College Stats,4.49,36.0,16.0,122.0,6.94,4.17,72.0,199.0,11,0.0,0.0,0,8.0,42.0,29.0,13.0,0.0,1.0,1.0,1.0,0.0,0.0,102.79999999999998,1,-0.004583473998413347,1,-0.09300026703346613,1,0.020260898304570486,1,-0.0913142707684144,1,0.018646627838695376,1,0.05217386231499889,0,0.17623039621828915,0,0.021502991587004718,0,-0.49211191676975147,0,-1.3454133340935819,0,-0.7833212472016914,0,-0.4728514166340949,0,0.9630115143696514,0,-0.6721053353986907,0,-0.6832500773292647,0,-0.5014142015879254,0,-0.4775441224635003,0,-0.8802334174355867,0,0.15004169174687998,0,1.5374759771255349,0,-0.2302215311947184,0,-0.2580612937396559,train
Andru Phillips,4431321,CB,2024,College Stats,4.48,42.0,16.0,135.0,6.94,4.17,71.0,190.0,12,0.0,0.0,0,5.0,47.0,33.0,14.0,0.0,1.5,0.0,0.0,0.0,0.0,305.99999999999994,0,-0.11843105395912559,0,2.3276264016685557,1,0.020260898304570486,0,2.4129483330447963,1,0.018646627838695376,1,0.05217386231499889,0,-0.45492032512163055,0,-0.7711338791467421,0,0.04158692254392306,0,-1.3454133340935819,0,-0.7833212472016914,0,-0.4728514166340949,0,0.19777016652173446,0,-0.42571364416988106,0,-0.3674148322183335,0,-0.3982370409191112,0,-0.4775441224635003,0,-0.6474793887867537,0,-0.9608439106098271,0,-0.38749394545440313,0,-0.2302215311947184,0,-0.2580612937396559,train
Tarheeb Still,4432571,CB,2024,College Stats,4.52,38.0,16.0,120.0,6.94,4.17,72.0,189.0,10,5.0,29.0,0,2.0,45.0,31.0,14.0,0.0,2.0,0.0,0.0,0.0,0.0,292.29999999999995,0,0.3369592658837234,0,0.7138752892005411,1,0.020260898304570486,0,-0.4765854405858314,1,0.018646627838695376,1,0.05217386231499889,0,0.17623039621828915,0,-0.8592046425616029,0,-1.025810756083426,0,1.3384422805490555,0,-0.11735652418574741,0,-0.4728514166340949,0,-0.5674711813261825,0,-0.5242703206614049,0,-0.5253324547737991,0,-0.3982370409191112,0,-0.4775441224635003,0,-0.4147253601379207,0,-0.9608439106098271,0,-0.38749394545440313,0,-0.2302215311947184,0,-0.2580612937396559,train
Denzel Burke,4432668,CB,2025,College Stats,4.48,36.0,16.0,122.0,6.94,4.17,71.0,186.0,16,2.0,31.0,0,2.0,48.0,37.0,11.0,0.0,3.0,0.0,0.0,0.0,0.0,153.0,0,-0.11843105395912559,1,-0.09300026703346613,1,0.020260898304570486,1,-0.0913142707684144,1,0.018646627838695376,1,0.05217386231499889,0,-0.45492032512163055,0,-1.1234169328061852,0,2.176382279798621,0,-0.27187108823652695,0,-0.07142792259844093,0,-0.4728514166340949,0,-0.5674711813261825,0,-0.37643530592411917,0,-0.05157958710740222,0,-0.7077685229255536,0,-0.4775441224635003,0,0.050782697159745295,0,-0.9608439106098271,0,-0.38749394545440313,0,-0.2302215311947184,0,-0.2580612937396559,val
Jason Marshall Jr.,4432730,CB,2025,College Stats,4.49,37.5,16.0,125.0,6.94,4.17,72.0,194.0,7,0.0,0.0,0,4.0,20.0,13.0,7.0,0.0,1.5,1.0,0.0,0.0,0.0,70.39999999999999,0,-0.004583473998413347,0,0.5121564001420393,1,0.020260898304570486,0,0.4865924839577111,1,0.018646627838695376,1,0.05217386231499889,0,0.17623039621828915,0,-0.4188508254872991,0,-2.6269072740244495,0,-1.3454133340935819,0,-0.7833212472016914,0,-0.4728514166340949,0,-0.05731028276090452,0,-1.756228776805453,0,-1.9465910577729897,0,-1.1204771656008101,0,-0.4775441224635003,0,-0.6474793887867537,0,0.15004169174687998,0,-0.38749394545440313,0,-0.2302215311947184,0,-0.2580612937396559,train
Kool-Aid McKinstry,4433975,CB,2024,College Stats,4.49,36.0,16.0,122.0,6.94,4.17,72.0,199.0,14,0.0,0.0,0,7.0,32.0,24.0,8.0,0.0,2.0,0.0,0.0,0.0,0.0,313.8,1,-0.004583473998413347,1,-0.09300026703346613,1,0.020260898304570486,1,-0.0913142707684144,1,0.018646627838695376,1,0.05217386231499889,0,0.17623039621828915,0,0.021502991587004718,0,1.108984601171272,0,-1.3454133340935819,0,-0.7833212472016914,0,-0.4728514166340949,0,0.7079310650870124,0,-1.1648887178563099,0,-1.0780441337179287,0,-1.017300004931996,0,-0.4775441224635003,0,-0.4147253601379207,0,-0.9608439106098271,0,-0.38749394545440313,0,-0.2302215311947184,0,-0.2580612937396559,train
Upton Stout,4565200,CB,2025,College Stats,4.44,37.5,21.0,128.0,6.94,4.29,69.0,181.0,12,1.0,24.0,0,1.0,52.0,29.0,23.0,1.0,7.5,0.0,0.0,0.0,0.0,158.20000000000002,0,-0.5738213738019847,0,0.5121564001420393,0,1.3887601697536405,0,1.0644992386838366,1,0.018646627838695376,0,1.1629722212796625,0,-1.7172217678014698,0,-1.5637707498804891,0,0.04158692254392306,0,-0.8086422111650544,0,-0.23217802815401362,0,-0.4728514166340949,0,-0.8225516306088214,0,-0.17932195294107148,0,-0.6832500773292647,0,0.530357405100216,0,0.7067037818743266,0,2.1455689549992427,0,-0.9608439106098271,0,-0.38749394545440313,0,-0.2302215311947184,0,-0.2580612937396559,train
Ennis Rakestraw Jr.,4566092,CB,2024,College Stats,4.51,36.0,16.0,120.0,6.94,4.17,71.0,183.0,9,0.0,0.0,0,4.0,35.0,24.0,11.0,0.0,1.5,1.0,0.0,0.0,0.0,19.6,0,0.22311168592301114,1,-0.09300026703346613,1,0.020260898304570486,0,-0.4765854405858314,1,0.018646627838695376,1,0.05217386231499889,0,-0.45492032512163055,0,-1.3876292230507674,0,-1.5595095953971005,0,-1.3454133340935819,0,-0.7833212472016914,0,-0.4728514166340949,0,-0.05731028276090452,0,-1.017053703119024,0,-1.0780441337179287,0,-0.7077685229255536,0,-0.4775441224635003,0,-0.6474793887867537,0,0.15004169174687998,0,-0.38749394545440313,0,-0.2302215311947184,0,-0.2580612937396559,train
Nehemiah Pritchett,4567222,CB,2024,College Stats,4.36,34.5,16.0,122.0,6.94,4.17,72.0,190.0,9,1.0,33.0,0,3.0,22.0,18.0,4.0,0.0,1.0,0.0,0.0,0.0,0.0,85.0,0,-1.484602013487703,0,-0.6981569342089715,1,0.020260898304570486,1,-0.0913142707684144,1,0.018646627838695376,1,0.05217386231499889,0,0.17623039621828915,0,-0.7711338791467421,0,-1.5595095953971005,0,-0.8086422111650544,0,-0.025499321011134446,0,-0.4728514166340949,0,-0.3123907320435435,0,-1.6576721003139292,0,-1.5517970013843256,0,-1.4300086476072524,0,-0.4775441224635003,0,-0.8802334174355867,0,-0.9608439106098271,0,-0.38749394545440313,0,-0.2302215311947184,0,-0.2580612937396559,train
Kaiir Elam,4567399,CB,2022,College Stats,4.39,36.0,16.0,122.0,6.94,4.17,74.0,191.0,10,1.0,0.0,0,5.0,29.0,16.0,13.0,0.0,1.5,0.0,0.0,0.0,0.0,299.1,0,-1.143059273605566,1,-0.09300026703346613,1,0.020260898304570486,1,-0.0913142707684144,1,0.018646627838695376,1,0.05217386231499889,0,1.4385318388981285,0,-0.6830631157318814,0,-1.025810756083426,0,-0.8086422111650544,0,-0.7833212472016914,0,-0.4728514166340949,0,0.19777016652173446,0,-1.3127237325935956,0,-1.7097146239397913,0,-0.5014142015879254,0,-0.4775441224635003,0,-0.6474793887867537,0,-0.9608439106098271,0,-0.38749394545440313,0,-0.2302215311947184,0,-0.2580612937396559,train
Damarion Williams,4567480,CB,2022,College Stats,4.49,34.5,17.0,118.0,6.94,4.17,70.0,182.0,14,1.0,0.0,0,9.0,63.0,53.0,10.0,0.0,3.0,0.0,0.0,0.0,0.0,60.39999999999999,1,-0.004583473998413347,0,-0.6981569342089715,0,0.2939607525943845,0,-0.8618566104032483,1,0.018646627838695376,1,0.05217386231499889,0,-1.0860710464615502,0,-1.4756999864656282,0,1.108984601171272,0,-0.8086422111650544,0,-0.7833212472016914,0,-0.4728514166340949,0,1.2180919636522902,0,0.36273976776230965,0,1.2117613933363227,0,-0.8109456835943677,0,-0.4775441224635003,0,0.050782697159745295,0,-0.9608439106098271,0,-0.38749394545440313,0,-0.2302215311947184,0,-0.2580612937396559,train
Jay Ward,4568007,CB,2023,College Stats,4.55,34.5,16.0,132.0,6.94,4.17,73.0,188.0,13,1.0,18.0,0,4.0,59.0,43.0,16.0,0.0,2.5,0.0,1.0,23.0,1.0,131.0,0,0.6785020057658702,0,-0.6981569342089715,0,0.020260898304570486,0,1.8350415783186707,1,0.018646627838695376,1,0.05217386231499889,0,0.8073811175582088,0,-0.9472754059764636,0,0.5752857618575975,0,-0.8086422111650544,0,-0.36996383291593304,0,-0.4728514166340949,0,-0.05731028276090452,0,0.16562641477926196,0,0.42217328055899467,0,-0.19188271958148292,0,-0.4775441224635003,0,-0.1819713314890877,0,-0.9608439106098271,0,1.5374759771255349,0,1.6948130851690506,0,3.7160826298510456,val
Garrett Williams,4568506,CB,2023,College Stats,4.49,36.0,16.0,122.0,6.94,4.17,70.0,192.0,7,2.0,5.0,0,3.0,35.0,24.0,11.0,1.0,1.5,0.0,1.0,5.0,0.0,312.4,1,-0.004583473998413347,1,-0.09300026703346613,1,0.020260898304570486,1,-0.0913142707684144,1,0.018646627838695376,1,0.05217386231499889,0,-1.0860710464615502,0,-0.5949923523170206,0,-2.6269072740244495,0,-0.27187108823652695,0,-0.6684997432334252,0,-0.4728514166340949,0,-0.3123907320435435,0,-1.017053703119024,0,-1.0780441337179287,0,-0.7077685229255536,0,0.7067037818743266,0,-0.6474793887867537,0,-0.9608439106098271,0,1.5374759771255349,0,0.18826425497131835,0,-0.2580612937396559,train
Dorian Strong,4568703,CB,2025,College Stats,4.5,36.0,15.0,116.0,6.94,4.17,73.0,185.0,12,2.0,-7.0,0,6.0,32.0,20.0,12.0,0.0,0.0,1.0,1.0,12.0,0.0,19.6,0,0.1092641059622989,0,-0.09300026703346613,0,-0.2534389559852435,0,-1.2471277802206653,1,0.018646627838695376,1,0.05217386231499889,0,0.8073811175582088,0,-1.211487696221046,0,0.04158692254392306,0,-0.27187108823652695,0,-0.9440713527572641,0,-0.4728514166340949,0,0.4528506158043734,0,-1.1648887178563099,0,-1.39387937882886,0,-0.6045913622567395,0,-0.4775441224635003,0,-1.3457414747332528,0,0.15004169174687998,0,1.5374759771255349,0,0.7741443556037698,0,-0.2580612937396559,train
Cameron Mitchell,4569607,CB,2023,College Stats,4.47,35.0,15.0,122.0,6.94,4.17,71.0,191.0,11,1.0,33.0,0,9.0,52.0,38.0,14.0,1.0,2.5,1.0,1.0,0.0,0.0,200.7,0,-0.23227863391984793,0,-0.49643804515046974,0,-0.2534389559852435,1,-0.0913142707684144,1,0.018646627838695376,1,0.05217386231499889,0,-0.45492032512163055,0,-0.6830631157318814,0,-0.49211191676975147,0,-0.8086422111650544,0,-0.025499321011134446,0,-0.4728514166340949,0,1.2180919636522902,0,-0.17932195294107148,0,0.027379224170330594,0,-0.3982370409191112,0,0.7067037818743266,0,-0.1819713314890877,0,0.15004169174687998,0,1.5374759771255349,0,-0.2302215311947184,0,-0.2580612937396559,train
Jaquan Brisker,4570044,S,2022,College Stats,4.49,34.5,22.0,124.0,6.94,4.17,73.0,199.0,12,2.0,39.0,0,5.0,64.0,38.0,26.0,0.0,6.0,0.0,1.0,12.0,0.0,676.2,0,-0.004583473998413347,0,-0.6981569342089715,0,1.6624600240434546,0,0.2939568990490026,1,0.018646627838695376,1,0.05217386231499889,0,0.8073811175582088,0,0.021502991587004718,0,0.04158692254392306,0,-0.27187108823652695,0,0.112286483750785,0,-0.4728514166340949,0,0.19777016652173446,0,0.4120181060080716,0,0.027379224170330594,0,0.8398888871066584,0,-0.4775441224635003,0,1.4473068690527433,0,-0.9608439106098271,0,1.5374759771255349,0,0.7741443556037698,0,-0.2580612937396559,train
Cam Smith,4570672,CB,2023,College Stats,4.43,38.0,16.0,134.0,6.94,4.17,73.0,180.0,11,1.0,0.0,0,5.0,27.0,23.0,4.0,0.0,1.0,0.0,0.0,0.0,0.0,54.599999999999994,0,-0.687668953762707,0,0.7138752892005411,1,0.020260898304570486,0,2.2203127481360876,1,0.018646627838695376,1,0.05217386231499889,0,0.8073811175582088,0,-1.65184151329535,0,-0.49211191676975147,0,-0.8086422111650544,0,-0.7833212472016914,0,-0.4728514166340949,0,0.19777016652173446,0,-1.4112804090851194,0,-1.1570029449956616,0,-1.4300086476072524,0,-0.4775441224635003,0,-0.8802334174355867,0,-0.9608439106098271,0,-0.38749394545440313,0,-0.2302215311947184,0,-0.2580612937396559,train
DJ Turner,4572036,CB,2023,College Stats,4.26,38.5,16.0,131.0,6.94,4.17,71.0,178.0,14,1.0,0.0,0,10.0,36.0,27.0,9.0,0.0,1.0,0.0,1.0,45.0,1.0,365.4,0,-2.6230778130948558,0,0.9155941782590429,1,0.020260898304570486,0,1.642405993409962,1,0.018646627838695376,1,0.05217386231499889,0,-0.45492032512163055,0,-1.8279830401250714,0,1.108984601171272,0,-0.8086422111650544,0,-0.7833212472016914,0,-0.4728514166340949,0,1.4731724129349293,0,-0.9677753648732622,0,-0.8411676998847303,0,-0.9141228442631819,0,-0.4775441224635003,0,-0.8802334174355867,0,-0.9608439106098271,0,1.5374759771255349,0,3.536150544299612,0,3.7160826298510456,train
Trey Amos,4574689,CB,2025,College Stats,4.43,32.5,13.0,126.0,6.94,4.17,73.0,195.0,13,3.0,-1.0,0,13.0,50.0,39.0,11.0,0.0,3.5,1.0,0.0,0.0,0.0,80.4,0,-0.687668953762707,0,-1.5050324904429788,0,-0.8008386645648715,0,0.6792280688664196,1,0.018646627838695376,1,0.05217386231499889,0,0.8073811175582088,0,-0.3307800620724383,0,0.5752857618575975,0,0.2649000346920005,0,-0.8062855479953446,0,-0.4728514166340949,0,2.238413760782846,0,-0.27787862943259534,0,0.1063380354480634,0,-0.7077685229255536,0,-0.4775441224635003,0,0.2835367258085783,0,0.15004169174687998,0,-0.38749394545440313,0,-0.2302215311947184,0,-0.2580612937396559,train
Devon Witherspoon,4575431,CB,2023,College Stats,4.49,36.0,16.0,122.0,6.94,4.17,72.0,181.0,12,3.0,97.0,0,14.0,41.0,32.0,9.0,0.0,2.5,0.0,0.0,0.0,0.0,551.5,1,-0.004583473998413347,1,-0.09300026703346613,1,0.020260898304570486,1,-0.0913142707684144,1,0.018646627838695376,1,0.05217386231499889,0,0.17623039621828915,0,-1.5637707498804891,0,0.04158692254392306,0,0.2649000346920005,0,1.4442159297826729,0,-0.4728514166340949,0,2.493494210065485,0,-0.7213836736444525,0,-0.4463736434960663,0,-0.9141228442631819,0,-0.4775441224635003,0,-0.1819713314890877,0,-0.9608439106098271,0,-0.38749394545440313,0,-0.2302215311947184,0,-0.2580612937396559,train
Kyle Hamilton,4575517,S,2022,College Stats,4.59,38.0,16.0,131.0,6.9,4.32,76.0,220.0,7,3.0,0.0,0,4.0,34.0,19.0,15.0,0.0,2.0,0.0,0.0,0.0,0.0,775.2,0,1.1338923256087292,0,0.7138752892005411,1,0.020260898304570486,0,1.642405993409962,0,-0.24724047282420392,0,1.4406718110208305,0,2.700833281577968,0,1.8709890232990807,0,-2.6269072740244495,0,0.2649000346920005,0,-0.7833212472016914,0,-0.4728514166340949,0,-0.05731028276090452,0,-1.066332041364786,0,-1.4728381901065928,0,-0.29505988025029706,0,-0.4775441224635003,0,-0.4147253601379207,0,-0.9608439106098271,0,-0.38749394545440313,0,-0.2302215311947184,0,-0.2580612937396559,val
Terrion Arnold,4592837,CB,2024,College Stats,4.5,37.0,16.0,129.0,6.94,4.17,72.0,189.0,14,5.0,69.0,0,12.0,63.0,40.0,23.0,1.0,6.5,1.0,0.0,0.0,0.0,232.8,0,0.1092641059622989,0,0.3104375110835375,1,0.020260898304570486,0,1.257134823592545,1,0.018646627838695376,1,0.05217386231499889,0,0.17623039621828915,0,-0.8592046425616029,0,1.108984601171272,0,1.3384422805490555,0,0.8012155075603822,0,-0.4728514166340949,0,1.9833333115002072,0,0.36273976776230965,0,0.18529684672579622,0,0.530357405100216,0,0.7067037818743266,0,1.6800608977015763,0,0.15004169174687998,0,-0.38749394545440313,0,-0.2302215311947184,0,-0.2580612937396559,test
Jaylin Smith,4594277,CB,2025,College Stats,4.45,32.5,16.0,122.0,6.94,4.17,71.0,187.0,10,2.0,0.0,0,2.0,59.0,40.0,19.0,0.0,4.0,0.0,0.0,0.0,0.0,13.999999999999998,0,-0.4599737938412724,0,-1.5050324904429788,1,0.020260898304570486,0,-0.0913142707684144,1,0.018646627838695376,1,0.05217386231499889,0,-0.45492032512163055,0,-1.0353461693913244,0,-1.025810756083426,0,-0.27187108823652695,0,-0.7833212472016914,0,-0.4728514166340949,0,-0.5674711813261825,0,0.16562641477926196,0,0.18529684672579622,0,0.11764876242495947,0,-0.4775441224635003,0,0.5162907544574113,0,-0.9608439106098271,0,-0.38749394545440313,0,-0.2302215311947184,0,-0.2580612937396559,train
Jordan Hancock,4596480,CB,2025,College Stats,4.49,36.0,16.0,122.0,6.94,4.17,72.0,195.0,16,1.0,0.0,0,8.0,48.0,29.0,19.0,0.5,1.5,2.0,0.0,0.0,0.0,49.0,1,-0.004583473998413347,1,-0.09300026703346613,1,0.020260898304570486,1,-0.0913142707684144,1,0.018646627838695376,1,0.05217386231499889,0,0.17623039621828915,0,-0.3307800620724383,0,2.176382279798621,0,-0.8086422111650544,0,-0.7833212472016914,0,-0.4728514166340949,0,0.9630115143696514,0,-0.37643530592411917,0,-0.6832500773292647,0,0.11764876242495947,0,0.11457982970541312,0,-0.6474793887867537,0,1.260927294103587,0,-0.38749394545440313,0,-0.2302215311947184,0,-0.2580612937396559,train
Nate Wiggins,4601278,CB,2024,College Stats,4.28,36.0,16.0,127.0,6.94,4.17,73.0,173.0,10,2.0,52.0,1,6.0,29.0,23.0,6.0,1.0,1.0,2.0,0.0,0.0,0.0,322.6,0,-2.395382653173421,0,-0.09300026703346613,1,0.020260898304570486,0,0.8718636537751281,1,0.018646627838695376,1,0.05217386231499889,0,0.8073811175582088,0,-2.268336857199375,0,-1.025810756083426,0,-0.27187108823652695,0,0.41082239406827714,0,1.3296020032087423,0,0.4528506158043734,0,-1.3127237325935956,0,-1.1570029449956616,0,-1.2236543262696242,0,0.7067037818743266,0,-0.8802334174355867,0,1.260927294103587,0,-0.38749394545440313,0,-0.2302215311947184,0,-0.2580612937396559,val
Kamari Lassiter,4602699,CB,2024,College Stats,4.49,36.0,16.0,122.0,6.62,4.12,72.0,186.0,14,0.0,0.0,0,8.0,37.0,21.0,16.0,0.5,3.5,0.0,0.0,0.0,0.0,396.8,1,-0.004583473998413347,1,-0.09300026703346613,1,0.020260898304570486,1,-0.0913142707684144,0,-2.108450177464499,0,-0.4106587872536089,0,0.17623039621828915,0,-1.1234169328061852,0,1.108984601171272,0,-1.3454133340935819,0,-0.7833212472016914,0,-0.4728514166340949,0,0.9630115143696514,0,-0.9184970266275003,0,-1.3149205675511273,0,-0.19188271958148292,0,0.11457982970541312,0,0.2835367258085783,0,-0.9608439106098271,0,-0.38749394545440313,0,-0.2302215311947184,0,-0.2580612937396559,val
Decamerion Richardson,4605498,CB,2024,College Stats,4.34,35.0,16.0,128.0,6.94,4.17,74.0,188.0,12,0.0,0.0,0,7.0,79.0,43.0,36.0,1.0,1.0,0.0,0.0,0.0,0.0,128.39999999999998,0,-1.7122971734091375,0,-0.49643804515046974,1,0.020260898304570486,0,1.0644992386838366,1,0.018646627838695376,1,0.05217386231499889,0,1.4385318388981285,0,-0.9472754059764636,0,0.04158692254392306,0,-1.3454133340935819,0,-0.7833212472016914,0,-0.4728514166340949,0,0.7079310650870124,0,1.1511931796945003,0,0.42217328055899467,0,1.8716604937947998,0,0.7067037818743266,0,-0.8802334174355867,0,-0.9608439106098271,0,-0.38749394545440313,0,-0.2302215311947184,0,-0.2580612937396559,train
Nohl Williams,4610705,CB,2025,College Stats,4.5,33.5,19.0,120.0,6.94,4.17,72.0,199.0,13,7.0,54.0,1,9.0,52.0,33.0,19.0,0.0,1.0,1.0,0.0,0.0,0.0,119.19999999999999,0,0.1092641059622989,0,-1.101594712325975,0,0.8413604611740125,0,-0.4765854405858314,1,0.018646627838695376,1,0.05217386231499889,0,0.17623039621828915,0,0.021502991587004718,0,0.5752857618575975,0,2.4119845264061106,0,0.4567509956555836,0,1.3296020032087423,0,1.2180919636522902,0,-0.17932195294107148,0,-0.3674148322183335,0,0.11764876242495947,0,-0.4775441224635003,0,-0.8802334174355867,0,0.15004169174687998,0,-0.38749394545440313,0,-0.2302215311947184,0,-0.2580612937396559,train
Cooper DeJean,4682618,CB,2024,College Stats,4.49,36.0,16.0,122.0,6.94,4.17,73.0,203.0,10,2.0,41.0,0,5.0,41.0,26.0,15.0,0.0,2.0,0.0,0.0,0.0,0.0,341.1,1,-0.004583473998413347,1,-0.09300026703346613,1,0.020260898304570486,1,-0.0913142707684144,1,0.018646627838695376,1,0.05217386231499889,0,0.8073811175582088,0,0.37378604524644776,0,-1.025810756083426,0,-0.27187108823652695,0,0.15821508533809148,0,-0.4728514166340949,0,0.19777016652173446,0,-0.7213836736444525,0,-0.9201265111624631,0,-0.29505988025029706,0,-0.4775441224635003,0,-0.4147253601379207,0,-0.9608439106098271,0,-0.38749394545440313,0,-0.2302215311947184,0,-0.2580612937396559,train
Jaylon Jones,4685145,CB,2023,College Stats,4.57,38.0,14.0,122.0,6.88,4.3,74.0,200.0,12,0.0,0.0,0,8.0,13.0,10.0,3.0,0.0,0.0,0.0,0.0,0.0,0.0,378.0,0,0.9061971656873048,0,0.7138752892005411,0,-0.5271388102750575,0,-0.0913142707684144,0,-0.3801840231556565,0,1.2555387511933824,0,1.4385318388981285,0,0.10957375500186549,0,0.04158692254392306,0,-1.3454133340935819,0,-0.7833212472016914,0,-0.4728514166340949,0,0.9630115143696514,0,-2.1011771445257863,0,-2.183467491606188,0,-1.5331858082760668,0,-0.4775441224635003,0,-1.3457414747332528,0,-0.9608439106098271,0,-0.38749394545440313,0,-0.2302215311947184,0,-0.2580612937396559,val
Will Johnson,4685408,CB,2025,College Stats,4.49,36.0,16.0,122.0,6.94,4.17,74.0,194.0,6,2.0,128.0,2,3.0,14.0,12.0,2.0,0.0,1.0,0.0,0.0,0.0,0.0,104.6,1,-0.004583473998413347,1,-0.09300026703346613,1,0.020260898304570486,1,-0.0913142707684144,1,0.018646627838695376,1,0.05217386231499889,0,1.4385318388981285,0,-0.4188508254872991,0,-3.160606113338124,0,-0.27187108823652695,0,2.1561092543859237,0,3.13205542305158,0,-0.3123907320435435,0,-2.0518988062800245,0,-2.0255498690507223,0,-1.6363629689448809,0,-0.4775441224635003,0,-0.8802334174355867,0,-0.9608439106098271,0,-0.38749394545440313,0,-0.2302215311947184,0,-0.2580612937396559,train
Azareye'h Thomas,4685596,CB,2025,College Stats,4.49,36.0,16.0,122.0,6.94,4.17,74.0,197.0,12,1.0,0.0,0,4.0,52.0,35.0,17.0,0.0,1.5,0.0,0.0,0.0,0.0,72.8,1,-0.004583473998413347,1,-0.09300026703346613,1,0.020260898304570486,0,-0.0913142707684144,1,0.018646627838695376,1,0.05217386231499889,0,1.4385318388981285,0,-0.1546385352427168,0,0.04158692254392306,0,-0.8086422111650544,0,-0.7833212472016914,0,-0.4728514166340949,0,-0.05731028276090452,0,-0.17932195294107148,0,-0.20949720966286783,0,-0.08870555891266879,0,-0.4775441224635003,0,-0.6474793887867537,0,-0.9608439106098271,0,-0.38749394545440313,0,-0.2302215311947184,0,-0.2580612937396559,train
Darrell Luter Jr.,4685978,CB,2023,College Stats,4.46,40.5,16.0,123.0,6.9,4.43,72.0,189.0,13,1.0,21.0,0,7.0,42.0,29.0,13.0,0.0,0.5,0.0,0.0,0.0,0.0,94.6,0,-0.3461262138805602,0,1.7224697344930502,1,0.020260898304570486,0,0.10132131414029409,0,-0.24724047282420392,0,2.458903640071766,0,0.17623039621828915,0,-0.8592046425616029,0,0.5752857618575975,0,-0.8086422111650544,0,-0.30107093053497336,0,-0.4728514166340949,0,0.7079310650870124,0,-0.6721053353986907,0,-0.6832500773292647,0,-0.5014142015879254,0,-0.4775441224635003,0,-1.1129874460844198,0,-0.9608439106098271,0,-0.38749394545440313,0,-0.2302215311947184,0,-0.2580612937396559,train
Quinyon Mitchell,4686273,CB,2024,College Stats,4.33,38.0,20.0,122.0,6.94,4.17,72.0,195.0,13,1.0,3.0,0,18.0,41.0,32.0,9.0,0.0,2.0,0.0,0.0,0.0,0.0,276.6,0,-1.8261447533698496,0,0.7138752892005411,0,1.1150603154638266,0,-0.0913142707684144,1,0.018646627838695376,1,0.05217386231499889,0,0.17623039621828915,0,-0.3307800620724383,0,0.5752857618575975,0,-0.8086422111650544,0,-0.7144283448207317,0,-0.4728514166340949,0,3.513816007196041,0,-0.7213836736444525,0,-0.4463736434960663,0,-0.9141228442631819,0,-0.4775441224635003,0,-0.4147253601379207,0,-0.9608439106098271,0,-0.38749394545440313,0,-0.2302215311947184,0,-0.2580612937396559,train
Christian Gonzalez,4686772,CB,2023,College Stats,4.38,41.5,14.0,133.0,6.94,4.17,73.0,197.0,12,4.0,118.0,0,7.0,50.0,35.0,15.0,0.0,1.0,0.0,0.0,0.0,0.0,361.0,0,-1.2569068535662784,0,2.1259075126100537,0,-0.5271388102750575,0,2.027677163227379,1,0.018646627838695376,1,0.05217386231499889,0,0.8073811175582088,0,-0.1546385352427168,0,0.04158692254392306,0,0.801671157620528,0,1.9264662464493911,0,-0.4728514166340949,0,0.7079310650870124,0,-0.27787862943259534,0,-0.20949720966286783,0,-0.29505988025029706,0,-0.4775441224635003,0,-0.8802334174355867,0,-0.9608439106098271,0,-0.38749394545440313,0,-0.2302215311947184,0,-0.2580612937396559,test
Jakorian Bennett,4686911,CB,2023,College Stats,4.3,40.5,13.0,133.0,6.94,4.17,71.0,188.0,12,2.0,0.0,0,11.0,39.0,26.0,13.0,0.0,1.5,0.0,0.0,0.0,0.0,183.2,0,-2.1676874932519965,0,1.7224697344930502,0,-0.8008386645648715,0,2.027677163227379,1,0.018646627838695376,1,0.05217386231499889,0,-0.45492032512163055,0,-0.9472754059764636,0,0.04158692254392306,0,-0.27187108823652695,0,-0.7833212472016914,0,-0.4728514166340949,0,1.7282528622175684,0,-0.8199403501359764,0,-0.9201265111624631,0,-0.5014142015879254,0,-0.4775441224635003,0,-0.6474793887867537,0,-0.9608439106098271,0,-0.38749394545440313,0,-0.2302215311947184,0,-0.2580612937396559,train
Maxwell Hairston,4688931,CB,2025,College Stats,4.28,39.5,16.0,129.0,6.94,4.17,71.0,183.0,7,1.0,25.0,1,4.0,19.0,15.0,4.0,1.0,1.0,2.0,0.0,0.0,0.0,72.6,0,-2.395382653173421,0,1.3190319563760464,1,0.020260898304570486,0,1.257134823592545,1,0.018646627838695376,1,0.05217386231499889,0,-0.45492032512163055,0,-1.3876292230507674,0,-2.6269072740244495,0,-0.8086422111650544,0,-0.20921372736036037,0,1.3296020032087423,0,-0.05731028276090452,0,-1.805507115051215,0,-1.788673435217524,0,-1.4300086476072524,0,0.7067037818743266,0,-0.8802334174355867,0,1.260927294103587,0,-0.38749394545440313,0,-0.2302215311947184,0,-0.2580612937396559,train
Brian Branch,4692025,CB,2023,College Stats,4.58,34.5,14.0,125.0,6.94,4.17,72.0,190.0,13,2.0,2.0,0,7.0,90.0,58.0,32.0,3.0,14.0,0.0,0.0,0.0,0.0,620.7,0,1.020044745648017,0,-0.6981569342089715,0,-0.5271388102750575,0,0.4865924839577111,1,0.018646627838695376,1,0.05217386231499889,0,0.17623039621828915,0,-0.7711338791467421,0,0.5752857618575975,0,-0.27187108823652695,0,-0.7373926456143849,0,-0.4728514166340949,0,0.7079310650870124,0,1.6932549003978816,0,1.6065554497249868,0,1.4589518511195432,0,3.0751995905499805,0,5.171371327434072,0,-0.9608439106098271,0,-0.38749394545440313,0,-0.2302215311947184,0,-0.2580612937396559,train
Chau Smith-Wade,4697636,CB,2024,College Stats,4.54,34.5,18.0,125.0,7.05,4.32,70.0,184.0,7,0.0,0.0,0,6.0,35.0,22.0,13.0,0.0,2.0,0.0,0.0,0.0,0.0,199.8,0,0.564654425805158,0,-0.6981569342089715,0,0.5676606068841985,0,0.4865924839577111,0,0.7498361546616641,0,1.4406718110208305,0,-1.0860710464615502,0,-1.2995584596359067,0,-2.6269072740244495,0,-1.3454133340935819,0,-0.7833212472016914,0,-0.4728514166340949,0,0.4528506158043734,0,-1.017053703119024,0,-1.2359617562733944,0,-0.5014142015879254,0,-0.4775441224635003,0,-0.4147253601379207,0,-0.9608439106098271,0,-0.38749394545440313,0,-0.2302215311947184,0,-0.2580612937396559,train
Jaylen Watson,4697639,CB,2022,College Stats,4.51,36.0,18.0,122.0,6.94,4.17,74.0,197.0,12,2.0,11.0,0,3.0,31.0,23.0,8.0,0.0,1.0,0.0,4.0,49.0,0.0,442.8,0,0.22311168592301114,1,-0.09300026703346613,0,0.5676606068841985,1,-0.0913142707684144,1,0.018646627838695376,1,0.05217386231499889,0,1.4385318388981285,0,-0.1546385352427168,0,0.04158692254392306,0,-0.27187108823652695,0,-0.5307139384715057,0,-0.4728514166340949,0,-0.3123907320435435,0,-1.2141670561020719,0,-1.1570029449956616,0,-1.017300004931996,0,-0.4775441224635003,0,-0.8802334174355867,0,-0.9608439106098271,0,7.312385744865349,0,3.8709391732324416,0,-0.2580612937396559,val
Max Melton,4698113,CB,2024,College Stats,4.39,40.5,16.0,136.0,6.94,4.17,71.0,187.0,12,3.0,5.0,0,6.0,32.0,21.0,11.0,1.0,4.0,1.0,1.0,0.0,0.0,188.6,0,-1.143059273605566,0,1.7224697344930502,1,0.020260898304570486,0,2.6055839179535045,1,0.018646627838695376,1,0.05217386231499889,0,-0.45492032512163055,0,-1.0353461693913244,0,0.04158692254392306,0,0.2649000346920005,0,-0.6684997432334252,0,-0.4728514166340949,0,0.4528506158043734,0,-1.1648887178563099,0,-1.3149205675511273,0,-0.7077685229255536,0,0.7067037818743266,0,0.5162907544574113,0,0.15004169174687998,0,1.5374759771255349,0,-0.2302215311947184,0,-0.2580612937396559,train
Benjamin Morrison,4816107,CB,2025,College Stats,4.49,36.0,16.0,122.0,6.94,4.17,72.0,193.0,6,0.0,0.0,0,4.0,20.0,14.0,6.0,0.0,0.0,0.0,0.0,0.0,0.0,64.8,1,-0.004583473998413347,1,-0.09300026703346613,1,0.020260898304570486,1,-0.0913142707684144,1,0.018646627838695376,1,0.05217386231499889,0,0.17623039621828915,0,-0.5069215889021599,0,-3.160606113338124,0,-1.3454133340935819,0,-0.7833212472016914,0,-0.4728514166340949,0,-0.05731028276090452,0,-1.756228776805453,0,-1.8676322464952568,0,-1.2236543262696242,0,-0.4775441224635003,0,-1.3457414747332528,0,-0.9608439106098271,0,-0.38749394545440313,0,-0.2302215311947184,0,-0.2580612937396559,train
Marcellas Dial,4875079,CB,2024,College Stats,4.46,40.5,16.0,129.0,6.94,4.17,72.0,190.0,12,0.0,0.0,0,10.0,36.0,25.0,11.0,1.0,2.0,0.0,0.0,0.0,0.0,40.599999999999994,0,-0.3461262138805602,0,1.7224697344930502,1,0.020260898304570486,0,1.257134823592545,1,0.018646627838695376,1,0.05217386231499889,0,0.17623039621828915,0,-0.7711338791467421,0,0.04158692254392306,0,-1.3454133340935819,0,-0.7833212472016914,0,-0.4728514166340949,0,1.4731724129349293,0,-0.9677753648732622,0,-0.999085322440196,0,-0.7077685229255536,0,0.7067037818743266,0,-0.4147253601379207,0,-0.9608439106098271,0,-0.38749394545440313,0,-0.2302215311947184,0,-0.2580612937396559,train
Jacob Parrish,4912847,CB,2025,College Stats,4.35,37.5,12.0,129.0,6.94,4.17,70.0,191.0,12,1.0,0.0,0,7.0,50.0,40.0,10.0,0.0,2.5,0.0,0.0,0.0,0.0,175.39999999999998,0,-1.598449593448425,0,0.5121564001420393,0,-1.0745385188546857,0,1.257134823592545,1,0.018646627838695376,1,0.05217386231499889,0,-1.0860710464615502,0,-0.6830631157318814,0,0.04158692254392306,0,-0.8086422111650544,0,-0.7833212472016914,0,-0.4728514166340949,0,0.7079310650870124,0,-0.27787862943259534,0,0.18529684672579622,0,-0.8109456835943677,0,-0.4775441224635003,0,-0.1819713314890877,0,-0.9608439106098271,0,-0.38749394545440313,0,-0.2302215311947184,0,-0.2580612937396559,test
